ISO-10303-21;
HEADER;
FILE_DESCRIPTION(('Open CASCADE Model'),'2;1');
FILE_NAME('Open CASCADE Shape Model','2026-08-12T20:21:40',('Author'),(
    'Open CASCADE'),'Open CASCADE STEP processor 7.9','build123d',
  'Unknown');
FILE_SCHEMA(('AUTOMOTIVE_DESIGN { 1 0 10303 214 1 1 1 1 }'));
ENDSEC;
DATA;
#1 = APPLICATION_PROTOCOL_DEFINITION('international standard',
  'automotive_design',2000,#2);
#2 = APPLICATION_CONTEXT(
  'core data for automotive mechanical design processes');
#3 = SHAPE_DEFINITION_REPRESENTATION(#4,#10);
#4 = PRODUCT_DEFINITION_SHAPE('','',#5);
#5 = PRODUCT_DEFINITION('design','',#6,#9);
#6 = PRODUCT_DEFINITION_FORMATION('','',#7);
#7 = PRODUCT('COMPOUND','COMPOUND','',(#8));
#8 = PRODUCT_CONTEXT('',#2,'mechanical');
#9 = PRODUCT_DEFINITION_CONTEXT('part definition',#2,'design');
#10 = SHAPE_REPRESENTATION('',(#11,#15,#19,#23,#27,#31,#35,#39,#43,#47,
    #51,#55,#59,#63,#67,#71,#75,#79,#83,#87,#91,#95,#99,#103,#107,#111,
    #115,#119,#123,#127,#131,#135,#139,#143,#147,#151,#155,#159,#163,
    #167,#171,#175,#179,#183,#187,#191,#195,#199,#203),#207);
#11 = AXIS2_PLACEMENT_3D('',#12,#13,#14);
#12 = CARTESIAN_POINT('',(0.,0.,0.));
#13 = DIRECTION('',(0.,0.,1.));
#14 = DIRECTION('',(1.,0.,-0.));
#15 = AXIS2_PLACEMENT_3D('',#16,#17,#18);
#16 = CARTESIAN_POINT('',(0.,0.,0.));
#17 = DIRECTION('',(0.,0.,1.));
#18 = DIRECTION('',(1.,0.,-0.));
#19 = AXIS2_PLACEMENT_3D('',#20,#21,#22);
#20 = CARTESIAN_POINT('',(0.,0.,0.));
#21 = DIRECTION('',(0.,0.,1.));
#22 = DIRECTION('',(1.,0.,-0.));
#23 = AXIS2_PLACEMENT_3D('',#24,#25,#26);
#24 = CARTESIAN_POINT('',(0.,-151.,0.));
#25 = DIRECTION('',(0.,0.,1.));
#26 = DIRECTION('',(1.,0.,0.));
#27 = AXIS2_PLACEMENT_3D('',#28,#29,#30);
#28 = CARTESIAN_POINT('',(0.,0.,0.));
#29 = DIRECTION('',(0.,0.,1.));
#30 = DIRECTION('',(1.,0.,-0.));
#31 = AXIS2_PLACEMENT_3D('',#32,#33,#34);
#32 = CARTESIAN_POINT('',(0.,0.,0.));
#33 = DIRECTION('',(0.,0.,1.));
#34 = DIRECTION('',(1.,0.,-0.));
#35 = AXIS2_PLACEMENT_3D('',#36,#37,#38);
#36 = CARTESIAN_POINT('',(0.,0.,0.));
#37 = DIRECTION('',(0.,0.,1.));
#38 = DIRECTION('',(1.,0.,-0.));
#39 = AXIS2_PLACEMENT_3D('',#40,#41,#42);
#40 = CARTESIAN_POINT('',(0.,0.,0.));
#41 = DIRECTION('',(0.,0.,1.));
#42 = DIRECTION('',(1.,0.,-0.));
#43 = AXIS2_PLACEMENT_3D('',#44,#45,#46);
#44 = CARTESIAN_POINT('',(0.,0.,0.));
#45 = DIRECTION('',(0.,0.,1.));
#46 = DIRECTION('',(1.,0.,-0.));
#47 = AXIS2_PLACEMENT_3D('',#48,#49,#50);
#48 = CARTESIAN_POINT('',(0.,51.,-752.5));
#49 = DIRECTION('',(0.,0.,1.));
#50 = DIRECTION('',(1.,0.,-0.));
#51 = AXIS2_PLACEMENT_3D('',#52,#53,#54);
#52 = CARTESIAN_POINT('',(0.,51.,-691.));
#53 = DIRECTION('',(0.,0.,1.));
#54 = DIRECTION('',(1.,0.,-0.));
#55 = AXIS2_PLACEMENT_3D('',#56,#57,#58);
#56 = CARTESIAN_POINT('',(0.,51.,-629.5));
#57 = DIRECTION('',(0.,0.,1.));
#58 = DIRECTION('',(1.,0.,-0.));
#59 = AXIS2_PLACEMENT_3D('',#60,#61,#62);
#60 = CARTESIAN_POINT('',(0.,51.,-568.));
#61 = DIRECTION('',(0.,0.,1.));
#62 = DIRECTION('',(1.,0.,-0.));
#63 = AXIS2_PLACEMENT_3D('',#64,#65,#66);
#64 = CARTESIAN_POINT('',(0.,51.,-506.5));
#65 = DIRECTION('',(0.,0.,1.));
#66 = DIRECTION('',(1.,0.,-0.));
#67 = AXIS2_PLACEMENT_3D('',#68,#69,#70);
#68 = CARTESIAN_POINT('',(0.,51.,-445.));
#69 = DIRECTION('',(0.,0.,1.));
#70 = DIRECTION('',(1.,0.,-0.));
#71 = AXIS2_PLACEMENT_3D('',#72,#73,#74);
#72 = CARTESIAN_POINT('',(0.,51.,-383.5));
#73 = DIRECTION('',(0.,0.,1.));
#74 = DIRECTION('',(1.,0.,-0.));
#75 = AXIS2_PLACEMENT_3D('',#76,#77,#78);
#76 = CARTESIAN_POINT('',(0.,51.,-322.));
#77 = DIRECTION('',(0.,0.,1.));
#78 = DIRECTION('',(1.,0.,-0.));
#79 = AXIS2_PLACEMENT_3D('',#80,#81,#82);
#80 = CARTESIAN_POINT('',(0.,51.,-260.5));
#81 = DIRECTION('',(0.,0.,1.));
#82 = DIRECTION('',(1.,0.,-0.));
#83 = AXIS2_PLACEMENT_3D('',#84,#85,#86);
#84 = CARTESIAN_POINT('',(0.,51.,-199.));
#85 = DIRECTION('',(0.,0.,1.));
#86 = DIRECTION('',(1.,0.,-0.));
#87 = AXIS2_PLACEMENT_3D('',#88,#89,#90);
#88 = CARTESIAN_POINT('',(0.,51.,-137.5));
#89 = DIRECTION('',(0.,0.,1.));
#90 = DIRECTION('',(1.,0.,-0.));
#91 = AXIS2_PLACEMENT_3D('',#92,#93,#94);
#92 = CARTESIAN_POINT('',(0.,51.,-76.));
#93 = DIRECTION('',(0.,0.,1.));
#94 = DIRECTION('',(1.,0.,-0.));
#95 = AXIS2_PLACEMENT_3D('',#96,#97,#98);
#96 = CARTESIAN_POINT('',(0.,51.,-14.5));
#97 = DIRECTION('',(0.,0.,1.));
#98 = DIRECTION('',(1.,0.,-0.));
#99 = AXIS2_PLACEMENT_3D('',#100,#101,#102);
#100 = CARTESIAN_POINT('',(0.,51.,47.));
#101 = DIRECTION('',(0.,0.,1.));
#102 = DIRECTION('',(1.,0.,-0.));
#103 = AXIS2_PLACEMENT_3D('',#104,#105,#106);
#104 = CARTESIAN_POINT('',(0.,51.,108.5));
#105 = DIRECTION('',(0.,0.,1.));
#106 = DIRECTION('',(1.,0.,-0.));
#107 = AXIS2_PLACEMENT_3D('',#108,#109,#110);
#108 = CARTESIAN_POINT('',(0.,51.,170.));
#109 = DIRECTION('',(0.,0.,1.));
#110 = DIRECTION('',(1.,0.,-0.));
#111 = AXIS2_PLACEMENT_3D('',#112,#113,#114);
#112 = CARTESIAN_POINT('',(0.,51.,231.5));
#113 = DIRECTION('',(0.,0.,1.));
#114 = DIRECTION('',(1.,0.,-0.));
#115 = AXIS2_PLACEMENT_3D('',#116,#117,#118);
#116 = CARTESIAN_POINT('',(0.,51.,293.));
#117 = DIRECTION('',(0.,0.,1.));
#118 = DIRECTION('',(1.,0.,-0.));
#119 = AXIS2_PLACEMENT_3D('',#120,#121,#122);
#120 = CARTESIAN_POINT('',(0.,51.,354.5));
#121 = DIRECTION('',(0.,0.,1.));
#122 = DIRECTION('',(1.,0.,-0.));
#123 = AXIS2_PLACEMENT_3D('',#124,#125,#126);
#124 = CARTESIAN_POINT('',(0.,51.,416.));
#125 = DIRECTION('',(0.,0.,1.));
#126 = DIRECTION('',(1.,0.,-0.));
#127 = AXIS2_PLACEMENT_3D('',#128,#129,#130);
#128 = CARTESIAN_POINT('',(0.,51.,-752.5));
#129 = DIRECTION('',(0.,0.,1.));
#130 = DIRECTION('',(1.,0.,-0.));
#131 = AXIS2_PLACEMENT_3D('',#132,#133,#134);
#132 = CARTESIAN_POINT('',(0.,51.,-691.));
#133 = DIRECTION('',(0.,0.,1.));
#134 = DIRECTION('',(1.,0.,-0.));
#135 = AXIS2_PLACEMENT_3D('',#136,#137,#138);
#136 = CARTESIAN_POINT('',(0.,51.,-629.5));
#137 = DIRECTION('',(0.,0.,1.));
#138 = DIRECTION('',(1.,0.,-0.));
#139 = AXIS2_PLACEMENT_3D('',#140,#141,#142);
#140 = CARTESIAN_POINT('',(0.,51.,-568.));
#141 = DIRECTION('',(0.,0.,1.));
#142 = DIRECTION('',(1.,0.,-0.));
#143 = AXIS2_PLACEMENT_3D('',#144,#145,#146);
#144 = CARTESIAN_POINT('',(0.,51.,-506.5));
#145 = DIRECTION('',(0.,0.,1.));
#146 = DIRECTION('',(1.,0.,-0.));
#147 = AXIS2_PLACEMENT_3D('',#148,#149,#150);
#148 = CARTESIAN_POINT('',(0.,51.,-445.));
#149 = DIRECTION('',(0.,0.,1.));
#150 = DIRECTION('',(1.,0.,-0.));
#151 = AXIS2_PLACEMENT_3D('',#152,#153,#154);
#152 = CARTESIAN_POINT('',(0.,51.,-383.5));
#153 = DIRECTION('',(0.,0.,1.));
#154 = DIRECTION('',(1.,0.,-0.));
#155 = AXIS2_PLACEMENT_3D('',#156,#157,#158);
#156 = CARTESIAN_POINT('',(0.,51.,-322.));
#157 = DIRECTION('',(0.,0.,1.));
#158 = DIRECTION('',(1.,0.,-0.));
#159 = AXIS2_PLACEMENT_3D('',#160,#161,#162);
#160 = CARTESIAN_POINT('',(0.,51.,-260.5));
#161 = DIRECTION('',(0.,0.,1.));
#162 = DIRECTION('',(1.,0.,-0.));
#163 = AXIS2_PLACEMENT_3D('',#164,#165,#166);
#164 = CARTESIAN_POINT('',(0.,51.,-199.));
#165 = DIRECTION('',(0.,0.,1.));
#166 = DIRECTION('',(1.,0.,-0.));
#167 = AXIS2_PLACEMENT_3D('',#168,#169,#170);
#168 = CARTESIAN_POINT('',(0.,51.,-137.5));
#169 = DIRECTION('',(0.,0.,1.));
#170 = DIRECTION('',(1.,0.,-0.));
#171 = AXIS2_PLACEMENT_3D('',#172,#173,#174);
#172 = CARTESIAN_POINT('',(0.,51.,-76.));
#173 = DIRECTION('',(0.,0.,1.));
#174 = DIRECTION('',(1.,0.,-0.));
#175 = AXIS2_PLACEMENT_3D('',#176,#177,#178);
#176 = CARTESIAN_POINT('',(0.,51.,-14.5));
#177 = DIRECTION('',(0.,0.,1.));
#178 = DIRECTION('',(1.,0.,-0.));
#179 = AXIS2_PLACEMENT_3D('',#180,#181,#182);
#180 = CARTESIAN_POINT('',(0.,51.,47.));
#181 = DIRECTION('',(0.,0.,1.));
#182 = DIRECTION('',(1.,0.,-0.));
#183 = AXIS2_PLACEMENT_3D('',#184,#185,#186);
#184 = CARTESIAN_POINT('',(0.,51.,108.5));
#185 = DIRECTION('',(0.,0.,1.));
#186 = DIRECTION('',(1.,0.,-0.));
#187 = AXIS2_PLACEMENT_3D('',#188,#189,#190);
#188 = CARTESIAN_POINT('',(0.,51.,170.));
#189 = DIRECTION('',(0.,0.,1.));
#190 = DIRECTION('',(1.,0.,-0.));
#191 = AXIS2_PLACEMENT_3D('',#192,#193,#194);
#192 = CARTESIAN_POINT('',(0.,51.,231.5));
#193 = DIRECTION('',(0.,0.,1.));
#194 = DIRECTION('',(1.,0.,-0.));
#195 = AXIS2_PLACEMENT_3D('',#196,#197,#198);
#196 = CARTESIAN_POINT('',(0.,51.,293.));
#197 = DIRECTION('',(0.,0.,1.));
#198 = DIRECTION('',(1.,0.,-0.));
#199 = AXIS2_PLACEMENT_3D('',#200,#201,#202);
#200 = CARTESIAN_POINT('',(0.,51.,354.5));
#201 = DIRECTION('',(0.,0.,1.));
#202 = DIRECTION('',(1.,0.,-0.));
#203 = AXIS2_PLACEMENT_3D('',#204,#205,#206);
#204 = CARTESIAN_POINT('',(0.,51.,416.));
#205 = DIRECTION('',(0.,0.,1.));
#206 = DIRECTION('',(1.,0.,-0.));
#207 = ( GEOMETRIC_REPRESENTATION_CONTEXT(3) 
GLOBAL_UNCERTAINTY_ASSIGNED_CONTEXT((#211)) GLOBAL_UNIT_ASSIGNED_CONTEXT
((#208,#209,#210)) REPRESENTATION_CONTEXT('Context #1',
  '3D Context with UNIT and UNCERTAINTY') );
#208 = ( LENGTH_UNIT() NAMED_UNIT(*) SI_UNIT(.MILLI.,.METRE.) );
#209 = ( NAMED_UNIT(*) PLANE_ANGLE_UNIT() SI_UNIT($,.RADIAN.) );
#210 = ( NAMED_UNIT(*) SI_UNIT($,.STERADIAN.) SOLID_ANGLE_UNIT() );
#211 = UNCERTAINTY_MEASURE_WITH_UNIT(LENGTH_MEASURE(1.E-07),#208,
  'distance_accuracy_value','confusion accuracy');
#212 = PRODUCT_RELATED_PRODUCT_CATEGORY('part',$,(#7));
#213 = SHAPE_DEFINITION_REPRESENTATION(#214,#220);
#214 = PRODUCT_DEFINITION_SHAPE('','',#215);
#215 = PRODUCT_DEFINITION('design','',#216,#219);
#216 = PRODUCT_DEFINITION_FORMATION('','',#217);
#217 = PRODUCT('sheet_metal_outer_cabinet','sheet_metal_outer_cabinet',
  '',(#218));
#218 = PRODUCT_CONTEXT('',#2,'mechanical');
#219 = PRODUCT_DEFINITION_CONTEXT('part definition',#2,'design');
#220 = SHAPE_REPRESENTATION('',(#11,#221,#403,#585),#1245);
#221 = MANIFOLD_SOLID_BREP('',#222);
#222 = CLOSED_SHELL('',(#223,#311,#346,#376));
#223 = ADVANCED_FACE('',(#224),#237,.T.);
#224 = FACE_BOUND('',#225,.T.);
#225 = EDGE_LOOP('',(#226,#260,#283,#310));
#226 = ORIENTED_EDGE('',*,*,#227,.F.);
#227 = EDGE_CURVE('',#228,#228,#230,.T.);
#228 = VERTEX_POINT('',#229);
#229 = CARTESIAN_POINT('',(52.,251.,852.5));
#230 = SURFACE_CURVE('',#231,(#236,#248),.PCURVE_S1.);
#231 = CIRCLE('',#232,52.);
#232 = AXIS2_PLACEMENT_3D('',#233,#234,#235);
#233 = CARTESIAN_POINT('',(0.,251.,852.5));
#234 = DIRECTION('',(0.,0.,1.));
#235 = DIRECTION('',(1.,0.,0.));
#236 = PCURVE('',#237,#242);
#237 = CYLINDRICAL_SURFACE('',#238,52.);
#238 = AXIS2_PLACEMENT_3D('',#239,#240,#241);
#239 = CARTESIAN_POINT('',(0.,251.,802.5));
#240 = DIRECTION('',(0.,0.,1.));
#241 = DIRECTION('',(1.,0.,0.));
#242 = DEFINITIONAL_REPRESENTATION('',(#243),#247);
#243 = LINE('',#244,#245);
#244 = CARTESIAN_POINT('',(0.,50.));
#245 = VECTOR('',#246,1.);
#246 = DIRECTION('',(1.,0.));
#247 = ( GEOMETRIC_REPRESENTATION_CONTEXT(2) 
PARAMETRIC_REPRESENTATION_CONTEXT() REPRESENTATION_CONTEXT('2D SPACE',''
  ) );
#248 = PCURVE('',#249,#254);
#249 = PLANE('',#250);
#250 = AXIS2_PLACEMENT_3D('',#251,#252,#253);
#251 = CARTESIAN_POINT('',(0.,251.,852.5));
#252 = DIRECTION('',(0.,0.,1.));
#253 = DIRECTION('',(1.,0.,0.));
#254 = DEFINITIONAL_REPRESENTATION('',(#255),#259);
#255 = CIRCLE('',#256,52.);
#256 = AXIS2_PLACEMENT_2D('',#257,#258);
#257 = CARTESIAN_POINT('',(0.,0.));
#258 = DIRECTION('',(1.,0.));
#259 = ( GEOMETRIC_REPRESENTATION_CONTEXT(2) 
PARAMETRIC_REPRESENTATION_CONTEXT() REPRESENTATION_CONTEXT('2D SPACE',''
  ) );
#260 = ORIENTED_EDGE('',*,*,#261,.F.);
#261 = EDGE_CURVE('',#262,#228,#264,.T.);
#262 = VERTEX_POINT('',#263);
#263 = CARTESIAN_POINT('',(52.,251.,802.5));
#264 = SEAM_CURVE('',#265,(#269,#276),.PCURVE_S1.);
#265 = LINE('',#266,#267);
#266 = CARTESIAN_POINT('',(52.,251.,802.5));
#267 = VECTOR('',#268,1.);
#268 = DIRECTION('',(0.,0.,1.));
#269 = PCURVE('',#237,#270);
#270 = DEFINITIONAL_REPRESENTATION('',(#271),#275);
#271 = LINE('',#272,#273);
#272 = CARTESIAN_POINT('',(6.28318530718,-0.));
#273 = VECTOR('',#274,1.);
#274 = DIRECTION('',(0.,1.));
#275 = ( GEOMETRIC_REPRESENTATION_CONTEXT(2) 
PARAMETRIC_REPRESENTATION_CONTEXT() REPRESENTATION_CONTEXT('2D SPACE',''
  ) );
#276 = PCURVE('',#237,#277);
#277 = DEFINITIONAL_REPRESENTATION('',(#278),#282);
#278 = LINE('',#279,#280);
#279 = CARTESIAN_POINT('',(0.,-0.));
#280 = VECTOR('',#281,1.);
#281 = DIRECTION('',(0.,1.));
#282 = ( GEOMETRIC_REPRESENTATION_CONTEXT(2) 
PARAMETRIC_REPRESENTATION_CONTEXT() REPRESENTATION_CONTEXT('2D SPACE',''
  ) );
#283 = ORIENTED_EDGE('',*,*,#284,.T.);
#284 = EDGE_CURVE('',#262,#262,#285,.T.);
#285 = SURFACE_CURVE('',#286,(#291,#298),.PCURVE_S1.);
#286 = CIRCLE('',#287,52.);
#287 = AXIS2_PLACEMENT_3D('',#288,#289,#290);
#288 = CARTESIAN_POINT('',(0.,251.,802.5));
#289 = DIRECTION('',(0.,0.,1.));
#290 = DIRECTION('',(1.,0.,0.));
#291 = PCURVE('',#237,#292);
#292 = DEFINITIONAL_REPRESENTATION('',(#293),#297);
#293 = LINE('',#294,#295);
#294 = CARTESIAN_POINT('',(0.,0.));
#295 = VECTOR('',#296,1.);
#296 = DIRECTION('',(1.,0.));
#297 = ( GEOMETRIC_REPRESENTATION_CONTEXT(2) 
PARAMETRIC_REPRESENTATION_CONTEXT() REPRESENTATION_CONTEXT('2D SPACE',''
  ) );
#298 = PCURVE('',#299,#304);
#299 = PLANE('',#300);
#300 = AXIS2_PLACEMENT_3D('',#301,#302,#303);
#301 = CARTESIAN_POINT('',(0.,251.,802.5));
#302 = DIRECTION('',(0.,0.,1.));
#303 = DIRECTION('',(1.,0.,0.));
#304 = DEFINITIONAL_REPRESENTATION('',(#305),#309);
#305 = CIRCLE('',#306,52.);
#306 = AXIS2_PLACEMENT_2D('',#307,#308);
#307 = CARTESIAN_POINT('',(0.,0.));
#308 = DIRECTION('',(1.,0.));
#309 = ( GEOMETRIC_REPRESENTATION_CONTEXT(2) 
PARAMETRIC_REPRESENTATION_CONTEXT() REPRESENTATION_CONTEXT('2D SPACE',''
  ) );
#310 = ORIENTED_EDGE('',*,*,#261,.T.);
#311 = ADVANCED_FACE('',(#312,#315),#249,.T.);
#312 = FACE_BOUND('',#313,.T.);
#313 = EDGE_LOOP('',(#314));
#314 = ORIENTED_EDGE('',*,*,#227,.T.);
#315 = FACE_BOUND('',#316,.T.);
#316 = EDGE_LOOP('',(#317));
#317 = ORIENTED_EDGE('',*,*,#318,.F.);
#318 = EDGE_CURVE('',#319,#319,#321,.T.);
#319 = VERTEX_POINT('',#320);
#320 = CARTESIAN_POINT('',(50.,251.,852.5));
#321 = SURFACE_CURVE('',#322,(#327,#334),.PCURVE_S1.);
#322 = CIRCLE('',#323,50.);
#323 = AXIS2_PLACEMENT_3D('',#324,#325,#326);
#324 = CARTESIAN_POINT('',(0.,251.,852.5));
#325 = DIRECTION('',(0.,0.,1.));
#326 = DIRECTION('',(1.,0.,-0.));
#327 = PCURVE('',#249,#328);
#328 = DEFINITIONAL_REPRESENTATION('',(#329),#333);
#329 = CIRCLE('',#330,50.);
#330 = AXIS2_PLACEMENT_2D('',#331,#332);
#331 = CARTESIAN_POINT('',(0.,0.));
#332 = DIRECTION('',(1.,0.));
#333 = ( GEOMETRIC_REPRESENTATION_CONTEXT(2) 
PARAMETRIC_REPRESENTATION_CONTEXT() REPRESENTATION_CONTEXT('2D SPACE',''
  ) );
#334 = PCURVE('',#335,#340);
#335 = CYLINDRICAL_SURFACE('',#336,50.);
#336 = AXIS2_PLACEMENT_3D('',#337,#338,#339);
#337 = CARTESIAN_POINT('',(0.,251.,742.5));
#338 = DIRECTION('',(0.,0.,1.));
#339 = DIRECTION('',(1.,0.,0.));
#340 = DEFINITIONAL_REPRESENTATION('',(#341),#345);
#341 = LINE('',#342,#343);
#342 = CARTESIAN_POINT('',(0.,110.));
#343 = VECTOR('',#344,1.);
#344 = DIRECTION('',(1.,0.));
#345 = ( GEOMETRIC_REPRESENTATION_CONTEXT(2) 
PARAMETRIC_REPRESENTATION_CONTEXT() REPRESENTATION_CONTEXT('2D SPACE',''
  ) );
#346 = ADVANCED_FACE('',(#347,#350),#299,.F.);
#347 = FACE_BOUND('',#348,.F.);
#348 = EDGE_LOOP('',(#349));
#349 = ORIENTED_EDGE('',*,*,#284,.T.);
#350 = FACE_BOUND('',#351,.F.);
#351 = EDGE_LOOP('',(#352));
#352 = ORIENTED_EDGE('',*,*,#353,.F.);
#353 = EDGE_CURVE('',#354,#354,#356,.T.);
#354 = VERTEX_POINT('',#355);
#355 = CARTESIAN_POINT('',(50.,251.,802.5));
#356 = SURFACE_CURVE('',#357,(#362,#369),.PCURVE_S1.);
#357 = CIRCLE('',#358,50.);
#358 = AXIS2_PLACEMENT_3D('',#359,#360,#361);
#359 = CARTESIAN_POINT('',(0.,251.,802.5));
#360 = DIRECTION('',(0.,0.,1.));
#361 = DIRECTION('',(1.,0.,-0.));
#362 = PCURVE('',#299,#363);
#363 = DEFINITIONAL_REPRESENTATION('',(#364),#368);
#364 = CIRCLE('',#365,50.);
#365 = AXIS2_PLACEMENT_2D('',#366,#367);
#366 = CARTESIAN_POINT('',(0.,0.));
#367 = DIRECTION('',(1.,0.));
#368 = ( GEOMETRIC_REPRESENTATION_CONTEXT(2) 
PARAMETRIC_REPRESENTATION_CONTEXT() REPRESENTATION_CONTEXT('2D SPACE',''
  ) );
#369 = PCURVE('',#335,#370);
#370 = DEFINITIONAL_REPRESENTATION('',(#371),#375);
#371 = LINE('',#372,#373);
#372 = CARTESIAN_POINT('',(0.,60.));
#373 = VECTOR('',#374,1.);
#374 = DIRECTION('',(1.,0.));
#375 = ( GEOMETRIC_REPRESENTATION_CONTEXT(2) 
PARAMETRIC_REPRESENTATION_CONTEXT() REPRESENTATION_CONTEXT('2D SPACE',''
  ) );
#376 = ADVANCED_FACE('',(#377),#335,.F.);
#377 = FACE_BOUND('',#378,.F.);
#378 = EDGE_LOOP('',(#379,#380,#401,#402));
#379 = ORIENTED_EDGE('',*,*,#318,.F.);
#380 = ORIENTED_EDGE('',*,*,#381,.F.);
#381 = EDGE_CURVE('',#354,#319,#382,.T.);
#382 = SEAM_CURVE('',#383,(#387,#394),.PCURVE_S1.);
#383 = LINE('',#384,#385);
#384 = CARTESIAN_POINT('',(50.,251.,742.5));
#385 = VECTOR('',#386,1.);
#386 = DIRECTION('',(0.,0.,1.));
#387 = PCURVE('',#335,#388);
#388 = DEFINITIONAL_REPRESENTATION('',(#389),#393);
#389 = LINE('',#390,#391);
#390 = CARTESIAN_POINT('',(6.28318530718,-0.));
#391 = VECTOR('',#392,1.);
#392 = DIRECTION('',(0.,1.));
#393 = ( GEOMETRIC_REPRESENTATION_CONTEXT(2) 
PARAMETRIC_REPRESENTATION_CONTEXT() REPRESENTATION_CONTEXT('2D SPACE',''
  ) );
#394 = PCURVE('',#335,#395);
#395 = DEFINITIONAL_REPRESENTATION('',(#396),#400);
#396 = LINE('',#397,#398);
#397 = CARTESIAN_POINT('',(0.,-0.));
#398 = VECTOR('',#399,1.);
#399 = DIRECTION('',(0.,1.));
#400 = ( GEOMETRIC_REPRESENTATION_CONTEXT(2) 
PARAMETRIC_REPRESENTATION_CONTEXT() REPRESENTATION_CONTEXT('2D SPACE',''
  ) );
#401 = ORIENTED_EDGE('',*,*,#353,.T.);
#402 = ORIENTED_EDGE('',*,*,#381,.T.);
#403 = MANIFOLD_SOLID_BREP('',#404);
#404 = CLOSED_SHELL('',(#405,#493,#528,#558));
#405 = ADVANCED_FACE('',(#406),#419,.T.);
#406 = FACE_BOUND('',#407,.T.);
#407 = EDGE_LOOP('',(#408,#442,#465,#492));
#408 = ORIENTED_EDGE('',*,*,#409,.F.);
#409 = EDGE_CURVE('',#410,#410,#412,.T.);
#410 = VERTEX_POINT('',#411);
#411 = CARTESIAN_POINT('',(77.,-351.,627.5));
#412 = SURFACE_CURVE('',#413,(#418,#430),.PCURVE_S1.);
#413 = CIRCLE('',#414,77.);
#414 = AXIS2_PLACEMENT_3D('',#415,#416,#417);
#415 = CARTESIAN_POINT('',(0.,-351.,627.5));
#416 = DIRECTION('',(0.,-1.,0.));
#417 = DIRECTION('',(1.,0.,0.));
#418 = PCURVE('',#419,#424);
#419 = CYLINDRICAL_SURFACE('',#420,77.);
#420 = AXIS2_PLACEMENT_3D('',#421,#422,#423);
#421 = CARTESIAN_POINT('',(0.,-301.,627.5));
#422 = DIRECTION('',(0.,-1.,0.));
#423 = DIRECTION('',(1.,0.,0.));
#424 = DEFINITIONAL_REPRESENTATION('',(#425),#429);
#425 = LINE('',#426,#427);
#426 = CARTESIAN_POINT('',(0.,50.));
#427 = VECTOR('',#428,1.);
#428 = DIRECTION('',(1.,0.));
#429 = ( GEOMETRIC_REPRESENTATION_CONTEXT(2) 
PARAMETRIC_REPRESENTATION_CONTEXT() REPRESENTATION_CONTEXT('2D SPACE',''
  ) );
#430 = PCURVE('',#431,#436);
#431 = PLANE('',#432);
#432 = AXIS2_PLACEMENT_3D('',#433,#434,#435);
#433 = CARTESIAN_POINT('',(0.,-351.,627.5));
#434 = DIRECTION('',(0.,-1.,0.));
#435 = DIRECTION('',(1.,0.,0.));
#436 = DEFINITIONAL_REPRESENTATION('',(#437),#441);
#437 = CIRCLE('',#438,77.);
#438 = AXIS2_PLACEMENT_2D('',#439,#440);
#439 = CARTESIAN_POINT('',(0.,0.));
#440 = DIRECTION('',(1.,0.));
#441 = ( GEOMETRIC_REPRESENTATION_CONTEXT(2) 
PARAMETRIC_REPRESENTATION_CONTEXT() REPRESENTATION_CONTEXT('2D SPACE',''
  ) );
#442 = ORIENTED_EDGE('',*,*,#443,.F.);
#443 = EDGE_CURVE('',#444,#410,#446,.T.);
#444 = VERTEX_POINT('',#445);
#445 = CARTESIAN_POINT('',(77.,-301.,627.5));
#446 = SEAM_CURVE('',#447,(#451,#458),.PCURVE_S1.);
#447 = LINE('',#448,#449);
#448 = CARTESIAN_POINT('',(77.,-301.,627.5));
#449 = VECTOR('',#450,1.);
#450 = DIRECTION('',(0.,-1.,0.));
#451 = PCURVE('',#419,#452);
#452 = DEFINITIONAL_REPRESENTATION('',(#453),#457);
#453 = LINE('',#454,#455);
#454 = CARTESIAN_POINT('',(6.28318530718,-0.));
#455 = VECTOR('',#456,1.);
#456 = DIRECTION('',(0.,1.));
#457 = ( GEOMETRIC_REPRESENTATION_CONTEXT(2) 
PARAMETRIC_REPRESENTATION_CONTEXT() REPRESENTATION_CONTEXT('2D SPACE',''
  ) );
#458 = PCURVE('',#419,#459);
#459 = DEFINITIONAL_REPRESENTATION('',(#460),#464);
#460 = LINE('',#461,#462);
#461 = CARTESIAN_POINT('',(0.,-0.));
#462 = VECTOR('',#463,1.);
#463 = DIRECTION('',(0.,1.));
#464 = ( GEOMETRIC_REPRESENTATION_CONTEXT(2) 
PARAMETRIC_REPRESENTATION_CONTEXT() REPRESENTATION_CONTEXT('2D SPACE',''
  ) );
#465 = ORIENTED_EDGE('',*,*,#466,.T.);
#466 = EDGE_CURVE('',#444,#444,#467,.T.);
#467 = SURFACE_CURVE('',#468,(#473,#480),.PCURVE_S1.);
#468 = CIRCLE('',#469,77.);
#469 = AXIS2_PLACEMENT_3D('',#470,#471,#472);
#470 = CARTESIAN_POINT('',(0.,-301.,627.5));
#471 = DIRECTION('',(0.,-1.,0.));
#472 = DIRECTION('',(1.,0.,0.));
#473 = PCURVE('',#419,#474);
#474 = DEFINITIONAL_REPRESENTATION('',(#475),#479);
#475 = LINE('',#476,#477);
#476 = CARTESIAN_POINT('',(0.,0.));
#477 = VECTOR('',#478,1.);
#478 = DIRECTION('',(1.,0.));
#479 = ( GEOMETRIC_REPRESENTATION_CONTEXT(2) 
PARAMETRIC_REPRESENTATION_CONTEXT() REPRESENTATION_CONTEXT('2D SPACE',''
  ) );
#480 = PCURVE('',#481,#486);
#481 = PLANE('',#482);
#482 = AXIS2_PLACEMENT_3D('',#483,#484,#485);
#483 = CARTESIAN_POINT('',(0.,-301.,627.5));
#484 = DIRECTION('',(0.,-1.,0.));
#485 = DIRECTION('',(1.,0.,0.));
#486 = DEFINITIONAL_REPRESENTATION('',(#487),#491);
#487 = CIRCLE('',#488,77.);
#488 = AXIS2_PLACEMENT_2D('',#489,#490);
#489 = CARTESIAN_POINT('',(0.,0.));
#490 = DIRECTION('',(1.,0.));
#491 = ( GEOMETRIC_REPRESENTATION_CONTEXT(2) 
PARAMETRIC_REPRESENTATION_CONTEXT() REPRESENTATION_CONTEXT('2D SPACE',''
  ) );
#492 = ORIENTED_EDGE('',*,*,#443,.T.);
#493 = ADVANCED_FACE('',(#494,#497),#431,.T.);
#494 = FACE_BOUND('',#495,.T.);
#495 = EDGE_LOOP('',(#496));
#496 = ORIENTED_EDGE('',*,*,#409,.T.);
#497 = FACE_BOUND('',#498,.T.);
#498 = EDGE_LOOP('',(#499));
#499 = ORIENTED_EDGE('',*,*,#500,.F.);
#500 = EDGE_CURVE('',#501,#501,#503,.T.);
#501 = VERTEX_POINT('',#502);
#502 = CARTESIAN_POINT('',(75.,-351.,627.5));
#503 = SURFACE_CURVE('',#504,(#509,#516),.PCURVE_S1.);
#504 = CIRCLE('',#505,75.);
#505 = AXIS2_PLACEMENT_3D('',#506,#507,#508);
#506 = CARTESIAN_POINT('',(0.,-351.,627.5));
#507 = DIRECTION('',(0.,-1.,0.));
#508 = DIRECTION('',(1.,0.,0.));
#509 = PCURVE('',#431,#510);
#510 = DEFINITIONAL_REPRESENTATION('',(#511),#515);
#511 = CIRCLE('',#512,75.);
#512 = AXIS2_PLACEMENT_2D('',#513,#514);
#513 = CARTESIAN_POINT('',(0.,0.));
#514 = DIRECTION('',(1.,0.));
#515 = ( GEOMETRIC_REPRESENTATION_CONTEXT(2) 
PARAMETRIC_REPRESENTATION_CONTEXT() REPRESENTATION_CONTEXT('2D SPACE',''
  ) );
#516 = PCURVE('',#517,#522);
#517 = CYLINDRICAL_SURFACE('',#518,75.);
#518 = AXIS2_PLACEMENT_3D('',#519,#520,#521);
#519 = CARTESIAN_POINT('',(0.,-291.,627.5));
#520 = DIRECTION('',(0.,-1.,0.));
#521 = DIRECTION('',(1.,0.,0.));
#522 = DEFINITIONAL_REPRESENTATION('',(#523),#527);
#523 = LINE('',#524,#525);
#524 = CARTESIAN_POINT('',(0.,60.));
#525 = VECTOR('',#526,1.);
#526 = DIRECTION('',(1.,0.));
#527 = ( GEOMETRIC_REPRESENTATION_CONTEXT(2) 
PARAMETRIC_REPRESENTATION_CONTEXT() REPRESENTATION_CONTEXT('2D SPACE',''
  ) );
#528 = ADVANCED_FACE('',(#529,#532),#481,.F.);
#529 = FACE_BOUND('',#530,.F.);
#530 = EDGE_LOOP('',(#531));
#531 = ORIENTED_EDGE('',*,*,#466,.T.);
#532 = FACE_BOUND('',#533,.F.);
#533 = EDGE_LOOP('',(#534));
#534 = ORIENTED_EDGE('',*,*,#535,.F.);
#535 = EDGE_CURVE('',#536,#536,#538,.T.);
#536 = VERTEX_POINT('',#537);
#537 = CARTESIAN_POINT('',(75.,-301.,627.5));
#538 = SURFACE_CURVE('',#539,(#544,#551),.PCURVE_S1.);
#539 = CIRCLE('',#540,75.);
#540 = AXIS2_PLACEMENT_3D('',#541,#542,#543);
#541 = CARTESIAN_POINT('',(0.,-301.,627.5));
#542 = DIRECTION('',(0.,-1.,0.));
#543 = DIRECTION('',(1.,0.,0.));
#544 = PCURVE('',#481,#545);
#545 = DEFINITIONAL_REPRESENTATION('',(#546),#550);
#546 = CIRCLE('',#547,75.);
#547 = AXIS2_PLACEMENT_2D('',#548,#549);
#548 = CARTESIAN_POINT('',(0.,0.));
#549 = DIRECTION('',(1.,0.));
#550 = ( GEOMETRIC_REPRESENTATION_CONTEXT(2) 
PARAMETRIC_REPRESENTATION_CONTEXT() REPRESENTATION_CONTEXT('2D SPACE',''
  ) );
#551 = PCURVE('',#517,#552);
#552 = DEFINITIONAL_REPRESENTATION('',(#553),#557);
#553 = LINE('',#554,#555);
#554 = CARTESIAN_POINT('',(0.,10.));
#555 = VECTOR('',#556,1.);
#556 = DIRECTION('',(1.,0.));
#557 = ( GEOMETRIC_REPRESENTATION_CONTEXT(2) 
PARAMETRIC_REPRESENTATION_CONTEXT() REPRESENTATION_CONTEXT('2D SPACE',''
  ) );
#558 = ADVANCED_FACE('',(#559),#517,.F.);
#559 = FACE_BOUND('',#560,.F.);
#560 = EDGE_LOOP('',(#561,#562,#583,#584));
#561 = ORIENTED_EDGE('',*,*,#500,.F.);
#562 = ORIENTED_EDGE('',*,*,#563,.F.);
#563 = EDGE_CURVE('',#536,#501,#564,.T.);
#564 = SEAM_CURVE('',#565,(#569,#576),.PCURVE_S1.);
#565 = LINE('',#566,#567);
#566 = CARTESIAN_POINT('',(75.,-291.,627.5));
#567 = VECTOR('',#568,1.);
#568 = DIRECTION('',(0.,-1.,0.));
#569 = PCURVE('',#517,#570);
#570 = DEFINITIONAL_REPRESENTATION('',(#571),#575);
#571 = LINE('',#572,#573);
#572 = CARTESIAN_POINT('',(6.28318530718,-0.));
#573 = VECTOR('',#574,1.);
#574 = DIRECTION('',(0.,1.));
#575 = ( GEOMETRIC_REPRESENTATION_CONTEXT(2) 
PARAMETRIC_REPRESENTATION_CONTEXT() REPRESENTATION_CONTEXT('2D SPACE',''
  ) );
#576 = PCURVE('',#517,#577);
#577 = DEFINITIONAL_REPRESENTATION('',(#578),#582);
#578 = LINE('',#579,#580);
#579 = CARTESIAN_POINT('',(0.,-0.));
#580 = VECTOR('',#581,1.);
#581 = DIRECTION('',(0.,1.));
#582 = ( GEOMETRIC_REPRESENTATION_CONTEXT(2) 
PARAMETRIC_REPRESENTATION_CONTEXT() REPRESENTATION_CONTEXT('2D SPACE',''
  ) );
#583 = ORIENTED_EDGE('',*,*,#535,.T.);
#584 = ORIENTED_EDGE('',*,*,#563,.T.);
#585 = BREP_WITH_VOIDS('',#586,(#915));
#586 = CLOSED_SHELL('',(#587,#707,#783,#832,#881,#908));
#587 = ADVANCED_FACE('',(#588),#602,.F.);
#588 = FACE_BOUND('',#589,.F.);
#589 = EDGE_LOOP('',(#590,#625,#653,#681));
#590 = ORIENTED_EDGE('',*,*,#591,.F.);
#591 = EDGE_CURVE('',#592,#594,#596,.T.);
#592 = VERTEX_POINT('',#593);
#593 = CARTESIAN_POINT('',(-244.,-353.,-803.5));
#594 = VERTEX_POINT('',#595);
#595 = CARTESIAN_POINT('',(-244.,-353.,453.5));
#596 = SURFACE_CURVE('',#597,(#601,#613),.PCURVE_S1.);
#597 = LINE('',#598,#599);
#598 = CARTESIAN_POINT('',(-244.,-353.,-803.5));
#599 = VECTOR('',#600,1.);
#600 = DIRECTION('',(0.,0.,1.));
#601 = PCURVE('',#602,#607);
#602 = PLANE('',#603);
#603 = AXIS2_PLACEMENT_3D('',#604,#605,#606);
#604 = CARTESIAN_POINT('',(-244.,-353.,-803.5));
#605 = DIRECTION('',(1.,0.,0.));
#606 = DIRECTION('',(0.,0.,1.));
#607 = DEFINITIONAL_REPRESENTATION('',(#608),#612);
#608 = LINE('',#609,#610);
#609 = CARTESIAN_POINT('',(0.,0.));
#610 = VECTOR('',#611,1.);
#611 = DIRECTION('',(1.,0.));
#612 = ( GEOMETRIC_REPRESENTATION_CONTEXT(2) 
PARAMETRIC_REPRESENTATION_CONTEXT() REPRESENTATION_CONTEXT('2D SPACE',''
  ) );
#613 = PCURVE('',#614,#619);
#614 = PLANE('',#615);
#615 = AXIS2_PLACEMENT_3D('',#616,#617,#618);
#616 = CARTESIAN_POINT('',(-244.,-353.,-803.5));
#617 = DIRECTION('',(0.,1.,0.));
#618 = DIRECTION('',(0.,0.,1.));
#619 = DEFINITIONAL_REPRESENTATION('',(#620),#624);
#620 = LINE('',#621,#622);
#621 = CARTESIAN_POINT('',(0.,0.));
#622 = VECTOR('',#623,1.);
#623 = DIRECTION('',(1.,0.));
#624 = ( GEOMETRIC_REPRESENTATION_CONTEXT(2) 
PARAMETRIC_REPRESENTATION_CONTEXT() REPRESENTATION_CONTEXT('2D SPACE',''
  ) );
#625 = ORIENTED_EDGE('',*,*,#626,.T.);
#626 = EDGE_CURVE('',#592,#627,#629,.T.);
#627 = VERTEX_POINT('',#628);
#628 = CARTESIAN_POINT('',(-244.,353.,-803.5));
#629 = SURFACE_CURVE('',#630,(#634,#641),.PCURVE_S1.);
#630 = LINE('',#631,#632);
#631 = CARTESIAN_POINT('',(-244.,-353.,-803.5));
#632 = VECTOR('',#633,1.);
#633 = DIRECTION('',(0.,1.,0.));
#634 = PCURVE('',#602,#635);
#635 = DEFINITIONAL_REPRESENTATION('',(#636),#640);
#636 = LINE('',#637,#638);
#637 = CARTESIAN_POINT('',(0.,0.));
#638 = VECTOR('',#639,1.);
#639 = DIRECTION('',(0.,-1.));
#640 = ( GEOMETRIC_REPRESENTATION_CONTEXT(2) 
PARAMETRIC_REPRESENTATION_CONTEXT() REPRESENTATION_CONTEXT('2D SPACE',''
  ) );
#641 = PCURVE('',#642,#647);
#642 = PLANE('',#643);
#643 = AXIS2_PLACEMENT_3D('',#644,#645,#646);
#644 = CARTESIAN_POINT('',(-244.,-353.,-803.5));
#645 = DIRECTION('',(0.,0.,1.));
#646 = DIRECTION('',(1.,0.,0.));
#647 = DEFINITIONAL_REPRESENTATION('',(#648),#652);
#648 = LINE('',#649,#650);
#649 = CARTESIAN_POINT('',(0.,0.));
#650 = VECTOR('',#651,1.);
#651 = DIRECTION('',(0.,1.));
#652 = ( GEOMETRIC_REPRESENTATION_CONTEXT(2) 
PARAMETRIC_REPRESENTATION_CONTEXT() REPRESENTATION_CONTEXT('2D SPACE',''
  ) );
#653 = ORIENTED_EDGE('',*,*,#654,.T.);
#654 = EDGE_CURVE('',#627,#655,#657,.T.);
#655 = VERTEX_POINT('',#656);
#656 = CARTESIAN_POINT('',(-244.,353.,453.5));
#657 = SURFACE_CURVE('',#658,(#662,#669),.PCURVE_S1.);
#658 = LINE('',#659,#660);
#659 = CARTESIAN_POINT('',(-244.,353.,-803.5));
#660 = VECTOR('',#661,1.);
#661 = DIRECTION('',(0.,0.,1.));
#662 = PCURVE('',#602,#663);
#663 = DEFINITIONAL_REPRESENTATION('',(#664),#668);
#664 = LINE('',#665,#666);
#665 = CARTESIAN_POINT('',(0.,-706.));
#666 = VECTOR('',#667,1.);
#667 = DIRECTION('',(1.,0.));
#668 = ( GEOMETRIC_REPRESENTATION_CONTEXT(2) 
PARAMETRIC_REPRESENTATION_CONTEXT() REPRESENTATION_CONTEXT('2D SPACE',''
  ) );
#669 = PCURVE('',#670,#675);
#670 = PLANE('',#671);
#671 = AXIS2_PLACEMENT_3D('',#672,#673,#674);
#672 = CARTESIAN_POINT('',(-244.,353.,-803.5));
#673 = DIRECTION('',(0.,1.,0.));
#674 = DIRECTION('',(0.,0.,1.));
#675 = DEFINITIONAL_REPRESENTATION('',(#676),#680);
#676 = LINE('',#677,#678);
#677 = CARTESIAN_POINT('',(0.,0.));
#678 = VECTOR('',#679,1.);
#679 = DIRECTION('',(1.,0.));
#680 = ( GEOMETRIC_REPRESENTATION_CONTEXT(2) 
PARAMETRIC_REPRESENTATION_CONTEXT() REPRESENTATION_CONTEXT('2D SPACE',''
  ) );
#681 = ORIENTED_EDGE('',*,*,#682,.F.);
#682 = EDGE_CURVE('',#594,#655,#683,.T.);
#683 = SURFACE_CURVE('',#684,(#688,#695),.PCURVE_S1.);
#684 = LINE('',#685,#686);
#685 = CARTESIAN_POINT('',(-244.,-353.,453.5));
#686 = VECTOR('',#687,1.);
#687 = DIRECTION('',(0.,1.,0.));
#688 = PCURVE('',#602,#689);
#689 = DEFINITIONAL_REPRESENTATION('',(#690),#694);
#690 = LINE('',#691,#692);
#691 = CARTESIAN_POINT('',(1.257E+03,0.));
#692 = VECTOR('',#693,1.);
#693 = DIRECTION('',(0.,-1.));
#694 = ( GEOMETRIC_REPRESENTATION_CONTEXT(2) 
PARAMETRIC_REPRESENTATION_CONTEXT() REPRESENTATION_CONTEXT('2D SPACE',''
  ) );
#695 = PCURVE('',#696,#701);
#696 = PLANE('',#697);
#697 = AXIS2_PLACEMENT_3D('',#698,#699,#700);
#698 = CARTESIAN_POINT('',(-244.,-353.,453.5));
#699 = DIRECTION('',(0.,0.,1.));
#700 = DIRECTION('',(1.,0.,0.));
#701 = DEFINITIONAL_REPRESENTATION('',(#702),#706);
#702 = LINE('',#703,#704);
#703 = CARTESIAN_POINT('',(0.,0.));
#704 = VECTOR('',#705,1.);
#705 = DIRECTION('',(0.,1.));
#706 = ( GEOMETRIC_REPRESENTATION_CONTEXT(2) 
PARAMETRIC_REPRESENTATION_CONTEXT() REPRESENTATION_CONTEXT('2D SPACE',''
  ) );
#707 = ADVANCED_FACE('',(#708),#614,.F.);
#708 = FACE_BOUND('',#709,.F.);
#709 = EDGE_LOOP('',(#710,#733,#734,#757));
#710 = ORIENTED_EDGE('',*,*,#711,.F.);
#711 = EDGE_CURVE('',#592,#712,#714,.T.);
#712 = VERTEX_POINT('',#713);
#713 = CARTESIAN_POINT('',(244.,-353.,-803.5));
#714 = SURFACE_CURVE('',#715,(#719,#726),.PCURVE_S1.);
#715 = LINE('',#716,#717);
#716 = CARTESIAN_POINT('',(-244.,-353.,-803.5));
#717 = VECTOR('',#718,1.);
#718 = DIRECTION('',(1.,0.,0.));
#719 = PCURVE('',#614,#720);
#720 = DEFINITIONAL_REPRESENTATION('',(#721),#725);
#721 = LINE('',#722,#723);
#722 = CARTESIAN_POINT('',(0.,0.));
#723 = VECTOR('',#724,1.);
#724 = DIRECTION('',(0.,1.));
#725 = ( GEOMETRIC_REPRESENTATION_CONTEXT(2) 
PARAMETRIC_REPRESENTATION_CONTEXT() REPRESENTATION_CONTEXT('2D SPACE',''
  ) );
#726 = PCURVE('',#642,#727);
#727 = DEFINITIONAL_REPRESENTATION('',(#728),#732);
#728 = LINE('',#729,#730);
#729 = CARTESIAN_POINT('',(0.,0.));
#730 = VECTOR('',#731,1.);
#731 = DIRECTION('',(1.,0.));
#732 = ( GEOMETRIC_REPRESENTATION_CONTEXT(2) 
PARAMETRIC_REPRESENTATION_CONTEXT() REPRESENTATION_CONTEXT('2D SPACE',''
  ) );
#733 = ORIENTED_EDGE('',*,*,#591,.T.);
#734 = ORIENTED_EDGE('',*,*,#735,.T.);
#735 = EDGE_CURVE('',#594,#736,#738,.T.);
#736 = VERTEX_POINT('',#737);
#737 = CARTESIAN_POINT('',(244.,-353.,453.5));
#738 = SURFACE_CURVE('',#739,(#743,#750),.PCURVE_S1.);
#739 = LINE('',#740,#741);
#740 = CARTESIAN_POINT('',(-244.,-353.,453.5));
#741 = VECTOR('',#742,1.);
#742 = DIRECTION('',(1.,0.,0.));
#743 = PCURVE('',#614,#744);
#744 = DEFINITIONAL_REPRESENTATION('',(#745),#749);
#745 = LINE('',#746,#747);
#746 = CARTESIAN_POINT('',(1.257E+03,0.));
#747 = VECTOR('',#748,1.);
#748 = DIRECTION('',(0.,1.));
#749 = ( GEOMETRIC_REPRESENTATION_CONTEXT(2) 
PARAMETRIC_REPRESENTATION_CONTEXT() REPRESENTATION_CONTEXT('2D SPACE',''
  ) );
#750 = PCURVE('',#696,#751);
#751 = DEFINITIONAL_REPRESENTATION('',(#752),#756);
#752 = LINE('',#753,#754);
#753 = CARTESIAN_POINT('',(0.,0.));
#754 = VECTOR('',#755,1.);
#755 = DIRECTION('',(1.,0.));
#756 = ( GEOMETRIC_REPRESENTATION_CONTEXT(2) 
PARAMETRIC_REPRESENTATION_CONTEXT() REPRESENTATION_CONTEXT('2D SPACE',''
  ) );
#757 = ORIENTED_EDGE('',*,*,#758,.F.);
#758 = EDGE_CURVE('',#712,#736,#759,.T.);
#759 = SURFACE_CURVE('',#760,(#764,#771),.PCURVE_S1.);
#760 = LINE('',#761,#762);
#761 = CARTESIAN_POINT('',(244.,-353.,-803.5));
#762 = VECTOR('',#763,1.);
#763 = DIRECTION('',(0.,0.,1.));
#764 = PCURVE('',#614,#765);
#765 = DEFINITIONAL_REPRESENTATION('',(#766),#770);
#766 = LINE('',#767,#768);
#767 = CARTESIAN_POINT('',(0.,488.));
#768 = VECTOR('',#769,1.);
#769 = DIRECTION('',(1.,0.));
#770 = ( GEOMETRIC_REPRESENTATION_CONTEXT(2) 
PARAMETRIC_REPRESENTATION_CONTEXT() REPRESENTATION_CONTEXT('2D SPACE',''
  ) );
#771 = PCURVE('',#772,#777);
#772 = PLANE('',#773);
#773 = AXIS2_PLACEMENT_3D('',#774,#775,#776);
#774 = CARTESIAN_POINT('',(244.,-353.,-803.5));
#775 = DIRECTION('',(1.,0.,0.));
#776 = DIRECTION('',(0.,0.,1.));
#777 = DEFINITIONAL_REPRESENTATION('',(#778),#782);
#778 = LINE('',#779,#780);
#779 = CARTESIAN_POINT('',(0.,0.));
#780 = VECTOR('',#781,1.);
#781 = DIRECTION('',(1.,0.));
#782 = ( GEOMETRIC_REPRESENTATION_CONTEXT(2) 
PARAMETRIC_REPRESENTATION_CONTEXT() REPRESENTATION_CONTEXT('2D SPACE',''
  ) );
#783 = ADVANCED_FACE('',(#784),#696,.T.);
#784 = FACE_BOUND('',#785,.T.);
#785 = EDGE_LOOP('',(#786,#787,#788,#811));
#786 = ORIENTED_EDGE('',*,*,#682,.F.);
#787 = ORIENTED_EDGE('',*,*,#735,.T.);
#788 = ORIENTED_EDGE('',*,*,#789,.T.);
#789 = EDGE_CURVE('',#736,#790,#792,.T.);
#790 = VERTEX_POINT('',#791);
#791 = CARTESIAN_POINT('',(244.,353.,453.5));
#792 = SURFACE_CURVE('',#793,(#797,#804),.PCURVE_S1.);
#793 = LINE('',#794,#795);
#794 = CARTESIAN_POINT('',(244.,-353.,453.5));
#795 = VECTOR('',#796,1.);
#796 = DIRECTION('',(0.,1.,0.));
#797 = PCURVE('',#696,#798);
#798 = DEFINITIONAL_REPRESENTATION('',(#799),#803);
#799 = LINE('',#800,#801);
#800 = CARTESIAN_POINT('',(488.,0.));
#801 = VECTOR('',#802,1.);
#802 = DIRECTION('',(0.,1.));
#803 = ( GEOMETRIC_REPRESENTATION_CONTEXT(2) 
PARAMETRIC_REPRESENTATION_CONTEXT() REPRESENTATION_CONTEXT('2D SPACE',''
  ) );
#804 = PCURVE('',#772,#805);
#805 = DEFINITIONAL_REPRESENTATION('',(#806),#810);
#806 = LINE('',#807,#808);
#807 = CARTESIAN_POINT('',(1.257E+03,0.));
#808 = VECTOR('',#809,1.);
#809 = DIRECTION('',(0.,-1.));
#810 = ( GEOMETRIC_REPRESENTATION_CONTEXT(2) 
PARAMETRIC_REPRESENTATION_CONTEXT() REPRESENTATION_CONTEXT('2D SPACE',''
  ) );
#811 = ORIENTED_EDGE('',*,*,#812,.F.);
#812 = EDGE_CURVE('',#655,#790,#813,.T.);
#813 = SURFACE_CURVE('',#814,(#818,#825),.PCURVE_S1.);
#814 = LINE('',#815,#816);
#815 = CARTESIAN_POINT('',(-244.,353.,453.5));
#816 = VECTOR('',#817,1.);
#817 = DIRECTION('',(1.,0.,0.));
#818 = PCURVE('',#696,#819);
#819 = DEFINITIONAL_REPRESENTATION('',(#820),#824);
#820 = LINE('',#821,#822);
#821 = CARTESIAN_POINT('',(0.,706.));
#822 = VECTOR('',#823,1.);
#823 = DIRECTION('',(1.,0.));
#824 = ( GEOMETRIC_REPRESENTATION_CONTEXT(2) 
PARAMETRIC_REPRESENTATION_CONTEXT() REPRESENTATION_CONTEXT('2D SPACE',''
  ) );
#825 = PCURVE('',#670,#826);
#826 = DEFINITIONAL_REPRESENTATION('',(#827),#831);
#827 = LINE('',#828,#829);
#828 = CARTESIAN_POINT('',(1.257E+03,0.));
#829 = VECTOR('',#830,1.);
#830 = DIRECTION('',(0.,1.));
#831 = ( GEOMETRIC_REPRESENTATION_CONTEXT(2) 
PARAMETRIC_REPRESENTATION_CONTEXT() REPRESENTATION_CONTEXT('2D SPACE',''
  ) );
#832 = ADVANCED_FACE('',(#833),#670,.T.);
#833 = FACE_BOUND('',#834,.T.);
#834 = EDGE_LOOP('',(#835,#858,#859,#860));
#835 = ORIENTED_EDGE('',*,*,#836,.F.);
#836 = EDGE_CURVE('',#627,#837,#839,.T.);
#837 = VERTEX_POINT('',#838);
#838 = CARTESIAN_POINT('',(244.,353.,-803.5));
#839 = SURFACE_CURVE('',#840,(#844,#851),.PCURVE_S1.);
#840 = LINE('',#841,#842);
#841 = CARTESIAN_POINT('',(-244.,353.,-803.5));
#842 = VECTOR('',#843,1.);
#843 = DIRECTION('',(1.,0.,0.));
#844 = PCURVE('',#670,#845);
#845 = DEFINITIONAL_REPRESENTATION('',(#846),#850);
#846 = LINE('',#847,#848);
#847 = CARTESIAN_POINT('',(0.,0.));
#848 = VECTOR('',#849,1.);
#849 = DIRECTION('',(0.,1.));
#850 = ( GEOMETRIC_REPRESENTATION_CONTEXT(2) 
PARAMETRIC_REPRESENTATION_CONTEXT() REPRESENTATION_CONTEXT('2D SPACE',''
  ) );
#851 = PCURVE('',#642,#852);
#852 = DEFINITIONAL_REPRESENTATION('',(#853),#857);
#853 = LINE('',#854,#855);
#854 = CARTESIAN_POINT('',(0.,706.));
#855 = VECTOR('',#856,1.);
#856 = DIRECTION('',(1.,0.));
#857 = ( GEOMETRIC_REPRESENTATION_CONTEXT(2) 
PARAMETRIC_REPRESENTATION_CONTEXT() REPRESENTATION_CONTEXT('2D SPACE',''
  ) );
#858 = ORIENTED_EDGE('',*,*,#654,.T.);
#859 = ORIENTED_EDGE('',*,*,#812,.T.);
#860 = ORIENTED_EDGE('',*,*,#861,.F.);
#861 = EDGE_CURVE('',#837,#790,#862,.T.);
#862 = SURFACE_CURVE('',#863,(#867,#874),.PCURVE_S1.);
#863 = LINE('',#864,#865);
#864 = CARTESIAN_POINT('',(244.,353.,-803.5));
#865 = VECTOR('',#866,1.);
#866 = DIRECTION('',(0.,0.,1.));
#867 = PCURVE('',#670,#868);
#868 = DEFINITIONAL_REPRESENTATION('',(#869),#873);
#869 = LINE('',#870,#871);
#870 = CARTESIAN_POINT('',(0.,488.));
#871 = VECTOR('',#872,1.);
#872 = DIRECTION('',(1.,0.));
#873 = ( GEOMETRIC_REPRESENTATION_CONTEXT(2) 
PARAMETRIC_REPRESENTATION_CONTEXT() REPRESENTATION_CONTEXT('2D SPACE',''
  ) );
#874 = PCURVE('',#772,#875);
#875 = DEFINITIONAL_REPRESENTATION('',(#876),#880);
#876 = LINE('',#877,#878);
#877 = CARTESIAN_POINT('',(0.,-706.));
#878 = VECTOR('',#879,1.);
#879 = DIRECTION('',(1.,0.));
#880 = ( GEOMETRIC_REPRESENTATION_CONTEXT(2) 
PARAMETRIC_REPRESENTATION_CONTEXT() REPRESENTATION_CONTEXT('2D SPACE',''
  ) );
#881 = ADVANCED_FACE('',(#882),#642,.F.);
#882 = FACE_BOUND('',#883,.F.);
#883 = EDGE_LOOP('',(#884,#885,#886,#907));
#884 = ORIENTED_EDGE('',*,*,#626,.F.);
#885 = ORIENTED_EDGE('',*,*,#711,.T.);
#886 = ORIENTED_EDGE('',*,*,#887,.T.);
#887 = EDGE_CURVE('',#712,#837,#888,.T.);
#888 = SURFACE_CURVE('',#889,(#893,#900),.PCURVE_S1.);
#889 = LINE('',#890,#891);
#890 = CARTESIAN_POINT('',(244.,-353.,-803.5));
#891 = VECTOR('',#892,1.);
#892 = DIRECTION('',(0.,1.,0.));
#893 = PCURVE('',#642,#894);
#894 = DEFINITIONAL_REPRESENTATION('',(#895),#899);
#895 = LINE('',#896,#897);
#896 = CARTESIAN_POINT('',(488.,0.));
#897 = VECTOR('',#898,1.);
#898 = DIRECTION('',(0.,1.));
#899 = ( GEOMETRIC_REPRESENTATION_CONTEXT(2) 
PARAMETRIC_REPRESENTATION_CONTEXT() REPRESENTATION_CONTEXT('2D SPACE',''
  ) );
#900 = PCURVE('',#772,#901);
#901 = DEFINITIONAL_REPRESENTATION('',(#902),#906);
#902 = LINE('',#903,#904);
#903 = CARTESIAN_POINT('',(0.,0.));
#904 = VECTOR('',#905,1.);
#905 = DIRECTION('',(0.,-1.));
#906 = ( GEOMETRIC_REPRESENTATION_CONTEXT(2) 
PARAMETRIC_REPRESENTATION_CONTEXT() REPRESENTATION_CONTEXT('2D SPACE',''
  ) );
#907 = ORIENTED_EDGE('',*,*,#836,.F.);
#908 = ADVANCED_FACE('',(#909),#772,.T.);
#909 = FACE_BOUND('',#910,.T.);
#910 = EDGE_LOOP('',(#911,#912,#913,#914));
#911 = ORIENTED_EDGE('',*,*,#758,.F.);
#912 = ORIENTED_EDGE('',*,*,#887,.T.);
#913 = ORIENTED_EDGE('',*,*,#861,.T.);
#914 = ORIENTED_EDGE('',*,*,#789,.F.);
#915 = ORIENTED_CLOSED_SHELL('',*,#916,.F.);
#916 = CLOSED_SHELL('',(#917,#1037,#1113,#1162,#1211,#1238));
#917 = ADVANCED_FACE('',(#918),#932,.F.);
#918 = FACE_BOUND('',#919,.F.);
#919 = EDGE_LOOP('',(#920,#955,#983,#1011));
#920 = ORIENTED_EDGE('',*,*,#921,.F.);
#921 = EDGE_CURVE('',#922,#924,#926,.T.);
#922 = VERTEX_POINT('',#923);
#923 = CARTESIAN_POINT('',(-242.,-351.,-802.5));
#924 = VERTEX_POINT('',#925);
#925 = CARTESIAN_POINT('',(-242.,-351.,452.5));
#926 = SURFACE_CURVE('',#927,(#931,#943),.PCURVE_S1.);
#927 = LINE('',#928,#929);
#928 = CARTESIAN_POINT('',(-242.,-351.,-802.5));
#929 = VECTOR('',#930,1.);
#930 = DIRECTION('',(0.,0.,1.));
#931 = PCURVE('',#932,#937);
#932 = PLANE('',#933);
#933 = AXIS2_PLACEMENT_3D('',#934,#935,#936);
#934 = CARTESIAN_POINT('',(-242.,-351.,-802.5));
#935 = DIRECTION('',(1.,0.,0.));
#936 = DIRECTION('',(0.,0.,1.));
#937 = DEFINITIONAL_REPRESENTATION('',(#938),#942);
#938 = LINE('',#939,#940);
#939 = CARTESIAN_POINT('',(0.,0.));
#940 = VECTOR('',#941,1.);
#941 = DIRECTION('',(1.,0.));
#942 = ( GEOMETRIC_REPRESENTATION_CONTEXT(2) 
PARAMETRIC_REPRESENTATION_CONTEXT() REPRESENTATION_CONTEXT('2D SPACE',''
  ) );
#943 = PCURVE('',#944,#949);
#944 = PLANE('',#945);
#945 = AXIS2_PLACEMENT_3D('',#946,#947,#948);
#946 = CARTESIAN_POINT('',(-242.,-351.,-802.5));
#947 = DIRECTION('',(0.,1.,0.));
#948 = DIRECTION('',(0.,0.,1.));
#949 = DEFINITIONAL_REPRESENTATION('',(#950),#954);
#950 = LINE('',#951,#952);
#951 = CARTESIAN_POINT('',(0.,0.));
#952 = VECTOR('',#953,1.);
#953 = DIRECTION('',(1.,0.));
#954 = ( GEOMETRIC_REPRESENTATION_CONTEXT(2) 
PARAMETRIC_REPRESENTATION_CONTEXT() REPRESENTATION_CONTEXT('2D SPACE',''
  ) );
#955 = ORIENTED_EDGE('',*,*,#956,.T.);
#956 = EDGE_CURVE('',#922,#957,#959,.T.);
#957 = VERTEX_POINT('',#958);
#958 = CARTESIAN_POINT('',(-242.,351.,-802.5));
#959 = SURFACE_CURVE('',#960,(#964,#971),.PCURVE_S1.);
#960 = LINE('',#961,#962);
#961 = CARTESIAN_POINT('',(-242.,-351.,-802.5));
#962 = VECTOR('',#963,1.);
#963 = DIRECTION('',(0.,1.,0.));
#964 = PCURVE('',#932,#965);
#965 = DEFINITIONAL_REPRESENTATION('',(#966),#970);
#966 = LINE('',#967,#968);
#967 = CARTESIAN_POINT('',(0.,0.));
#968 = VECTOR('',#969,1.);
#969 = DIRECTION('',(0.,-1.));
#970 = ( GEOMETRIC_REPRESENTATION_CONTEXT(2) 
PARAMETRIC_REPRESENTATION_CONTEXT() REPRESENTATION_CONTEXT('2D SPACE',''
  ) );
#971 = PCURVE('',#972,#977);
#972 = PLANE('',#973);
#973 = AXIS2_PLACEMENT_3D('',#974,#975,#976);
#974 = CARTESIAN_POINT('',(-242.,-351.,-802.5));
#975 = DIRECTION('',(0.,0.,1.));
#976 = DIRECTION('',(1.,0.,0.));
#977 = DEFINITIONAL_REPRESENTATION('',(#978),#982);
#978 = LINE('',#979,#980);
#979 = CARTESIAN_POINT('',(0.,0.));
#980 = VECTOR('',#981,1.);
#981 = DIRECTION('',(0.,1.));
#982 = ( GEOMETRIC_REPRESENTATION_CONTEXT(2) 
PARAMETRIC_REPRESENTATION_CONTEXT() REPRESENTATION_CONTEXT('2D SPACE',''
  ) );
#983 = ORIENTED_EDGE('',*,*,#984,.T.);
#984 = EDGE_CURVE('',#957,#985,#987,.T.);
#985 = VERTEX_POINT('',#986);
#986 = CARTESIAN_POINT('',(-242.,351.,452.5));
#987 = SURFACE_CURVE('',#988,(#992,#999),.PCURVE_S1.);
#988 = LINE('',#989,#990);
#989 = CARTESIAN_POINT('',(-242.,351.,-802.5));
#990 = VECTOR('',#991,1.);
#991 = DIRECTION('',(0.,0.,1.));
#992 = PCURVE('',#932,#993);
#993 = DEFINITIONAL_REPRESENTATION('',(#994),#998);
#994 = LINE('',#995,#996);
#995 = CARTESIAN_POINT('',(0.,-702.));
#996 = VECTOR('',#997,1.);
#997 = DIRECTION('',(1.,0.));
#998 = ( GEOMETRIC_REPRESENTATION_CONTEXT(2) 
PARAMETRIC_REPRESENTATION_CONTEXT() REPRESENTATION_CONTEXT('2D SPACE',''
  ) );
#999 = PCURVE('',#1000,#1005);
#1000 = PLANE('',#1001);
#1001 = AXIS2_PLACEMENT_3D('',#1002,#1003,#1004);
#1002 = CARTESIAN_POINT('',(-242.,351.,-802.5));
#1003 = DIRECTION('',(0.,1.,0.));
#1004 = DIRECTION('',(0.,0.,1.));
#1005 = DEFINITIONAL_REPRESENTATION('',(#1006),#1010);
#1006 = LINE('',#1007,#1008);
#1007 = CARTESIAN_POINT('',(0.,0.));
#1008 = VECTOR('',#1009,1.);
#1009 = DIRECTION('',(1.,0.));
#1010 = ( GEOMETRIC_REPRESENTATION_CONTEXT(2) 
PARAMETRIC_REPRESENTATION_CONTEXT() REPRESENTATION_CONTEXT('2D SPACE',''
  ) );
#1011 = ORIENTED_EDGE('',*,*,#1012,.F.);
#1012 = EDGE_CURVE('',#924,#985,#1013,.T.);
#1013 = SURFACE_CURVE('',#1014,(#1018,#1025),.PCURVE_S1.);
#1014 = LINE('',#1015,#1016);
#1015 = CARTESIAN_POINT('',(-242.,-351.,452.5));
#1016 = VECTOR('',#1017,1.);
#1017 = DIRECTION('',(0.,1.,0.));
#1018 = PCURVE('',#932,#1019);
#1019 = DEFINITIONAL_REPRESENTATION('',(#1020),#1024);
#1020 = LINE('',#1021,#1022);
#1021 = CARTESIAN_POINT('',(1.255E+03,0.));
#1022 = VECTOR('',#1023,1.);
#1023 = DIRECTION('',(0.,-1.));
#1024 = ( GEOMETRIC_REPRESENTATION_CONTEXT(2) 
PARAMETRIC_REPRESENTATION_CONTEXT() REPRESENTATION_CONTEXT('2D SPACE',''
  ) );
#1025 = PCURVE('',#1026,#1031);
#1026 = PLANE('',#1027);
#1027 = AXIS2_PLACEMENT_3D('',#1028,#1029,#1030);
#1028 = CARTESIAN_POINT('',(-242.,-351.,452.5));
#1029 = DIRECTION('',(0.,0.,1.));
#1030 = DIRECTION('',(1.,0.,0.));
#1031 = DEFINITIONAL_REPRESENTATION('',(#1032),#1036);
#1032 = LINE('',#1033,#1034);
#1033 = CARTESIAN_POINT('',(0.,0.));
#1034 = VECTOR('',#1035,1.);
#1035 = DIRECTION('',(0.,1.));
#1036 = ( GEOMETRIC_REPRESENTATION_CONTEXT(2) 
PARAMETRIC_REPRESENTATION_CONTEXT() REPRESENTATION_CONTEXT('2D SPACE',''
  ) );
#1037 = ADVANCED_FACE('',(#1038),#944,.F.);
#1038 = FACE_BOUND('',#1039,.F.);
#1039 = EDGE_LOOP('',(#1040,#1063,#1064,#1087));
#1040 = ORIENTED_EDGE('',*,*,#1041,.F.);
#1041 = EDGE_CURVE('',#922,#1042,#1044,.T.);
#1042 = VERTEX_POINT('',#1043);
#1043 = CARTESIAN_POINT('',(242.,-351.,-802.5));
#1044 = SURFACE_CURVE('',#1045,(#1049,#1056),.PCURVE_S1.);
#1045 = LINE('',#1046,#1047);
#1046 = CARTESIAN_POINT('',(-242.,-351.,-802.5));
#1047 = VECTOR('',#1048,1.);
#1048 = DIRECTION('',(1.,0.,0.));
#1049 = PCURVE('',#944,#1050);
#1050 = DEFINITIONAL_REPRESENTATION('',(#1051),#1055);
#1051 = LINE('',#1052,#1053);
#1052 = CARTESIAN_POINT('',(0.,0.));
#1053 = VECTOR('',#1054,1.);
#1054 = DIRECTION('',(0.,1.));
#1055 = ( GEOMETRIC_REPRESENTATION_CONTEXT(2) 
PARAMETRIC_REPRESENTATION_CONTEXT() REPRESENTATION_CONTEXT('2D SPACE',''
  ) );
#1056 = PCURVE('',#972,#1057);
#1057 = DEFINITIONAL_REPRESENTATION('',(#1058),#1062);
#1058 = LINE('',#1059,#1060);
#1059 = CARTESIAN_POINT('',(0.,0.));
#1060 = VECTOR('',#1061,1.);
#1061 = DIRECTION('',(1.,0.));
#1062 = ( GEOMETRIC_REPRESENTATION_CONTEXT(2) 
PARAMETRIC_REPRESENTATION_CONTEXT() REPRESENTATION_CONTEXT('2D SPACE',''
  ) );
#1063 = ORIENTED_EDGE('',*,*,#921,.T.);
#1064 = ORIENTED_EDGE('',*,*,#1065,.T.);
#1065 = EDGE_CURVE('',#924,#1066,#1068,.T.);
#1066 = VERTEX_POINT('',#1067);
#1067 = CARTESIAN_POINT('',(242.,-351.,452.5));
#1068 = SURFACE_CURVE('',#1069,(#1073,#1080),.PCURVE_S1.);
#1069 = LINE('',#1070,#1071);
#1070 = CARTESIAN_POINT('',(-242.,-351.,452.5));
#1071 = VECTOR('',#1072,1.);
#1072 = DIRECTION('',(1.,0.,0.));
#1073 = PCURVE('',#944,#1074);
#1074 = DEFINITIONAL_REPRESENTATION('',(#1075),#1079);
#1075 = LINE('',#1076,#1077);
#1076 = CARTESIAN_POINT('',(1.255E+03,0.));
#1077 = VECTOR('',#1078,1.);
#1078 = DIRECTION('',(0.,1.));
#1079 = ( GEOMETRIC_REPRESENTATION_CONTEXT(2) 
PARAMETRIC_REPRESENTATION_CONTEXT() REPRESENTATION_CONTEXT('2D SPACE',''
  ) );
#1080 = PCURVE('',#1026,#1081);
#1081 = DEFINITIONAL_REPRESENTATION('',(#1082),#1086);
#1082 = LINE('',#1083,#1084);
#1083 = CARTESIAN_POINT('',(0.,0.));
#1084 = VECTOR('',#1085,1.);
#1085 = DIRECTION('',(1.,0.));
#1086 = ( GEOMETRIC_REPRESENTATION_CONTEXT(2) 
PARAMETRIC_REPRESENTATION_CONTEXT() REPRESENTATION_CONTEXT('2D SPACE',''
  ) );
#1087 = ORIENTED_EDGE('',*,*,#1088,.F.);
#1088 = EDGE_CURVE('',#1042,#1066,#1089,.T.);
#1089 = SURFACE_CURVE('',#1090,(#1094,#1101),.PCURVE_S1.);
#1090 = LINE('',#1091,#1092);
#1091 = CARTESIAN_POINT('',(242.,-351.,-802.5));
#1092 = VECTOR('',#1093,1.);
#1093 = DIRECTION('',(0.,0.,1.));
#1094 = PCURVE('',#944,#1095);
#1095 = DEFINITIONAL_REPRESENTATION('',(#1096),#1100);
#1096 = LINE('',#1097,#1098);
#1097 = CARTESIAN_POINT('',(0.,484.));
#1098 = VECTOR('',#1099,1.);
#1099 = DIRECTION('',(1.,0.));
#1100 = ( GEOMETRIC_REPRESENTATION_CONTEXT(2) 
PARAMETRIC_REPRESENTATION_CONTEXT() REPRESENTATION_CONTEXT('2D SPACE',''
  ) );
#1101 = PCURVE('',#1102,#1107);
#1102 = PLANE('',#1103);
#1103 = AXIS2_PLACEMENT_3D('',#1104,#1105,#1106);
#1104 = CARTESIAN_POINT('',(242.,-351.,-802.5));
#1105 = DIRECTION('',(1.,0.,0.));
#1106 = DIRECTION('',(0.,0.,1.));
#1107 = DEFINITIONAL_REPRESENTATION('',(#1108),#1112);
#1108 = LINE('',#1109,#1110);
#1109 = CARTESIAN_POINT('',(0.,0.));
#1110 = VECTOR('',#1111,1.);
#1111 = DIRECTION('',(1.,0.));
#1112 = ( GEOMETRIC_REPRESENTATION_CONTEXT(2) 
PARAMETRIC_REPRESENTATION_CONTEXT() REPRESENTATION_CONTEXT('2D SPACE',''
  ) );
#1113 = ADVANCED_FACE('',(#1114),#1026,.T.);
#1114 = FACE_BOUND('',#1115,.T.);
#1115 = EDGE_LOOP('',(#1116,#1117,#1118,#1141));
#1116 = ORIENTED_EDGE('',*,*,#1012,.F.);
#1117 = ORIENTED_EDGE('',*,*,#1065,.T.);
#1118 = ORIENTED_EDGE('',*,*,#1119,.T.);
#1119 = EDGE_CURVE('',#1066,#1120,#1122,.T.);
#1120 = VERTEX_POINT('',#1121);
#1121 = CARTESIAN_POINT('',(242.,351.,452.5));
#1122 = SURFACE_CURVE('',#1123,(#1127,#1134),.PCURVE_S1.);
#1123 = LINE('',#1124,#1125);
#1124 = CARTESIAN_POINT('',(242.,-351.,452.5));
#1125 = VECTOR('',#1126,1.);
#1126 = DIRECTION('',(0.,1.,0.));
#1127 = PCURVE('',#1026,#1128);
#1128 = DEFINITIONAL_REPRESENTATION('',(#1129),#1133);
#1129 = LINE('',#1130,#1131);
#1130 = CARTESIAN_POINT('',(484.,0.));
#1131 = VECTOR('',#1132,1.);
#1132 = DIRECTION('',(0.,1.));
#1133 = ( GEOMETRIC_REPRESENTATION_CONTEXT(2) 
PARAMETRIC_REPRESENTATION_CONTEXT() REPRESENTATION_CONTEXT('2D SPACE',''
  ) );
#1134 = PCURVE('',#1102,#1135);
#1135 = DEFINITIONAL_REPRESENTATION('',(#1136),#1140);
#1136 = LINE('',#1137,#1138);
#1137 = CARTESIAN_POINT('',(1.255E+03,0.));
#1138 = VECTOR('',#1139,1.);
#1139 = DIRECTION('',(0.,-1.));
#1140 = ( GEOMETRIC_REPRESENTATION_CONTEXT(2) 
PARAMETRIC_REPRESENTATION_CONTEXT() REPRESENTATION_CONTEXT('2D SPACE',''
  ) );
#1141 = ORIENTED_EDGE('',*,*,#1142,.F.);
#1142 = EDGE_CURVE('',#985,#1120,#1143,.T.);
#1143 = SURFACE_CURVE('',#1144,(#1148,#1155),.PCURVE_S1.);
#1144 = LINE('',#1145,#1146);
#1145 = CARTESIAN_POINT('',(-242.,351.,452.5));
#1146 = VECTOR('',#1147,1.);
#1147 = DIRECTION('',(1.,0.,0.));
#1148 = PCURVE('',#1026,#1149);
#1149 = DEFINITIONAL_REPRESENTATION('',(#1150),#1154);
#1150 = LINE('',#1151,#1152);
#1151 = CARTESIAN_POINT('',(0.,702.));
#1152 = VECTOR('',#1153,1.);
#1153 = DIRECTION('',(1.,0.));
#1154 = ( GEOMETRIC_REPRESENTATION_CONTEXT(2) 
PARAMETRIC_REPRESENTATION_CONTEXT() REPRESENTATION_CONTEXT('2D SPACE',''
  ) );
#1155 = PCURVE('',#1000,#1156);
#1156 = DEFINITIONAL_REPRESENTATION('',(#1157),#1161);
#1157 = LINE('',#1158,#1159);
#1158 = CARTESIAN_POINT('',(1.255E+03,0.));
#1159 = VECTOR('',#1160,1.);
#1160 = DIRECTION('',(0.,1.));
#1161 = ( GEOMETRIC_REPRESENTATION_CONTEXT(2) 
PARAMETRIC_REPRESENTATION_CONTEXT() REPRESENTATION_CONTEXT('2D SPACE',''
  ) );
#1162 = ADVANCED_FACE('',(#1163),#1000,.T.);
#1163 = FACE_BOUND('',#1164,.T.);
#1164 = EDGE_LOOP('',(#1165,#1188,#1189,#1190));
#1165 = ORIENTED_EDGE('',*,*,#1166,.F.);
#1166 = EDGE_CURVE('',#957,#1167,#1169,.T.);
#1167 = VERTEX_POINT('',#1168);
#1168 = CARTESIAN_POINT('',(242.,351.,-802.5));
#1169 = SURFACE_CURVE('',#1170,(#1174,#1181),.PCURVE_S1.);
#1170 = LINE('',#1171,#1172);
#1171 = CARTESIAN_POINT('',(-242.,351.,-802.5));
#1172 = VECTOR('',#1173,1.);
#1173 = DIRECTION('',(1.,0.,0.));
#1174 = PCURVE('',#1000,#1175);
#1175 = DEFINITIONAL_REPRESENTATION('',(#1176),#1180);
#1176 = LINE('',#1177,#1178);
#1177 = CARTESIAN_POINT('',(0.,0.));
#1178 = VECTOR('',#1179,1.);
#1179 = DIRECTION('',(0.,1.));
#1180 = ( GEOMETRIC_REPRESENTATION_CONTEXT(2) 
PARAMETRIC_REPRESENTATION_CONTEXT() REPRESENTATION_CONTEXT('2D SPACE',''
  ) );
#1181 = PCURVE('',#972,#1182);
#1182 = DEFINITIONAL_REPRESENTATION('',(#1183),#1187);
#1183 = LINE('',#1184,#1185);
#1184 = CARTESIAN_POINT('',(0.,702.));
#1185 = VECTOR('',#1186,1.);
#1186 = DIRECTION('',(1.,0.));
#1187 = ( GEOMETRIC_REPRESENTATION_CONTEXT(2) 
PARAMETRIC_REPRESENTATION_CONTEXT() REPRESENTATION_CONTEXT('2D SPACE',''
  ) );
#1188 = ORIENTED_EDGE('',*,*,#984,.T.);
#1189 = ORIENTED_EDGE('',*,*,#1142,.T.);
#1190 = ORIENTED_EDGE('',*,*,#1191,.F.);
#1191 = EDGE_CURVE('',#1167,#1120,#1192,.T.);
#1192 = SURFACE_CURVE('',#1193,(#1197,#1204),.PCURVE_S1.);
#1193 = LINE('',#1194,#1195);
#1194 = CARTESIAN_POINT('',(242.,351.,-802.5));
#1195 = VECTOR('',#1196,1.);
#1196 = DIRECTION('',(0.,0.,1.));
#1197 = PCURVE('',#1000,#1198);
#1198 = DEFINITIONAL_REPRESENTATION('',(#1199),#1203);
#1199 = LINE('',#1200,#1201);
#1200 = CARTESIAN_POINT('',(0.,484.));
#1201 = VECTOR('',#1202,1.);
#1202 = DIRECTION('',(1.,0.));
#1203 = ( GEOMETRIC_REPRESENTATION_CONTEXT(2) 
PARAMETRIC_REPRESENTATION_CONTEXT() REPRESENTATION_CONTEXT('2D SPACE',''
  ) );
#1204 = PCURVE('',#1102,#1205);
#1205 = DEFINITIONAL_REPRESENTATION('',(#1206),#1210);
#1206 = LINE('',#1207,#1208);
#1207 = CARTESIAN_POINT('',(0.,-702.));
#1208 = VECTOR('',#1209,1.);
#1209 = DIRECTION('',(1.,0.));
#1210 = ( GEOMETRIC_REPRESENTATION_CONTEXT(2) 
PARAMETRIC_REPRESENTATION_CONTEXT() REPRESENTATION_CONTEXT('2D SPACE',''
  ) );
#1211 = ADVANCED_FACE('',(#1212),#972,.F.);
#1212 = FACE_BOUND('',#1213,.F.);
#1213 = EDGE_LOOP('',(#1214,#1215,#1216,#1237));
#1214 = ORIENTED_EDGE('',*,*,#956,.F.);
#1215 = ORIENTED_EDGE('',*,*,#1041,.T.);
#1216 = ORIENTED_EDGE('',*,*,#1217,.T.);
#1217 = EDGE_CURVE('',#1042,#1167,#1218,.T.);
#1218 = SURFACE_CURVE('',#1219,(#1223,#1230),.PCURVE_S1.);
#1219 = LINE('',#1220,#1221);
#1220 = CARTESIAN_POINT('',(242.,-351.,-802.5));
#1221 = VECTOR('',#1222,1.);
#1222 = DIRECTION('',(0.,1.,0.));
#1223 = PCURVE('',#972,#1224);
#1224 = DEFINITIONAL_REPRESENTATION('',(#1225),#1229);
#1225 = LINE('',#1226,#1227);
#1226 = CARTESIAN_POINT('',(484.,0.));
#1227 = VECTOR('',#1228,1.);
#1228 = DIRECTION('',(0.,1.));
#1229 = ( GEOMETRIC_REPRESENTATION_CONTEXT(2) 
PARAMETRIC_REPRESENTATION_CONTEXT() REPRESENTATION_CONTEXT('2D SPACE',''
  ) );
#1230 = PCURVE('',#1102,#1231);
#1231 = DEFINITIONAL_REPRESENTATION('',(#1232),#1236);
#1232 = LINE('',#1233,#1234);
#1233 = CARTESIAN_POINT('',(0.,0.));
#1234 = VECTOR('',#1235,1.);
#1235 = DIRECTION('',(0.,-1.));
#1236 = ( GEOMETRIC_REPRESENTATION_CONTEXT(2) 
PARAMETRIC_REPRESENTATION_CONTEXT() REPRESENTATION_CONTEXT('2D SPACE',''
  ) );
#1237 = ORIENTED_EDGE('',*,*,#1166,.F.);
#1238 = ADVANCED_FACE('',(#1239),#1102,.T.);
#1239 = FACE_BOUND('',#1240,.T.);
#1240 = EDGE_LOOP('',(#1241,#1242,#1243,#1244));
#1241 = ORIENTED_EDGE('',*,*,#1088,.F.);
#1242 = ORIENTED_EDGE('',*,*,#1217,.T.);
#1243 = ORIENTED_EDGE('',*,*,#1191,.T.);
#1244 = ORIENTED_EDGE('',*,*,#1119,.F.);
#1245 = ( GEOMETRIC_REPRESENTATION_CONTEXT(3) 
GLOBAL_UNCERTAINTY_ASSIGNED_CONTEXT((#1249)) 
GLOBAL_UNIT_ASSIGNED_CONTEXT((#1246,#1247,#1248)) REPRESENTATION_CONTEXT
('Context #1','3D Context with UNIT and UNCERTAINTY') );
#1246 = ( LENGTH_UNIT() NAMED_UNIT(*) SI_UNIT(.MILLI.,.METRE.) );
#1247 = ( NAMED_UNIT(*) PLANE_ANGLE_UNIT() SI_UNIT($,.RADIAN.) );
#1248 = ( NAMED_UNIT(*) SI_UNIT($,.STERADIAN.) SOLID_ANGLE_UNIT() );
#1249 = UNCERTAINTY_MEASURE_WITH_UNIT(LENGTH_MEASURE(1.E-07),#1246,
  'distance_accuracy_value','confusion accuracy');
#1250 = CONTEXT_DEPENDENT_SHAPE_REPRESENTATION(#1251,#1253);
#1251 = ( REPRESENTATION_RELATIONSHIP('','',#220,#10) 
REPRESENTATION_RELATIONSHIP_WITH_TRANSFORMATION(#1252) 
SHAPE_REPRESENTATION_RELATIONSHIP() );
#1252 = ITEM_DEFINED_TRANSFORMATION('','',#11,#15);
#1253 = PRODUCT_DEFINITION_SHAPE('Placement','Placement of an item',
  #1254);
#1254 = NEXT_ASSEMBLY_USAGE_OCCURRENCE('1','sheet_metal_outer_cabinet',
  '',#5,#215,$);
#1255 = PRODUCT_RELATED_PRODUCT_CATEGORY('part',$,(#217));
#1256 = SHAPE_DEFINITION_REPRESENTATION(#1257,#1263);
#1257 = PRODUCT_DEFINITION_SHAPE('','',#1258);
#1258 = PRODUCT_DEFINITION('design','',#1259,#1262);
#1259 = PRODUCT_DEFINITION_FORMATION('','',#1260);
#1260 = PRODUCT('sheet_metal_top_mech_room','sheet_metal_top_mech_room',
  '',(#1261));
#1261 = PRODUCT_CONTEXT('',#2,'mechanical');
#1262 = PRODUCT_DEFINITION_CONTEXT('part definition',#2,'design');
#1263 = ADVANCED_BREP_SHAPE_REPRESENTATION('',(#11,#1264),#2208);
#1264 = MANIFOLD_SOLID_BREP('',#1265);
#1265 = CLOSED_SHELL('',(#1266,#1386,#1670,#1746,#1817,#1891,#1960,#2007
    ,#2038,#2069,#2076,#2147,#2174,#2201));
#1266 = ADVANCED_FACE('',(#1267),#1281,.F.);
#1267 = FACE_BOUND('',#1268,.F.);
#1268 = EDGE_LOOP('',(#1269,#1304,#1332,#1360));
#1269 = ORIENTED_EDGE('',*,*,#1270,.F.);
#1270 = EDGE_CURVE('',#1271,#1273,#1275,.T.);
#1271 = VERTEX_POINT('',#1272);
#1272 = CARTESIAN_POINT('',(-242.,-351.,452.5));
#1273 = VERTEX_POINT('',#1274);
#1274 = CARTESIAN_POINT('',(-242.,-351.,802.5));
#1275 = SURFACE_CURVE('',#1276,(#1280,#1292),.PCURVE_S1.);
#1276 = LINE('',#1277,#1278);
#1277 = CARTESIAN_POINT('',(-242.,-351.,452.5));
#1278 = VECTOR('',#1279,1.);
#1279 = DIRECTION('',(0.,0.,1.));
#1280 = PCURVE('',#1281,#1286);
#1281 = PLANE('',#1282);
#1282 = AXIS2_PLACEMENT_3D('',#1283,#1284,#1285);
#1283 = CARTESIAN_POINT('',(-242.,-351.,452.5));
#1284 = DIRECTION('',(1.,0.,0.));
#1285 = DIRECTION('',(0.,0.,1.));
#1286 = DEFINITIONAL_REPRESENTATION('',(#1287),#1291);
#1287 = LINE('',#1288,#1289);
#1288 = CARTESIAN_POINT('',(0.,0.));
#1289 = VECTOR('',#1290,1.);
#1290 = DIRECTION('',(1.,0.));
#1291 = ( GEOMETRIC_REPRESENTATION_CONTEXT(2) 
PARAMETRIC_REPRESENTATION_CONTEXT() REPRESENTATION_CONTEXT('2D SPACE',''
  ) );
#1292 = PCURVE('',#1293,#1298);
#1293 = PLANE('',#1294);
#1294 = AXIS2_PLACEMENT_3D('',#1295,#1296,#1297);
#1295 = CARTESIAN_POINT('',(-242.,-351.,452.5));
#1296 = DIRECTION('',(0.,1.,0.));
#1297 = DIRECTION('',(0.,0.,1.));
#1298 = DEFINITIONAL_REPRESENTATION('',(#1299),#1303);
#1299 = LINE('',#1300,#1301);
#1300 = CARTESIAN_POINT('',(0.,0.));
#1301 = VECTOR('',#1302,1.);
#1302 = DIRECTION('',(1.,0.));
#1303 = ( GEOMETRIC_REPRESENTATION_CONTEXT(2) 
PARAMETRIC_REPRESENTATION_CONTEXT() REPRESENTATION_CONTEXT('2D SPACE',''
  ) );
#1304 = ORIENTED_EDGE('',*,*,#1305,.T.);
#1305 = EDGE_CURVE('',#1271,#1306,#1308,.T.);
#1306 = VERTEX_POINT('',#1307);
#1307 = CARTESIAN_POINT('',(-242.,351.,452.5));
#1308 = SURFACE_CURVE('',#1309,(#1313,#1320),.PCURVE_S1.);
#1309 = LINE('',#1310,#1311);
#1310 = CARTESIAN_POINT('',(-242.,-351.,452.5));
#1311 = VECTOR('',#1312,1.);
#1312 = DIRECTION('',(0.,1.,0.));
#1313 = PCURVE('',#1281,#1314);
#1314 = DEFINITIONAL_REPRESENTATION('',(#1315),#1319);
#1315 = LINE('',#1316,#1317);
#1316 = CARTESIAN_POINT('',(0.,0.));
#1317 = VECTOR('',#1318,1.);
#1318 = DIRECTION('',(0.,-1.));
#1319 = ( GEOMETRIC_REPRESENTATION_CONTEXT(2) 
PARAMETRIC_REPRESENTATION_CONTEXT() REPRESENTATION_CONTEXT('2D SPACE',''
  ) );
#1320 = PCURVE('',#1321,#1326);
#1321 = PLANE('',#1322);
#1322 = AXIS2_PLACEMENT_3D('',#1323,#1324,#1325);
#1323 = CARTESIAN_POINT('',(-242.,-351.,452.5));
#1324 = DIRECTION('',(0.,0.,1.));
#1325 = DIRECTION('',(1.,0.,0.));
#1326 = DEFINITIONAL_REPRESENTATION('',(#1327),#1331);
#1327 = LINE('',#1328,#1329);
#1328 = CARTESIAN_POINT('',(0.,0.));
#1329 = VECTOR('',#1330,1.);
#1330 = DIRECTION('',(0.,1.));
#1331 = ( GEOMETRIC_REPRESENTATION_CONTEXT(2) 
PARAMETRIC_REPRESENTATION_CONTEXT() REPRESENTATION_CONTEXT('2D SPACE',''
  ) );
#1332 = ORIENTED_EDGE('',*,*,#1333,.T.);
#1333 = EDGE_CURVE('',#1306,#1334,#1336,.T.);
#1334 = VERTEX_POINT('',#1335);
#1335 = CARTESIAN_POINT('',(-242.,351.,802.5));
#1336 = SURFACE_CURVE('',#1337,(#1341,#1348),.PCURVE_S1.);
#1337 = LINE('',#1338,#1339);
#1338 = CARTESIAN_POINT('',(-242.,351.,452.5));
#1339 = VECTOR('',#1340,1.);
#1340 = DIRECTION('',(0.,0.,1.));
#1341 = PCURVE('',#1281,#1342);
#1342 = DEFINITIONAL_REPRESENTATION('',(#1343),#1347);
#1343 = LINE('',#1344,#1345);
#1344 = CARTESIAN_POINT('',(0.,-702.));
#1345 = VECTOR('',#1346,1.);
#1346 = DIRECTION('',(1.,0.));
#1347 = ( GEOMETRIC_REPRESENTATION_CONTEXT(2) 
PARAMETRIC_REPRESENTATION_CONTEXT() REPRESENTATION_CONTEXT('2D SPACE',''
  ) );
#1348 = PCURVE('',#1349,#1354);
#1349 = PLANE('',#1350);
#1350 = AXIS2_PLACEMENT_3D('',#1351,#1352,#1353);
#1351 = CARTESIAN_POINT('',(-242.,351.,452.5));
#1352 = DIRECTION('',(0.,1.,0.));
#1353 = DIRECTION('',(0.,0.,1.));
#1354 = DEFINITIONAL_REPRESENTATION('',(#1355),#1359);
#1355 = LINE('',#1356,#1357);
#1356 = CARTESIAN_POINT('',(0.,0.));
#1357 = VECTOR('',#1358,1.);
#1358 = DIRECTION('',(1.,0.));
#1359 = ( GEOMETRIC_REPRESENTATION_CONTEXT(2) 
PARAMETRIC_REPRESENTATION_CONTEXT() REPRESENTATION_CONTEXT('2D SPACE',''
  ) );
#1360 = ORIENTED_EDGE('',*,*,#1361,.F.);
#1361 = EDGE_CURVE('',#1273,#1334,#1362,.T.);
#1362 = SURFACE_CURVE('',#1363,(#1367,#1374),.PCURVE_S1.);
#1363 = LINE('',#1364,#1365);
#1364 = CARTESIAN_POINT('',(-242.,-351.,802.5));
#1365 = VECTOR('',#1366,1.);
#1366 = DIRECTION('',(0.,1.,0.));
#1367 = PCURVE('',#1281,#1368);
#1368 = DEFINITIONAL_REPRESENTATION('',(#1369),#1373);
#1369 = LINE('',#1370,#1371);
#1370 = CARTESIAN_POINT('',(350.,0.));
#1371 = VECTOR('',#1372,1.);
#1372 = DIRECTION('',(0.,-1.));
#1373 = ( GEOMETRIC_REPRESENTATION_CONTEXT(2) 
PARAMETRIC_REPRESENTATION_CONTEXT() REPRESENTATION_CONTEXT('2D SPACE',''
  ) );
#1374 = PCURVE('',#1375,#1380);
#1375 = PLANE('',#1376);
#1376 = AXIS2_PLACEMENT_3D('',#1377,#1378,#1379);
#1377 = CARTESIAN_POINT('',(-242.,-351.,802.5));
#1378 = DIRECTION('',(0.,0.,1.));
#1379 = DIRECTION('',(1.,0.,0.));
#1380 = DEFINITIONAL_REPRESENTATION('',(#1381),#1385);
#1381 = LINE('',#1382,#1383);
#1382 = CARTESIAN_POINT('',(0.,0.));
#1383 = VECTOR('',#1384,1.);
#1384 = DIRECTION('',(0.,1.));
#1385 = ( GEOMETRIC_REPRESENTATION_CONTEXT(2) 
PARAMETRIC_REPRESENTATION_CONTEXT() REPRESENTATION_CONTEXT('2D SPACE',''
  ) );
#1386 = ADVANCED_FACE('',(#1387,#1462,#1571),#1321,.F.);
#1387 = FACE_BOUND('',#1388,.F.);
#1388 = EDGE_LOOP('',(#1389,#1390,#1413,#1441));
#1389 = ORIENTED_EDGE('',*,*,#1305,.F.);
#1390 = ORIENTED_EDGE('',*,*,#1391,.T.);
#1391 = EDGE_CURVE('',#1271,#1392,#1394,.T.);
#1392 = VERTEX_POINT('',#1393);
#1393 = CARTESIAN_POINT('',(242.,-351.,452.5));
#1394 = SURFACE_CURVE('',#1395,(#1399,#1406),.PCURVE_S1.);
#1395 = LINE('',#1396,#1397);
#1396 = CARTESIAN_POINT('',(-242.,-351.,452.5));
#1397 = VECTOR('',#1398,1.);
#1398 = DIRECTION('',(1.,0.,0.));
#1399 = PCURVE('',#1321,#1400);
#1400 = DEFINITIONAL_REPRESENTATION('',(#1401),#1405);
#1401 = LINE('',#1402,#1403);
#1402 = CARTESIAN_POINT('',(0.,0.));
#1403 = VECTOR('',#1404,1.);
#1404 = DIRECTION('',(1.,0.));
#1405 = ( GEOMETRIC_REPRESENTATION_CONTEXT(2) 
PARAMETRIC_REPRESENTATION_CONTEXT() REPRESENTATION_CONTEXT('2D SPACE',''
  ) );
#1406 = PCURVE('',#1293,#1407);
#1407 = DEFINITIONAL_REPRESENTATION('',(#1408),#1412);
#1408 = LINE('',#1409,#1410);
#1409 = CARTESIAN_POINT('',(0.,0.));
#1410 = VECTOR('',#1411,1.);
#1411 = DIRECTION('',(0.,1.));
#1412 = ( GEOMETRIC_REPRESENTATION_CONTEXT(2) 
PARAMETRIC_REPRESENTATION_CONTEXT() REPRESENTATION_CONTEXT('2D SPACE',''
  ) );
#1413 = ORIENTED_EDGE('',*,*,#1414,.T.);
#1414 = EDGE_CURVE('',#1392,#1415,#1417,.T.);
#1415 = VERTEX_POINT('',#1416);
#1416 = CARTESIAN_POINT('',(242.,351.,452.5));
#1417 = SURFACE_CURVE('',#1418,(#1422,#1429),.PCURVE_S1.);
#1418 = LINE('',#1419,#1420);
#1419 = CARTESIAN_POINT('',(242.,-351.,452.5));
#1420 = VECTOR('',#1421,1.);
#1421 = DIRECTION('',(0.,1.,0.));
#1422 = PCURVE('',#1321,#1423);
#1423 = DEFINITIONAL_REPRESENTATION('',(#1424),#1428);
#1424 = LINE('',#1425,#1426);
#1425 = CARTESIAN_POINT('',(484.,0.));
#1426 = VECTOR('',#1427,1.);
#1427 = DIRECTION('',(0.,1.));
#1428 = ( GEOMETRIC_REPRESENTATION_CONTEXT(2) 
PARAMETRIC_REPRESENTATION_CONTEXT() REPRESENTATION_CONTEXT('2D SPACE',''
  ) );
#1429 = PCURVE('',#1430,#1435);
#1430 = PLANE('',#1431);
#1431 = AXIS2_PLACEMENT_3D('',#1432,#1433,#1434);
#1432 = CARTESIAN_POINT('',(242.,-351.,452.5));
#1433 = DIRECTION('',(1.,0.,0.));
#1434 = DIRECTION('',(0.,0.,1.));
#1435 = DEFINITIONAL_REPRESENTATION('',(#1436),#1440);
#1436 = LINE('',#1437,#1438);
#1437 = CARTESIAN_POINT('',(0.,0.));
#1438 = VECTOR('',#1439,1.);
#1439 = DIRECTION('',(0.,-1.));
#1440 = ( GEOMETRIC_REPRESENTATION_CONTEXT(2) 
PARAMETRIC_REPRESENTATION_CONTEXT() REPRESENTATION_CONTEXT('2D SPACE',''
  ) );
#1441 = ORIENTED_EDGE('',*,*,#1442,.F.);
#1442 = EDGE_CURVE('',#1306,#1415,#1443,.T.);
#1443 = SURFACE_CURVE('',#1444,(#1448,#1455),.PCURVE_S1.);
#1444 = LINE('',#1445,#1446);
#1445 = CARTESIAN_POINT('',(-242.,351.,452.5));
#1446 = VECTOR('',#1447,1.);
#1447 = DIRECTION('',(1.,0.,0.));
#1448 = PCURVE('',#1321,#1449);
#1449 = DEFINITIONAL_REPRESENTATION('',(#1450),#1454);
#1450 = LINE('',#1451,#1452);
#1451 = CARTESIAN_POINT('',(0.,702.));
#1452 = VECTOR('',#1453,1.);
#1453 = DIRECTION('',(1.,0.));
#1454 = ( GEOMETRIC_REPRESENTATION_CONTEXT(2) 
PARAMETRIC_REPRESENTATION_CONTEXT() REPRESENTATION_CONTEXT('2D SPACE',''
  ) );
#1455 = PCURVE('',#1349,#1456);
#1456 = DEFINITIONAL_REPRESENTATION('',(#1457),#1461);
#1457 = LINE('',#1458,#1459);
#1458 = CARTESIAN_POINT('',(0.,0.));
#1459 = VECTOR('',#1460,1.);
#1460 = DIRECTION('',(0.,1.));
#1461 = ( GEOMETRIC_REPRESENTATION_CONTEXT(2) 
PARAMETRIC_REPRESENTATION_CONTEXT() REPRESENTATION_CONTEXT('2D SPACE',''
  ) );
#1462 = FACE_BOUND('',#1463,.F.);
#1463 = EDGE_LOOP('',(#1464,#1493,#1520,#1546));
#1464 = ORIENTED_EDGE('',*,*,#1465,.T.);
#1465 = EDGE_CURVE('',#1466,#1468,#1470,.T.);
#1466 = VERTEX_POINT('',#1467);
#1467 = CARTESIAN_POINT('',(240.,-349.,452.5));
#1468 = VERTEX_POINT('',#1469);
#1469 = CARTESIAN_POINT('',(-240.,-349.,452.5));
#1470 = SURFACE_CURVE('',#1471,(#1475,#1481),.PCURVE_S1.);
#1471 = LINE('',#1472,#1473);
#1472 = CARTESIAN_POINT('',(-241.,-349.,452.5));
#1473 = VECTOR('',#1474,1.);
#1474 = DIRECTION('',(-1.,0.,0.));
#1475 = PCURVE('',#1321,#1476);
#1476 = DEFINITIONAL_REPRESENTATION('',(#1477),#1480);
#1477 = B_SPLINE_CURVE_WITH_KNOTS('',1,(#1478,#1479),.UNSPECIFIED.,.F.,
  .F.,(2,2),(-481.,-1.),.PIECEWISE_BEZIER_KNOTS.);
#1478 = CARTESIAN_POINT('',(482.,2.));
#1479 = CARTESIAN_POINT('',(2.,2.));
#1480 = ( GEOMETRIC_REPRESENTATION_CONTEXT(2) 
PARAMETRIC_REPRESENTATION_CONTEXT() REPRESENTATION_CONTEXT('2D SPACE',''
  ) );
#1481 = PCURVE('',#1482,#1487);
#1482 = PLANE('',#1483);
#1483 = AXIS2_PLACEMENT_3D('',#1484,#1485,#1486);
#1484 = CARTESIAN_POINT('',(-240.,-349.,449.5));
#1485 = DIRECTION('',(0.,1.,0.));
#1486 = DIRECTION('',(0.,0.,1.));
#1487 = DEFINITIONAL_REPRESENTATION('',(#1488),#1492);
#1488 = LINE('',#1489,#1490);
#1489 = CARTESIAN_POINT('',(3.,-1.));
#1490 = VECTOR('',#1491,1.);
#1491 = DIRECTION('',(0.,-1.));
#1492 = ( GEOMETRIC_REPRESENTATION_CONTEXT(2) 
PARAMETRIC_REPRESENTATION_CONTEXT() REPRESENTATION_CONTEXT('2D SPACE',''
  ) );
#1493 = ORIENTED_EDGE('',*,*,#1494,.T.);
#1494 = EDGE_CURVE('',#1468,#1495,#1497,.T.);
#1495 = VERTEX_POINT('',#1496);
#1496 = CARTESIAN_POINT('',(-240.,-153.,452.5));
#1497 = SURFACE_CURVE('',#1498,(#1502,#1508),.PCURVE_S1.);
#1498 = LINE('',#1499,#1500);
#1499 = CARTESIAN_POINT('',(-240.,-350.,452.5));
#1500 = VECTOR('',#1501,1.);
#1501 = DIRECTION('',(0.,1.,0.));
#1502 = PCURVE('',#1321,#1503);
#1503 = DEFINITIONAL_REPRESENTATION('',(#1504),#1507);
#1504 = B_SPLINE_CURVE_WITH_KNOTS('',1,(#1505,#1506),.UNSPECIFIED.,.F.,
  .F.,(2,2),(1.,197.),.PIECEWISE_BEZIER_KNOTS.);
#1505 = CARTESIAN_POINT('',(2.,2.));
#1506 = CARTESIAN_POINT('',(2.,198.));
#1507 = ( GEOMETRIC_REPRESENTATION_CONTEXT(2) 
PARAMETRIC_REPRESENTATION_CONTEXT() REPRESENTATION_CONTEXT('2D SPACE',''
  ) );
#1508 = PCURVE('',#1509,#1514);
#1509 = PLANE('',#1510);
#1510 = AXIS2_PLACEMENT_3D('',#1511,#1512,#1513);
#1511 = CARTESIAN_POINT('',(-240.,-349.,449.5));
#1512 = DIRECTION('',(1.,0.,0.));
#1513 = DIRECTION('',(0.,0.,1.));
#1514 = DEFINITIONAL_REPRESENTATION('',(#1515),#1519);
#1515 = LINE('',#1516,#1517);
#1516 = CARTESIAN_POINT('',(3.,1.));
#1517 = VECTOR('',#1518,1.);
#1518 = DIRECTION('',(0.,-1.));
#1519 = ( GEOMETRIC_REPRESENTATION_CONTEXT(2) 
PARAMETRIC_REPRESENTATION_CONTEXT() REPRESENTATION_CONTEXT('2D SPACE',''
  ) );
#1520 = ORIENTED_EDGE('',*,*,#1521,.F.);
#1521 = EDGE_CURVE('',#1522,#1495,#1524,.T.);
#1522 = VERTEX_POINT('',#1523);
#1523 = CARTESIAN_POINT('',(240.,-153.,452.5));
#1524 = SURFACE_CURVE('',#1525,(#1529,#1535),.PCURVE_S1.);
#1525 = LINE('',#1526,#1527);
#1526 = CARTESIAN_POINT('',(-241.,-153.,452.5));
#1527 = VECTOR('',#1528,1.);
#1528 = DIRECTION('',(-1.,0.,0.));
#1529 = PCURVE('',#1321,#1530);
#1530 = DEFINITIONAL_REPRESENTATION('',(#1531),#1534);
#1531 = B_SPLINE_CURVE_WITH_KNOTS('',1,(#1532,#1533),.UNSPECIFIED.,.F.,
  .F.,(2,2),(-481.,-1.),.PIECEWISE_BEZIER_KNOTS.);
#1532 = CARTESIAN_POINT('',(482.,198.));
#1533 = CARTESIAN_POINT('',(2.,198.));
#1534 = ( GEOMETRIC_REPRESENTATION_CONTEXT(2) 
PARAMETRIC_REPRESENTATION_CONTEXT() REPRESENTATION_CONTEXT('2D SPACE',''
  ) );
#1535 = PCURVE('',#1536,#1541);
#1536 = PLANE('',#1537);
#1537 = AXIS2_PLACEMENT_3D('',#1538,#1539,#1540);
#1538 = CARTESIAN_POINT('',(-240.,-153.,449.5));
#1539 = DIRECTION('',(0.,1.,0.));
#1540 = DIRECTION('',(0.,0.,1.));
#1541 = DEFINITIONAL_REPRESENTATION('',(#1542),#1545);
#1542 = B_SPLINE_CURVE_WITH_KNOTS('',1,(#1543,#1544),.UNSPECIFIED.,.F.,
  .F.,(2,2),(-481.,-1.),.PIECEWISE_BEZIER_KNOTS.);
#1543 = CARTESIAN_POINT('',(3.,480.));
#1544 = CARTESIAN_POINT('',(3.,0.));
#1545 = ( GEOMETRIC_REPRESENTATION_CONTEXT(2) 
PARAMETRIC_REPRESENTATION_CONTEXT() REPRESENTATION_CONTEXT('2D SPACE',''
  ) );
#1546 = ORIENTED_EDGE('',*,*,#1547,.F.);
#1547 = EDGE_CURVE('',#1466,#1522,#1548,.T.);
#1548 = SURFACE_CURVE('',#1549,(#1553,#1559),.PCURVE_S1.);
#1549 = LINE('',#1550,#1551);
#1550 = CARTESIAN_POINT('',(240.,-350.,452.5));
#1551 = VECTOR('',#1552,1.);
#1552 = DIRECTION('',(0.,1.,0.));
#1553 = PCURVE('',#1321,#1554);
#1554 = DEFINITIONAL_REPRESENTATION('',(#1555),#1558);
#1555 = B_SPLINE_CURVE_WITH_KNOTS('',1,(#1556,#1557),.UNSPECIFIED.,.F.,
  .F.,(2,2),(1.,197.),.PIECEWISE_BEZIER_KNOTS.);
#1556 = CARTESIAN_POINT('',(482.,2.));
#1557 = CARTESIAN_POINT('',(482.,198.));
#1558 = ( GEOMETRIC_REPRESENTATION_CONTEXT(2) 
PARAMETRIC_REPRESENTATION_CONTEXT() REPRESENTATION_CONTEXT('2D SPACE',''
  ) );
#1559 = PCURVE('',#1560,#1565);
#1560 = PLANE('',#1561);
#1561 = AXIS2_PLACEMENT_3D('',#1562,#1563,#1564);
#1562 = CARTESIAN_POINT('',(240.,-349.,449.5));
#1563 = DIRECTION('',(1.,0.,0.));
#1564 = DIRECTION('',(0.,0.,1.));
#1565 = DEFINITIONAL_REPRESENTATION('',(#1566),#1570);
#1566 = LINE('',#1567,#1568);
#1567 = CARTESIAN_POINT('',(3.,1.));
#1568 = VECTOR('',#1569,1.);
#1569 = DIRECTION('',(0.,-1.));
#1570 = ( GEOMETRIC_REPRESENTATION_CONTEXT(2) 
PARAMETRIC_REPRESENTATION_CONTEXT() REPRESENTATION_CONTEXT('2D SPACE',''
  ) );
#1571 = FACE_BOUND('',#1572,.F.);
#1572 = EDGE_LOOP('',(#1573,#1601,#1623,#1650));
#1573 = ORIENTED_EDGE('',*,*,#1574,.T.);
#1574 = EDGE_CURVE('',#1575,#1577,#1579,.T.);
#1575 = VERTEX_POINT('',#1576);
#1576 = CARTESIAN_POINT('',(240.,203.,452.5));
#1577 = VERTEX_POINT('',#1578);
#1578 = CARTESIAN_POINT('',(-240.,203.,452.5));
#1579 = SURFACE_CURVE('',#1580,(#1584,#1590),.PCURVE_S1.);
#1580 = LINE('',#1581,#1582);
#1581 = CARTESIAN_POINT('',(-241.,203.,452.5));
#1582 = VECTOR('',#1583,1.);
#1583 = DIRECTION('',(-1.,0.,0.));
#1584 = PCURVE('',#1321,#1585);
#1585 = DEFINITIONAL_REPRESENTATION('',(#1586),#1589);
#1586 = B_SPLINE_CURVE_WITH_KNOTS('',1,(#1587,#1588),.UNSPECIFIED.,.F.,
  .F.,(2,2),(-481.,-1.),.PIECEWISE_BEZIER_KNOTS.);
#1587 = CARTESIAN_POINT('',(482.,554.));
#1588 = CARTESIAN_POINT('',(2.,554.));
#1589 = ( GEOMETRIC_REPRESENTATION_CONTEXT(2) 
PARAMETRIC_REPRESENTATION_CONTEXT() REPRESENTATION_CONTEXT('2D SPACE',''
  ) );
#1590 = PCURVE('',#1591,#1596);
#1591 = PLANE('',#1592);
#1592 = AXIS2_PLACEMENT_3D('',#1593,#1594,#1595);
#1593 = CARTESIAN_POINT('',(-240.,203.,449.5));
#1594 = DIRECTION('',(0.,1.,0.));
#1595 = DIRECTION('',(0.,0.,1.));
#1596 = DEFINITIONAL_REPRESENTATION('',(#1597),#1600);
#1597 = B_SPLINE_CURVE_WITH_KNOTS('',1,(#1598,#1599),.UNSPECIFIED.,.F.,
  .F.,(2,2),(-481.,-1.),.PIECEWISE_BEZIER_KNOTS.);
#1598 = CARTESIAN_POINT('',(3.,480.));
#1599 = CARTESIAN_POINT('',(3.,0.));
#1600 = ( GEOMETRIC_REPRESENTATION_CONTEXT(2) 
PARAMETRIC_REPRESENTATION_CONTEXT() REPRESENTATION_CONTEXT('2D SPACE',''
  ) );
#1601 = ORIENTED_EDGE('',*,*,#1602,.T.);
#1602 = EDGE_CURVE('',#1577,#1603,#1605,.T.);
#1603 = VERTEX_POINT('',#1604);
#1604 = CARTESIAN_POINT('',(-240.,349.,452.5));
#1605 = SURFACE_CURVE('',#1606,(#1610,#1616),.PCURVE_S1.);
#1606 = LINE('',#1607,#1608);
#1607 = CARTESIAN_POINT('',(-240.,-74.,452.5));
#1608 = VECTOR('',#1609,1.);
#1609 = DIRECTION('',(0.,1.,0.));
#1610 = PCURVE('',#1321,#1611);
#1611 = DEFINITIONAL_REPRESENTATION('',(#1612),#1615);
#1612 = B_SPLINE_CURVE_WITH_KNOTS('',1,(#1613,#1614),.UNSPECIFIED.,.F.,
  .F.,(2,2),(277.,423.),.PIECEWISE_BEZIER_KNOTS.);
#1613 = CARTESIAN_POINT('',(2.,554.));
#1614 = CARTESIAN_POINT('',(2.,700.));
#1615 = ( GEOMETRIC_REPRESENTATION_CONTEXT(2) 
PARAMETRIC_REPRESENTATION_CONTEXT() REPRESENTATION_CONTEXT('2D SPACE',''
  ) );
#1616 = PCURVE('',#1509,#1617);
#1617 = DEFINITIONAL_REPRESENTATION('',(#1618),#1622);
#1618 = LINE('',#1619,#1620);
#1619 = CARTESIAN_POINT('',(3.,-275.));
#1620 = VECTOR('',#1621,1.);
#1621 = DIRECTION('',(0.,-1.));
#1622 = ( GEOMETRIC_REPRESENTATION_CONTEXT(2) 
PARAMETRIC_REPRESENTATION_CONTEXT() REPRESENTATION_CONTEXT('2D SPACE',''
  ) );
#1623 = ORIENTED_EDGE('',*,*,#1624,.F.);
#1624 = EDGE_CURVE('',#1625,#1603,#1627,.T.);
#1625 = VERTEX_POINT('',#1626);
#1626 = CARTESIAN_POINT('',(240.,349.,452.5));
#1627 = SURFACE_CURVE('',#1628,(#1632,#1638),.PCURVE_S1.);
#1628 = LINE('',#1629,#1630);
#1629 = CARTESIAN_POINT('',(-241.,349.,452.5));
#1630 = VECTOR('',#1631,1.);
#1631 = DIRECTION('',(-1.,0.,0.));
#1632 = PCURVE('',#1321,#1633);
#1633 = DEFINITIONAL_REPRESENTATION('',(#1634),#1637);
#1634 = B_SPLINE_CURVE_WITH_KNOTS('',1,(#1635,#1636),.UNSPECIFIED.,.F.,
  .F.,(2,2),(-481.,-1.),.PIECEWISE_BEZIER_KNOTS.);
#1635 = CARTESIAN_POINT('',(482.,700.));
#1636 = CARTESIAN_POINT('',(2.,700.));
#1637 = ( GEOMETRIC_REPRESENTATION_CONTEXT(2) 
PARAMETRIC_REPRESENTATION_CONTEXT() REPRESENTATION_CONTEXT('2D SPACE',''
  ) );
#1638 = PCURVE('',#1639,#1644);
#1639 = PLANE('',#1640);
#1640 = AXIS2_PLACEMENT_3D('',#1641,#1642,#1643);
#1641 = CARTESIAN_POINT('',(-240.,349.,449.5));
#1642 = DIRECTION('',(0.,1.,0.));
#1643 = DIRECTION('',(0.,0.,1.));
#1644 = DEFINITIONAL_REPRESENTATION('',(#1645),#1649);
#1645 = LINE('',#1646,#1647);
#1646 = CARTESIAN_POINT('',(3.,-1.));
#1647 = VECTOR('',#1648,1.);
#1648 = DIRECTION('',(0.,-1.));
#1649 = ( GEOMETRIC_REPRESENTATION_CONTEXT(2) 
PARAMETRIC_REPRESENTATION_CONTEXT() REPRESENTATION_CONTEXT('2D SPACE',''
  ) );
#1650 = ORIENTED_EDGE('',*,*,#1651,.F.);
#1651 = EDGE_CURVE('',#1575,#1625,#1652,.T.);
#1652 = SURFACE_CURVE('',#1653,(#1657,#1663),.PCURVE_S1.);
#1653 = LINE('',#1654,#1655);
#1654 = CARTESIAN_POINT('',(240.,-74.,452.5));
#1655 = VECTOR('',#1656,1.);
#1656 = DIRECTION('',(0.,1.,0.));
#1657 = PCURVE('',#1321,#1658);
#1658 = DEFINITIONAL_REPRESENTATION('',(#1659),#1662);
#1659 = B_SPLINE_CURVE_WITH_KNOTS('',1,(#1660,#1661),.UNSPECIFIED.,.F.,
  .F.,(2,2),(277.,423.),.PIECEWISE_BEZIER_KNOTS.);
#1660 = CARTESIAN_POINT('',(482.,554.));
#1661 = CARTESIAN_POINT('',(482.,700.));
#1662 = ( GEOMETRIC_REPRESENTATION_CONTEXT(2) 
PARAMETRIC_REPRESENTATION_CONTEXT() REPRESENTATION_CONTEXT('2D SPACE',''
  ) );
#1663 = PCURVE('',#1560,#1664);
#1664 = DEFINITIONAL_REPRESENTATION('',(#1665),#1669);
#1665 = LINE('',#1666,#1667);
#1666 = CARTESIAN_POINT('',(3.,-275.));
#1667 = VECTOR('',#1668,1.);
#1668 = DIRECTION('',(0.,-1.));
#1669 = ( GEOMETRIC_REPRESENTATION_CONTEXT(2) 
PARAMETRIC_REPRESENTATION_CONTEXT() REPRESENTATION_CONTEXT('2D SPACE',''
  ) );
#1670 = ADVANCED_FACE('',(#1671),#1639,.F.);
#1671 = FACE_BOUND('',#1672,.F.);
#1672 = EDGE_LOOP('',(#1673,#1674,#1697,#1725));
#1673 = ORIENTED_EDGE('',*,*,#1624,.T.);
#1674 = ORIENTED_EDGE('',*,*,#1675,.T.);
#1675 = EDGE_CURVE('',#1603,#1676,#1678,.T.);
#1676 = VERTEX_POINT('',#1677);
#1677 = CARTESIAN_POINT('',(-240.,349.,801.5));
#1678 = SURFACE_CURVE('',#1679,(#1683,#1690),.PCURVE_S1.);
#1679 = LINE('',#1680,#1681);
#1680 = CARTESIAN_POINT('',(-240.,349.,452.5));
#1681 = VECTOR('',#1682,1.);
#1682 = DIRECTION('',(0.,0.,1.));
#1683 = PCURVE('',#1639,#1684);
#1684 = DEFINITIONAL_REPRESENTATION('',(#1685),#1689);
#1685 = LINE('',#1686,#1687);
#1686 = CARTESIAN_POINT('',(3.,0.));
#1687 = VECTOR('',#1688,1.);
#1688 = DIRECTION('',(1.,0.));
#1689 = ( GEOMETRIC_REPRESENTATION_CONTEXT(2) 
PARAMETRIC_REPRESENTATION_CONTEXT() REPRESENTATION_CONTEXT('2D SPACE',''
  ) );
#1690 = PCURVE('',#1509,#1691);
#1691 = DEFINITIONAL_REPRESENTATION('',(#1692),#1696);
#1692 = LINE('',#1693,#1694);
#1693 = CARTESIAN_POINT('',(3.,-698.));
#1694 = VECTOR('',#1695,1.);
#1695 = DIRECTION('',(1.,0.));
#1696 = ( GEOMETRIC_REPRESENTATION_CONTEXT(2) 
PARAMETRIC_REPRESENTATION_CONTEXT() REPRESENTATION_CONTEXT('2D SPACE',''
  ) );
#1697 = ORIENTED_EDGE('',*,*,#1698,.T.);
#1698 = EDGE_CURVE('',#1676,#1699,#1701,.T.);
#1699 = VERTEX_POINT('',#1700);
#1700 = CARTESIAN_POINT('',(240.,349.,801.5));
#1701 = SURFACE_CURVE('',#1702,(#1706,#1713),.PCURVE_S1.);
#1702 = LINE('',#1703,#1704);
#1703 = CARTESIAN_POINT('',(-240.,349.,801.5));
#1704 = VECTOR('',#1705,1.);
#1705 = DIRECTION('',(1.,0.,0.));
#1706 = PCURVE('',#1639,#1707);
#1707 = DEFINITIONAL_REPRESENTATION('',(#1708),#1712);
#1708 = LINE('',#1709,#1710);
#1709 = CARTESIAN_POINT('',(352.,0.));
#1710 = VECTOR('',#1711,1.);
#1711 = DIRECTION('',(0.,1.));
#1712 = ( GEOMETRIC_REPRESENTATION_CONTEXT(2) 
PARAMETRIC_REPRESENTATION_CONTEXT() REPRESENTATION_CONTEXT('2D SPACE',''
  ) );
#1713 = PCURVE('',#1714,#1719);
#1714 = PLANE('',#1715);
#1715 = AXIS2_PLACEMENT_3D('',#1716,#1717,#1718);
#1716 = CARTESIAN_POINT('',(-240.,-349.,801.5));
#1717 = DIRECTION('',(0.,0.,1.));
#1718 = DIRECTION('',(1.,0.,0.));
#1719 = DEFINITIONAL_REPRESENTATION('',(#1720),#1724);
#1720 = LINE('',#1721,#1722);
#1721 = CARTESIAN_POINT('',(0.,698.));
#1722 = VECTOR('',#1723,1.);
#1723 = DIRECTION('',(1.,0.));
#1724 = ( GEOMETRIC_REPRESENTATION_CONTEXT(2) 
PARAMETRIC_REPRESENTATION_CONTEXT() REPRESENTATION_CONTEXT('2D SPACE',''
  ) );
#1725 = ORIENTED_EDGE('',*,*,#1726,.T.);
#1726 = EDGE_CURVE('',#1699,#1625,#1727,.T.);
#1727 = SURFACE_CURVE('',#1728,(#1732,#1739),.PCURVE_S1.);
#1728 = LINE('',#1729,#1730);
#1729 = CARTESIAN_POINT('',(240.,349.,801.5));
#1730 = VECTOR('',#1731,1.);
#1731 = DIRECTION('',(0.,0.,-1.));
#1732 = PCURVE('',#1639,#1733);
#1733 = DEFINITIONAL_REPRESENTATION('',(#1734),#1738);
#1734 = LINE('',#1735,#1736);
#1735 = CARTESIAN_POINT('',(352.,480.));
#1736 = VECTOR('',#1737,1.);
#1737 = DIRECTION('',(-1.,0.));
#1738 = ( GEOMETRIC_REPRESENTATION_CONTEXT(2) 
PARAMETRIC_REPRESENTATION_CONTEXT() REPRESENTATION_CONTEXT('2D SPACE',''
  ) );
#1739 = PCURVE('',#1560,#1740);
#1740 = DEFINITIONAL_REPRESENTATION('',(#1741),#1745);
#1741 = LINE('',#1742,#1743);
#1742 = CARTESIAN_POINT('',(352.,-698.));
#1743 = VECTOR('',#1744,1.);
#1744 = DIRECTION('',(-1.,0.));
#1745 = ( GEOMETRIC_REPRESENTATION_CONTEXT(2) 
PARAMETRIC_REPRESENTATION_CONTEXT() REPRESENTATION_CONTEXT('2D SPACE',''
  ) );
#1746 = ADVANCED_FACE('',(#1747),#1714,.F.);
#1747 = FACE_BOUND('',#1748,.F.);
#1748 = EDGE_LOOP('',(#1749,#1772,#1795,#1816));
#1749 = ORIENTED_EDGE('',*,*,#1750,.F.);
#1750 = EDGE_CURVE('',#1751,#1676,#1753,.T.);
#1751 = VERTEX_POINT('',#1752);
#1752 = CARTESIAN_POINT('',(-240.,-349.,801.5));
#1753 = SURFACE_CURVE('',#1754,(#1758,#1765),.PCURVE_S1.);
#1754 = LINE('',#1755,#1756);
#1755 = CARTESIAN_POINT('',(-240.,-349.,801.5));
#1756 = VECTOR('',#1757,1.);
#1757 = DIRECTION('',(0.,1.,0.));
#1758 = PCURVE('',#1714,#1759);
#1759 = DEFINITIONAL_REPRESENTATION('',(#1760),#1764);
#1760 = LINE('',#1761,#1762);
#1761 = CARTESIAN_POINT('',(0.,0.));
#1762 = VECTOR('',#1763,1.);
#1763 = DIRECTION('',(0.,1.));
#1764 = ( GEOMETRIC_REPRESENTATION_CONTEXT(2) 
PARAMETRIC_REPRESENTATION_CONTEXT() REPRESENTATION_CONTEXT('2D SPACE',''
  ) );
#1765 = PCURVE('',#1509,#1766);
#1766 = DEFINITIONAL_REPRESENTATION('',(#1767),#1771);
#1767 = LINE('',#1768,#1769);
#1768 = CARTESIAN_POINT('',(352.,0.));
#1769 = VECTOR('',#1770,1.);
#1770 = DIRECTION('',(0.,-1.));
#1771 = ( GEOMETRIC_REPRESENTATION_CONTEXT(2) 
PARAMETRIC_REPRESENTATION_CONTEXT() REPRESENTATION_CONTEXT('2D SPACE',''
  ) );
#1772 = ORIENTED_EDGE('',*,*,#1773,.T.);
#1773 = EDGE_CURVE('',#1751,#1774,#1776,.T.);
#1774 = VERTEX_POINT('',#1775);
#1775 = CARTESIAN_POINT('',(240.,-349.,801.5));
#1776 = SURFACE_CURVE('',#1777,(#1781,#1788),.PCURVE_S1.);
#1777 = LINE('',#1778,#1779);
#1778 = CARTESIAN_POINT('',(-240.,-349.,801.5));
#1779 = VECTOR('',#1780,1.);
#1780 = DIRECTION('',(1.,0.,0.));
#1781 = PCURVE('',#1714,#1782);
#1782 = DEFINITIONAL_REPRESENTATION('',(#1783),#1787);
#1783 = LINE('',#1784,#1785);
#1784 = CARTESIAN_POINT('',(0.,0.));
#1785 = VECTOR('',#1786,1.);
#1786 = DIRECTION('',(1.,0.));
#1787 = ( GEOMETRIC_REPRESENTATION_CONTEXT(2) 
PARAMETRIC_REPRESENTATION_CONTEXT() REPRESENTATION_CONTEXT('2D SPACE',''
  ) );
#1788 = PCURVE('',#1482,#1789);
#1789 = DEFINITIONAL_REPRESENTATION('',(#1790),#1794);
#1790 = LINE('',#1791,#1792);
#1791 = CARTESIAN_POINT('',(352.,0.));
#1792 = VECTOR('',#1793,1.);
#1793 = DIRECTION('',(0.,1.));
#1794 = ( GEOMETRIC_REPRESENTATION_CONTEXT(2) 
PARAMETRIC_REPRESENTATION_CONTEXT() REPRESENTATION_CONTEXT('2D SPACE',''
  ) );
#1795 = ORIENTED_EDGE('',*,*,#1796,.T.);
#1796 = EDGE_CURVE('',#1774,#1699,#1797,.T.);
#1797 = SURFACE_CURVE('',#1798,(#1802,#1809),.PCURVE_S1.);
#1798 = LINE('',#1799,#1800);
#1799 = CARTESIAN_POINT('',(240.,-349.,801.5));
#1800 = VECTOR('',#1801,1.);
#1801 = DIRECTION('',(0.,1.,0.));
#1802 = PCURVE('',#1714,#1803);
#1803 = DEFINITIONAL_REPRESENTATION('',(#1804),#1808);
#1804 = LINE('',#1805,#1806);
#1805 = CARTESIAN_POINT('',(480.,0.));
#1806 = VECTOR('',#1807,1.);
#1807 = DIRECTION('',(0.,1.));
#1808 = ( GEOMETRIC_REPRESENTATION_CONTEXT(2) 
PARAMETRIC_REPRESENTATION_CONTEXT() REPRESENTATION_CONTEXT('2D SPACE',''
  ) );
#1809 = PCURVE('',#1560,#1810);
#1810 = DEFINITIONAL_REPRESENTATION('',(#1811),#1815);
#1811 = LINE('',#1812,#1813);
#1812 = CARTESIAN_POINT('',(352.,0.));
#1813 = VECTOR('',#1814,1.);
#1814 = DIRECTION('',(0.,-1.));
#1815 = ( GEOMETRIC_REPRESENTATION_CONTEXT(2) 
PARAMETRIC_REPRESENTATION_CONTEXT() REPRESENTATION_CONTEXT('2D SPACE',''
  ) );
#1816 = ORIENTED_EDGE('',*,*,#1698,.F.);
#1817 = ADVANCED_FACE('',(#1818),#1591,.T.);
#1818 = FACE_BOUND('',#1819,.T.);
#1819 = EDGE_LOOP('',(#1820,#1843,#1844,#1867));
#1820 = ORIENTED_EDGE('',*,*,#1821,.F.);
#1821 = EDGE_CURVE('',#1575,#1822,#1824,.T.);
#1822 = VERTEX_POINT('',#1823);
#1823 = CARTESIAN_POINT('',(240.,203.,453.5));
#1824 = SURFACE_CURVE('',#1825,(#1829,#1836),.PCURVE_S1.);
#1825 = LINE('',#1826,#1827);
#1826 = CARTESIAN_POINT('',(240.,203.,449.5));
#1827 = VECTOR('',#1828,1.);
#1828 = DIRECTION('',(0.,0.,1.));
#1829 = PCURVE('',#1591,#1830);
#1830 = DEFINITIONAL_REPRESENTATION('',(#1831),#1835);
#1831 = LINE('',#1832,#1833);
#1832 = CARTESIAN_POINT('',(0.,480.));
#1833 = VECTOR('',#1834,1.);
#1834 = DIRECTION('',(1.,0.));
#1835 = ( GEOMETRIC_REPRESENTATION_CONTEXT(2) 
PARAMETRIC_REPRESENTATION_CONTEXT() REPRESENTATION_CONTEXT('2D SPACE',''
  ) );
#1836 = PCURVE('',#1560,#1837);
#1837 = DEFINITIONAL_REPRESENTATION('',(#1838),#1842);
#1838 = LINE('',#1839,#1840);
#1839 = CARTESIAN_POINT('',(0.,-552.));
#1840 = VECTOR('',#1841,1.);
#1841 = DIRECTION('',(1.,0.));
#1842 = ( GEOMETRIC_REPRESENTATION_CONTEXT(2) 
PARAMETRIC_REPRESENTATION_CONTEXT() REPRESENTATION_CONTEXT('2D SPACE',''
  ) );
#1843 = ORIENTED_EDGE('',*,*,#1574,.T.);
#1844 = ORIENTED_EDGE('',*,*,#1845,.T.);
#1845 = EDGE_CURVE('',#1577,#1846,#1848,.T.);
#1846 = VERTEX_POINT('',#1847);
#1847 = CARTESIAN_POINT('',(-240.,203.,453.5));
#1848 = SURFACE_CURVE('',#1849,(#1853,#1860),.PCURVE_S1.);
#1849 = LINE('',#1850,#1851);
#1850 = CARTESIAN_POINT('',(-240.,203.,449.5));
#1851 = VECTOR('',#1852,1.);
#1852 = DIRECTION('',(0.,0.,1.));
#1853 = PCURVE('',#1591,#1854);
#1854 = DEFINITIONAL_REPRESENTATION('',(#1855),#1859);
#1855 = LINE('',#1856,#1857);
#1856 = CARTESIAN_POINT('',(0.,0.));
#1857 = VECTOR('',#1858,1.);
#1858 = DIRECTION('',(1.,0.));
#1859 = ( GEOMETRIC_REPRESENTATION_CONTEXT(2) 
PARAMETRIC_REPRESENTATION_CONTEXT() REPRESENTATION_CONTEXT('2D SPACE',''
  ) );
#1860 = PCURVE('',#1509,#1861);
#1861 = DEFINITIONAL_REPRESENTATION('',(#1862),#1866);
#1862 = LINE('',#1863,#1864);
#1863 = CARTESIAN_POINT('',(0.,-552.));
#1864 = VECTOR('',#1865,1.);
#1865 = DIRECTION('',(1.,0.));
#1866 = ( GEOMETRIC_REPRESENTATION_CONTEXT(2) 
PARAMETRIC_REPRESENTATION_CONTEXT() REPRESENTATION_CONTEXT('2D SPACE',''
  ) );
#1867 = ORIENTED_EDGE('',*,*,#1868,.F.);
#1868 = EDGE_CURVE('',#1822,#1846,#1869,.T.);
#1869 = SURFACE_CURVE('',#1870,(#1874,#1880),.PCURVE_S1.);
#1870 = LINE('',#1871,#1872);
#1871 = CARTESIAN_POINT('',(-240.,203.,453.5));
#1872 = VECTOR('',#1873,1.);
#1873 = DIRECTION('',(-1.,0.,0.));
#1874 = PCURVE('',#1591,#1875);
#1875 = DEFINITIONAL_REPRESENTATION('',(#1876),#1879);
#1876 = B_SPLINE_CURVE_WITH_KNOTS('',1,(#1877,#1878),.UNSPECIFIED.,.F.,
  .F.,(2,2),(-480.,0.),.PIECEWISE_BEZIER_KNOTS.);
#1877 = CARTESIAN_POINT('',(4.,480.));
#1878 = CARTESIAN_POINT('',(4.,0.));
#1879 = ( GEOMETRIC_REPRESENTATION_CONTEXT(2) 
PARAMETRIC_REPRESENTATION_CONTEXT() REPRESENTATION_CONTEXT('2D SPACE',''
  ) );
#1880 = PCURVE('',#1881,#1886);
#1881 = PLANE('',#1882);
#1882 = AXIS2_PLACEMENT_3D('',#1883,#1884,#1885);
#1883 = CARTESIAN_POINT('',(-240.,-349.,453.5));
#1884 = DIRECTION('',(0.,0.,1.));
#1885 = DIRECTION('',(1.,0.,0.));
#1886 = DEFINITIONAL_REPRESENTATION('',(#1887),#1890);
#1887 = B_SPLINE_CURVE_WITH_KNOTS('',1,(#1888,#1889),.UNSPECIFIED.,.F.,
  .F.,(2,2),(-480.,0.),.PIECEWISE_BEZIER_KNOTS.);
#1888 = CARTESIAN_POINT('',(480.,552.));
#1889 = CARTESIAN_POINT('',(0.,552.));
#1890 = ( GEOMETRIC_REPRESENTATION_CONTEXT(2) 
PARAMETRIC_REPRESENTATION_CONTEXT() REPRESENTATION_CONTEXT('2D SPACE',''
  ) );
#1891 = ADVANCED_FACE('',(#1892),#1881,.T.);
#1892 = FACE_BOUND('',#1893,.T.);
#1893 = EDGE_LOOP('',(#1894,#1917,#1938,#1959));
#1894 = ORIENTED_EDGE('',*,*,#1895,.F.);
#1895 = EDGE_CURVE('',#1896,#1846,#1898,.T.);
#1896 = VERTEX_POINT('',#1897);
#1897 = CARTESIAN_POINT('',(-240.,-153.,453.5));
#1898 = SURFACE_CURVE('',#1899,(#1903,#1910),.PCURVE_S1.);
#1899 = LINE('',#1900,#1901);
#1900 = CARTESIAN_POINT('',(-240.,-349.,453.5));
#1901 = VECTOR('',#1902,1.);
#1902 = DIRECTION('',(0.,1.,0.));
#1903 = PCURVE('',#1881,#1904);
#1904 = DEFINITIONAL_REPRESENTATION('',(#1905),#1909);
#1905 = LINE('',#1906,#1907);
#1906 = CARTESIAN_POINT('',(0.,0.));
#1907 = VECTOR('',#1908,1.);
#1908 = DIRECTION('',(0.,1.));
#1909 = ( GEOMETRIC_REPRESENTATION_CONTEXT(2) 
PARAMETRIC_REPRESENTATION_CONTEXT() REPRESENTATION_CONTEXT('2D SPACE',''
  ) );
#1910 = PCURVE('',#1509,#1911);
#1911 = DEFINITIONAL_REPRESENTATION('',(#1912),#1916);
#1912 = LINE('',#1913,#1914);
#1913 = CARTESIAN_POINT('',(4.,0.));
#1914 = VECTOR('',#1915,1.);
#1915 = DIRECTION('',(0.,-1.));
#1916 = ( GEOMETRIC_REPRESENTATION_CONTEXT(2) 
PARAMETRIC_REPRESENTATION_CONTEXT() REPRESENTATION_CONTEXT('2D SPACE',''
  ) );
#1917 = ORIENTED_EDGE('',*,*,#1918,.F.);
#1918 = EDGE_CURVE('',#1919,#1896,#1921,.T.);
#1919 = VERTEX_POINT('',#1920);
#1920 = CARTESIAN_POINT('',(240.,-153.,453.5));
#1921 = SURFACE_CURVE('',#1922,(#1926,#1932),.PCURVE_S1.);
#1922 = LINE('',#1923,#1924);
#1923 = CARTESIAN_POINT('',(-240.,-153.,453.5));
#1924 = VECTOR('',#1925,1.);
#1925 = DIRECTION('',(-1.,0.,0.));
#1926 = PCURVE('',#1881,#1927);
#1927 = DEFINITIONAL_REPRESENTATION('',(#1928),#1931);
#1928 = B_SPLINE_CURVE_WITH_KNOTS('',1,(#1929,#1930),.UNSPECIFIED.,.F.,
  .F.,(2,2),(-480.,0.),.PIECEWISE_BEZIER_KNOTS.);
#1929 = CARTESIAN_POINT('',(480.,196.));
#1930 = CARTESIAN_POINT('',(0.,196.));
#1931 = ( GEOMETRIC_REPRESENTATION_CONTEXT(2) 
PARAMETRIC_REPRESENTATION_CONTEXT() REPRESENTATION_CONTEXT('2D SPACE',''
  ) );
#1932 = PCURVE('',#1536,#1933);
#1933 = DEFINITIONAL_REPRESENTATION('',(#1934),#1937);
#1934 = B_SPLINE_CURVE_WITH_KNOTS('',1,(#1935,#1936),.UNSPECIFIED.,.F.,
  .F.,(2,2),(-480.,0.),.PIECEWISE_BEZIER_KNOTS.);
#1935 = CARTESIAN_POINT('',(4.,480.));
#1936 = CARTESIAN_POINT('',(4.,0.));
#1937 = ( GEOMETRIC_REPRESENTATION_CONTEXT(2) 
PARAMETRIC_REPRESENTATION_CONTEXT() REPRESENTATION_CONTEXT('2D SPACE',''
  ) );
#1938 = ORIENTED_EDGE('',*,*,#1939,.T.);
#1939 = EDGE_CURVE('',#1919,#1822,#1940,.T.);
#1940 = SURFACE_CURVE('',#1941,(#1945,#1952),.PCURVE_S1.);
#1941 = LINE('',#1942,#1943);
#1942 = CARTESIAN_POINT('',(240.,-349.,453.5));
#1943 = VECTOR('',#1944,1.);
#1944 = DIRECTION('',(0.,1.,0.));
#1945 = PCURVE('',#1881,#1946);
#1946 = DEFINITIONAL_REPRESENTATION('',(#1947),#1951);
#1947 = LINE('',#1948,#1949);
#1948 = CARTESIAN_POINT('',(480.,0.));
#1949 = VECTOR('',#1950,1.);
#1950 = DIRECTION('',(0.,1.));
#1951 = ( GEOMETRIC_REPRESENTATION_CONTEXT(2) 
PARAMETRIC_REPRESENTATION_CONTEXT() REPRESENTATION_CONTEXT('2D SPACE',''
  ) );
#1952 = PCURVE('',#1560,#1953);
#1953 = DEFINITIONAL_REPRESENTATION('',(#1954),#1958);
#1954 = LINE('',#1955,#1956);
#1955 = CARTESIAN_POINT('',(4.,0.));
#1956 = VECTOR('',#1957,1.);
#1957 = DIRECTION('',(0.,-1.));
#1958 = ( GEOMETRIC_REPRESENTATION_CONTEXT(2) 
PARAMETRIC_REPRESENTATION_CONTEXT() REPRESENTATION_CONTEXT('2D SPACE',''
  ) );
#1959 = ORIENTED_EDGE('',*,*,#1868,.T.);
#1960 = ADVANCED_FACE('',(#1961),#1536,.F.);
#1961 = FACE_BOUND('',#1962,.F.);
#1962 = EDGE_LOOP('',(#1963,#1984,#1985,#2006));
#1963 = ORIENTED_EDGE('',*,*,#1964,.F.);
#1964 = EDGE_CURVE('',#1522,#1919,#1965,.T.);
#1965 = SURFACE_CURVE('',#1966,(#1970,#1977),.PCURVE_S1.);
#1966 = LINE('',#1967,#1968);
#1967 = CARTESIAN_POINT('',(240.,-153.,449.5));
#1968 = VECTOR('',#1969,1.);
#1969 = DIRECTION('',(0.,0.,1.));
#1970 = PCURVE('',#1536,#1971);
#1971 = DEFINITIONAL_REPRESENTATION('',(#1972),#1976);
#1972 = LINE('',#1973,#1974);
#1973 = CARTESIAN_POINT('',(0.,480.));
#1974 = VECTOR('',#1975,1.);
#1975 = DIRECTION('',(1.,0.));
#1976 = ( GEOMETRIC_REPRESENTATION_CONTEXT(2) 
PARAMETRIC_REPRESENTATION_CONTEXT() REPRESENTATION_CONTEXT('2D SPACE',''
  ) );
#1977 = PCURVE('',#1560,#1978);
#1978 = DEFINITIONAL_REPRESENTATION('',(#1979),#1983);
#1979 = LINE('',#1980,#1981);
#1980 = CARTESIAN_POINT('',(0.,-196.));
#1981 = VECTOR('',#1982,1.);
#1982 = DIRECTION('',(1.,0.));
#1983 = ( GEOMETRIC_REPRESENTATION_CONTEXT(2) 
PARAMETRIC_REPRESENTATION_CONTEXT() REPRESENTATION_CONTEXT('2D SPACE',''
  ) );
#1984 = ORIENTED_EDGE('',*,*,#1521,.T.);
#1985 = ORIENTED_EDGE('',*,*,#1986,.T.);
#1986 = EDGE_CURVE('',#1495,#1896,#1987,.T.);
#1987 = SURFACE_CURVE('',#1988,(#1992,#1999),.PCURVE_S1.);
#1988 = LINE('',#1989,#1990);
#1989 = CARTESIAN_POINT('',(-240.,-153.,449.5));
#1990 = VECTOR('',#1991,1.);
#1991 = DIRECTION('',(0.,0.,1.));
#1992 = PCURVE('',#1536,#1993);
#1993 = DEFINITIONAL_REPRESENTATION('',(#1994),#1998);
#1994 = LINE('',#1995,#1996);
#1995 = CARTESIAN_POINT('',(0.,0.));
#1996 = VECTOR('',#1997,1.);
#1997 = DIRECTION('',(1.,0.));
#1998 = ( GEOMETRIC_REPRESENTATION_CONTEXT(2) 
PARAMETRIC_REPRESENTATION_CONTEXT() REPRESENTATION_CONTEXT('2D SPACE',''
  ) );
#1999 = PCURVE('',#1509,#2000);
#2000 = DEFINITIONAL_REPRESENTATION('',(#2001),#2005);
#2001 = LINE('',#2002,#2003);
#2002 = CARTESIAN_POINT('',(0.,-196.));
#2003 = VECTOR('',#2004,1.);
#2004 = DIRECTION('',(1.,0.));
#2005 = ( GEOMETRIC_REPRESENTATION_CONTEXT(2) 
PARAMETRIC_REPRESENTATION_CONTEXT() REPRESENTATION_CONTEXT('2D SPACE',''
  ) );
#2006 = ORIENTED_EDGE('',*,*,#1918,.F.);
#2007 = ADVANCED_FACE('',(#2008),#1509,.T.);
#2008 = FACE_BOUND('',#2009,.T.);
#2009 = EDGE_LOOP('',(#2010,#2011,#2012,#2013,#2014,#2015,#2016,#2017));
#2010 = ORIENTED_EDGE('',*,*,#1494,.T.);
#2011 = ORIENTED_EDGE('',*,*,#1986,.T.);
#2012 = ORIENTED_EDGE('',*,*,#1895,.T.);
#2013 = ORIENTED_EDGE('',*,*,#1845,.F.);
#2014 = ORIENTED_EDGE('',*,*,#1602,.T.);
#2015 = ORIENTED_EDGE('',*,*,#1675,.T.);
#2016 = ORIENTED_EDGE('',*,*,#1750,.F.);
#2017 = ORIENTED_EDGE('',*,*,#2018,.F.);
#2018 = EDGE_CURVE('',#1468,#1751,#2019,.T.);
#2019 = SURFACE_CURVE('',#2020,(#2024,#2031),.PCURVE_S1.);
#2020 = LINE('',#2021,#2022);
#2021 = CARTESIAN_POINT('',(-240.,-349.,452.5));
#2022 = VECTOR('',#2023,1.);
#2023 = DIRECTION('',(0.,0.,1.));
#2024 = PCURVE('',#1509,#2025);
#2025 = DEFINITIONAL_REPRESENTATION('',(#2026),#2030);
#2026 = LINE('',#2027,#2028);
#2027 = CARTESIAN_POINT('',(3.,0.));
#2028 = VECTOR('',#2029,1.);
#2029 = DIRECTION('',(1.,0.));
#2030 = ( GEOMETRIC_REPRESENTATION_CONTEXT(2) 
PARAMETRIC_REPRESENTATION_CONTEXT() REPRESENTATION_CONTEXT('2D SPACE',''
  ) );
#2031 = PCURVE('',#1482,#2032);
#2032 = DEFINITIONAL_REPRESENTATION('',(#2033),#2037);
#2033 = LINE('',#2034,#2035);
#2034 = CARTESIAN_POINT('',(3.,0.));
#2035 = VECTOR('',#2036,1.);
#2036 = DIRECTION('',(1.,0.));
#2037 = ( GEOMETRIC_REPRESENTATION_CONTEXT(2) 
PARAMETRIC_REPRESENTATION_CONTEXT() REPRESENTATION_CONTEXT('2D SPACE',''
  ) );
#2038 = ADVANCED_FACE('',(#2039),#1560,.F.);
#2039 = FACE_BOUND('',#2040,.F.);
#2040 = EDGE_LOOP('',(#2041,#2042,#2043,#2044,#2045,#2046,#2047,#2048));
#2041 = ORIENTED_EDGE('',*,*,#1547,.T.);
#2042 = ORIENTED_EDGE('',*,*,#1964,.T.);
#2043 = ORIENTED_EDGE('',*,*,#1939,.T.);
#2044 = ORIENTED_EDGE('',*,*,#1821,.F.);
#2045 = ORIENTED_EDGE('',*,*,#1651,.T.);
#2046 = ORIENTED_EDGE('',*,*,#1726,.F.);
#2047 = ORIENTED_EDGE('',*,*,#1796,.F.);
#2048 = ORIENTED_EDGE('',*,*,#2049,.T.);
#2049 = EDGE_CURVE('',#1774,#1466,#2050,.T.);
#2050 = SURFACE_CURVE('',#2051,(#2055,#2062),.PCURVE_S1.);
#2051 = LINE('',#2052,#2053);
#2052 = CARTESIAN_POINT('',(240.,-349.,801.5));
#2053 = VECTOR('',#2054,1.);
#2054 = DIRECTION('',(0.,0.,-1.));
#2055 = PCURVE('',#1560,#2056);
#2056 = DEFINITIONAL_REPRESENTATION('',(#2057),#2061);
#2057 = LINE('',#2058,#2059);
#2058 = CARTESIAN_POINT('',(352.,0.));
#2059 = VECTOR('',#2060,1.);
#2060 = DIRECTION('',(-1.,0.));
#2061 = ( GEOMETRIC_REPRESENTATION_CONTEXT(2) 
PARAMETRIC_REPRESENTATION_CONTEXT() REPRESENTATION_CONTEXT('2D SPACE',''
  ) );
#2062 = PCURVE('',#1482,#2063);
#2063 = DEFINITIONAL_REPRESENTATION('',(#2064),#2068);
#2064 = LINE('',#2065,#2066);
#2065 = CARTESIAN_POINT('',(352.,480.));
#2066 = VECTOR('',#2067,1.);
#2067 = DIRECTION('',(-1.,0.));
#2068 = ( GEOMETRIC_REPRESENTATION_CONTEXT(2) 
PARAMETRIC_REPRESENTATION_CONTEXT() REPRESENTATION_CONTEXT('2D SPACE',''
  ) );
#2069 = ADVANCED_FACE('',(#2070),#1482,.T.);
#2070 = FACE_BOUND('',#2071,.T.);
#2071 = EDGE_LOOP('',(#2072,#2073,#2074,#2075));
#2072 = ORIENTED_EDGE('',*,*,#1465,.T.);
#2073 = ORIENTED_EDGE('',*,*,#2018,.T.);
#2074 = ORIENTED_EDGE('',*,*,#1773,.T.);
#2075 = ORIENTED_EDGE('',*,*,#2049,.T.);
#2076 = ADVANCED_FACE('',(#2077),#1430,.T.);
#2077 = FACE_BOUND('',#2078,.T.);
#2078 = EDGE_LOOP('',(#2079,#2102,#2103,#2126));
#2079 = ORIENTED_EDGE('',*,*,#2080,.F.);
#2080 = EDGE_CURVE('',#1392,#2081,#2083,.T.);
#2081 = VERTEX_POINT('',#2082);
#2082 = CARTESIAN_POINT('',(242.,-351.,802.5));
#2083 = SURFACE_CURVE('',#2084,(#2088,#2095),.PCURVE_S1.);
#2084 = LINE('',#2085,#2086);
#2085 = CARTESIAN_POINT('',(242.,-351.,452.5));
#2086 = VECTOR('',#2087,1.);
#2087 = DIRECTION('',(0.,0.,1.));
#2088 = PCURVE('',#1430,#2089);
#2089 = DEFINITIONAL_REPRESENTATION('',(#2090),#2094);
#2090 = LINE('',#2091,#2092);
#2091 = CARTESIAN_POINT('',(0.,0.));
#2092 = VECTOR('',#2093,1.);
#2093 = DIRECTION('',(1.,0.));
#2094 = ( GEOMETRIC_REPRESENTATION_CONTEXT(2) 
PARAMETRIC_REPRESENTATION_CONTEXT() REPRESENTATION_CONTEXT('2D SPACE',''
  ) );
#2095 = PCURVE('',#1293,#2096);
#2096 = DEFINITIONAL_REPRESENTATION('',(#2097),#2101);
#2097 = LINE('',#2098,#2099);
#2098 = CARTESIAN_POINT('',(0.,484.));
#2099 = VECTOR('',#2100,1.);
#2100 = DIRECTION('',(1.,0.));
#2101 = ( GEOMETRIC_REPRESENTATION_CONTEXT(2) 
PARAMETRIC_REPRESENTATION_CONTEXT() REPRESENTATION_CONTEXT('2D SPACE',''
  ) );
#2102 = ORIENTED_EDGE('',*,*,#1414,.T.);
#2103 = ORIENTED_EDGE('',*,*,#2104,.T.);
#2104 = EDGE_CURVE('',#1415,#2105,#2107,.T.);
#2105 = VERTEX_POINT('',#2106);
#2106 = CARTESIAN_POINT('',(242.,351.,802.5));
#2107 = SURFACE_CURVE('',#2108,(#2112,#2119),.PCURVE_S1.);
#2108 = LINE('',#2109,#2110);
#2109 = CARTESIAN_POINT('',(242.,351.,452.5));
#2110 = VECTOR('',#2111,1.);
#2111 = DIRECTION('',(0.,0.,1.));
#2112 = PCURVE('',#1430,#2113);
#2113 = DEFINITIONAL_REPRESENTATION('',(#2114),#2118);
#2114 = LINE('',#2115,#2116);
#2115 = CARTESIAN_POINT('',(0.,-702.));
#2116 = VECTOR('',#2117,1.);
#2117 = DIRECTION('',(1.,0.));
#2118 = ( GEOMETRIC_REPRESENTATION_CONTEXT(2) 
PARAMETRIC_REPRESENTATION_CONTEXT() REPRESENTATION_CONTEXT('2D SPACE',''
  ) );
#2119 = PCURVE('',#1349,#2120);
#2120 = DEFINITIONAL_REPRESENTATION('',(#2121),#2125);
#2121 = LINE('',#2122,#2123);
#2122 = CARTESIAN_POINT('',(0.,484.));
#2123 = VECTOR('',#2124,1.);
#2124 = DIRECTION('',(1.,0.));
#2125 = ( GEOMETRIC_REPRESENTATION_CONTEXT(2) 
PARAMETRIC_REPRESENTATION_CONTEXT() REPRESENTATION_CONTEXT('2D SPACE',''
  ) );
#2126 = ORIENTED_EDGE('',*,*,#2127,.F.);
#2127 = EDGE_CURVE('',#2081,#2105,#2128,.T.);
#2128 = SURFACE_CURVE('',#2129,(#2133,#2140),.PCURVE_S1.);
#2129 = LINE('',#2130,#2131);
#2130 = CARTESIAN_POINT('',(242.,-351.,802.5));
#2131 = VECTOR('',#2132,1.);
#2132 = DIRECTION('',(0.,1.,0.));
#2133 = PCURVE('',#1430,#2134);
#2134 = DEFINITIONAL_REPRESENTATION('',(#2135),#2139);
#2135 = LINE('',#2136,#2137);
#2136 = CARTESIAN_POINT('',(350.,0.));
#2137 = VECTOR('',#2138,1.);
#2138 = DIRECTION('',(0.,-1.));
#2139 = ( GEOMETRIC_REPRESENTATION_CONTEXT(2) 
PARAMETRIC_REPRESENTATION_CONTEXT() REPRESENTATION_CONTEXT('2D SPACE',''
  ) );
#2140 = PCURVE('',#1375,#2141);
#2141 = DEFINITIONAL_REPRESENTATION('',(#2142),#2146);
#2142 = LINE('',#2143,#2144);
#2143 = CARTESIAN_POINT('',(484.,0.));
#2144 = VECTOR('',#2145,1.);
#2145 = DIRECTION('',(0.,1.));
#2146 = ( GEOMETRIC_REPRESENTATION_CONTEXT(2) 
PARAMETRIC_REPRESENTATION_CONTEXT() REPRESENTATION_CONTEXT('2D SPACE',''
  ) );
#2147 = ADVANCED_FACE('',(#2148),#1349,.T.);
#2148 = FACE_BOUND('',#2149,.T.);
#2149 = EDGE_LOOP('',(#2150,#2151,#2152,#2173));
#2150 = ORIENTED_EDGE('',*,*,#1442,.F.);
#2151 = ORIENTED_EDGE('',*,*,#1333,.T.);
#2152 = ORIENTED_EDGE('',*,*,#2153,.T.);
#2153 = EDGE_CURVE('',#1334,#2105,#2154,.T.);
#2154 = SURFACE_CURVE('',#2155,(#2159,#2166),.PCURVE_S1.);
#2155 = LINE('',#2156,#2157);
#2156 = CARTESIAN_POINT('',(-242.,351.,802.5));
#2157 = VECTOR('',#2158,1.);
#2158 = DIRECTION('',(1.,0.,0.));
#2159 = PCURVE('',#1349,#2160);
#2160 = DEFINITIONAL_REPRESENTATION('',(#2161),#2165);
#2161 = LINE('',#2162,#2163);
#2162 = CARTESIAN_POINT('',(350.,0.));
#2163 = VECTOR('',#2164,1.);
#2164 = DIRECTION('',(0.,1.));
#2165 = ( GEOMETRIC_REPRESENTATION_CONTEXT(2) 
PARAMETRIC_REPRESENTATION_CONTEXT() REPRESENTATION_CONTEXT('2D SPACE',''
  ) );
#2166 = PCURVE('',#1375,#2167);
#2167 = DEFINITIONAL_REPRESENTATION('',(#2168),#2172);
#2168 = LINE('',#2169,#2170);
#2169 = CARTESIAN_POINT('',(0.,702.));
#2170 = VECTOR('',#2171,1.);
#2171 = DIRECTION('',(1.,0.));
#2172 = ( GEOMETRIC_REPRESENTATION_CONTEXT(2) 
PARAMETRIC_REPRESENTATION_CONTEXT() REPRESENTATION_CONTEXT('2D SPACE',''
  ) );
#2173 = ORIENTED_EDGE('',*,*,#2104,.F.);
#2174 = ADVANCED_FACE('',(#2175),#1375,.T.);
#2175 = FACE_BOUND('',#2176,.T.);
#2176 = EDGE_LOOP('',(#2177,#2178,#2199,#2200));
#2177 = ORIENTED_EDGE('',*,*,#1361,.F.);
#2178 = ORIENTED_EDGE('',*,*,#2179,.T.);
#2179 = EDGE_CURVE('',#1273,#2081,#2180,.T.);
#2180 = SURFACE_CURVE('',#2181,(#2185,#2192),.PCURVE_S1.);
#2181 = LINE('',#2182,#2183);
#2182 = CARTESIAN_POINT('',(-242.,-351.,802.5));
#2183 = VECTOR('',#2184,1.);
#2184 = DIRECTION('',(1.,0.,0.));
#2185 = PCURVE('',#1375,#2186);
#2186 = DEFINITIONAL_REPRESENTATION('',(#2187),#2191);
#2187 = LINE('',#2188,#2189);
#2188 = CARTESIAN_POINT('',(0.,0.));
#2189 = VECTOR('',#2190,1.);
#2190 = DIRECTION('',(1.,0.));
#2191 = ( GEOMETRIC_REPRESENTATION_CONTEXT(2) 
PARAMETRIC_REPRESENTATION_CONTEXT() REPRESENTATION_CONTEXT('2D SPACE',''
  ) );
#2192 = PCURVE('',#1293,#2193);
#2193 = DEFINITIONAL_REPRESENTATION('',(#2194),#2198);
#2194 = LINE('',#2195,#2196);
#2195 = CARTESIAN_POINT('',(350.,0.));
#2196 = VECTOR('',#2197,1.);
#2197 = DIRECTION('',(0.,1.));
#2198 = ( GEOMETRIC_REPRESENTATION_CONTEXT(2) 
PARAMETRIC_REPRESENTATION_CONTEXT() REPRESENTATION_CONTEXT('2D SPACE',''
  ) );
#2199 = ORIENTED_EDGE('',*,*,#2127,.T.);
#2200 = ORIENTED_EDGE('',*,*,#2153,.F.);
#2201 = ADVANCED_FACE('',(#2202),#1293,.F.);
#2202 = FACE_BOUND('',#2203,.F.);
#2203 = EDGE_LOOP('',(#2204,#2205,#2206,#2207));
#2204 = ORIENTED_EDGE('',*,*,#1391,.F.);
#2205 = ORIENTED_EDGE('',*,*,#1270,.T.);
#2206 = ORIENTED_EDGE('',*,*,#2179,.T.);
#2207 = ORIENTED_EDGE('',*,*,#2080,.F.);
#2208 = ( GEOMETRIC_REPRESENTATION_CONTEXT(3) 
GLOBAL_UNCERTAINTY_ASSIGNED_CONTEXT((#2212)) 
GLOBAL_UNIT_ASSIGNED_CONTEXT((#2209,#2210,#2211)) REPRESENTATION_CONTEXT
('Context #1','3D Context with UNIT and UNCERTAINTY') );
#2209 = ( LENGTH_UNIT() NAMED_UNIT(*) SI_UNIT(.MILLI.,.METRE.) );
#2210 = ( NAMED_UNIT(*) PLANE_ANGLE_UNIT() SI_UNIT($,.RADIAN.) );
#2211 = ( NAMED_UNIT(*) SI_UNIT($,.STERADIAN.) SOLID_ANGLE_UNIT() );
#2212 = UNCERTAINTY_MEASURE_WITH_UNIT(LENGTH_MEASURE(1.E-07),#2209,
  'distance_accuracy_value','confusion accuracy');
#2213 = CONTEXT_DEPENDENT_SHAPE_REPRESENTATION(#2214,#2216);
#2214 = ( REPRESENTATION_RELATIONSHIP('','',#1263,#10) 
REPRESENTATION_RELATIONSHIP_WITH_TRANSFORMATION(#2215) 
SHAPE_REPRESENTATION_RELATIONSHIP() );
#2215 = ITEM_DEFINED_TRANSFORMATION('','',#11,#19);
#2216 = PRODUCT_DEFINITION_SHAPE('Placement','Placement of an item',
  #2217);
#2217 = NEXT_ASSEMBLY_USAGE_OCCURRENCE('2','sheet_metal_top_mech_room',
  '',#5,#1258,$);
#2218 = PRODUCT_RELATED_PRODUCT_CATEGORY('part',$,(#1260));
#2219 = SHAPE_DEFINITION_REPRESENTATION(#2220,#2226);
#2220 = PRODUCT_DEFINITION_SHAPE('','',#2221);
#2221 = PRODUCT_DEFINITION('design','',#2222,#2225);
#2222 = PRODUCT_DEFINITION_FORMATION('','',#2223);
#2223 = PRODUCT('solid_tapered_supply_wedge',
  'solid_tapered_supply_wedge','',(#2224));
#2224 = PRODUCT_CONTEXT('',#2,'mechanical');
#2225 = PRODUCT_DEFINITION_CONTEXT('part definition',#2,'design');
#2226 = ADVANCED_BREP_SHAPE_REPRESENTATION('',(#11,#2227),#2849);
#2227 = MANIFOLD_SOLID_BREP('',#2228);
#2228 = CLOSED_SHELL('',(#2229,#2344,#2532,#2579,#2717,#2742,#2767,#2792
    ,#2817,#2842));
#2229 = ADVANCED_FACE('',(#2230),#2244,.F.);
#2230 = FACE_BOUND('',#2231,.F.);
#2231 = EDGE_LOOP('',(#2232,#2267,#2293,#2320));
#2232 = ORIENTED_EDGE('',*,*,#2233,.F.);
#2233 = EDGE_CURVE('',#2234,#2236,#2238,.T.);
#2234 = VERTEX_POINT('',#2235);
#2235 = CARTESIAN_POINT('',(-242.,-200.,452.5));
#2236 = VERTEX_POINT('',#2237);
#2237 = CARTESIAN_POINT('',(-242.,0.,452.5));
#2238 = SURFACE_CURVE('',#2239,(#2243,#2255),.PCURVE_S1.);
#2239 = LINE('',#2240,#2241);
#2240 = CARTESIAN_POINT('',(-242.,-100.,452.5));
#2241 = VECTOR('',#2242,1.);
#2242 = DIRECTION('',(0.,1.,0.));
#2243 = PCURVE('',#2244,#2249);
#2244 = B_SPLINE_SURFACE_WITH_KNOTS('',1,1,(
    (#2245,#2246)
    ,(#2247,#2248
    )),.UNSPECIFIED.,.F.,.F.,.F.,(2,2),(2,2),(-100.,100.),(0.,1.),
  .PIECEWISE_BEZIER_KNOTS.);
#2245 = CARTESIAN_POINT('',(-242.,0.,452.5));
#2246 = CARTESIAN_POINT('',(-242.,0.,-752.5));
#2247 = CARTESIAN_POINT('',(-242.,-200.,452.5));
#2248 = CARTESIAN_POINT('',(-242.,-10.,-752.5));
#2249 = DEFINITIONAL_REPRESENTATION('',(#2250),#2254);
#2250 = LINE('',#2251,#2252);
#2251 = CARTESIAN_POINT('',(0.,0.));
#2252 = VECTOR('',#2253,1.);
#2253 = DIRECTION('',(-1.,0.));
#2254 = ( GEOMETRIC_REPRESENTATION_CONTEXT(2) 
PARAMETRIC_REPRESENTATION_CONTEXT() REPRESENTATION_CONTEXT('2D SPACE',''
  ) );
#2255 = PCURVE('',#2256,#2261);
#2256 = PLANE('',#2257);
#2257 = AXIS2_PLACEMENT_3D('',#2258,#2259,#2260);
#2258 = CARTESIAN_POINT('',(-242.,-200.,452.5));
#2259 = DIRECTION('',(0.,0.,1.));
#2260 = DIRECTION('',(0.924202827492,0.381901994831,-0.));
#2261 = DEFINITIONAL_REPRESENTATION('',(#2262),#2266);
#2262 = LINE('',#2263,#2264);
#2263 = CARTESIAN_POINT('',(38.190199483133,92.420282749181));
#2264 = VECTOR('',#2265,1.);
#2265 = DIRECTION('',(0.381901994831,0.924202827492));
#2266 = ( GEOMETRIC_REPRESENTATION_CONTEXT(2) 
PARAMETRIC_REPRESENTATION_CONTEXT() REPRESENTATION_CONTEXT('2D SPACE',''
  ) );
#2267 = ORIENTED_EDGE('',*,*,#2268,.T.);
#2268 = EDGE_CURVE('',#2234,#2269,#2271,.T.);
#2269 = VERTEX_POINT('',#2270);
#2270 = CARTESIAN_POINT('',(-242.,-10.,-752.5));
#2271 = SURFACE_CURVE('',#2272,(#2275,#2282),.PCURVE_S1.);
#2272 = B_SPLINE_CURVE_WITH_KNOTS('',1,(#2273,#2274),.UNSPECIFIED.,.F.,
  .F.,(2,2),(0.,1.),.PIECEWISE_BEZIER_KNOTS.);
#2273 = CARTESIAN_POINT('',(-242.,-200.,452.5));
#2274 = CARTESIAN_POINT('',(-242.,-10.,-752.5));
#2275 = PCURVE('',#2244,#2276);
#2276 = DEFINITIONAL_REPRESENTATION('',(#2277),#2281);
#2277 = LINE('',#2278,#2279);
#2278 = CARTESIAN_POINT('',(100.,0.));
#2279 = VECTOR('',#2280,1.);
#2280 = DIRECTION('',(0.,1.));
#2281 = ( GEOMETRIC_REPRESENTATION_CONTEXT(2) 
PARAMETRIC_REPRESENTATION_CONTEXT() REPRESENTATION_CONTEXT('2D SPACE',''
  ) );
#2282 = PCURVE('',#2283,#2288);
#2283 = PLANE('',#2284);
#2284 = AXIS2_PLACEMENT_3D('',#2285,#2286,#2287);
#2285 = CARTESIAN_POINT('',(0.,-10.,-752.5));
#2286 = DIRECTION('',(-0.,0.987796175926,0.155752094129));
#2287 = DIRECTION('',(1.,0.,0.));
#2288 = DEFINITIONAL_REPRESENTATION('',(#2289),#2292);
#2289 = B_SPLINE_CURVE_WITH_KNOTS('',1,(#2290,#2291),.UNSPECIFIED.,.F.,
  .F.,(2,2),(0.,1.),.PIECEWISE_BEZIER_KNOTS.);
#2290 = CARTESIAN_POINT('',(-242.,-1.219887289876E+03));
#2291 = CARTESIAN_POINT('',(-242.,0.));
#2292 = ( GEOMETRIC_REPRESENTATION_CONTEXT(2) 
PARAMETRIC_REPRESENTATION_CONTEXT() REPRESENTATION_CONTEXT('2D SPACE',''
  ) );
#2293 = ORIENTED_EDGE('',*,*,#2294,.T.);
#2294 = EDGE_CURVE('',#2269,#2295,#2297,.T.);
#2295 = VERTEX_POINT('',#2296);
#2296 = CARTESIAN_POINT('',(-242.,0.,-752.5));
#2297 = SURFACE_CURVE('',#2298,(#2302,#2308),.PCURVE_S1.);
#2298 = LINE('',#2299,#2300);
#2299 = CARTESIAN_POINT('',(-242.,-5.,-752.5));
#2300 = VECTOR('',#2301,1.);
#2301 = DIRECTION('',(0.,1.,0.));
#2302 = PCURVE('',#2244,#2303);
#2303 = DEFINITIONAL_REPRESENTATION('',(#2304),#2307);
#2304 = B_SPLINE_CURVE_WITH_KNOTS('',1,(#2305,#2306),.UNSPECIFIED.,.F.,
  .F.,(2,2),(-5.,5.),.PIECEWISE_BEZIER_KNOTS.);
#2305 = CARTESIAN_POINT('',(100.,1.));
#2306 = CARTESIAN_POINT('',(-100.,1.));
#2307 = ( GEOMETRIC_REPRESENTATION_CONTEXT(2) 
PARAMETRIC_REPRESENTATION_CONTEXT() REPRESENTATION_CONTEXT('2D SPACE',''
  ) );
#2308 = PCURVE('',#2309,#2314);
#2309 = PLANE('',#2310);
#2310 = AXIS2_PLACEMENT_3D('',#2311,#2312,#2313);
#2311 = CARTESIAN_POINT('',(-242.,-10.,-752.5));
#2312 = DIRECTION('',(0.,0.,1.));
#2313 = DIRECTION('',(0.999786626607,2.065674848361E-02,-0.));
#2314 = DEFINITIONAL_REPRESENTATION('',(#2315),#2319);
#2315 = LINE('',#2316,#2317);
#2316 = CARTESIAN_POINT('',(0.103283742418,4.998933133035));
#2317 = VECTOR('',#2318,1.);
#2318 = DIRECTION('',(2.065674848361E-02,0.999786626607));
#2319 = ( GEOMETRIC_REPRESENTATION_CONTEXT(2) 
PARAMETRIC_REPRESENTATION_CONTEXT() REPRESENTATION_CONTEXT('2D SPACE',''
  ) );
#2320 = ORIENTED_EDGE('',*,*,#2321,.F.);
#2321 = EDGE_CURVE('',#2236,#2295,#2322,.T.);
#2322 = SURFACE_CURVE('',#2323,(#2326,#2333),.PCURVE_S1.);
#2323 = B_SPLINE_CURVE_WITH_KNOTS('',1,(#2324,#2325),.UNSPECIFIED.,.F.,
  .F.,(2,2),(0.,1.),.PIECEWISE_BEZIER_KNOTS.);
#2324 = CARTESIAN_POINT('',(-242.,0.,452.5));
#2325 = CARTESIAN_POINT('',(-242.,0.,-752.5));
#2326 = PCURVE('',#2244,#2327);
#2327 = DEFINITIONAL_REPRESENTATION('',(#2328),#2332);
#2328 = LINE('',#2329,#2330);
#2329 = CARTESIAN_POINT('',(-100.,0.));
#2330 = VECTOR('',#2331,1.);
#2331 = DIRECTION('',(0.,1.));
#2332 = ( GEOMETRIC_REPRESENTATION_CONTEXT(2) 
PARAMETRIC_REPRESENTATION_CONTEXT() REPRESENTATION_CONTEXT('2D SPACE',''
  ) );
#2333 = PCURVE('',#2334,#2339);
#2334 = PLANE('',#2335);
#2335 = AXIS2_PLACEMENT_3D('',#2336,#2337,#2338);
#2336 = CARTESIAN_POINT('',(0.,0.,-752.5));
#2337 = DIRECTION('',(0.,-1.,0.));
#2338 = DIRECTION('',(-1.,-0.,0.));
#2339 = DEFINITIONAL_REPRESENTATION('',(#2340),#2343);
#2340 = B_SPLINE_CURVE_WITH_KNOTS('',1,(#2341,#2342),.UNSPECIFIED.,.F.,
  .F.,(2,2),(0.,1.),.PIECEWISE_BEZIER_KNOTS.);
#2341 = CARTESIAN_POINT('',(242.,-1.205E+03));
#2342 = CARTESIAN_POINT('',(242.,0.));
#2343 = ( GEOMETRIC_REPRESENTATION_CONTEXT(2) 
PARAMETRIC_REPRESENTATION_CONTEXT() REPRESENTATION_CONTEXT('2D SPACE',''
  ) );
#2344 = ADVANCED_FACE('',(#2345),#2256,.T.);
#2345 = FACE_BOUND('',#2346,.T.);
#2346 = EDGE_LOOP('',(#2347,#2348,#2371,#2399,#2427,#2455,#2483,#2511));
#2347 = ORIENTED_EDGE('',*,*,#2233,.F.);
#2348 = ORIENTED_EDGE('',*,*,#2349,.T.);
#2349 = EDGE_CURVE('',#2234,#2350,#2352,.T.);
#2350 = VERTEX_POINT('',#2351);
#2351 = CARTESIAN_POINT('',(242.,-200.,452.5));
#2352 = SURFACE_CURVE('',#2353,(#2357,#2364),.PCURVE_S1.);
#2353 = LINE('',#2354,#2355);
#2354 = CARTESIAN_POINT('',(0.,-200.,452.5));
#2355 = VECTOR('',#2356,1.);
#2356 = DIRECTION('',(1.,0.,0.));
#2357 = PCURVE('',#2256,#2358);
#2358 = DEFINITIONAL_REPRESENTATION('',(#2359),#2363);
#2359 = LINE('',#2360,#2361);
#2360 = CARTESIAN_POINT('',(223.65708425301,-92.42028274918));
#2361 = VECTOR('',#2362,1.);
#2362 = DIRECTION('',(0.924202827492,-0.381901994831));
#2363 = ( GEOMETRIC_REPRESENTATION_CONTEXT(2) 
PARAMETRIC_REPRESENTATION_CONTEXT() REPRESENTATION_CONTEXT('2D SPACE',''
  ) );
#2364 = PCURVE('',#2283,#2365);
#2365 = DEFINITIONAL_REPRESENTATION('',(#2366),#2370);
#2366 = LINE('',#2367,#2368);
#2367 = CARTESIAN_POINT('',(0.,-1.219887289876E+03));
#2368 = VECTOR('',#2369,1.);
#2369 = DIRECTION('',(1.,0.));
#2370 = ( GEOMETRIC_REPRESENTATION_CONTEXT(2) 
PARAMETRIC_REPRESENTATION_CONTEXT() REPRESENTATION_CONTEXT('2D SPACE',''
  ) );
#2371 = ORIENTED_EDGE('',*,*,#2372,.T.);
#2372 = EDGE_CURVE('',#2350,#2373,#2375,.T.);
#2373 = VERTEX_POINT('',#2374);
#2374 = CARTESIAN_POINT('',(242.,0.,452.5));
#2375 = SURFACE_CURVE('',#2376,(#2380,#2387),.PCURVE_S1.);
#2376 = LINE('',#2377,#2378);
#2377 = CARTESIAN_POINT('',(242.,-100.,452.5));
#2378 = VECTOR('',#2379,1.);
#2379 = DIRECTION('',(0.,1.,0.));
#2380 = PCURVE('',#2256,#2381);
#2381 = DEFINITIONAL_REPRESENTATION('',(#2382),#2386);
#2382 = LINE('',#2383,#2384);
#2383 = CARTESIAN_POINT('',(485.50436798916,-92.42028274918));
#2384 = VECTOR('',#2385,1.);
#2385 = DIRECTION('',(0.381901994831,0.924202827492));
#2386 = ( GEOMETRIC_REPRESENTATION_CONTEXT(2) 
PARAMETRIC_REPRESENTATION_CONTEXT() REPRESENTATION_CONTEXT('2D SPACE',''
  ) );
#2387 = PCURVE('',#2388,#2393);
#2388 = B_SPLINE_SURFACE_WITH_KNOTS('',1,1,(
    (#2389,#2390)
    ,(#2391,#2392
    )),.UNSPECIFIED.,.F.,.F.,.F.,(2,2),(2,2),(-100.,100.),(0.,1.),
  .PIECEWISE_BEZIER_KNOTS.);
#2389 = CARTESIAN_POINT('',(242.,-200.,452.5));
#2390 = CARTESIAN_POINT('',(242.,-10.,-752.5));
#2391 = CARTESIAN_POINT('',(242.,0.,452.5));
#2392 = CARTESIAN_POINT('',(242.,0.,-752.5));
#2393 = DEFINITIONAL_REPRESENTATION('',(#2394),#2398);
#2394 = LINE('',#2395,#2396);
#2395 = CARTESIAN_POINT('',(0.,0.));
#2396 = VECTOR('',#2397,1.);
#2397 = DIRECTION('',(1.,0.));
#2398 = ( GEOMETRIC_REPRESENTATION_CONTEXT(2) 
PARAMETRIC_REPRESENTATION_CONTEXT() REPRESENTATION_CONTEXT('2D SPACE',''
  ) );
#2399 = ORIENTED_EDGE('',*,*,#2400,.F.);
#2400 = EDGE_CURVE('',#2401,#2373,#2403,.T.);
#2401 = VERTEX_POINT('',#2402);
#2402 = CARTESIAN_POINT('',(240.,0.,452.5));
#2403 = SURFACE_CURVE('',#2404,(#2408,#2415),.PCURVE_S1.);
#2404 = LINE('',#2405,#2406);
#2405 = CARTESIAN_POINT('',(0.,0.,452.5));
#2406 = VECTOR('',#2407,1.);
#2407 = DIRECTION('',(1.,0.,0.));
#2408 = PCURVE('',#2256,#2409);
#2409 = DEFINITIONAL_REPRESENTATION('',(#2410),#2414);
#2410 = LINE('',#2411,#2412);
#2411 = CARTESIAN_POINT('',(300.03748321928,92.420282749181));
#2412 = VECTOR('',#2413,1.);
#2413 = DIRECTION('',(0.924202827492,-0.381901994831));
#2414 = ( GEOMETRIC_REPRESENTATION_CONTEXT(2) 
PARAMETRIC_REPRESENTATION_CONTEXT() REPRESENTATION_CONTEXT('2D SPACE',''
  ) );
#2415 = PCURVE('',#2416,#2421);
#2416 = PLANE('',#2417);
#2417 = AXIS2_PLACEMENT_3D('',#2418,#2419,#2420);
#2418 = CARTESIAN_POINT('',(0.,0.,-752.5));
#2419 = DIRECTION('',(0.,-1.,0.));
#2420 = DIRECTION('',(-1.,-0.,0.));
#2421 = DEFINITIONAL_REPRESENTATION('',(#2422),#2426);
#2422 = LINE('',#2423,#2424);
#2423 = CARTESIAN_POINT('',(0.,-1.205E+03));
#2424 = VECTOR('',#2425,1.);
#2425 = DIRECTION('',(-1.,0.));
#2426 = ( GEOMETRIC_REPRESENTATION_CONTEXT(2) 
PARAMETRIC_REPRESENTATION_CONTEXT() REPRESENTATION_CONTEXT('2D SPACE',''
  ) );
#2427 = ORIENTED_EDGE('',*,*,#2428,.F.);
#2428 = EDGE_CURVE('',#2429,#2401,#2431,.T.);
#2429 = VERTEX_POINT('',#2430);
#2430 = CARTESIAN_POINT('',(240.,-198.,452.5));
#2431 = SURFACE_CURVE('',#2432,(#2436,#2443),.PCURVE_S1.);
#2432 = LINE('',#2433,#2434);
#2433 = CARTESIAN_POINT('',(240.,-99.,452.5));
#2434 = VECTOR('',#2435,1.);
#2435 = DIRECTION('',(0.,1.,0.));
#2436 = PCURVE('',#2256,#2437);
#2437 = DEFINITIONAL_REPRESENTATION('',(#2438),#2442);
#2438 = LINE('',#2439,#2440);
#2439 = CARTESIAN_POINT('',(484.03786432901,-90.73227593202));
#2440 = VECTOR('',#2441,1.);
#2441 = DIRECTION('',(0.381901994831,0.924202827492));
#2442 = ( GEOMETRIC_REPRESENTATION_CONTEXT(2) 
PARAMETRIC_REPRESENTATION_CONTEXT() REPRESENTATION_CONTEXT('2D SPACE',''
  ) );
#2443 = PCURVE('',#2444,#2449);
#2444 = B_SPLINE_SURFACE_WITH_KNOTS('',1,1,(
    (#2445,#2446)
    ,(#2447,#2448
    )),.UNSPECIFIED.,.F.,.F.,.F.,(2,2),(2,2),(-99.,99.),(0.,1.),
  .PIECEWISE_BEZIER_KNOTS.);
#2445 = CARTESIAN_POINT('',(240.,-198.,452.5));
#2446 = CARTESIAN_POINT('',(240.,-8.,-752.5));
#2447 = CARTESIAN_POINT('',(240.,0.,452.5));
#2448 = CARTESIAN_POINT('',(240.,0.,-752.5));
#2449 = DEFINITIONAL_REPRESENTATION('',(#2450),#2454);
#2450 = LINE('',#2451,#2452);
#2451 = CARTESIAN_POINT('',(0.,0.));
#2452 = VECTOR('',#2453,1.);
#2453 = DIRECTION('',(1.,0.));
#2454 = ( GEOMETRIC_REPRESENTATION_CONTEXT(2) 
PARAMETRIC_REPRESENTATION_CONTEXT() REPRESENTATION_CONTEXT('2D SPACE',''
  ) );
#2455 = ORIENTED_EDGE('',*,*,#2456,.F.);
#2456 = EDGE_CURVE('',#2457,#2429,#2459,.T.);
#2457 = VERTEX_POINT('',#2458);
#2458 = CARTESIAN_POINT('',(-240.,-198.,452.5));
#2459 = SURFACE_CURVE('',#2460,(#2464,#2471),.PCURVE_S1.);
#2460 = LINE('',#2461,#2462);
#2461 = CARTESIAN_POINT('',(0.,-198.,452.5));
#2462 = VECTOR('',#2463,1.);
#2463 = DIRECTION('',(1.,0.,0.));
#2464 = PCURVE('',#2256,#2465);
#2465 = DEFINITIONAL_REPRESENTATION('',(#2466),#2470);
#2466 = LINE('',#2467,#2468);
#2467 = CARTESIAN_POINT('',(224.42088824268,-90.57187709419));
#2468 = VECTOR('',#2469,1.);
#2469 = DIRECTION('',(0.924202827492,-0.381901994831));
#2470 = ( GEOMETRIC_REPRESENTATION_CONTEXT(2) 
PARAMETRIC_REPRESENTATION_CONTEXT() REPRESENTATION_CONTEXT('2D SPACE',''
  ) );
#2471 = PCURVE('',#2472,#2477);
#2472 = PLANE('',#2473);
#2473 = AXIS2_PLACEMENT_3D('',#2474,#2475,#2476);
#2474 = CARTESIAN_POINT('',(0.,-8.,-752.5));
#2475 = DIRECTION('',(-0.,0.987796175926,0.155752094129));
#2476 = DIRECTION('',(1.,0.,0.));
#2477 = DEFINITIONAL_REPRESENTATION('',(#2478),#2482);
#2478 = LINE('',#2479,#2480);
#2479 = CARTESIAN_POINT('',(0.,-1.219887289876E+03));
#2480 = VECTOR('',#2481,1.);
#2481 = DIRECTION('',(1.,0.));
#2482 = ( GEOMETRIC_REPRESENTATION_CONTEXT(2) 
PARAMETRIC_REPRESENTATION_CONTEXT() REPRESENTATION_CONTEXT('2D SPACE',''
  ) );
#2483 = ORIENTED_EDGE('',*,*,#2484,.T.);
#2484 = EDGE_CURVE('',#2457,#2485,#2487,.T.);
#2485 = VERTEX_POINT('',#2486);
#2486 = CARTESIAN_POINT('',(-240.,0.,452.5));
#2487 = SURFACE_CURVE('',#2488,(#2492,#2499),.PCURVE_S1.);
#2488 = LINE('',#2489,#2490);
#2489 = CARTESIAN_POINT('',(-240.,-99.,452.5));
#2490 = VECTOR('',#2491,1.);
#2491 = DIRECTION('',(0.,1.,0.));
#2492 = PCURVE('',#2256,#2493);
#2493 = DEFINITIONAL_REPRESENTATION('',(#2494),#2498);
#2494 = LINE('',#2495,#2496);
#2495 = CARTESIAN_POINT('',(40.420507132948,92.58068158701));
#2496 = VECTOR('',#2497,1.);
#2497 = DIRECTION('',(0.381901994831,0.924202827492));
#2498 = ( GEOMETRIC_REPRESENTATION_CONTEXT(2) 
PARAMETRIC_REPRESENTATION_CONTEXT() REPRESENTATION_CONTEXT('2D SPACE',''
  ) );
#2499 = PCURVE('',#2500,#2505);
#2500 = B_SPLINE_SURFACE_WITH_KNOTS('',1,1,(
    (#2501,#2502)
    ,(#2503,#2504
    )),.UNSPECIFIED.,.F.,.F.,.F.,(2,2),(2,2),(-99.,99.),(0.,1.),
  .PIECEWISE_BEZIER_KNOTS.);
#2501 = CARTESIAN_POINT('',(-240.,0.,452.5));
#2502 = CARTESIAN_POINT('',(-240.,0.,-752.5));
#2503 = CARTESIAN_POINT('',(-240.,-198.,452.5));
#2504 = CARTESIAN_POINT('',(-240.,-8.,-752.5));
#2505 = DEFINITIONAL_REPRESENTATION('',(#2506),#2510);
#2506 = LINE('',#2507,#2508);
#2507 = CARTESIAN_POINT('',(0.,0.));
#2508 = VECTOR('',#2509,1.);
#2509 = DIRECTION('',(-1.,0.));
#2510 = ( GEOMETRIC_REPRESENTATION_CONTEXT(2) 
PARAMETRIC_REPRESENTATION_CONTEXT() REPRESENTATION_CONTEXT('2D SPACE',''
  ) );
#2511 = ORIENTED_EDGE('',*,*,#2512,.F.);
#2512 = EDGE_CURVE('',#2236,#2485,#2513,.T.);
#2513 = SURFACE_CURVE('',#2514,(#2518,#2525),.PCURVE_S1.);
#2514 = LINE('',#2515,#2516);
#2515 = CARTESIAN_POINT('',(0.,0.,452.5));
#2516 = VECTOR('',#2517,1.);
#2517 = DIRECTION('',(1.,0.,0.));
#2518 = PCURVE('',#2256,#2519);
#2519 = DEFINITIONAL_REPRESENTATION('',(#2520),#2524);
#2520 = LINE('',#2521,#2522);
#2521 = CARTESIAN_POINT('',(300.03748321928,92.420282749181));
#2522 = VECTOR('',#2523,1.);
#2523 = DIRECTION('',(0.924202827492,-0.381901994831));
#2524 = ( GEOMETRIC_REPRESENTATION_CONTEXT(2) 
PARAMETRIC_REPRESENTATION_CONTEXT() REPRESENTATION_CONTEXT('2D SPACE',''
  ) );
#2525 = PCURVE('',#2334,#2526);
#2526 = DEFINITIONAL_REPRESENTATION('',(#2527),#2531);
#2527 = LINE('',#2528,#2529);
#2528 = CARTESIAN_POINT('',(0.,-1.205E+03));
#2529 = VECTOR('',#2530,1.);
#2530 = DIRECTION('',(-1.,0.));
#2531 = ( GEOMETRIC_REPRESENTATION_CONTEXT(2) 
PARAMETRIC_REPRESENTATION_CONTEXT() REPRESENTATION_CONTEXT('2D SPACE',''
  ) );
#2532 = ADVANCED_FACE('',(#2533),#2283,.F.);
#2533 = FACE_BOUND('',#2534,.F.);
#2534 = EDGE_LOOP('',(#2535,#2536,#2557,#2578));
#2535 = ORIENTED_EDGE('',*,*,#2349,.T.);
#2536 = ORIENTED_EDGE('',*,*,#2537,.T.);
#2537 = EDGE_CURVE('',#2350,#2538,#2540,.T.);
#2538 = VERTEX_POINT('',#2539);
#2539 = CARTESIAN_POINT('',(242.,-10.,-752.5));
#2540 = SURFACE_CURVE('',#2541,(#2544,#2550),.PCURVE_S1.);
#2541 = B_SPLINE_CURVE_WITH_KNOTS('',1,(#2542,#2543),.UNSPECIFIED.,.F.,
  .F.,(2,2),(0.,1.),.PIECEWISE_BEZIER_KNOTS.);
#2542 = CARTESIAN_POINT('',(242.,-200.,452.5));
#2543 = CARTESIAN_POINT('',(242.,-10.,-752.5));
#2544 = PCURVE('',#2283,#2545);
#2545 = DEFINITIONAL_REPRESENTATION('',(#2546),#2549);
#2546 = B_SPLINE_CURVE_WITH_KNOTS('',1,(#2547,#2548),.UNSPECIFIED.,.F.,
  .F.,(2,2),(0.,1.),.PIECEWISE_BEZIER_KNOTS.);
#2547 = CARTESIAN_POINT('',(242.,-1.219887289876E+03));
#2548 = CARTESIAN_POINT('',(242.,0.));
#2549 = ( GEOMETRIC_REPRESENTATION_CONTEXT(2) 
PARAMETRIC_REPRESENTATION_CONTEXT() REPRESENTATION_CONTEXT('2D SPACE',''
  ) );
#2550 = PCURVE('',#2388,#2551);
#2551 = DEFINITIONAL_REPRESENTATION('',(#2552),#2556);
#2552 = LINE('',#2553,#2554);
#2553 = CARTESIAN_POINT('',(-100.,0.));
#2554 = VECTOR('',#2555,1.);
#2555 = DIRECTION('',(0.,1.));
#2556 = ( GEOMETRIC_REPRESENTATION_CONTEXT(2) 
PARAMETRIC_REPRESENTATION_CONTEXT() REPRESENTATION_CONTEXT('2D SPACE',''
  ) );
#2557 = ORIENTED_EDGE('',*,*,#2558,.F.);
#2558 = EDGE_CURVE('',#2269,#2538,#2559,.T.);
#2559 = SURFACE_CURVE('',#2560,(#2564,#2571),.PCURVE_S1.);
#2560 = LINE('',#2561,#2562);
#2561 = CARTESIAN_POINT('',(0.,-10.,-752.5));
#2562 = VECTOR('',#2563,1.);
#2563 = DIRECTION('',(1.,0.,0.));
#2564 = PCURVE('',#2283,#2565);
#2565 = DEFINITIONAL_REPRESENTATION('',(#2566),#2570);
#2566 = LINE('',#2567,#2568);
#2567 = CARTESIAN_POINT('',(0.,0.));
#2568 = VECTOR('',#2569,1.);
#2569 = DIRECTION('',(1.,0.));
#2570 = ( GEOMETRIC_REPRESENTATION_CONTEXT(2) 
PARAMETRIC_REPRESENTATION_CONTEXT() REPRESENTATION_CONTEXT('2D SPACE',''
  ) );
#2571 = PCURVE('',#2309,#2572);
#2572 = DEFINITIONAL_REPRESENTATION('',(#2573),#2577);
#2573 = LINE('',#2574,#2575);
#2574 = CARTESIAN_POINT('',(241.94836363887,-4.998933133035));
#2575 = VECTOR('',#2576,1.);
#2576 = DIRECTION('',(0.999786626607,-2.065674848361E-02));
#2577 = ( GEOMETRIC_REPRESENTATION_CONTEXT(2) 
PARAMETRIC_REPRESENTATION_CONTEXT() REPRESENTATION_CONTEXT('2D SPACE',''
  ) );
#2578 = ORIENTED_EDGE('',*,*,#2268,.F.);
#2579 = ADVANCED_FACE('',(#2580),#2309,.F.);
#2580 = FACE_BOUND('',#2581,.F.);
#2581 = EDGE_LOOP('',(#2582,#2583,#2584,#2606,#2629,#2651,#2674,#2696));
#2582 = ORIENTED_EDGE('',*,*,#2294,.F.);
#2583 = ORIENTED_EDGE('',*,*,#2558,.T.);
#2584 = ORIENTED_EDGE('',*,*,#2585,.T.);
#2585 = EDGE_CURVE('',#2538,#2586,#2588,.T.);
#2586 = VERTEX_POINT('',#2587);
#2587 = CARTESIAN_POINT('',(242.,0.,-752.5));
#2588 = SURFACE_CURVE('',#2589,(#2593,#2600),.PCURVE_S1.);
#2589 = LINE('',#2590,#2591);
#2590 = CARTESIAN_POINT('',(242.,-5.,-752.5));
#2591 = VECTOR('',#2592,1.);
#2592 = DIRECTION('',(0.,1.,0.));
#2593 = PCURVE('',#2309,#2594);
#2594 = DEFINITIONAL_REPRESENTATION('',(#2595),#2599);
#2595 = LINE('',#2596,#2597);
#2596 = CARTESIAN_POINT('',(484.00001102017,-4.998933133035));
#2597 = VECTOR('',#2598,1.);
#2598 = DIRECTION('',(2.065674848361E-02,0.999786626607));
#2599 = ( GEOMETRIC_REPRESENTATION_CONTEXT(2) 
PARAMETRIC_REPRESENTATION_CONTEXT() REPRESENTATION_CONTEXT('2D SPACE',''
  ) );
#2600 = PCURVE('',#2388,#2601);
#2601 = DEFINITIONAL_REPRESENTATION('',(#2602),#2605);
#2602 = B_SPLINE_CURVE_WITH_KNOTS('',1,(#2603,#2604),.UNSPECIFIED.,.F.,
  .F.,(2,2),(-5.,5.),.PIECEWISE_BEZIER_KNOTS.);
#2603 = CARTESIAN_POINT('',(-100.,1.));
#2604 = CARTESIAN_POINT('',(100.,1.));
#2605 = ( GEOMETRIC_REPRESENTATION_CONTEXT(2) 
PARAMETRIC_REPRESENTATION_CONTEXT() REPRESENTATION_CONTEXT('2D SPACE',''
  ) );
#2606 = ORIENTED_EDGE('',*,*,#2607,.F.);
#2607 = EDGE_CURVE('',#2608,#2586,#2610,.T.);
#2608 = VERTEX_POINT('',#2609);
#2609 = CARTESIAN_POINT('',(240.,0.,-752.5));
#2610 = SURFACE_CURVE('',#2611,(#2615,#2622),.PCURVE_S1.);
#2611 = LINE('',#2612,#2613);
#2612 = CARTESIAN_POINT('',(0.,0.,-752.5));
#2613 = VECTOR('',#2614,1.);
#2614 = DIRECTION('',(1.,0.,0.));
#2615 = PCURVE('',#2309,#2616);
#2616 = DEFINITIONAL_REPRESENTATION('',(#2617),#2621);
#2617 = LINE('',#2618,#2619);
#2618 = CARTESIAN_POINT('',(242.15493112371,4.998933133035));
#2619 = VECTOR('',#2620,1.);
#2620 = DIRECTION('',(0.999786626607,-2.065674848361E-02));
#2621 = ( GEOMETRIC_REPRESENTATION_CONTEXT(2) 
PARAMETRIC_REPRESENTATION_CONTEXT() REPRESENTATION_CONTEXT('2D SPACE',''
  ) );
#2622 = PCURVE('',#2416,#2623);
#2623 = DEFINITIONAL_REPRESENTATION('',(#2624),#2628);
#2624 = LINE('',#2625,#2626);
#2625 = CARTESIAN_POINT('',(0.,0.));
#2626 = VECTOR('',#2627,1.);
#2627 = DIRECTION('',(-1.,0.));
#2628 = ( GEOMETRIC_REPRESENTATION_CONTEXT(2) 
PARAMETRIC_REPRESENTATION_CONTEXT() REPRESENTATION_CONTEXT('2D SPACE',''
  ) );
#2629 = ORIENTED_EDGE('',*,*,#2630,.F.);
#2630 = EDGE_CURVE('',#2631,#2608,#2633,.T.);
#2631 = VERTEX_POINT('',#2632);
#2632 = CARTESIAN_POINT('',(240.,-8.,-752.5));
#2633 = SURFACE_CURVE('',#2634,(#2638,#2645),.PCURVE_S1.);
#2634 = LINE('',#2635,#2636);
#2635 = CARTESIAN_POINT('',(240.,-4.,-752.5));
#2636 = VECTOR('',#2637,1.);
#2637 = DIRECTION('',(0.,1.,0.));
#2638 = PCURVE('',#2309,#2639);
#2639 = DEFINITIONAL_REPRESENTATION('',(#2640),#2644);
#2640 = LINE('',#2641,#2642);
#2641 = CARTESIAN_POINT('',(482.02109451544,-3.957833009461));
#2642 = VECTOR('',#2643,1.);
#2643 = DIRECTION('',(2.065674848361E-02,0.999786626607));
#2644 = ( GEOMETRIC_REPRESENTATION_CONTEXT(2) 
PARAMETRIC_REPRESENTATION_CONTEXT() REPRESENTATION_CONTEXT('2D SPACE',''
  ) );
#2645 = PCURVE('',#2444,#2646);
#2646 = DEFINITIONAL_REPRESENTATION('',(#2647),#2650);
#2647 = B_SPLINE_CURVE_WITH_KNOTS('',1,(#2648,#2649),.UNSPECIFIED.,.F.,
  .F.,(2,2),(-4.,4.),.PIECEWISE_BEZIER_KNOTS.);
#2648 = CARTESIAN_POINT('',(-99.,1.));
#2649 = CARTESIAN_POINT('',(99.,1.));
#2650 = ( GEOMETRIC_REPRESENTATION_CONTEXT(2) 
PARAMETRIC_REPRESENTATION_CONTEXT() REPRESENTATION_CONTEXT('2D SPACE',''
  ) );
#2651 = ORIENTED_EDGE('',*,*,#2652,.F.);
#2652 = EDGE_CURVE('',#2653,#2631,#2655,.T.);
#2653 = VERTEX_POINT('',#2654);
#2654 = CARTESIAN_POINT('',(-240.,-8.,-752.5));
#2655 = SURFACE_CURVE('',#2656,(#2660,#2667),.PCURVE_S1.);
#2656 = LINE('',#2657,#2658);
#2657 = CARTESIAN_POINT('',(0.,-8.,-752.5));
#2658 = VECTOR('',#2659,1.);
#2659 = DIRECTION('',(1.,0.,0.));
#2660 = PCURVE('',#2309,#2661);
#2661 = DEFINITIONAL_REPRESENTATION('',(#2662),#2666);
#2662 = LINE('',#2663,#2664);
#2663 = CARTESIAN_POINT('',(241.98967713584,-2.999359879821));
#2664 = VECTOR('',#2665,1.);
#2665 = DIRECTION('',(0.999786626607,-2.065674848361E-02));
#2666 = ( GEOMETRIC_REPRESENTATION_CONTEXT(2) 
PARAMETRIC_REPRESENTATION_CONTEXT() REPRESENTATION_CONTEXT('2D SPACE',''
  ) );
#2667 = PCURVE('',#2472,#2668);
#2668 = DEFINITIONAL_REPRESENTATION('',(#2669),#2673);
#2669 = LINE('',#2670,#2671);
#2670 = CARTESIAN_POINT('',(0.,0.));
#2671 = VECTOR('',#2672,1.);
#2672 = DIRECTION('',(1.,0.));
#2673 = ( GEOMETRIC_REPRESENTATION_CONTEXT(2) 
PARAMETRIC_REPRESENTATION_CONTEXT() REPRESENTATION_CONTEXT('2D SPACE',''
  ) );
#2674 = ORIENTED_EDGE('',*,*,#2675,.T.);
#2675 = EDGE_CURVE('',#2653,#2676,#2678,.T.);
#2676 = VERTEX_POINT('',#2677);
#2677 = CARTESIAN_POINT('',(-240.,0.,-752.5));
#2678 = SURFACE_CURVE('',#2679,(#2683,#2690),.PCURVE_S1.);
#2679 = LINE('',#2680,#2681);
#2680 = CARTESIAN_POINT('',(-240.,-4.,-752.5));
#2681 = VECTOR('',#2682,1.);
#2682 = DIRECTION('',(0.,1.,0.));
#2683 = PCURVE('',#2309,#2684);
#2684 = DEFINITIONAL_REPRESENTATION('',(#2685),#2689);
#2685 = LINE('',#2686,#2687);
#2686 = CARTESIAN_POINT('',(2.123513744116,5.957406262674));
#2687 = VECTOR('',#2688,1.);
#2688 = DIRECTION('',(2.065674848361E-02,0.999786626607));
#2689 = ( GEOMETRIC_REPRESENTATION_CONTEXT(2) 
PARAMETRIC_REPRESENTATION_CONTEXT() REPRESENTATION_CONTEXT('2D SPACE',''
  ) );
#2690 = PCURVE('',#2500,#2691);
#2691 = DEFINITIONAL_REPRESENTATION('',(#2692),#2695);
#2692 = B_SPLINE_CURVE_WITH_KNOTS('',1,(#2693,#2694),.UNSPECIFIED.,.F.,
  .F.,(2,2),(-4.,4.),.PIECEWISE_BEZIER_KNOTS.);
#2693 = CARTESIAN_POINT('',(99.,1.));
#2694 = CARTESIAN_POINT('',(-99.,1.));
#2695 = ( GEOMETRIC_REPRESENTATION_CONTEXT(2) 
PARAMETRIC_REPRESENTATION_CONTEXT() REPRESENTATION_CONTEXT('2D SPACE',''
  ) );
#2696 = ORIENTED_EDGE('',*,*,#2697,.F.);
#2697 = EDGE_CURVE('',#2295,#2676,#2698,.T.);
#2698 = SURFACE_CURVE('',#2699,(#2703,#2710),.PCURVE_S1.);
#2699 = LINE('',#2700,#2701);
#2700 = CARTESIAN_POINT('',(0.,0.,-752.5));
#2701 = VECTOR('',#2702,1.);
#2702 = DIRECTION('',(1.,0.,0.));
#2703 = PCURVE('',#2309,#2704);
#2704 = DEFINITIONAL_REPRESENTATION('',(#2705),#2709);
#2705 = LINE('',#2706,#2707);
#2706 = CARTESIAN_POINT('',(242.15493112371,4.998933133035));
#2707 = VECTOR('',#2708,1.);
#2708 = DIRECTION('',(0.999786626607,-2.065674848361E-02));
#2709 = ( GEOMETRIC_REPRESENTATION_CONTEXT(2) 
PARAMETRIC_REPRESENTATION_CONTEXT() REPRESENTATION_CONTEXT('2D SPACE',''
  ) );
#2710 = PCURVE('',#2334,#2711);
#2711 = DEFINITIONAL_REPRESENTATION('',(#2712),#2716);
#2712 = LINE('',#2713,#2714);
#2713 = CARTESIAN_POINT('',(0.,0.));
#2714 = VECTOR('',#2715,1.);
#2715 = DIRECTION('',(-1.,0.));
#2716 = ( GEOMETRIC_REPRESENTATION_CONTEXT(2) 
PARAMETRIC_REPRESENTATION_CONTEXT() REPRESENTATION_CONTEXT('2D SPACE',''
  ) );
#2717 = ADVANCED_FACE('',(#2718),#2334,.F.);
#2718 = FACE_BOUND('',#2719,.F.);
#2719 = EDGE_LOOP('',(#2720,#2721,#2722,#2723));
#2720 = ORIENTED_EDGE('',*,*,#2512,.F.);
#2721 = ORIENTED_EDGE('',*,*,#2321,.T.);
#2722 = ORIENTED_EDGE('',*,*,#2697,.T.);
#2723 = ORIENTED_EDGE('',*,*,#2724,.F.);
#2724 = EDGE_CURVE('',#2485,#2676,#2725,.T.);
#2725 = SURFACE_CURVE('',#2726,(#2729,#2735),.PCURVE_S1.);
#2726 = B_SPLINE_CURVE_WITH_KNOTS('',1,(#2727,#2728),.UNSPECIFIED.,.F.,
  .F.,(2,2),(0.,1.),.PIECEWISE_BEZIER_KNOTS.);
#2727 = CARTESIAN_POINT('',(-240.,0.,452.5));
#2728 = CARTESIAN_POINT('',(-240.,0.,-752.5));
#2729 = PCURVE('',#2334,#2730);
#2730 = DEFINITIONAL_REPRESENTATION('',(#2731),#2734);
#2731 = B_SPLINE_CURVE_WITH_KNOTS('',1,(#2732,#2733),.UNSPECIFIED.,.F.,
  .F.,(2,2),(0.,1.),.PIECEWISE_BEZIER_KNOTS.);
#2732 = CARTESIAN_POINT('',(240.,-1.205E+03));
#2733 = CARTESIAN_POINT('',(240.,0.));
#2734 = ( GEOMETRIC_REPRESENTATION_CONTEXT(2) 
PARAMETRIC_REPRESENTATION_CONTEXT() REPRESENTATION_CONTEXT('2D SPACE',''
  ) );
#2735 = PCURVE('',#2500,#2736);
#2736 = DEFINITIONAL_REPRESENTATION('',(#2737),#2741);
#2737 = LINE('',#2738,#2739);
#2738 = CARTESIAN_POINT('',(-99.,0.));
#2739 = VECTOR('',#2740,1.);
#2740 = DIRECTION('',(0.,1.));
#2741 = ( GEOMETRIC_REPRESENTATION_CONTEXT(2) 
PARAMETRIC_REPRESENTATION_CONTEXT() REPRESENTATION_CONTEXT('2D SPACE',''
  ) );
#2742 = ADVANCED_FACE('',(#2743),#2500,.T.);
#2743 = FACE_BOUND('',#2744,.T.);
#2744 = EDGE_LOOP('',(#2745,#2746,#2765,#2766));
#2745 = ORIENTED_EDGE('',*,*,#2484,.F.);
#2746 = ORIENTED_EDGE('',*,*,#2747,.T.);
#2747 = EDGE_CURVE('',#2457,#2653,#2748,.T.);
#2748 = SURFACE_CURVE('',#2749,(#2752,#2759),.PCURVE_S1.);
#2749 = B_SPLINE_CURVE_WITH_KNOTS('',1,(#2750,#2751),.UNSPECIFIED.,.F.,
  .F.,(2,2),(0.,1.),.PIECEWISE_BEZIER_KNOTS.);
#2750 = CARTESIAN_POINT('',(-240.,-198.,452.5));
#2751 = CARTESIAN_POINT('',(-240.,-8.,-752.5));
#2752 = PCURVE('',#2500,#2753);
#2753 = DEFINITIONAL_REPRESENTATION('',(#2754),#2758);
#2754 = LINE('',#2755,#2756);
#2755 = CARTESIAN_POINT('',(99.,0.));
#2756 = VECTOR('',#2757,1.);
#2757 = DIRECTION('',(0.,1.));
#2758 = ( GEOMETRIC_REPRESENTATION_CONTEXT(2) 
PARAMETRIC_REPRESENTATION_CONTEXT() REPRESENTATION_CONTEXT('2D SPACE',''
  ) );
#2759 = PCURVE('',#2472,#2760);
#2760 = DEFINITIONAL_REPRESENTATION('',(#2761),#2764);
#2761 = B_SPLINE_CURVE_WITH_KNOTS('',1,(#2762,#2763),.UNSPECIFIED.,.F.,
  .F.,(2,2),(0.,1.),.PIECEWISE_BEZIER_KNOTS.);
#2762 = CARTESIAN_POINT('',(-240.,-1.219887289876E+03));
#2763 = CARTESIAN_POINT('',(-240.,0.));
#2764 = ( GEOMETRIC_REPRESENTATION_CONTEXT(2) 
PARAMETRIC_REPRESENTATION_CONTEXT() REPRESENTATION_CONTEXT('2D SPACE',''
  ) );
#2765 = ORIENTED_EDGE('',*,*,#2675,.T.);
#2766 = ORIENTED_EDGE('',*,*,#2724,.F.);
#2767 = ADVANCED_FACE('',(#2768),#2472,.T.);
#2768 = FACE_BOUND('',#2769,.T.);
#2769 = EDGE_LOOP('',(#2770,#2771,#2790,#2791));
#2770 = ORIENTED_EDGE('',*,*,#2456,.T.);
#2771 = ORIENTED_EDGE('',*,*,#2772,.T.);
#2772 = EDGE_CURVE('',#2429,#2631,#2773,.T.);
#2773 = SURFACE_CURVE('',#2774,(#2777,#2783),.PCURVE_S1.);
#2774 = B_SPLINE_CURVE_WITH_KNOTS('',1,(#2775,#2776),.UNSPECIFIED.,.F.,
  .F.,(2,2),(0.,1.),.PIECEWISE_BEZIER_KNOTS.);
#2775 = CARTESIAN_POINT('',(240.,-198.,452.5));
#2776 = CARTESIAN_POINT('',(240.,-8.,-752.5));
#2777 = PCURVE('',#2472,#2778);
#2778 = DEFINITIONAL_REPRESENTATION('',(#2779),#2782);
#2779 = B_SPLINE_CURVE_WITH_KNOTS('',1,(#2780,#2781),.UNSPECIFIED.,.F.,
  .F.,(2,2),(0.,1.),.PIECEWISE_BEZIER_KNOTS.);
#2780 = CARTESIAN_POINT('',(240.,-1.219887289876E+03));
#2781 = CARTESIAN_POINT('',(240.,0.));
#2782 = ( GEOMETRIC_REPRESENTATION_CONTEXT(2) 
PARAMETRIC_REPRESENTATION_CONTEXT() REPRESENTATION_CONTEXT('2D SPACE',''
  ) );
#2783 = PCURVE('',#2444,#2784);
#2784 = DEFINITIONAL_REPRESENTATION('',(#2785),#2789);
#2785 = LINE('',#2786,#2787);
#2786 = CARTESIAN_POINT('',(-99.,0.));
#2787 = VECTOR('',#2788,1.);
#2788 = DIRECTION('',(0.,1.));
#2789 = ( GEOMETRIC_REPRESENTATION_CONTEXT(2) 
PARAMETRIC_REPRESENTATION_CONTEXT() REPRESENTATION_CONTEXT('2D SPACE',''
  ) );
#2790 = ORIENTED_EDGE('',*,*,#2652,.F.);
#2791 = ORIENTED_EDGE('',*,*,#2747,.F.);
#2792 = ADVANCED_FACE('',(#2793),#2444,.T.);
#2793 = FACE_BOUND('',#2794,.T.);
#2794 = EDGE_LOOP('',(#2795,#2796,#2815,#2816));
#2795 = ORIENTED_EDGE('',*,*,#2428,.T.);
#2796 = ORIENTED_EDGE('',*,*,#2797,.T.);
#2797 = EDGE_CURVE('',#2401,#2608,#2798,.T.);
#2798 = SURFACE_CURVE('',#2799,(#2802,#2809),.PCURVE_S1.);
#2799 = B_SPLINE_CURVE_WITH_KNOTS('',1,(#2800,#2801),.UNSPECIFIED.,.F.,
  .F.,(2,2),(0.,1.),.PIECEWISE_BEZIER_KNOTS.);
#2800 = CARTESIAN_POINT('',(240.,0.,452.5));
#2801 = CARTESIAN_POINT('',(240.,0.,-752.5));
#2802 = PCURVE('',#2444,#2803);
#2803 = DEFINITIONAL_REPRESENTATION('',(#2804),#2808);
#2804 = LINE('',#2805,#2806);
#2805 = CARTESIAN_POINT('',(99.,0.));
#2806 = VECTOR('',#2807,1.);
#2807 = DIRECTION('',(0.,1.));
#2808 = ( GEOMETRIC_REPRESENTATION_CONTEXT(2) 
PARAMETRIC_REPRESENTATION_CONTEXT() REPRESENTATION_CONTEXT('2D SPACE',''
  ) );
#2809 = PCURVE('',#2416,#2810);
#2810 = DEFINITIONAL_REPRESENTATION('',(#2811),#2814);
#2811 = B_SPLINE_CURVE_WITH_KNOTS('',1,(#2812,#2813),.UNSPECIFIED.,.F.,
  .F.,(2,2),(0.,1.),.PIECEWISE_BEZIER_KNOTS.);
#2812 = CARTESIAN_POINT('',(-240.,-1.205E+03));
#2813 = CARTESIAN_POINT('',(-240.,0.));
#2814 = ( GEOMETRIC_REPRESENTATION_CONTEXT(2) 
PARAMETRIC_REPRESENTATION_CONTEXT() REPRESENTATION_CONTEXT('2D SPACE',''
  ) );
#2815 = ORIENTED_EDGE('',*,*,#2630,.F.);
#2816 = ORIENTED_EDGE('',*,*,#2772,.F.);
#2817 = ADVANCED_FACE('',(#2818),#2416,.F.);
#2818 = FACE_BOUND('',#2819,.F.);
#2819 = EDGE_LOOP('',(#2820,#2821,#2822,#2823));
#2820 = ORIENTED_EDGE('',*,*,#2400,.F.);
#2821 = ORIENTED_EDGE('',*,*,#2797,.T.);
#2822 = ORIENTED_EDGE('',*,*,#2607,.T.);
#2823 = ORIENTED_EDGE('',*,*,#2824,.F.);
#2824 = EDGE_CURVE('',#2373,#2586,#2825,.T.);
#2825 = SURFACE_CURVE('',#2826,(#2829,#2835),.PCURVE_S1.);
#2826 = B_SPLINE_CURVE_WITH_KNOTS('',1,(#2827,#2828),.UNSPECIFIED.,.F.,
  .F.,(2,2),(0.,1.),.PIECEWISE_BEZIER_KNOTS.);
#2827 = CARTESIAN_POINT('',(242.,0.,452.5));
#2828 = CARTESIAN_POINT('',(242.,0.,-752.5));
#2829 = PCURVE('',#2416,#2830);
#2830 = DEFINITIONAL_REPRESENTATION('',(#2831),#2834);
#2831 = B_SPLINE_CURVE_WITH_KNOTS('',1,(#2832,#2833),.UNSPECIFIED.,.F.,
  .F.,(2,2),(0.,1.),.PIECEWISE_BEZIER_KNOTS.);
#2832 = CARTESIAN_POINT('',(-242.,-1.205E+03));
#2833 = CARTESIAN_POINT('',(-242.,0.));
#2834 = ( GEOMETRIC_REPRESENTATION_CONTEXT(2) 
PARAMETRIC_REPRESENTATION_CONTEXT() REPRESENTATION_CONTEXT('2D SPACE',''
  ) );
#2835 = PCURVE('',#2388,#2836);
#2836 = DEFINITIONAL_REPRESENTATION('',(#2837),#2841);
#2837 = LINE('',#2838,#2839);
#2838 = CARTESIAN_POINT('',(100.,0.));
#2839 = VECTOR('',#2840,1.);
#2840 = DIRECTION('',(0.,1.));
#2841 = ( GEOMETRIC_REPRESENTATION_CONTEXT(2) 
PARAMETRIC_REPRESENTATION_CONTEXT() REPRESENTATION_CONTEXT('2D SPACE',''
  ) );
#2842 = ADVANCED_FACE('',(#2843),#2388,.F.);
#2843 = FACE_BOUND('',#2844,.F.);
#2844 = EDGE_LOOP('',(#2845,#2846,#2847,#2848));
#2845 = ORIENTED_EDGE('',*,*,#2372,.T.);
#2846 = ORIENTED_EDGE('',*,*,#2824,.T.);
#2847 = ORIENTED_EDGE('',*,*,#2585,.F.);
#2848 = ORIENTED_EDGE('',*,*,#2537,.F.);
#2849 = ( GEOMETRIC_REPRESENTATION_CONTEXT(3) 
GLOBAL_UNCERTAINTY_ASSIGNED_CONTEXT((#2853)) 
GLOBAL_UNIT_ASSIGNED_CONTEXT((#2850,#2851,#2852)) REPRESENTATION_CONTEXT
('Context #1','3D Context with UNIT and UNCERTAINTY') );
#2850 = ( LENGTH_UNIT() NAMED_UNIT(*) SI_UNIT(.MILLI.,.METRE.) );
#2851 = ( NAMED_UNIT(*) PLANE_ANGLE_UNIT() SI_UNIT($,.RADIAN.) );
#2852 = ( NAMED_UNIT(*) SI_UNIT($,.STERADIAN.) SOLID_ANGLE_UNIT() );
#2853 = UNCERTAINTY_MEASURE_WITH_UNIT(LENGTH_MEASURE(1.E-07),#2850,
  'distance_accuracy_value','confusion accuracy');
#2854 = CONTEXT_DEPENDENT_SHAPE_REPRESENTATION(#2855,#2857);
#2855 = ( REPRESENTATION_RELATIONSHIP('','',#2226,#10) 
REPRESENTATION_RELATIONSHIP_WITH_TRANSFORMATION(#2856) 
SHAPE_REPRESENTATION_RELATIONSHIP() );
#2856 = ITEM_DEFINED_TRANSFORMATION('','',#11,#23);
#2857 = PRODUCT_DEFINITION_SHAPE('Placement','Placement of an item',
  #2858);
#2858 = NEXT_ASSEMBLY_USAGE_OCCURRENCE('3','solid_tapered_supply_wedge',
  '',#5,#2221,$);
#2859 = PRODUCT_RELATED_PRODUCT_CATEGORY('part',$,(#2223));
#2860 = SHAPE_DEFINITION_REPRESENTATION(#2861,#2867);
#2861 = PRODUCT_DEFINITION_SHAPE('','',#2862);
#2862 = PRODUCT_DEFINITION('design','',#2863,#2866);
#2863 = PRODUCT_DEFINITION_FORMATION('','',#2864);
#2864 = PRODUCT('solid_false_wall_5mm_slots',
  'solid_false_wall_5mm_slots','',(#2865));
#2865 = PRODUCT_CONTEXT('',#2,'mechanical');
#2866 = PRODUCT_DEFINITION_CONTEXT('part definition',#2,'design');
#2867 = ADVANCED_BREP_SHAPE_REPRESENTATION('',(#11,#2868),#8898);
#2868 = MANIFOLD_SOLID_BREP('',#2869);
#2869 = CLOSED_SHELL('',(#2870,#2990,#5080,#5129,#6812,#6839,#6846,#6893
    ,#6920,#6947,#6954,#7001,#7028,#7055,#7062,#7109,#7136,#7163,#7170,
    #7217,#7244,#7271,#7278,#7325,#7352,#7379,#7386,#7433,#7460,#7487,
    #7494,#7541,#7568,#7595,#7602,#7649,#7676,#7703,#7710,#7757,#7784,
    #7811,#7818,#7865,#7892,#7919,#7926,#7973,#8000,#8027,#8034,#8081,
    #8108,#8135,#8142,#8189,#8216,#8243,#8250,#8297,#8324,#8351,#8358,
    #8405,#8432,#8459,#8466,#8513,#8540,#8567,#8574,#8621,#8648,#8675,
    #8682,#8729,#8756,#8783,#8790,#8837,#8864,#8891));
#2870 = ADVANCED_FACE('',(#2871),#2885,.F.);
#2871 = FACE_BOUND('',#2872,.F.);
#2872 = EDGE_LOOP('',(#2873,#2908,#2936,#2964));
#2873 = ORIENTED_EDGE('',*,*,#2874,.F.);
#2874 = EDGE_CURVE('',#2875,#2877,#2879,.T.);
#2875 = VERTEX_POINT('',#2876);
#2876 = CARTESIAN_POINT('',(-242.,-100.,-802.5));
#2877 = VERTEX_POINT('',#2878);
#2878 = CARTESIAN_POINT('',(-242.,-100.,452.5));
#2879 = SURFACE_CURVE('',#2880,(#2884,#2896),.PCURVE_S1.);
#2880 = LINE('',#2881,#2882);
#2881 = CARTESIAN_POINT('',(-242.,-100.,-802.5));
#2882 = VECTOR('',#2883,1.);
#2883 = DIRECTION('',(0.,0.,1.));
#2884 = PCURVE('',#2885,#2890);
#2885 = PLANE('',#2886);
#2886 = AXIS2_PLACEMENT_3D('',#2887,#2888,#2889);
#2887 = CARTESIAN_POINT('',(-242.,-100.,-802.5));
#2888 = DIRECTION('',(1.,0.,0.));
#2889 = DIRECTION('',(0.,0.,1.));
#2890 = DEFINITIONAL_REPRESENTATION('',(#2891),#2895);
#2891 = LINE('',#2892,#2893);
#2892 = CARTESIAN_POINT('',(0.,0.));
#2893 = VECTOR('',#2894,1.);
#2894 = DIRECTION('',(1.,0.));
#2895 = ( GEOMETRIC_REPRESENTATION_CONTEXT(2) 
PARAMETRIC_REPRESENTATION_CONTEXT() REPRESENTATION_CONTEXT('2D SPACE',''
  ) );
#2896 = PCURVE('',#2897,#2902);
#2897 = PLANE('',#2898);
#2898 = AXIS2_PLACEMENT_3D('',#2899,#2900,#2901);
#2899 = CARTESIAN_POINT('',(-242.,-100.,-802.5));
#2900 = DIRECTION('',(0.,1.,0.));
#2901 = DIRECTION('',(0.,0.,1.));
#2902 = DEFINITIONAL_REPRESENTATION('',(#2903),#2907);
#2903 = LINE('',#2904,#2905);
#2904 = CARTESIAN_POINT('',(0.,0.));
#2905 = VECTOR('',#2906,1.);
#2906 = DIRECTION('',(1.,0.));
#2907 = ( GEOMETRIC_REPRESENTATION_CONTEXT(2) 
PARAMETRIC_REPRESENTATION_CONTEXT() REPRESENTATION_CONTEXT('2D SPACE',''
  ) );
#2908 = ORIENTED_EDGE('',*,*,#2909,.T.);
#2909 = EDGE_CURVE('',#2875,#2910,#2912,.T.);
#2910 = VERTEX_POINT('',#2911);
#2911 = CARTESIAN_POINT('',(-242.,-98.,-802.5));
#2912 = SURFACE_CURVE('',#2913,(#2917,#2924),.PCURVE_S1.);
#2913 = LINE('',#2914,#2915);
#2914 = CARTESIAN_POINT('',(-242.,-100.,-802.5));
#2915 = VECTOR('',#2916,1.);
#2916 = DIRECTION('',(0.,1.,0.));
#2917 = PCURVE('',#2885,#2918);
#2918 = DEFINITIONAL_REPRESENTATION('',(#2919),#2923);
#2919 = LINE('',#2920,#2921);
#2920 = CARTESIAN_POINT('',(0.,0.));
#2921 = VECTOR('',#2922,1.);
#2922 = DIRECTION('',(0.,-1.));
#2923 = ( GEOMETRIC_REPRESENTATION_CONTEXT(2) 
PARAMETRIC_REPRESENTATION_CONTEXT() REPRESENTATION_CONTEXT('2D SPACE',''
  ) );
#2924 = PCURVE('',#2925,#2930);
#2925 = PLANE('',#2926);
#2926 = AXIS2_PLACEMENT_3D('',#2927,#2928,#2929);
#2927 = CARTESIAN_POINT('',(-242.,-100.,-802.5));
#2928 = DIRECTION('',(0.,0.,1.));
#2929 = DIRECTION('',(1.,0.,0.));
#2930 = DEFINITIONAL_REPRESENTATION('',(#2931),#2935);
#2931 = LINE('',#2932,#2933);
#2932 = CARTESIAN_POINT('',(0.,0.));
#2933 = VECTOR('',#2934,1.);
#2934 = DIRECTION('',(0.,1.));
#2935 = ( GEOMETRIC_REPRESENTATION_CONTEXT(2) 
PARAMETRIC_REPRESENTATION_CONTEXT() REPRESENTATION_CONTEXT('2D SPACE',''
  ) );
#2936 = ORIENTED_EDGE('',*,*,#2937,.T.);
#2937 = EDGE_CURVE('',#2910,#2938,#2940,.T.);
#2938 = VERTEX_POINT('',#2939);
#2939 = CARTESIAN_POINT('',(-242.,-98.,452.5));
#2940 = SURFACE_CURVE('',#2941,(#2945,#2952),.PCURVE_S1.);
#2941 = LINE('',#2942,#2943);
#2942 = CARTESIAN_POINT('',(-242.,-98.,-802.5));
#2943 = VECTOR('',#2944,1.);
#2944 = DIRECTION('',(0.,0.,1.));
#2945 = PCURVE('',#2885,#2946);
#2946 = DEFINITIONAL_REPRESENTATION('',(#2947),#2951);
#2947 = LINE('',#2948,#2949);
#2948 = CARTESIAN_POINT('',(0.,-2.));
#2949 = VECTOR('',#2950,1.);
#2950 = DIRECTION('',(1.,0.));
#2951 = ( GEOMETRIC_REPRESENTATION_CONTEXT(2) 
PARAMETRIC_REPRESENTATION_CONTEXT() REPRESENTATION_CONTEXT('2D SPACE',''
  ) );
#2952 = PCURVE('',#2953,#2958);
#2953 = PLANE('',#2954);
#2954 = AXIS2_PLACEMENT_3D('',#2955,#2956,#2957);
#2955 = CARTESIAN_POINT('',(-242.,-98.,-802.5));
#2956 = DIRECTION('',(0.,1.,0.));
#2957 = DIRECTION('',(0.,0.,1.));
#2958 = DEFINITIONAL_REPRESENTATION('',(#2959),#2963);
#2959 = LINE('',#2960,#2961);
#2960 = CARTESIAN_POINT('',(0.,0.));
#2961 = VECTOR('',#2962,1.);
#2962 = DIRECTION('',(1.,0.));
#2963 = ( GEOMETRIC_REPRESENTATION_CONTEXT(2) 
PARAMETRIC_REPRESENTATION_CONTEXT() REPRESENTATION_CONTEXT('2D SPACE',''
  ) );
#2964 = ORIENTED_EDGE('',*,*,#2965,.F.);
#2965 = EDGE_CURVE('',#2877,#2938,#2966,.T.);
#2966 = SURFACE_CURVE('',#2967,(#2971,#2978),.PCURVE_S1.);
#2967 = LINE('',#2968,#2969);
#2968 = CARTESIAN_POINT('',(-242.,-100.,452.5));
#2969 = VECTOR('',#2970,1.);
#2970 = DIRECTION('',(0.,1.,0.));
#2971 = PCURVE('',#2885,#2972);
#2972 = DEFINITIONAL_REPRESENTATION('',(#2973),#2977);
#2973 = LINE('',#2974,#2975);
#2974 = CARTESIAN_POINT('',(1.255E+03,0.));
#2975 = VECTOR('',#2976,1.);
#2976 = DIRECTION('',(0.,-1.));
#2977 = ( GEOMETRIC_REPRESENTATION_CONTEXT(2) 
PARAMETRIC_REPRESENTATION_CONTEXT() REPRESENTATION_CONTEXT('2D SPACE',''
  ) );
#2978 = PCURVE('',#2979,#2984);
#2979 = PLANE('',#2980);
#2980 = AXIS2_PLACEMENT_3D('',#2981,#2982,#2983);
#2981 = CARTESIAN_POINT('',(-242.,-100.,452.5));
#2982 = DIRECTION('',(0.,0.,1.));
#2983 = DIRECTION('',(1.,0.,0.));
#2984 = DEFINITIONAL_REPRESENTATION('',(#2985),#2989);
#2985 = LINE('',#2986,#2987);
#2986 = CARTESIAN_POINT('',(0.,0.));
#2987 = VECTOR('',#2988,1.);
#2988 = DIRECTION('',(0.,1.));
#2989 = ( GEOMETRIC_REPRESENTATION_CONTEXT(2) 
PARAMETRIC_REPRESENTATION_CONTEXT() REPRESENTATION_CONTEXT('2D SPACE',''
  ) );
#2990 = ADVANCED_FACE('',(#2991,#3066,#3172,#3278,#3384,#3490,#3596,
    #3702,#3808,#3914,#4020,#4126,#4232,#4338,#4444,#4550,#4656,#4762,
    #4868,#4974),#2897,.F.);
#2991 = FACE_BOUND('',#2992,.F.);
#2992 = EDGE_LOOP('',(#2993,#3016,#3017,#3040));
#2993 = ORIENTED_EDGE('',*,*,#2994,.F.);
#2994 = EDGE_CURVE('',#2875,#2995,#2997,.T.);
#2995 = VERTEX_POINT('',#2996);
#2996 = CARTESIAN_POINT('',(242.,-100.,-802.5));
#2997 = SURFACE_CURVE('',#2998,(#3002,#3009),.PCURVE_S1.);
#2998 = LINE('',#2999,#3000);
#2999 = CARTESIAN_POINT('',(-242.,-100.,-802.5));
#3000 = VECTOR('',#3001,1.);
#3001 = DIRECTION('',(1.,0.,0.));
#3002 = PCURVE('',#2897,#3003);
#3003 = DEFINITIONAL_REPRESENTATION('',(#3004),#3008);
#3004 = LINE('',#3005,#3006);
#3005 = CARTESIAN_POINT('',(0.,0.));
#3006 = VECTOR('',#3007,1.);
#3007 = DIRECTION('',(0.,1.));
#3008 = ( GEOMETRIC_REPRESENTATION_CONTEXT(2) 
PARAMETRIC_REPRESENTATION_CONTEXT() REPRESENTATION_CONTEXT('2D SPACE',''
  ) );
#3009 = PCURVE('',#2925,#3010);
#3010 = DEFINITIONAL_REPRESENTATION('',(#3011),#3015);
#3011 = LINE('',#3012,#3013);
#3012 = CARTESIAN_POINT('',(0.,0.));
#3013 = VECTOR('',#3014,1.);
#3014 = DIRECTION('',(1.,0.));
#3015 = ( GEOMETRIC_REPRESENTATION_CONTEXT(2) 
PARAMETRIC_REPRESENTATION_CONTEXT() REPRESENTATION_CONTEXT('2D SPACE',''
  ) );
#3016 = ORIENTED_EDGE('',*,*,#2874,.T.);
#3017 = ORIENTED_EDGE('',*,*,#3018,.T.);
#3018 = EDGE_CURVE('',#2877,#3019,#3021,.T.);
#3019 = VERTEX_POINT('',#3020);
#3020 = CARTESIAN_POINT('',(242.,-100.,452.5));
#3021 = SURFACE_CURVE('',#3022,(#3026,#3033),.PCURVE_S1.);
#3022 = LINE('',#3023,#3024);
#3023 = CARTESIAN_POINT('',(-242.,-100.,452.5));
#3024 = VECTOR('',#3025,1.);
#3025 = DIRECTION('',(1.,0.,0.));
#3026 = PCURVE('',#2897,#3027);
#3027 = DEFINITIONAL_REPRESENTATION('',(#3028),#3032);
#3028 = LINE('',#3029,#3030);
#3029 = CARTESIAN_POINT('',(1.255E+03,0.));
#3030 = VECTOR('',#3031,1.);
#3031 = DIRECTION('',(0.,1.));
#3032 = ( GEOMETRIC_REPRESENTATION_CONTEXT(2) 
PARAMETRIC_REPRESENTATION_CONTEXT() REPRESENTATION_CONTEXT('2D SPACE',''
  ) );
#3033 = PCURVE('',#2979,#3034);
#3034 = DEFINITIONAL_REPRESENTATION('',(#3035),#3039);
#3035 = LINE('',#3036,#3037);
#3036 = CARTESIAN_POINT('',(0.,0.));
#3037 = VECTOR('',#3038,1.);
#3038 = DIRECTION('',(1.,0.));
#3039 = ( GEOMETRIC_REPRESENTATION_CONTEXT(2) 
PARAMETRIC_REPRESENTATION_CONTEXT() REPRESENTATION_CONTEXT('2D SPACE',''
  ) );
#3040 = ORIENTED_EDGE('',*,*,#3041,.F.);
#3041 = EDGE_CURVE('',#2995,#3019,#3042,.T.);
#3042 = SURFACE_CURVE('',#3043,(#3047,#3054),.PCURVE_S1.);
#3043 = LINE('',#3044,#3045);
#3044 = CARTESIAN_POINT('',(242.,-100.,-802.5));
#3045 = VECTOR('',#3046,1.);
#3046 = DIRECTION('',(0.,0.,1.));
#3047 = PCURVE('',#2897,#3048);
#3048 = DEFINITIONAL_REPRESENTATION('',(#3049),#3053);
#3049 = LINE('',#3050,#3051);
#3050 = CARTESIAN_POINT('',(0.,484.));
#3051 = VECTOR('',#3052,1.);
#3052 = DIRECTION('',(1.,0.));
#3053 = ( GEOMETRIC_REPRESENTATION_CONTEXT(2) 
PARAMETRIC_REPRESENTATION_CONTEXT() REPRESENTATION_CONTEXT('2D SPACE',''
  ) );
#3054 = PCURVE('',#3055,#3060);
#3055 = PLANE('',#3056);
#3056 = AXIS2_PLACEMENT_3D('',#3057,#3058,#3059);
#3057 = CARTESIAN_POINT('',(242.,-100.,-802.5));
#3058 = DIRECTION('',(1.,0.,0.));
#3059 = DIRECTION('',(0.,0.,1.));
#3060 = DEFINITIONAL_REPRESENTATION('',(#3061),#3065);
#3061 = LINE('',#3062,#3063);
#3062 = CARTESIAN_POINT('',(0.,0.));
#3063 = VECTOR('',#3064,1.);
#3064 = DIRECTION('',(1.,0.));
#3065 = ( GEOMETRIC_REPRESENTATION_CONTEXT(2) 
PARAMETRIC_REPRESENTATION_CONTEXT() REPRESENTATION_CONTEXT('2D SPACE',''
  ) );
#3066 = FACE_BOUND('',#3067,.F.);
#3067 = EDGE_LOOP('',(#3068,#3096,#3122,#3148));
#3068 = ORIENTED_EDGE('',*,*,#3069,.F.);
#3069 = EDGE_CURVE('',#3070,#3072,#3074,.T.);
#3070 = VERTEX_POINT('',#3071);
#3071 = CARTESIAN_POINT('',(-198.5,-100.,-707.5));
#3072 = VERTEX_POINT('',#3073);
#3073 = CARTESIAN_POINT('',(198.5,-100.,-707.5));
#3074 = SURFACE_CURVE('',#3075,(#3079,#3085),.PCURVE_S1.);
#3075 = LINE('',#3076,#3077);
#3076 = CARTESIAN_POINT('',(-220.25,-100.,-707.5));
#3077 = VECTOR('',#3078,1.);
#3078 = DIRECTION('',(1.,0.,0.));
#3079 = PCURVE('',#2897,#3080);
#3080 = DEFINITIONAL_REPRESENTATION('',(#3081),#3084);
#3081 = B_SPLINE_CURVE_WITH_KNOTS('',1,(#3082,#3083),.UNSPECIFIED.,.F.,
  .F.,(2,2),(21.75,418.75),.PIECEWISE_BEZIER_KNOTS.);
#3082 = CARTESIAN_POINT('',(95.,43.5));
#3083 = CARTESIAN_POINT('',(95.,440.5));
#3084 = ( GEOMETRIC_REPRESENTATION_CONTEXT(2) 
PARAMETRIC_REPRESENTATION_CONTEXT() REPRESENTATION_CONTEXT('2D SPACE',''
  ) );
#3085 = PCURVE('',#3086,#3091);
#3086 = PLANE('',#3087);
#3087 = AXIS2_PLACEMENT_3D('',#3088,#3089,#3090);
#3088 = CARTESIAN_POINT('',(-198.5,-102.,-707.5));
#3089 = DIRECTION('',(0.,0.,1.));
#3090 = DIRECTION('',(1.,0.,0.));
#3091 = DEFINITIONAL_REPRESENTATION('',(#3092),#3095);
#3092 = B_SPLINE_CURVE_WITH_KNOTS('',1,(#3093,#3094),.UNSPECIFIED.,.F.,
  .F.,(2,2),(21.75,418.75),.PIECEWISE_BEZIER_KNOTS.);
#3093 = CARTESIAN_POINT('',(0.,2.));
#3094 = CARTESIAN_POINT('',(397.,2.));
#3095 = ( GEOMETRIC_REPRESENTATION_CONTEXT(2) 
PARAMETRIC_REPRESENTATION_CONTEXT() REPRESENTATION_CONTEXT('2D SPACE',''
  ) );
#3096 = ORIENTED_EDGE('',*,*,#3097,.T.);
#3097 = EDGE_CURVE('',#3070,#3098,#3100,.T.);
#3098 = VERTEX_POINT('',#3099);
#3099 = CARTESIAN_POINT('',(-198.5,-100.,-712.5));
#3100 = SURFACE_CURVE('',#3101,(#3105,#3111),.PCURVE_S1.);
#3101 = LINE('',#3102,#3103);
#3102 = CARTESIAN_POINT('',(-198.5,-100.,-757.5));
#3103 = VECTOR('',#3104,1.);
#3104 = DIRECTION('',(0.,0.,-1.));
#3105 = PCURVE('',#2897,#3106);
#3106 = DEFINITIONAL_REPRESENTATION('',(#3107),#3110);
#3107 = B_SPLINE_CURVE_WITH_KNOTS('',1,(#3108,#3109),.UNSPECIFIED.,.F.,
  .F.,(2,2),(-50.,-45.),.PIECEWISE_BEZIER_KNOTS.);
#3108 = CARTESIAN_POINT('',(95.,43.5));
#3109 = CARTESIAN_POINT('',(90.,43.5));
#3110 = ( GEOMETRIC_REPRESENTATION_CONTEXT(2) 
PARAMETRIC_REPRESENTATION_CONTEXT() REPRESENTATION_CONTEXT('2D SPACE',''
  ) );
#3111 = PCURVE('',#3112,#3117);
#3112 = PLANE('',#3113);
#3113 = AXIS2_PLACEMENT_3D('',#3114,#3115,#3116);
#3114 = CARTESIAN_POINT('',(-198.5,-102.,-712.5));
#3115 = DIRECTION('',(1.,0.,0.));
#3116 = DIRECTION('',(0.,0.,1.));
#3117 = DEFINITIONAL_REPRESENTATION('',(#3118),#3121);
#3118 = B_SPLINE_CURVE_WITH_KNOTS('',1,(#3119,#3120),.UNSPECIFIED.,.F.,
  .F.,(2,2),(-50.,-45.),.PIECEWISE_BEZIER_KNOTS.);
#3119 = CARTESIAN_POINT('',(5.,-2.));
#3120 = CARTESIAN_POINT('',(0.,-2.));
#3121 = ( GEOMETRIC_REPRESENTATION_CONTEXT(2) 
PARAMETRIC_REPRESENTATION_CONTEXT() REPRESENTATION_CONTEXT('2D SPACE',''
  ) );
#3122 = ORIENTED_EDGE('',*,*,#3123,.T.);
#3123 = EDGE_CURVE('',#3098,#3124,#3126,.T.);
#3124 = VERTEX_POINT('',#3125);
#3125 = CARTESIAN_POINT('',(198.5,-100.,-712.5));
#3126 = SURFACE_CURVE('',#3127,(#3131,#3137),.PCURVE_S1.);
#3127 = LINE('',#3128,#3129);
#3128 = CARTESIAN_POINT('',(-220.25,-100.,-712.5));
#3129 = VECTOR('',#3130,1.);
#3130 = DIRECTION('',(1.,0.,0.));
#3131 = PCURVE('',#2897,#3132);
#3132 = DEFINITIONAL_REPRESENTATION('',(#3133),#3136);
#3133 = B_SPLINE_CURVE_WITH_KNOTS('',1,(#3134,#3135),.UNSPECIFIED.,.F.,
  .F.,(2,2),(21.75,418.75),.PIECEWISE_BEZIER_KNOTS.);
#3134 = CARTESIAN_POINT('',(90.,43.5));
#3135 = CARTESIAN_POINT('',(90.,440.5));
#3136 = ( GEOMETRIC_REPRESENTATION_CONTEXT(2) 
PARAMETRIC_REPRESENTATION_CONTEXT() REPRESENTATION_CONTEXT('2D SPACE',''
  ) );
#3137 = PCURVE('',#3138,#3143);
#3138 = PLANE('',#3139);
#3139 = AXIS2_PLACEMENT_3D('',#3140,#3141,#3142);
#3140 = CARTESIAN_POINT('',(-198.5,-102.,-712.5));
#3141 = DIRECTION('',(0.,0.,1.));
#3142 = DIRECTION('',(1.,0.,0.));
#3143 = DEFINITIONAL_REPRESENTATION('',(#3144),#3147);
#3144 = B_SPLINE_CURVE_WITH_KNOTS('',1,(#3145,#3146),.UNSPECIFIED.,.F.,
  .F.,(2,2),(21.75,418.75),.PIECEWISE_BEZIER_KNOTS.);
#3145 = CARTESIAN_POINT('',(0.,2.));
#3146 = CARTESIAN_POINT('',(397.,2.));
#3147 = ( GEOMETRIC_REPRESENTATION_CONTEXT(2) 
PARAMETRIC_REPRESENTATION_CONTEXT() REPRESENTATION_CONTEXT('2D SPACE',''
  ) );
#3148 = ORIENTED_EDGE('',*,*,#3149,.F.);
#3149 = EDGE_CURVE('',#3072,#3124,#3150,.T.);
#3150 = SURFACE_CURVE('',#3151,(#3155,#3161),.PCURVE_S1.);
#3151 = LINE('',#3152,#3153);
#3152 = CARTESIAN_POINT('',(198.5,-100.,-757.5));
#3153 = VECTOR('',#3154,1.);
#3154 = DIRECTION('',(0.,0.,-1.));
#3155 = PCURVE('',#2897,#3156);
#3156 = DEFINITIONAL_REPRESENTATION('',(#3157),#3160);
#3157 = B_SPLINE_CURVE_WITH_KNOTS('',1,(#3158,#3159),.UNSPECIFIED.,.F.,
  .F.,(2,2),(-50.,-45.),.PIECEWISE_BEZIER_KNOTS.);
#3158 = CARTESIAN_POINT('',(95.,440.5));
#3159 = CARTESIAN_POINT('',(90.,440.5));
#3160 = ( GEOMETRIC_REPRESENTATION_CONTEXT(2) 
PARAMETRIC_REPRESENTATION_CONTEXT() REPRESENTATION_CONTEXT('2D SPACE',''
  ) );
#3161 = PCURVE('',#3162,#3167);
#3162 = PLANE('',#3163);
#3163 = AXIS2_PLACEMENT_3D('',#3164,#3165,#3166);
#3164 = CARTESIAN_POINT('',(198.5,-102.,-712.5));
#3165 = DIRECTION('',(1.,0.,0.));
#3166 = DIRECTION('',(0.,0.,1.));
#3167 = DEFINITIONAL_REPRESENTATION('',(#3168),#3171);
#3168 = B_SPLINE_CURVE_WITH_KNOTS('',1,(#3169,#3170),.UNSPECIFIED.,.F.,
  .F.,(2,2),(-50.,-45.),.PIECEWISE_BEZIER_KNOTS.);
#3169 = CARTESIAN_POINT('',(5.,-2.));
#3170 = CARTESIAN_POINT('',(0.,-2.));
#3171 = ( GEOMETRIC_REPRESENTATION_CONTEXT(2) 
PARAMETRIC_REPRESENTATION_CONTEXT() REPRESENTATION_CONTEXT('2D SPACE',''
  ) );
#3172 = FACE_BOUND('',#3173,.F.);
#3173 = EDGE_LOOP('',(#3174,#3202,#3228,#3254));
#3174 = ORIENTED_EDGE('',*,*,#3175,.F.);
#3175 = EDGE_CURVE('',#3176,#3178,#3180,.T.);
#3176 = VERTEX_POINT('',#3177);
#3177 = CARTESIAN_POINT('',(-198.5,-100.,-646.));
#3178 = VERTEX_POINT('',#3179);
#3179 = CARTESIAN_POINT('',(198.5,-100.,-646.));
#3180 = SURFACE_CURVE('',#3181,(#3185,#3191),.PCURVE_S1.);
#3181 = LINE('',#3182,#3183);
#3182 = CARTESIAN_POINT('',(-220.25,-100.,-646.));
#3183 = VECTOR('',#3184,1.);
#3184 = DIRECTION('',(1.,0.,0.));
#3185 = PCURVE('',#2897,#3186);
#3186 = DEFINITIONAL_REPRESENTATION('',(#3187),#3190);
#3187 = B_SPLINE_CURVE_WITH_KNOTS('',1,(#3188,#3189),.UNSPECIFIED.,.F.,
  .F.,(2,2),(21.75,418.75),.PIECEWISE_BEZIER_KNOTS.);
#3188 = CARTESIAN_POINT('',(156.5,43.5));
#3189 = CARTESIAN_POINT('',(156.5,440.5));
#3190 = ( GEOMETRIC_REPRESENTATION_CONTEXT(2) 
PARAMETRIC_REPRESENTATION_CONTEXT() REPRESENTATION_CONTEXT('2D SPACE',''
  ) );
#3191 = PCURVE('',#3192,#3197);
#3192 = PLANE('',#3193);
#3193 = AXIS2_PLACEMENT_3D('',#3194,#3195,#3196);
#3194 = CARTESIAN_POINT('',(-198.5,-102.,-646.));
#3195 = DIRECTION('',(0.,0.,1.));
#3196 = DIRECTION('',(1.,0.,0.));
#3197 = DEFINITIONAL_REPRESENTATION('',(#3198),#3201);
#3198 = B_SPLINE_CURVE_WITH_KNOTS('',1,(#3199,#3200),.UNSPECIFIED.,.F.,
  .F.,(2,2),(21.75,418.75),.PIECEWISE_BEZIER_KNOTS.);
#3199 = CARTESIAN_POINT('',(0.,2.));
#3200 = CARTESIAN_POINT('',(397.,2.));
#3201 = ( GEOMETRIC_REPRESENTATION_CONTEXT(2) 
PARAMETRIC_REPRESENTATION_CONTEXT() REPRESENTATION_CONTEXT('2D SPACE',''
  ) );
#3202 = ORIENTED_EDGE('',*,*,#3203,.T.);
#3203 = EDGE_CURVE('',#3176,#3204,#3206,.T.);
#3204 = VERTEX_POINT('',#3205);
#3205 = CARTESIAN_POINT('',(-198.5,-100.,-651.));
#3206 = SURFACE_CURVE('',#3207,(#3211,#3217),.PCURVE_S1.);
#3207 = LINE('',#3208,#3209);
#3208 = CARTESIAN_POINT('',(-198.5,-100.,-726.75));
#3209 = VECTOR('',#3210,1.);
#3210 = DIRECTION('',(0.,0.,-1.));
#3211 = PCURVE('',#2897,#3212);
#3212 = DEFINITIONAL_REPRESENTATION('',(#3213),#3216);
#3213 = B_SPLINE_CURVE_WITH_KNOTS('',1,(#3214,#3215),.UNSPECIFIED.,.F.,
  .F.,(2,2),(-80.75,-75.75),.PIECEWISE_BEZIER_KNOTS.);
#3214 = CARTESIAN_POINT('',(156.5,43.5));
#3215 = CARTESIAN_POINT('',(151.5,43.5));
#3216 = ( GEOMETRIC_REPRESENTATION_CONTEXT(2) 
PARAMETRIC_REPRESENTATION_CONTEXT() REPRESENTATION_CONTEXT('2D SPACE',''
  ) );
#3217 = PCURVE('',#3218,#3223);
#3218 = PLANE('',#3219);
#3219 = AXIS2_PLACEMENT_3D('',#3220,#3221,#3222);
#3220 = CARTESIAN_POINT('',(-198.5,-102.,-651.));
#3221 = DIRECTION('',(1.,0.,0.));
#3222 = DIRECTION('',(0.,0.,1.));
#3223 = DEFINITIONAL_REPRESENTATION('',(#3224),#3227);
#3224 = B_SPLINE_CURVE_WITH_KNOTS('',1,(#3225,#3226),.UNSPECIFIED.,.F.,
  .F.,(2,2),(-80.75,-75.75),.PIECEWISE_BEZIER_KNOTS.);
#3225 = CARTESIAN_POINT('',(5.,-2.));
#3226 = CARTESIAN_POINT('',(0.,-2.));
#3227 = ( GEOMETRIC_REPRESENTATION_CONTEXT(2) 
PARAMETRIC_REPRESENTATION_CONTEXT() REPRESENTATION_CONTEXT('2D SPACE',''
  ) );
#3228 = ORIENTED_EDGE('',*,*,#3229,.T.);
#3229 = EDGE_CURVE('',#3204,#3230,#3232,.T.);
#3230 = VERTEX_POINT('',#3231);
#3231 = CARTESIAN_POINT('',(198.5,-100.,-651.));
#3232 = SURFACE_CURVE('',#3233,(#3237,#3243),.PCURVE_S1.);
#3233 = LINE('',#3234,#3235);
#3234 = CARTESIAN_POINT('',(-220.25,-100.,-651.));
#3235 = VECTOR('',#3236,1.);
#3236 = DIRECTION('',(1.,0.,0.));
#3237 = PCURVE('',#2897,#3238);
#3238 = DEFINITIONAL_REPRESENTATION('',(#3239),#3242);
#3239 = B_SPLINE_CURVE_WITH_KNOTS('',1,(#3240,#3241),.UNSPECIFIED.,.F.,
  .F.,(2,2),(21.75,418.75),.PIECEWISE_BEZIER_KNOTS.);
#3240 = CARTESIAN_POINT('',(151.5,43.5));
#3241 = CARTESIAN_POINT('',(151.5,440.5));
#3242 = ( GEOMETRIC_REPRESENTATION_CONTEXT(2) 
PARAMETRIC_REPRESENTATION_CONTEXT() REPRESENTATION_CONTEXT('2D SPACE',''
  ) );
#3243 = PCURVE('',#3244,#3249);
#3244 = PLANE('',#3245);
#3245 = AXIS2_PLACEMENT_3D('',#3246,#3247,#3248);
#3246 = CARTESIAN_POINT('',(-198.5,-102.,-651.));
#3247 = DIRECTION('',(0.,0.,1.));
#3248 = DIRECTION('',(1.,0.,0.));
#3249 = DEFINITIONAL_REPRESENTATION('',(#3250),#3253);
#3250 = B_SPLINE_CURVE_WITH_KNOTS('',1,(#3251,#3252),.UNSPECIFIED.,.F.,
  .F.,(2,2),(21.75,418.75),.PIECEWISE_BEZIER_KNOTS.);
#3251 = CARTESIAN_POINT('',(0.,2.));
#3252 = CARTESIAN_POINT('',(397.,2.));
#3253 = ( GEOMETRIC_REPRESENTATION_CONTEXT(2) 
PARAMETRIC_REPRESENTATION_CONTEXT() REPRESENTATION_CONTEXT('2D SPACE',''
  ) );
#3254 = ORIENTED_EDGE('',*,*,#3255,.F.);
#3255 = EDGE_CURVE('',#3178,#3230,#3256,.T.);
#3256 = SURFACE_CURVE('',#3257,(#3261,#3267),.PCURVE_S1.);
#3257 = LINE('',#3258,#3259);
#3258 = CARTESIAN_POINT('',(198.5,-100.,-726.75));
#3259 = VECTOR('',#3260,1.);
#3260 = DIRECTION('',(0.,0.,-1.));
#3261 = PCURVE('',#2897,#3262);
#3262 = DEFINITIONAL_REPRESENTATION('',(#3263),#3266);
#3263 = B_SPLINE_CURVE_WITH_KNOTS('',1,(#3264,#3265),.UNSPECIFIED.,.F.,
  .F.,(2,2),(-80.75,-75.75),.PIECEWISE_BEZIER_KNOTS.);
#3264 = CARTESIAN_POINT('',(156.5,440.5));
#3265 = CARTESIAN_POINT('',(151.5,440.5));
#3266 = ( GEOMETRIC_REPRESENTATION_CONTEXT(2) 
PARAMETRIC_REPRESENTATION_CONTEXT() REPRESENTATION_CONTEXT('2D SPACE',''
  ) );
#3267 = PCURVE('',#3268,#3273);
#3268 = PLANE('',#3269);
#3269 = AXIS2_PLACEMENT_3D('',#3270,#3271,#3272);
#3270 = CARTESIAN_POINT('',(198.5,-102.,-651.));
#3271 = DIRECTION('',(1.,0.,0.));
#3272 = DIRECTION('',(0.,0.,1.));
#3273 = DEFINITIONAL_REPRESENTATION('',(#3274),#3277);
#3274 = B_SPLINE_CURVE_WITH_KNOTS('',1,(#3275,#3276),.UNSPECIFIED.,.F.,
  .F.,(2,2),(-80.75,-75.75),.PIECEWISE_BEZIER_KNOTS.);
#3275 = CARTESIAN_POINT('',(5.,-2.));
#3276 = CARTESIAN_POINT('',(0.,-2.));
#3277 = ( GEOMETRIC_REPRESENTATION_CONTEXT(2) 
PARAMETRIC_REPRESENTATION_CONTEXT() REPRESENTATION_CONTEXT('2D SPACE',''
  ) );
#3278 = FACE_BOUND('',#3279,.F.);
#3279 = EDGE_LOOP('',(#3280,#3308,#3334,#3360));
#3280 = ORIENTED_EDGE('',*,*,#3281,.F.);
#3281 = EDGE_CURVE('',#3282,#3284,#3286,.T.);
#3282 = VERTEX_POINT('',#3283);
#3283 = CARTESIAN_POINT('',(-198.5,-100.,-584.5));
#3284 = VERTEX_POINT('',#3285);
#3285 = CARTESIAN_POINT('',(198.5,-100.,-584.5));
#3286 = SURFACE_CURVE('',#3287,(#3291,#3297),.PCURVE_S1.);
#3287 = LINE('',#3288,#3289);
#3288 = CARTESIAN_POINT('',(-220.25,-100.,-584.5));
#3289 = VECTOR('',#3290,1.);
#3290 = DIRECTION('',(1.,0.,0.));
#3291 = PCURVE('',#2897,#3292);
#3292 = DEFINITIONAL_REPRESENTATION('',(#3293),#3296);
#3293 = B_SPLINE_CURVE_WITH_KNOTS('',1,(#3294,#3295),.UNSPECIFIED.,.F.,
  .F.,(2,2),(21.75,418.75),.PIECEWISE_BEZIER_KNOTS.);
#3294 = CARTESIAN_POINT('',(218.,43.5));
#3295 = CARTESIAN_POINT('',(218.,440.5));
#3296 = ( GEOMETRIC_REPRESENTATION_CONTEXT(2) 
PARAMETRIC_REPRESENTATION_CONTEXT() REPRESENTATION_CONTEXT('2D SPACE',''
  ) );
#3297 = PCURVE('',#3298,#3303);
#3298 = PLANE('',#3299);
#3299 = AXIS2_PLACEMENT_3D('',#3300,#3301,#3302);
#3300 = CARTESIAN_POINT('',(-198.5,-102.,-584.5));
#3301 = DIRECTION('',(0.,0.,1.));
#3302 = DIRECTION('',(1.,0.,0.));
#3303 = DEFINITIONAL_REPRESENTATION('',(#3304),#3307);
#3304 = B_SPLINE_CURVE_WITH_KNOTS('',1,(#3305,#3306),.UNSPECIFIED.,.F.,
  .F.,(2,2),(21.75,418.75),.PIECEWISE_BEZIER_KNOTS.);
#3305 = CARTESIAN_POINT('',(0.,2.));
#3306 = CARTESIAN_POINT('',(397.,2.));
#3307 = ( GEOMETRIC_REPRESENTATION_CONTEXT(2) 
PARAMETRIC_REPRESENTATION_CONTEXT() REPRESENTATION_CONTEXT('2D SPACE',''
  ) );
#3308 = ORIENTED_EDGE('',*,*,#3309,.T.);
#3309 = EDGE_CURVE('',#3282,#3310,#3312,.T.);
#3310 = VERTEX_POINT('',#3311);
#3311 = CARTESIAN_POINT('',(-198.5,-100.,-589.5));
#3312 = SURFACE_CURVE('',#3313,(#3317,#3323),.PCURVE_S1.);
#3313 = LINE('',#3314,#3315);
#3314 = CARTESIAN_POINT('',(-198.5,-100.,-696.));
#3315 = VECTOR('',#3316,1.);
#3316 = DIRECTION('',(0.,0.,-1.));
#3317 = PCURVE('',#2897,#3318);
#3318 = DEFINITIONAL_REPRESENTATION('',(#3319),#3322);
#3319 = B_SPLINE_CURVE_WITH_KNOTS('',1,(#3320,#3321),.UNSPECIFIED.,.F.,
  .F.,(2,2),(-111.5,-106.5),.PIECEWISE_BEZIER_KNOTS.);
#3320 = CARTESIAN_POINT('',(218.,43.5));
#3321 = CARTESIAN_POINT('',(213.,43.5));
#3322 = ( GEOMETRIC_REPRESENTATION_CONTEXT(2) 
PARAMETRIC_REPRESENTATION_CONTEXT() REPRESENTATION_CONTEXT('2D SPACE',''
  ) );
#3323 = PCURVE('',#3324,#3329);
#3324 = PLANE('',#3325);
#3325 = AXIS2_PLACEMENT_3D('',#3326,#3327,#3328);
#3326 = CARTESIAN_POINT('',(-198.5,-102.,-589.5));
#3327 = DIRECTION('',(1.,0.,0.));
#3328 = DIRECTION('',(0.,0.,1.));
#3329 = DEFINITIONAL_REPRESENTATION('',(#3330),#3333);
#3330 = B_SPLINE_CURVE_WITH_KNOTS('',1,(#3331,#3332),.UNSPECIFIED.,.F.,
  .F.,(2,2),(-111.5,-106.5),.PIECEWISE_BEZIER_KNOTS.);
#3331 = CARTESIAN_POINT('',(5.,-2.));
#3332 = CARTESIAN_POINT('',(0.,-2.));
#3333 = ( GEOMETRIC_REPRESENTATION_CONTEXT(2) 
PARAMETRIC_REPRESENTATION_CONTEXT() REPRESENTATION_CONTEXT('2D SPACE',''
  ) );
#3334 = ORIENTED_EDGE('',*,*,#3335,.T.);
#3335 = EDGE_CURVE('',#3310,#3336,#3338,.T.);
#3336 = VERTEX_POINT('',#3337);
#3337 = CARTESIAN_POINT('',(198.5,-100.,-589.5));
#3338 = SURFACE_CURVE('',#3339,(#3343,#3349),.PCURVE_S1.);
#3339 = LINE('',#3340,#3341);
#3340 = CARTESIAN_POINT('',(-220.25,-100.,-589.5));
#3341 = VECTOR('',#3342,1.);
#3342 = DIRECTION('',(1.,0.,0.));
#3343 = PCURVE('',#2897,#3344);
#3344 = DEFINITIONAL_REPRESENTATION('',(#3345),#3348);
#3345 = B_SPLINE_CURVE_WITH_KNOTS('',1,(#3346,#3347),.UNSPECIFIED.,.F.,
  .F.,(2,2),(21.75,418.75),.PIECEWISE_BEZIER_KNOTS.);
#3346 = CARTESIAN_POINT('',(213.,43.5));
#3347 = CARTESIAN_POINT('',(213.,440.5));
#3348 = ( GEOMETRIC_REPRESENTATION_CONTEXT(2) 
PARAMETRIC_REPRESENTATION_CONTEXT() REPRESENTATION_CONTEXT('2D SPACE',''
  ) );
#3349 = PCURVE('',#3350,#3355);
#3350 = PLANE('',#3351);
#3351 = AXIS2_PLACEMENT_3D('',#3352,#3353,#3354);
#3352 = CARTESIAN_POINT('',(-198.5,-102.,-589.5));
#3353 = DIRECTION('',(0.,0.,1.));
#3354 = DIRECTION('',(1.,0.,0.));
#3355 = DEFINITIONAL_REPRESENTATION('',(#3356),#3359);
#3356 = B_SPLINE_CURVE_WITH_KNOTS('',1,(#3357,#3358),.UNSPECIFIED.,.F.,
  .F.,(2,2),(21.75,418.75),.PIECEWISE_BEZIER_KNOTS.);
#3357 = CARTESIAN_POINT('',(0.,2.));
#3358 = CARTESIAN_POINT('',(397.,2.));
#3359 = ( GEOMETRIC_REPRESENTATION_CONTEXT(2) 
PARAMETRIC_REPRESENTATION_CONTEXT() REPRESENTATION_CONTEXT('2D SPACE',''
  ) );
#3360 = ORIENTED_EDGE('',*,*,#3361,.F.);
#3361 = EDGE_CURVE('',#3284,#3336,#3362,.T.);
#3362 = SURFACE_CURVE('',#3363,(#3367,#3373),.PCURVE_S1.);
#3363 = LINE('',#3364,#3365);
#3364 = CARTESIAN_POINT('',(198.5,-100.,-696.));
#3365 = VECTOR('',#3366,1.);
#3366 = DIRECTION('',(0.,0.,-1.));
#3367 = PCURVE('',#2897,#3368);
#3368 = DEFINITIONAL_REPRESENTATION('',(#3369),#3372);
#3369 = B_SPLINE_CURVE_WITH_KNOTS('',1,(#3370,#3371),.UNSPECIFIED.,.F.,
  .F.,(2,2),(-111.5,-106.5),.PIECEWISE_BEZIER_KNOTS.);
#3370 = CARTESIAN_POINT('',(218.,440.5));
#3371 = CARTESIAN_POINT('',(213.,440.5));
#3372 = ( GEOMETRIC_REPRESENTATION_CONTEXT(2) 
PARAMETRIC_REPRESENTATION_CONTEXT() REPRESENTATION_CONTEXT('2D SPACE',''
  ) );
#3373 = PCURVE('',#3374,#3379);
#3374 = PLANE('',#3375);
#3375 = AXIS2_PLACEMENT_3D('',#3376,#3377,#3378);
#3376 = CARTESIAN_POINT('',(198.5,-102.,-589.5));
#3377 = DIRECTION('',(1.,0.,0.));
#3378 = DIRECTION('',(0.,0.,1.));
#3379 = DEFINITIONAL_REPRESENTATION('',(#3380),#3383);
#3380 = B_SPLINE_CURVE_WITH_KNOTS('',1,(#3381,#3382),.UNSPECIFIED.,.F.,
  .F.,(2,2),(-111.5,-106.5),.PIECEWISE_BEZIER_KNOTS.);
#3381 = CARTESIAN_POINT('',(5.,-2.));
#3382 = CARTESIAN_POINT('',(0.,-2.));
#3383 = ( GEOMETRIC_REPRESENTATION_CONTEXT(2) 
PARAMETRIC_REPRESENTATION_CONTEXT() REPRESENTATION_CONTEXT('2D SPACE',''
  ) );
#3384 = FACE_BOUND('',#3385,.F.);
#3385 = EDGE_LOOP('',(#3386,#3414,#3440,#3466));
#3386 = ORIENTED_EDGE('',*,*,#3387,.F.);
#3387 = EDGE_CURVE('',#3388,#3390,#3392,.T.);
#3388 = VERTEX_POINT('',#3389);
#3389 = CARTESIAN_POINT('',(-198.5,-100.,-523.));
#3390 = VERTEX_POINT('',#3391);
#3391 = CARTESIAN_POINT('',(198.5,-100.,-523.));
#3392 = SURFACE_CURVE('',#3393,(#3397,#3403),.PCURVE_S1.);
#3393 = LINE('',#3394,#3395);
#3394 = CARTESIAN_POINT('',(-220.25,-100.,-523.));
#3395 = VECTOR('',#3396,1.);
#3396 = DIRECTION('',(1.,0.,0.));
#3397 = PCURVE('',#2897,#3398);
#3398 = DEFINITIONAL_REPRESENTATION('',(#3399),#3402);
#3399 = B_SPLINE_CURVE_WITH_KNOTS('',1,(#3400,#3401),.UNSPECIFIED.,.F.,
  .F.,(2,2),(21.75,418.75),.PIECEWISE_BEZIER_KNOTS.);
#3400 = CARTESIAN_POINT('',(279.5,43.5));
#3401 = CARTESIAN_POINT('',(279.5,440.5));
#3402 = ( GEOMETRIC_REPRESENTATION_CONTEXT(2) 
PARAMETRIC_REPRESENTATION_CONTEXT() REPRESENTATION_CONTEXT('2D SPACE',''
  ) );
#3403 = PCURVE('',#3404,#3409);
#3404 = PLANE('',#3405);
#3405 = AXIS2_PLACEMENT_3D('',#3406,#3407,#3408);
#3406 = CARTESIAN_POINT('',(-198.5,-102.,-523.));
#3407 = DIRECTION('',(0.,0.,1.));
#3408 = DIRECTION('',(1.,0.,0.));
#3409 = DEFINITIONAL_REPRESENTATION('',(#3410),#3413);
#3410 = B_SPLINE_CURVE_WITH_KNOTS('',1,(#3411,#3412),.UNSPECIFIED.,.F.,
  .F.,(2,2),(21.75,418.75),.PIECEWISE_BEZIER_KNOTS.);
#3411 = CARTESIAN_POINT('',(0.,2.));
#3412 = CARTESIAN_POINT('',(397.,2.));
#3413 = ( GEOMETRIC_REPRESENTATION_CONTEXT(2) 
PARAMETRIC_REPRESENTATION_CONTEXT() REPRESENTATION_CONTEXT('2D SPACE',''
  ) );
#3414 = ORIENTED_EDGE('',*,*,#3415,.T.);
#3415 = EDGE_CURVE('',#3388,#3416,#3418,.T.);
#3416 = VERTEX_POINT('',#3417);
#3417 = CARTESIAN_POINT('',(-198.5,-100.,-528.));
#3418 = SURFACE_CURVE('',#3419,(#3423,#3429),.PCURVE_S1.);
#3419 = LINE('',#3420,#3421);
#3420 = CARTESIAN_POINT('',(-198.5,-100.,-665.25));
#3421 = VECTOR('',#3422,1.);
#3422 = DIRECTION('',(0.,0.,-1.));
#3423 = PCURVE('',#2897,#3424);
#3424 = DEFINITIONAL_REPRESENTATION('',(#3425),#3428);
#3425 = B_SPLINE_CURVE_WITH_KNOTS('',1,(#3426,#3427),.UNSPECIFIED.,.F.,
  .F.,(2,2),(-142.25,-137.25),.PIECEWISE_BEZIER_KNOTS.);
#3426 = CARTESIAN_POINT('',(279.5,43.5));
#3427 = CARTESIAN_POINT('',(274.5,43.5));
#3428 = ( GEOMETRIC_REPRESENTATION_CONTEXT(2) 
PARAMETRIC_REPRESENTATION_CONTEXT() REPRESENTATION_CONTEXT('2D SPACE',''
  ) );
#3429 = PCURVE('',#3430,#3435);
#3430 = PLANE('',#3431);
#3431 = AXIS2_PLACEMENT_3D('',#3432,#3433,#3434);
#3432 = CARTESIAN_POINT('',(-198.5,-102.,-528.));
#3433 = DIRECTION('',(1.,0.,0.));
#3434 = DIRECTION('',(0.,0.,1.));
#3435 = DEFINITIONAL_REPRESENTATION('',(#3436),#3439);
#3436 = B_SPLINE_CURVE_WITH_KNOTS('',1,(#3437,#3438),.UNSPECIFIED.,.F.,
  .F.,(2,2),(-142.25,-137.25),.PIECEWISE_BEZIER_KNOTS.);
#3437 = CARTESIAN_POINT('',(5.,-2.));
#3438 = CARTESIAN_POINT('',(0.,-2.));
#3439 = ( GEOMETRIC_REPRESENTATION_CONTEXT(2) 
PARAMETRIC_REPRESENTATION_CONTEXT() REPRESENTATION_CONTEXT('2D SPACE',''
  ) );
#3440 = ORIENTED_EDGE('',*,*,#3441,.T.);
#3441 = EDGE_CURVE('',#3416,#3442,#3444,.T.);
#3442 = VERTEX_POINT('',#3443);
#3443 = CARTESIAN_POINT('',(198.5,-100.,-528.));
#3444 = SURFACE_CURVE('',#3445,(#3449,#3455),.PCURVE_S1.);
#3445 = LINE('',#3446,#3447);
#3446 = CARTESIAN_POINT('',(-220.25,-100.,-528.));
#3447 = VECTOR('',#3448,1.);
#3448 = DIRECTION('',(1.,0.,0.));
#3449 = PCURVE('',#2897,#3450);
#3450 = DEFINITIONAL_REPRESENTATION('',(#3451),#3454);
#3451 = B_SPLINE_CURVE_WITH_KNOTS('',1,(#3452,#3453),.UNSPECIFIED.,.F.,
  .F.,(2,2),(21.75,418.75),.PIECEWISE_BEZIER_KNOTS.);
#3452 = CARTESIAN_POINT('',(274.5,43.5));
#3453 = CARTESIAN_POINT('',(274.5,440.5));
#3454 = ( GEOMETRIC_REPRESENTATION_CONTEXT(2) 
PARAMETRIC_REPRESENTATION_CONTEXT() REPRESENTATION_CONTEXT('2D SPACE',''
  ) );
#3455 = PCURVE('',#3456,#3461);
#3456 = PLANE('',#3457);
#3457 = AXIS2_PLACEMENT_3D('',#3458,#3459,#3460);
#3458 = CARTESIAN_POINT('',(-198.5,-102.,-528.));
#3459 = DIRECTION('',(0.,0.,1.));
#3460 = DIRECTION('',(1.,0.,0.));
#3461 = DEFINITIONAL_REPRESENTATION('',(#3462),#3465);
#3462 = B_SPLINE_CURVE_WITH_KNOTS('',1,(#3463,#3464),.UNSPECIFIED.,.F.,
  .F.,(2,2),(21.75,418.75),.PIECEWISE_BEZIER_KNOTS.);
#3463 = CARTESIAN_POINT('',(0.,2.));
#3464 = CARTESIAN_POINT('',(397.,2.));
#3465 = ( GEOMETRIC_REPRESENTATION_CONTEXT(2) 
PARAMETRIC_REPRESENTATION_CONTEXT() REPRESENTATION_CONTEXT('2D SPACE',''
  ) );
#3466 = ORIENTED_EDGE('',*,*,#3467,.F.);
#3467 = EDGE_CURVE('',#3390,#3442,#3468,.T.);
#3468 = SURFACE_CURVE('',#3469,(#3473,#3479),.PCURVE_S1.);
#3469 = LINE('',#3470,#3471);
#3470 = CARTESIAN_POINT('',(198.5,-100.,-665.25));
#3471 = VECTOR('',#3472,1.);
#3472 = DIRECTION('',(0.,0.,-1.));
#3473 = PCURVE('',#2897,#3474);
#3474 = DEFINITIONAL_REPRESENTATION('',(#3475),#3478);
#3475 = B_SPLINE_CURVE_WITH_KNOTS('',1,(#3476,#3477),.UNSPECIFIED.,.F.,
  .F.,(2,2),(-142.25,-137.25),.PIECEWISE_BEZIER_KNOTS.);
#3476 = CARTESIAN_POINT('',(279.5,440.5));
#3477 = CARTESIAN_POINT('',(274.5,440.5));
#3478 = ( GEOMETRIC_REPRESENTATION_CONTEXT(2) 
PARAMETRIC_REPRESENTATION_CONTEXT() REPRESENTATION_CONTEXT('2D SPACE',''
  ) );
#3479 = PCURVE('',#3480,#3485);
#3480 = PLANE('',#3481);
#3481 = AXIS2_PLACEMENT_3D('',#3482,#3483,#3484);
#3482 = CARTESIAN_POINT('',(198.5,-102.,-528.));
#3483 = DIRECTION('',(1.,0.,0.));
#3484 = DIRECTION('',(0.,0.,1.));
#3485 = DEFINITIONAL_REPRESENTATION('',(#3486),#3489);
#3486 = B_SPLINE_CURVE_WITH_KNOTS('',1,(#3487,#3488),.UNSPECIFIED.,.F.,
  .F.,(2,2),(-142.25,-137.25),.PIECEWISE_BEZIER_KNOTS.);
#3487 = CARTESIAN_POINT('',(5.,-2.));
#3488 = CARTESIAN_POINT('',(0.,-2.));
#3489 = ( GEOMETRIC_REPRESENTATION_CONTEXT(2) 
PARAMETRIC_REPRESENTATION_CONTEXT() REPRESENTATION_CONTEXT('2D SPACE',''
  ) );
#3490 = FACE_BOUND('',#3491,.F.);
#3491 = EDGE_LOOP('',(#3492,#3520,#3546,#3572));
#3492 = ORIENTED_EDGE('',*,*,#3493,.F.);
#3493 = EDGE_CURVE('',#3494,#3496,#3498,.T.);
#3494 = VERTEX_POINT('',#3495);
#3495 = CARTESIAN_POINT('',(-198.5,-100.,-461.5));
#3496 = VERTEX_POINT('',#3497);
#3497 = CARTESIAN_POINT('',(198.5,-100.,-461.5));
#3498 = SURFACE_CURVE('',#3499,(#3503,#3509),.PCURVE_S1.);
#3499 = LINE('',#3500,#3501);
#3500 = CARTESIAN_POINT('',(-220.25,-100.,-461.5));
#3501 = VECTOR('',#3502,1.);
#3502 = DIRECTION('',(1.,0.,0.));
#3503 = PCURVE('',#2897,#3504);
#3504 = DEFINITIONAL_REPRESENTATION('',(#3505),#3508);
#3505 = B_SPLINE_CURVE_WITH_KNOTS('',1,(#3506,#3507),.UNSPECIFIED.,.F.,
  .F.,(2,2),(21.75,418.75),.PIECEWISE_BEZIER_KNOTS.);
#3506 = CARTESIAN_POINT('',(341.,43.5));
#3507 = CARTESIAN_POINT('',(341.,440.5));
#3508 = ( GEOMETRIC_REPRESENTATION_CONTEXT(2) 
PARAMETRIC_REPRESENTATION_CONTEXT() REPRESENTATION_CONTEXT('2D SPACE',''
  ) );
#3509 = PCURVE('',#3510,#3515);
#3510 = PLANE('',#3511);
#3511 = AXIS2_PLACEMENT_3D('',#3512,#3513,#3514);
#3512 = CARTESIAN_POINT('',(-198.5,-102.,-461.5));
#3513 = DIRECTION('',(0.,0.,1.));
#3514 = DIRECTION('',(1.,0.,0.));
#3515 = DEFINITIONAL_REPRESENTATION('',(#3516),#3519);
#3516 = B_SPLINE_CURVE_WITH_KNOTS('',1,(#3517,#3518),.UNSPECIFIED.,.F.,
  .F.,(2,2),(21.75,418.75),.PIECEWISE_BEZIER_KNOTS.);
#3517 = CARTESIAN_POINT('',(0.,2.));
#3518 = CARTESIAN_POINT('',(397.,2.));
#3519 = ( GEOMETRIC_REPRESENTATION_CONTEXT(2) 
PARAMETRIC_REPRESENTATION_CONTEXT() REPRESENTATION_CONTEXT('2D SPACE',''
  ) );
#3520 = ORIENTED_EDGE('',*,*,#3521,.T.);
#3521 = EDGE_CURVE('',#3494,#3522,#3524,.T.);
#3522 = VERTEX_POINT('',#3523);
#3523 = CARTESIAN_POINT('',(-198.5,-100.,-466.5));
#3524 = SURFACE_CURVE('',#3525,(#3529,#3535),.PCURVE_S1.);
#3525 = LINE('',#3526,#3527);
#3526 = CARTESIAN_POINT('',(-198.5,-100.,-634.5));
#3527 = VECTOR('',#3528,1.);
#3528 = DIRECTION('',(0.,0.,-1.));
#3529 = PCURVE('',#2897,#3530);
#3530 = DEFINITIONAL_REPRESENTATION('',(#3531),#3534);
#3531 = B_SPLINE_CURVE_WITH_KNOTS('',1,(#3532,#3533),.UNSPECIFIED.,.F.,
  .F.,(2,2),(-173.,-168.),.PIECEWISE_BEZIER_KNOTS.);
#3532 = CARTESIAN_POINT('',(341.,43.5));
#3533 = CARTESIAN_POINT('',(336.,43.5));
#3534 = ( GEOMETRIC_REPRESENTATION_CONTEXT(2) 
PARAMETRIC_REPRESENTATION_CONTEXT() REPRESENTATION_CONTEXT('2D SPACE',''
  ) );
#3535 = PCURVE('',#3536,#3541);
#3536 = PLANE('',#3537);
#3537 = AXIS2_PLACEMENT_3D('',#3538,#3539,#3540);
#3538 = CARTESIAN_POINT('',(-198.5,-102.,-466.5));
#3539 = DIRECTION('',(1.,0.,0.));
#3540 = DIRECTION('',(0.,0.,1.));
#3541 = DEFINITIONAL_REPRESENTATION('',(#3542),#3545);
#3542 = B_SPLINE_CURVE_WITH_KNOTS('',1,(#3543,#3544),.UNSPECIFIED.,.F.,
  .F.,(2,2),(-173.,-168.),.PIECEWISE_BEZIER_KNOTS.);
#3543 = CARTESIAN_POINT('',(5.,-2.));
#3544 = CARTESIAN_POINT('',(0.,-2.));
#3545 = ( GEOMETRIC_REPRESENTATION_CONTEXT(2) 
PARAMETRIC_REPRESENTATION_CONTEXT() REPRESENTATION_CONTEXT('2D SPACE',''
  ) );
#3546 = ORIENTED_EDGE('',*,*,#3547,.T.);
#3547 = EDGE_CURVE('',#3522,#3548,#3550,.T.);
#3548 = VERTEX_POINT('',#3549);
#3549 = CARTESIAN_POINT('',(198.5,-100.,-466.5));
#3550 = SURFACE_CURVE('',#3551,(#3555,#3561),.PCURVE_S1.);
#3551 = LINE('',#3552,#3553);
#3552 = CARTESIAN_POINT('',(-220.25,-100.,-466.5));
#3553 = VECTOR('',#3554,1.);
#3554 = DIRECTION('',(1.,0.,0.));
#3555 = PCURVE('',#2897,#3556);
#3556 = DEFINITIONAL_REPRESENTATION('',(#3557),#3560);
#3557 = B_SPLINE_CURVE_WITH_KNOTS('',1,(#3558,#3559),.UNSPECIFIED.,.F.,
  .F.,(2,2),(21.75,418.75),.PIECEWISE_BEZIER_KNOTS.);
#3558 = CARTESIAN_POINT('',(336.,43.5));
#3559 = CARTESIAN_POINT('',(336.,440.5));
#3560 = ( GEOMETRIC_REPRESENTATION_CONTEXT(2) 
PARAMETRIC_REPRESENTATION_CONTEXT() REPRESENTATION_CONTEXT('2D SPACE',''
  ) );
#3561 = PCURVE('',#3562,#3567);
#3562 = PLANE('',#3563);
#3563 = AXIS2_PLACEMENT_3D('',#3564,#3565,#3566);
#3564 = CARTESIAN_POINT('',(-198.5,-102.,-466.5));
#3565 = DIRECTION('',(0.,0.,1.));
#3566 = DIRECTION('',(1.,0.,0.));
#3567 = DEFINITIONAL_REPRESENTATION('',(#3568),#3571);
#3568 = B_SPLINE_CURVE_WITH_KNOTS('',1,(#3569,#3570),.UNSPECIFIED.,.F.,
  .F.,(2,2),(21.75,418.75),.PIECEWISE_BEZIER_KNOTS.);
#3569 = CARTESIAN_POINT('',(0.,2.));
#3570 = CARTESIAN_POINT('',(397.,2.));
#3571 = ( GEOMETRIC_REPRESENTATION_CONTEXT(2) 
PARAMETRIC_REPRESENTATION_CONTEXT() REPRESENTATION_CONTEXT('2D SPACE',''
  ) );
#3572 = ORIENTED_EDGE('',*,*,#3573,.F.);
#3573 = EDGE_CURVE('',#3496,#3548,#3574,.T.);
#3574 = SURFACE_CURVE('',#3575,(#3579,#3585),.PCURVE_S1.);
#3575 = LINE('',#3576,#3577);
#3576 = CARTESIAN_POINT('',(198.5,-100.,-634.5));
#3577 = VECTOR('',#3578,1.);
#3578 = DIRECTION('',(0.,0.,-1.));
#3579 = PCURVE('',#2897,#3580);
#3580 = DEFINITIONAL_REPRESENTATION('',(#3581),#3584);
#3581 = B_SPLINE_CURVE_WITH_KNOTS('',1,(#3582,#3583),.UNSPECIFIED.,.F.,
  .F.,(2,2),(-173.,-168.),.PIECEWISE_BEZIER_KNOTS.);
#3582 = CARTESIAN_POINT('',(341.,440.5));
#3583 = CARTESIAN_POINT('',(336.,440.5));
#3584 = ( GEOMETRIC_REPRESENTATION_CONTEXT(2) 
PARAMETRIC_REPRESENTATION_CONTEXT() REPRESENTATION_CONTEXT('2D SPACE',''
  ) );
#3585 = PCURVE('',#3586,#3591);
#3586 = PLANE('',#3587);
#3587 = AXIS2_PLACEMENT_3D('',#3588,#3589,#3590);
#3588 = CARTESIAN_POINT('',(198.5,-102.,-466.5));
#3589 = DIRECTION('',(1.,0.,0.));
#3590 = DIRECTION('',(0.,0.,1.));
#3591 = DEFINITIONAL_REPRESENTATION('',(#3592),#3595);
#3592 = B_SPLINE_CURVE_WITH_KNOTS('',1,(#3593,#3594),.UNSPECIFIED.,.F.,
  .F.,(2,2),(-173.,-168.),.PIECEWISE_BEZIER_KNOTS.);
#3593 = CARTESIAN_POINT('',(5.,-2.));
#3594 = CARTESIAN_POINT('',(0.,-2.));
#3595 = ( GEOMETRIC_REPRESENTATION_CONTEXT(2) 
PARAMETRIC_REPRESENTATION_CONTEXT() REPRESENTATION_CONTEXT('2D SPACE',''
  ) );
#3596 = FACE_BOUND('',#3597,.F.);
#3597 = EDGE_LOOP('',(#3598,#3626,#3652,#3678));
#3598 = ORIENTED_EDGE('',*,*,#3599,.F.);
#3599 = EDGE_CURVE('',#3600,#3602,#3604,.T.);
#3600 = VERTEX_POINT('',#3601);
#3601 = CARTESIAN_POINT('',(-198.5,-100.,-400.));
#3602 = VERTEX_POINT('',#3603);
#3603 = CARTESIAN_POINT('',(198.5,-100.,-400.));
#3604 = SURFACE_CURVE('',#3605,(#3609,#3615),.PCURVE_S1.);
#3605 = LINE('',#3606,#3607);
#3606 = CARTESIAN_POINT('',(-220.25,-100.,-400.));
#3607 = VECTOR('',#3608,1.);
#3608 = DIRECTION('',(1.,0.,0.));
#3609 = PCURVE('',#2897,#3610);
#3610 = DEFINITIONAL_REPRESENTATION('',(#3611),#3614);
#3611 = B_SPLINE_CURVE_WITH_KNOTS('',1,(#3612,#3613),.UNSPECIFIED.,.F.,
  .F.,(2,2),(21.75,418.75),.PIECEWISE_BEZIER_KNOTS.);
#3612 = CARTESIAN_POINT('',(402.5,43.5));
#3613 = CARTESIAN_POINT('',(402.5,440.5));
#3614 = ( GEOMETRIC_REPRESENTATION_CONTEXT(2) 
PARAMETRIC_REPRESENTATION_CONTEXT() REPRESENTATION_CONTEXT('2D SPACE',''
  ) );
#3615 = PCURVE('',#3616,#3621);
#3616 = PLANE('',#3617);
#3617 = AXIS2_PLACEMENT_3D('',#3618,#3619,#3620);
#3618 = CARTESIAN_POINT('',(-198.5,-102.,-400.));
#3619 = DIRECTION('',(0.,0.,1.));
#3620 = DIRECTION('',(1.,0.,0.));
#3621 = DEFINITIONAL_REPRESENTATION('',(#3622),#3625);
#3622 = B_SPLINE_CURVE_WITH_KNOTS('',1,(#3623,#3624),.UNSPECIFIED.,.F.,
  .F.,(2,2),(21.75,418.75),.PIECEWISE_BEZIER_KNOTS.);
#3623 = CARTESIAN_POINT('',(0.,2.));
#3624 = CARTESIAN_POINT('',(397.,2.));
#3625 = ( GEOMETRIC_REPRESENTATION_CONTEXT(2) 
PARAMETRIC_REPRESENTATION_CONTEXT() REPRESENTATION_CONTEXT('2D SPACE',''
  ) );
#3626 = ORIENTED_EDGE('',*,*,#3627,.T.);
#3627 = EDGE_CURVE('',#3600,#3628,#3630,.T.);
#3628 = VERTEX_POINT('',#3629);
#3629 = CARTESIAN_POINT('',(-198.5,-100.,-405.));
#3630 = SURFACE_CURVE('',#3631,(#3635,#3641),.PCURVE_S1.);
#3631 = LINE('',#3632,#3633);
#3632 = CARTESIAN_POINT('',(-198.5,-100.,-603.75));
#3633 = VECTOR('',#3634,1.);
#3634 = DIRECTION('',(0.,0.,-1.));
#3635 = PCURVE('',#2897,#3636);
#3636 = DEFINITIONAL_REPRESENTATION('',(#3637),#3640);
#3637 = B_SPLINE_CURVE_WITH_KNOTS('',1,(#3638,#3639),.UNSPECIFIED.,.F.,
  .F.,(2,2),(-203.75,-198.75),.PIECEWISE_BEZIER_KNOTS.);
#3638 = CARTESIAN_POINT('',(402.5,43.5));
#3639 = CARTESIAN_POINT('',(397.5,43.5));
#3640 = ( GEOMETRIC_REPRESENTATION_CONTEXT(2) 
PARAMETRIC_REPRESENTATION_CONTEXT() REPRESENTATION_CONTEXT('2D SPACE',''
  ) );
#3641 = PCURVE('',#3642,#3647);
#3642 = PLANE('',#3643);
#3643 = AXIS2_PLACEMENT_3D('',#3644,#3645,#3646);
#3644 = CARTESIAN_POINT('',(-198.5,-102.,-405.));
#3645 = DIRECTION('',(1.,0.,0.));
#3646 = DIRECTION('',(0.,0.,1.));
#3647 = DEFINITIONAL_REPRESENTATION('',(#3648),#3651);
#3648 = B_SPLINE_CURVE_WITH_KNOTS('',1,(#3649,#3650),.UNSPECIFIED.,.F.,
  .F.,(2,2),(-203.75,-198.75),.PIECEWISE_BEZIER_KNOTS.);
#3649 = CARTESIAN_POINT('',(5.,-2.));
#3650 = CARTESIAN_POINT('',(0.,-2.));
#3651 = ( GEOMETRIC_REPRESENTATION_CONTEXT(2) 
PARAMETRIC_REPRESENTATION_CONTEXT() REPRESENTATION_CONTEXT('2D SPACE',''
  ) );
#3652 = ORIENTED_EDGE('',*,*,#3653,.T.);
#3653 = EDGE_CURVE('',#3628,#3654,#3656,.T.);
#3654 = VERTEX_POINT('',#3655);
#3655 = CARTESIAN_POINT('',(198.5,-100.,-405.));
#3656 = SURFACE_CURVE('',#3657,(#3661,#3667),.PCURVE_S1.);
#3657 = LINE('',#3658,#3659);
#3658 = CARTESIAN_POINT('',(-220.25,-100.,-405.));
#3659 = VECTOR('',#3660,1.);
#3660 = DIRECTION('',(1.,0.,0.));
#3661 = PCURVE('',#2897,#3662);
#3662 = DEFINITIONAL_REPRESENTATION('',(#3663),#3666);
#3663 = B_SPLINE_CURVE_WITH_KNOTS('',1,(#3664,#3665),.UNSPECIFIED.,.F.,
  .F.,(2,2),(21.75,418.75),.PIECEWISE_BEZIER_KNOTS.);
#3664 = CARTESIAN_POINT('',(397.5,43.5));
#3665 = CARTESIAN_POINT('',(397.5,440.5));
#3666 = ( GEOMETRIC_REPRESENTATION_CONTEXT(2) 
PARAMETRIC_REPRESENTATION_CONTEXT() REPRESENTATION_CONTEXT('2D SPACE',''
  ) );
#3667 = PCURVE('',#3668,#3673);
#3668 = PLANE('',#3669);
#3669 = AXIS2_PLACEMENT_3D('',#3670,#3671,#3672);
#3670 = CARTESIAN_POINT('',(-198.5,-102.,-405.));
#3671 = DIRECTION('',(0.,0.,1.));
#3672 = DIRECTION('',(1.,0.,0.));
#3673 = DEFINITIONAL_REPRESENTATION('',(#3674),#3677);
#3674 = B_SPLINE_CURVE_WITH_KNOTS('',1,(#3675,#3676),.UNSPECIFIED.,.F.,
  .F.,(2,2),(21.75,418.75),.PIECEWISE_BEZIER_KNOTS.);
#3675 = CARTESIAN_POINT('',(0.,2.));
#3676 = CARTESIAN_POINT('',(397.,2.));
#3677 = ( GEOMETRIC_REPRESENTATION_CONTEXT(2) 
PARAMETRIC_REPRESENTATION_CONTEXT() REPRESENTATION_CONTEXT('2D SPACE',''
  ) );
#3678 = ORIENTED_EDGE('',*,*,#3679,.F.);
#3679 = EDGE_CURVE('',#3602,#3654,#3680,.T.);
#3680 = SURFACE_CURVE('',#3681,(#3685,#3691),.PCURVE_S1.);
#3681 = LINE('',#3682,#3683);
#3682 = CARTESIAN_POINT('',(198.5,-100.,-603.75));
#3683 = VECTOR('',#3684,1.);
#3684 = DIRECTION('',(0.,0.,-1.));
#3685 = PCURVE('',#2897,#3686);
#3686 = DEFINITIONAL_REPRESENTATION('',(#3687),#3690);
#3687 = B_SPLINE_CURVE_WITH_KNOTS('',1,(#3688,#3689),.UNSPECIFIED.,.F.,
  .F.,(2,2),(-203.75,-198.75),.PIECEWISE_BEZIER_KNOTS.);
#3688 = CARTESIAN_POINT('',(402.5,440.5));
#3689 = CARTESIAN_POINT('',(397.5,440.5));
#3690 = ( GEOMETRIC_REPRESENTATION_CONTEXT(2) 
PARAMETRIC_REPRESENTATION_CONTEXT() REPRESENTATION_CONTEXT('2D SPACE',''
  ) );
#3691 = PCURVE('',#3692,#3697);
#3692 = PLANE('',#3693);
#3693 = AXIS2_PLACEMENT_3D('',#3694,#3695,#3696);
#3694 = CARTESIAN_POINT('',(198.5,-102.,-405.));
#3695 = DIRECTION('',(1.,0.,0.));
#3696 = DIRECTION('',(0.,0.,1.));
#3697 = DEFINITIONAL_REPRESENTATION('',(#3698),#3701);
#3698 = B_SPLINE_CURVE_WITH_KNOTS('',1,(#3699,#3700),.UNSPECIFIED.,.F.,
  .F.,(2,2),(-203.75,-198.75),.PIECEWISE_BEZIER_KNOTS.);
#3699 = CARTESIAN_POINT('',(5.,-2.));
#3700 = CARTESIAN_POINT('',(0.,-2.));
#3701 = ( GEOMETRIC_REPRESENTATION_CONTEXT(2) 
PARAMETRIC_REPRESENTATION_CONTEXT() REPRESENTATION_CONTEXT('2D SPACE',''
  ) );
#3702 = FACE_BOUND('',#3703,.F.);
#3703 = EDGE_LOOP('',(#3704,#3732,#3758,#3784));
#3704 = ORIENTED_EDGE('',*,*,#3705,.F.);
#3705 = EDGE_CURVE('',#3706,#3708,#3710,.T.);
#3706 = VERTEX_POINT('',#3707);
#3707 = CARTESIAN_POINT('',(-198.5,-100.,-338.5));
#3708 = VERTEX_POINT('',#3709);
#3709 = CARTESIAN_POINT('',(198.5,-100.,-338.5));
#3710 = SURFACE_CURVE('',#3711,(#3715,#3721),.PCURVE_S1.);
#3711 = LINE('',#3712,#3713);
#3712 = CARTESIAN_POINT('',(-220.25,-100.,-338.5));
#3713 = VECTOR('',#3714,1.);
#3714 = DIRECTION('',(1.,0.,0.));
#3715 = PCURVE('',#2897,#3716);
#3716 = DEFINITIONAL_REPRESENTATION('',(#3717),#3720);
#3717 = B_SPLINE_CURVE_WITH_KNOTS('',1,(#3718,#3719),.UNSPECIFIED.,.F.,
  .F.,(2,2),(21.75,418.75),.PIECEWISE_BEZIER_KNOTS.);
#3718 = CARTESIAN_POINT('',(464.,43.5));
#3719 = CARTESIAN_POINT('',(464.,440.5));
#3720 = ( GEOMETRIC_REPRESENTATION_CONTEXT(2) 
PARAMETRIC_REPRESENTATION_CONTEXT() REPRESENTATION_CONTEXT('2D SPACE',''
  ) );
#3721 = PCURVE('',#3722,#3727);
#3722 = PLANE('',#3723);
#3723 = AXIS2_PLACEMENT_3D('',#3724,#3725,#3726);
#3724 = CARTESIAN_POINT('',(-198.5,-102.,-338.5));
#3725 = DIRECTION('',(0.,0.,1.));
#3726 = DIRECTION('',(1.,0.,0.));
#3727 = DEFINITIONAL_REPRESENTATION('',(#3728),#3731);
#3728 = B_SPLINE_CURVE_WITH_KNOTS('',1,(#3729,#3730),.UNSPECIFIED.,.F.,
  .F.,(2,2),(21.75,418.75),.PIECEWISE_BEZIER_KNOTS.);
#3729 = CARTESIAN_POINT('',(0.,2.));
#3730 = CARTESIAN_POINT('',(397.,2.));
#3731 = ( GEOMETRIC_REPRESENTATION_CONTEXT(2) 
PARAMETRIC_REPRESENTATION_CONTEXT() REPRESENTATION_CONTEXT('2D SPACE',''
  ) );
#3732 = ORIENTED_EDGE('',*,*,#3733,.T.);
#3733 = EDGE_CURVE('',#3706,#3734,#3736,.T.);
#3734 = VERTEX_POINT('',#3735);
#3735 = CARTESIAN_POINT('',(-198.5,-100.,-343.5));
#3736 = SURFACE_CURVE('',#3737,(#3741,#3747),.PCURVE_S1.);
#3737 = LINE('',#3738,#3739);
#3738 = CARTESIAN_POINT('',(-198.5,-100.,-573.));
#3739 = VECTOR('',#3740,1.);
#3740 = DIRECTION('',(0.,0.,-1.));
#3741 = PCURVE('',#2897,#3742);
#3742 = DEFINITIONAL_REPRESENTATION('',(#3743),#3746);
#3743 = B_SPLINE_CURVE_WITH_KNOTS('',1,(#3744,#3745),.UNSPECIFIED.,.F.,
  .F.,(2,2),(-234.5,-229.5),.PIECEWISE_BEZIER_KNOTS.);
#3744 = CARTESIAN_POINT('',(464.,43.5));
#3745 = CARTESIAN_POINT('',(459.,43.5));
#3746 = ( GEOMETRIC_REPRESENTATION_CONTEXT(2) 
PARAMETRIC_REPRESENTATION_CONTEXT() REPRESENTATION_CONTEXT('2D SPACE',''
  ) );
#3747 = PCURVE('',#3748,#3753);
#3748 = PLANE('',#3749);
#3749 = AXIS2_PLACEMENT_3D('',#3750,#3751,#3752);
#3750 = CARTESIAN_POINT('',(-198.5,-102.,-343.5));
#3751 = DIRECTION('',(1.,0.,0.));
#3752 = DIRECTION('',(0.,0.,1.));
#3753 = DEFINITIONAL_REPRESENTATION('',(#3754),#3757);
#3754 = B_SPLINE_CURVE_WITH_KNOTS('',1,(#3755,#3756),.UNSPECIFIED.,.F.,
  .F.,(2,2),(-234.5,-229.5),.PIECEWISE_BEZIER_KNOTS.);
#3755 = CARTESIAN_POINT('',(5.,-2.));
#3756 = CARTESIAN_POINT('',(0.,-2.));
#3757 = ( GEOMETRIC_REPRESENTATION_CONTEXT(2) 
PARAMETRIC_REPRESENTATION_CONTEXT() REPRESENTATION_CONTEXT('2D SPACE',''
  ) );
#3758 = ORIENTED_EDGE('',*,*,#3759,.T.);
#3759 = EDGE_CURVE('',#3734,#3760,#3762,.T.);
#3760 = VERTEX_POINT('',#3761);
#3761 = CARTESIAN_POINT('',(198.5,-100.,-343.5));
#3762 = SURFACE_CURVE('',#3763,(#3767,#3773),.PCURVE_S1.);
#3763 = LINE('',#3764,#3765);
#3764 = CARTESIAN_POINT('',(-220.25,-100.,-343.5));
#3765 = VECTOR('',#3766,1.);
#3766 = DIRECTION('',(1.,0.,0.));
#3767 = PCURVE('',#2897,#3768);
#3768 = DEFINITIONAL_REPRESENTATION('',(#3769),#3772);
#3769 = B_SPLINE_CURVE_WITH_KNOTS('',1,(#3770,#3771),.UNSPECIFIED.,.F.,
  .F.,(2,2),(21.75,418.75),.PIECEWISE_BEZIER_KNOTS.);
#3770 = CARTESIAN_POINT('',(459.,43.5));
#3771 = CARTESIAN_POINT('',(459.,440.5));
#3772 = ( GEOMETRIC_REPRESENTATION_CONTEXT(2) 
PARAMETRIC_REPRESENTATION_CONTEXT() REPRESENTATION_CONTEXT('2D SPACE',''
  ) );
#3773 = PCURVE('',#3774,#3779);
#3774 = PLANE('',#3775);
#3775 = AXIS2_PLACEMENT_3D('',#3776,#3777,#3778);
#3776 = CARTESIAN_POINT('',(-198.5,-102.,-343.5));
#3777 = DIRECTION('',(0.,0.,1.));
#3778 = DIRECTION('',(1.,0.,0.));
#3779 = DEFINITIONAL_REPRESENTATION('',(#3780),#3783);
#3780 = B_SPLINE_CURVE_WITH_KNOTS('',1,(#3781,#3782),.UNSPECIFIED.,.F.,
  .F.,(2,2),(21.75,418.75),.PIECEWISE_BEZIER_KNOTS.);
#3781 = CARTESIAN_POINT('',(0.,2.));
#3782 = CARTESIAN_POINT('',(397.,2.));
#3783 = ( GEOMETRIC_REPRESENTATION_CONTEXT(2) 
PARAMETRIC_REPRESENTATION_CONTEXT() REPRESENTATION_CONTEXT('2D SPACE',''
  ) );
#3784 = ORIENTED_EDGE('',*,*,#3785,.F.);
#3785 = EDGE_CURVE('',#3708,#3760,#3786,.T.);
#3786 = SURFACE_CURVE('',#3787,(#3791,#3797),.PCURVE_S1.);
#3787 = LINE('',#3788,#3789);
#3788 = CARTESIAN_POINT('',(198.5,-100.,-573.));
#3789 = VECTOR('',#3790,1.);
#3790 = DIRECTION('',(0.,0.,-1.));
#3791 = PCURVE('',#2897,#3792);
#3792 = DEFINITIONAL_REPRESENTATION('',(#3793),#3796);
#3793 = B_SPLINE_CURVE_WITH_KNOTS('',1,(#3794,#3795),.UNSPECIFIED.,.F.,
  .F.,(2,2),(-234.5,-229.5),.PIECEWISE_BEZIER_KNOTS.);
#3794 = CARTESIAN_POINT('',(464.,440.5));
#3795 = CARTESIAN_POINT('',(459.,440.5));
#3796 = ( GEOMETRIC_REPRESENTATION_CONTEXT(2) 
PARAMETRIC_REPRESENTATION_CONTEXT() REPRESENTATION_CONTEXT('2D SPACE',''
  ) );
#3797 = PCURVE('',#3798,#3803);
#3798 = PLANE('',#3799);
#3799 = AXIS2_PLACEMENT_3D('',#3800,#3801,#3802);
#3800 = CARTESIAN_POINT('',(198.5,-102.,-343.5));
#3801 = DIRECTION('',(1.,0.,0.));
#3802 = DIRECTION('',(0.,0.,1.));
#3803 = DEFINITIONAL_REPRESENTATION('',(#3804),#3807);
#3804 = B_SPLINE_CURVE_WITH_KNOTS('',1,(#3805,#3806),.UNSPECIFIED.,.F.,
  .F.,(2,2),(-234.5,-229.5),.PIECEWISE_BEZIER_KNOTS.);
#3805 = CARTESIAN_POINT('',(5.,-2.));
#3806 = CARTESIAN_POINT('',(0.,-2.));
#3807 = ( GEOMETRIC_REPRESENTATION_CONTEXT(2) 
PARAMETRIC_REPRESENTATION_CONTEXT() REPRESENTATION_CONTEXT('2D SPACE',''
  ) );
#3808 = FACE_BOUND('',#3809,.F.);
#3809 = EDGE_LOOP('',(#3810,#3838,#3864,#3890));
#3810 = ORIENTED_EDGE('',*,*,#3811,.F.);
#3811 = EDGE_CURVE('',#3812,#3814,#3816,.T.);
#3812 = VERTEX_POINT('',#3813);
#3813 = CARTESIAN_POINT('',(-198.5,-100.,-277.));
#3814 = VERTEX_POINT('',#3815);
#3815 = CARTESIAN_POINT('',(198.5,-100.,-277.));
#3816 = SURFACE_CURVE('',#3817,(#3821,#3827),.PCURVE_S1.);
#3817 = LINE('',#3818,#3819);
#3818 = CARTESIAN_POINT('',(-220.25,-100.,-277.));
#3819 = VECTOR('',#3820,1.);
#3820 = DIRECTION('',(1.,0.,0.));
#3821 = PCURVE('',#2897,#3822);
#3822 = DEFINITIONAL_REPRESENTATION('',(#3823),#3826);
#3823 = B_SPLINE_CURVE_WITH_KNOTS('',1,(#3824,#3825),.UNSPECIFIED.,.F.,
  .F.,(2,2),(21.75,418.75),.PIECEWISE_BEZIER_KNOTS.);
#3824 = CARTESIAN_POINT('',(525.5,43.5));
#3825 = CARTESIAN_POINT('',(525.5,440.5));
#3826 = ( GEOMETRIC_REPRESENTATION_CONTEXT(2) 
PARAMETRIC_REPRESENTATION_CONTEXT() REPRESENTATION_CONTEXT('2D SPACE',''
  ) );
#3827 = PCURVE('',#3828,#3833);
#3828 = PLANE('',#3829);
#3829 = AXIS2_PLACEMENT_3D('',#3830,#3831,#3832);
#3830 = CARTESIAN_POINT('',(-198.5,-102.,-277.));
#3831 = DIRECTION('',(0.,0.,1.));
#3832 = DIRECTION('',(1.,0.,0.));
#3833 = DEFINITIONAL_REPRESENTATION('',(#3834),#3837);
#3834 = B_SPLINE_CURVE_WITH_KNOTS('',1,(#3835,#3836),.UNSPECIFIED.,.F.,
  .F.,(2,2),(21.75,418.75),.PIECEWISE_BEZIER_KNOTS.);
#3835 = CARTESIAN_POINT('',(0.,2.));
#3836 = CARTESIAN_POINT('',(397.,2.));
#3837 = ( GEOMETRIC_REPRESENTATION_CONTEXT(2) 
PARAMETRIC_REPRESENTATION_CONTEXT() REPRESENTATION_CONTEXT('2D SPACE',''
  ) );
#3838 = ORIENTED_EDGE('',*,*,#3839,.T.);
#3839 = EDGE_CURVE('',#3812,#3840,#3842,.T.);
#3840 = VERTEX_POINT('',#3841);
#3841 = CARTESIAN_POINT('',(-198.5,-100.,-282.));
#3842 = SURFACE_CURVE('',#3843,(#3847,#3853),.PCURVE_S1.);
#3843 = LINE('',#3844,#3845);
#3844 = CARTESIAN_POINT('',(-198.5,-100.,-542.25));
#3845 = VECTOR('',#3846,1.);
#3846 = DIRECTION('',(0.,0.,-1.));
#3847 = PCURVE('',#2897,#3848);
#3848 = DEFINITIONAL_REPRESENTATION('',(#3849),#3852);
#3849 = B_SPLINE_CURVE_WITH_KNOTS('',1,(#3850,#3851),.UNSPECIFIED.,.F.,
  .F.,(2,2),(-265.25,-260.25),.PIECEWISE_BEZIER_KNOTS.);
#3850 = CARTESIAN_POINT('',(525.5,43.5));
#3851 = CARTESIAN_POINT('',(520.5,43.5));
#3852 = ( GEOMETRIC_REPRESENTATION_CONTEXT(2) 
PARAMETRIC_REPRESENTATION_CONTEXT() REPRESENTATION_CONTEXT('2D SPACE',''
  ) );
#3853 = PCURVE('',#3854,#3859);
#3854 = PLANE('',#3855);
#3855 = AXIS2_PLACEMENT_3D('',#3856,#3857,#3858);
#3856 = CARTESIAN_POINT('',(-198.5,-102.,-282.));
#3857 = DIRECTION('',(1.,0.,0.));
#3858 = DIRECTION('',(0.,0.,1.));
#3859 = DEFINITIONAL_REPRESENTATION('',(#3860),#3863);
#3860 = B_SPLINE_CURVE_WITH_KNOTS('',1,(#3861,#3862),.UNSPECIFIED.,.F.,
  .F.,(2,2),(-265.25,-260.25),.PIECEWISE_BEZIER_KNOTS.);
#3861 = CARTESIAN_POINT('',(5.,-2.));
#3862 = CARTESIAN_POINT('',(0.,-2.));
#3863 = ( GEOMETRIC_REPRESENTATION_CONTEXT(2) 
PARAMETRIC_REPRESENTATION_CONTEXT() REPRESENTATION_CONTEXT('2D SPACE',''
  ) );
#3864 = ORIENTED_EDGE('',*,*,#3865,.T.);
#3865 = EDGE_CURVE('',#3840,#3866,#3868,.T.);
#3866 = VERTEX_POINT('',#3867);
#3867 = CARTESIAN_POINT('',(198.5,-100.,-282.));
#3868 = SURFACE_CURVE('',#3869,(#3873,#3879),.PCURVE_S1.);
#3869 = LINE('',#3870,#3871);
#3870 = CARTESIAN_POINT('',(-220.25,-100.,-282.));
#3871 = VECTOR('',#3872,1.);
#3872 = DIRECTION('',(1.,0.,0.));
#3873 = PCURVE('',#2897,#3874);
#3874 = DEFINITIONAL_REPRESENTATION('',(#3875),#3878);
#3875 = B_SPLINE_CURVE_WITH_KNOTS('',1,(#3876,#3877),.UNSPECIFIED.,.F.,
  .F.,(2,2),(21.75,418.75),.PIECEWISE_BEZIER_KNOTS.);
#3876 = CARTESIAN_POINT('',(520.5,43.5));
#3877 = CARTESIAN_POINT('',(520.5,440.5));
#3878 = ( GEOMETRIC_REPRESENTATION_CONTEXT(2) 
PARAMETRIC_REPRESENTATION_CONTEXT() REPRESENTATION_CONTEXT('2D SPACE',''
  ) );
#3879 = PCURVE('',#3880,#3885);
#3880 = PLANE('',#3881);
#3881 = AXIS2_PLACEMENT_3D('',#3882,#3883,#3884);
#3882 = CARTESIAN_POINT('',(-198.5,-102.,-282.));
#3883 = DIRECTION('',(0.,0.,1.));
#3884 = DIRECTION('',(1.,0.,0.));
#3885 = DEFINITIONAL_REPRESENTATION('',(#3886),#3889);
#3886 = B_SPLINE_CURVE_WITH_KNOTS('',1,(#3887,#3888),.UNSPECIFIED.,.F.,
  .F.,(2,2),(21.75,418.75),.PIECEWISE_BEZIER_KNOTS.);
#3887 = CARTESIAN_POINT('',(0.,2.));
#3888 = CARTESIAN_POINT('',(397.,2.));
#3889 = ( GEOMETRIC_REPRESENTATION_CONTEXT(2) 
PARAMETRIC_REPRESENTATION_CONTEXT() REPRESENTATION_CONTEXT('2D SPACE',''
  ) );
#3890 = ORIENTED_EDGE('',*,*,#3891,.F.);
#3891 = EDGE_CURVE('',#3814,#3866,#3892,.T.);
#3892 = SURFACE_CURVE('',#3893,(#3897,#3903),.PCURVE_S1.);
#3893 = LINE('',#3894,#3895);
#3894 = CARTESIAN_POINT('',(198.5,-100.,-542.25));
#3895 = VECTOR('',#3896,1.);
#3896 = DIRECTION('',(0.,0.,-1.));
#3897 = PCURVE('',#2897,#3898);
#3898 = DEFINITIONAL_REPRESENTATION('',(#3899),#3902);
#3899 = B_SPLINE_CURVE_WITH_KNOTS('',1,(#3900,#3901),.UNSPECIFIED.,.F.,
  .F.,(2,2),(-265.25,-260.25),.PIECEWISE_BEZIER_KNOTS.);
#3900 = CARTESIAN_POINT('',(525.5,440.5));
#3901 = CARTESIAN_POINT('',(520.5,440.5));
#3902 = ( GEOMETRIC_REPRESENTATION_CONTEXT(2) 
PARAMETRIC_REPRESENTATION_CONTEXT() REPRESENTATION_CONTEXT('2D SPACE',''
  ) );
#3903 = PCURVE('',#3904,#3909);
#3904 = PLANE('',#3905);
#3905 = AXIS2_PLACEMENT_3D('',#3906,#3907,#3908);
#3906 = CARTESIAN_POINT('',(198.5,-102.,-282.));
#3907 = DIRECTION('',(1.,0.,0.));
#3908 = DIRECTION('',(0.,0.,1.));
#3909 = DEFINITIONAL_REPRESENTATION('',(#3910),#3913);
#3910 = B_SPLINE_CURVE_WITH_KNOTS('',1,(#3911,#3912),.UNSPECIFIED.,.F.,
  .F.,(2,2),(-265.25,-260.25),.PIECEWISE_BEZIER_KNOTS.);
#3911 = CARTESIAN_POINT('',(5.,-2.));
#3912 = CARTESIAN_POINT('',(0.,-2.));
#3913 = ( GEOMETRIC_REPRESENTATION_CONTEXT(2) 
PARAMETRIC_REPRESENTATION_CONTEXT() REPRESENTATION_CONTEXT('2D SPACE',''
  ) );
#3914 = FACE_BOUND('',#3915,.F.);
#3915 = EDGE_LOOP('',(#3916,#3944,#3970,#3996));
#3916 = ORIENTED_EDGE('',*,*,#3917,.F.);
#3917 = EDGE_CURVE('',#3918,#3920,#3922,.T.);
#3918 = VERTEX_POINT('',#3919);
#3919 = CARTESIAN_POINT('',(-198.5,-100.,-215.5));
#3920 = VERTEX_POINT('',#3921);
#3921 = CARTESIAN_POINT('',(198.5,-100.,-215.5));
#3922 = SURFACE_CURVE('',#3923,(#3927,#3933),.PCURVE_S1.);
#3923 = LINE('',#3924,#3925);
#3924 = CARTESIAN_POINT('',(-220.25,-100.,-215.5));
#3925 = VECTOR('',#3926,1.);
#3926 = DIRECTION('',(1.,0.,0.));
#3927 = PCURVE('',#2897,#3928);
#3928 = DEFINITIONAL_REPRESENTATION('',(#3929),#3932);
#3929 = B_SPLINE_CURVE_WITH_KNOTS('',1,(#3930,#3931),.UNSPECIFIED.,.F.,
  .F.,(2,2),(21.75,418.75),.PIECEWISE_BEZIER_KNOTS.);
#3930 = CARTESIAN_POINT('',(587.,43.5));
#3931 = CARTESIAN_POINT('',(587.,440.5));
#3932 = ( GEOMETRIC_REPRESENTATION_CONTEXT(2) 
PARAMETRIC_REPRESENTATION_CONTEXT() REPRESENTATION_CONTEXT('2D SPACE',''
  ) );
#3933 = PCURVE('',#3934,#3939);
#3934 = PLANE('',#3935);
#3935 = AXIS2_PLACEMENT_3D('',#3936,#3937,#3938);
#3936 = CARTESIAN_POINT('',(-198.5,-102.,-215.5));
#3937 = DIRECTION('',(0.,0.,1.));
#3938 = DIRECTION('',(1.,0.,0.));
#3939 = DEFINITIONAL_REPRESENTATION('',(#3940),#3943);
#3940 = B_SPLINE_CURVE_WITH_KNOTS('',1,(#3941,#3942),.UNSPECIFIED.,.F.,
  .F.,(2,2),(21.75,418.75),.PIECEWISE_BEZIER_KNOTS.);
#3941 = CARTESIAN_POINT('',(0.,2.));
#3942 = CARTESIAN_POINT('',(397.,2.));
#3943 = ( GEOMETRIC_REPRESENTATION_CONTEXT(2) 
PARAMETRIC_REPRESENTATION_CONTEXT() REPRESENTATION_CONTEXT('2D SPACE',''
  ) );
#3944 = ORIENTED_EDGE('',*,*,#3945,.T.);
#3945 = EDGE_CURVE('',#3918,#3946,#3948,.T.);
#3946 = VERTEX_POINT('',#3947);
#3947 = CARTESIAN_POINT('',(-198.5,-100.,-220.5));
#3948 = SURFACE_CURVE('',#3949,(#3953,#3959),.PCURVE_S1.);
#3949 = LINE('',#3950,#3951);
#3950 = CARTESIAN_POINT('',(-198.5,-100.,-511.5));
#3951 = VECTOR('',#3952,1.);
#3952 = DIRECTION('',(0.,0.,-1.));
#3953 = PCURVE('',#2897,#3954);
#3954 = DEFINITIONAL_REPRESENTATION('',(#3955),#3958);
#3955 = B_SPLINE_CURVE_WITH_KNOTS('',1,(#3956,#3957),.UNSPECIFIED.,.F.,
  .F.,(2,2),(-296.,-291.),.PIECEWISE_BEZIER_KNOTS.);
#3956 = CARTESIAN_POINT('',(587.,43.5));
#3957 = CARTESIAN_POINT('',(582.,43.5));
#3958 = ( GEOMETRIC_REPRESENTATION_CONTEXT(2) 
PARAMETRIC_REPRESENTATION_CONTEXT() REPRESENTATION_CONTEXT('2D SPACE',''
  ) );
#3959 = PCURVE('',#3960,#3965);
#3960 = PLANE('',#3961);
#3961 = AXIS2_PLACEMENT_3D('',#3962,#3963,#3964);
#3962 = CARTESIAN_POINT('',(-198.5,-102.,-220.5));
#3963 = DIRECTION('',(1.,0.,0.));
#3964 = DIRECTION('',(0.,0.,1.));
#3965 = DEFINITIONAL_REPRESENTATION('',(#3966),#3969);
#3966 = B_SPLINE_CURVE_WITH_KNOTS('',1,(#3967,#3968),.UNSPECIFIED.,.F.,
  .F.,(2,2),(-296.,-291.),.PIECEWISE_BEZIER_KNOTS.);
#3967 = CARTESIAN_POINT('',(5.,-2.));
#3968 = CARTESIAN_POINT('',(0.,-2.));
#3969 = ( GEOMETRIC_REPRESENTATION_CONTEXT(2) 
PARAMETRIC_REPRESENTATION_CONTEXT() REPRESENTATION_CONTEXT('2D SPACE',''
  ) );
#3970 = ORIENTED_EDGE('',*,*,#3971,.T.);
#3971 = EDGE_CURVE('',#3946,#3972,#3974,.T.);
#3972 = VERTEX_POINT('',#3973);
#3973 = CARTESIAN_POINT('',(198.5,-100.,-220.5));
#3974 = SURFACE_CURVE('',#3975,(#3979,#3985),.PCURVE_S1.);
#3975 = LINE('',#3976,#3977);
#3976 = CARTESIAN_POINT('',(-220.25,-100.,-220.5));
#3977 = VECTOR('',#3978,1.);
#3978 = DIRECTION('',(1.,0.,0.));
#3979 = PCURVE('',#2897,#3980);
#3980 = DEFINITIONAL_REPRESENTATION('',(#3981),#3984);
#3981 = B_SPLINE_CURVE_WITH_KNOTS('',1,(#3982,#3983),.UNSPECIFIED.,.F.,
  .F.,(2,2),(21.75,418.75),.PIECEWISE_BEZIER_KNOTS.);
#3982 = CARTESIAN_POINT('',(582.,43.5));
#3983 = CARTESIAN_POINT('',(582.,440.5));
#3984 = ( GEOMETRIC_REPRESENTATION_CONTEXT(2) 
PARAMETRIC_REPRESENTATION_CONTEXT() REPRESENTATION_CONTEXT('2D SPACE',''
  ) );
#3985 = PCURVE('',#3986,#3991);
#3986 = PLANE('',#3987);
#3987 = AXIS2_PLACEMENT_3D('',#3988,#3989,#3990);
#3988 = CARTESIAN_POINT('',(-198.5,-102.,-220.5));
#3989 = DIRECTION('',(0.,0.,1.));
#3990 = DIRECTION('',(1.,0.,0.));
#3991 = DEFINITIONAL_REPRESENTATION('',(#3992),#3995);
#3992 = B_SPLINE_CURVE_WITH_KNOTS('',1,(#3993,#3994),.UNSPECIFIED.,.F.,
  .F.,(2,2),(21.75,418.75),.PIECEWISE_BEZIER_KNOTS.);
#3993 = CARTESIAN_POINT('',(0.,2.));
#3994 = CARTESIAN_POINT('',(397.,2.));
#3995 = ( GEOMETRIC_REPRESENTATION_CONTEXT(2) 
PARAMETRIC_REPRESENTATION_CONTEXT() REPRESENTATION_CONTEXT('2D SPACE',''
  ) );
#3996 = ORIENTED_EDGE('',*,*,#3997,.F.);
#3997 = EDGE_CURVE('',#3920,#3972,#3998,.T.);
#3998 = SURFACE_CURVE('',#3999,(#4003,#4009),.PCURVE_S1.);
#3999 = LINE('',#4000,#4001);
#4000 = CARTESIAN_POINT('',(198.5,-100.,-511.5));
#4001 = VECTOR('',#4002,1.);
#4002 = DIRECTION('',(0.,0.,-1.));
#4003 = PCURVE('',#2897,#4004);
#4004 = DEFINITIONAL_REPRESENTATION('',(#4005),#4008);
#4005 = B_SPLINE_CURVE_WITH_KNOTS('',1,(#4006,#4007),.UNSPECIFIED.,.F.,
  .F.,(2,2),(-296.,-291.),.PIECEWISE_BEZIER_KNOTS.);
#4006 = CARTESIAN_POINT('',(587.,440.5));
#4007 = CARTESIAN_POINT('',(582.,440.5));
#4008 = ( GEOMETRIC_REPRESENTATION_CONTEXT(2) 
PARAMETRIC_REPRESENTATION_CONTEXT() REPRESENTATION_CONTEXT('2D SPACE',''
  ) );
#4009 = PCURVE('',#4010,#4015);
#4010 = PLANE('',#4011);
#4011 = AXIS2_PLACEMENT_3D('',#4012,#4013,#4014);
#4012 = CARTESIAN_POINT('',(198.5,-102.,-220.5));
#4013 = DIRECTION('',(1.,0.,0.));
#4014 = DIRECTION('',(0.,0.,1.));
#4015 = DEFINITIONAL_REPRESENTATION('',(#4016),#4019);
#4016 = B_SPLINE_CURVE_WITH_KNOTS('',1,(#4017,#4018),.UNSPECIFIED.,.F.,
  .F.,(2,2),(-296.,-291.),.PIECEWISE_BEZIER_KNOTS.);
#4017 = CARTESIAN_POINT('',(5.,-2.));
#4018 = CARTESIAN_POINT('',(0.,-2.));
#4019 = ( GEOMETRIC_REPRESENTATION_CONTEXT(2) 
PARAMETRIC_REPRESENTATION_CONTEXT() REPRESENTATION_CONTEXT('2D SPACE',''
  ) );
#4020 = FACE_BOUND('',#4021,.F.);
#4021 = EDGE_LOOP('',(#4022,#4050,#4076,#4102));
#4022 = ORIENTED_EDGE('',*,*,#4023,.F.);
#4023 = EDGE_CURVE('',#4024,#4026,#4028,.T.);
#4024 = VERTEX_POINT('',#4025);
#4025 = CARTESIAN_POINT('',(-198.5,-100.,-154.));
#4026 = VERTEX_POINT('',#4027);
#4027 = CARTESIAN_POINT('',(198.5,-100.,-154.));
#4028 = SURFACE_CURVE('',#4029,(#4033,#4039),.PCURVE_S1.);
#4029 = LINE('',#4030,#4031);
#4030 = CARTESIAN_POINT('',(-220.25,-100.,-154.));
#4031 = VECTOR('',#4032,1.);
#4032 = DIRECTION('',(1.,0.,0.));
#4033 = PCURVE('',#2897,#4034);
#4034 = DEFINITIONAL_REPRESENTATION('',(#4035),#4038);
#4035 = B_SPLINE_CURVE_WITH_KNOTS('',1,(#4036,#4037),.UNSPECIFIED.,.F.,
  .F.,(2,2),(21.75,418.75),.PIECEWISE_BEZIER_KNOTS.);
#4036 = CARTESIAN_POINT('',(648.5,43.5));
#4037 = CARTESIAN_POINT('',(648.5,440.5));
#4038 = ( GEOMETRIC_REPRESENTATION_CONTEXT(2) 
PARAMETRIC_REPRESENTATION_CONTEXT() REPRESENTATION_CONTEXT('2D SPACE',''
  ) );
#4039 = PCURVE('',#4040,#4045);
#4040 = PLANE('',#4041);
#4041 = AXIS2_PLACEMENT_3D('',#4042,#4043,#4044);
#4042 = CARTESIAN_POINT('',(-198.5,-102.,-154.));
#4043 = DIRECTION('',(0.,0.,1.));
#4044 = DIRECTION('',(1.,0.,0.));
#4045 = DEFINITIONAL_REPRESENTATION('',(#4046),#4049);
#4046 = B_SPLINE_CURVE_WITH_KNOTS('',1,(#4047,#4048),.UNSPECIFIED.,.F.,
  .F.,(2,2),(21.75,418.75),.PIECEWISE_BEZIER_KNOTS.);
#4047 = CARTESIAN_POINT('',(0.,2.));
#4048 = CARTESIAN_POINT('',(397.,2.));
#4049 = ( GEOMETRIC_REPRESENTATION_CONTEXT(2) 
PARAMETRIC_REPRESENTATION_CONTEXT() REPRESENTATION_CONTEXT('2D SPACE',''
  ) );
#4050 = ORIENTED_EDGE('',*,*,#4051,.T.);
#4051 = EDGE_CURVE('',#4024,#4052,#4054,.T.);
#4052 = VERTEX_POINT('',#4053);
#4053 = CARTESIAN_POINT('',(-198.5,-100.,-159.));
#4054 = SURFACE_CURVE('',#4055,(#4059,#4065),.PCURVE_S1.);
#4055 = LINE('',#4056,#4057);
#4056 = CARTESIAN_POINT('',(-198.5,-100.,-480.75));
#4057 = VECTOR('',#4058,1.);
#4058 = DIRECTION('',(0.,0.,-1.));
#4059 = PCURVE('',#2897,#4060);
#4060 = DEFINITIONAL_REPRESENTATION('',(#4061),#4064);
#4061 = B_SPLINE_CURVE_WITH_KNOTS('',1,(#4062,#4063),.UNSPECIFIED.,.F.,
  .F.,(2,2),(-326.75,-321.75),.PIECEWISE_BEZIER_KNOTS.);
#4062 = CARTESIAN_POINT('',(648.5,43.5));
#4063 = CARTESIAN_POINT('',(643.5,43.5));
#4064 = ( GEOMETRIC_REPRESENTATION_CONTEXT(2) 
PARAMETRIC_REPRESENTATION_CONTEXT() REPRESENTATION_CONTEXT('2D SPACE',''
  ) );
#4065 = PCURVE('',#4066,#4071);
#4066 = PLANE('',#4067);
#4067 = AXIS2_PLACEMENT_3D('',#4068,#4069,#4070);
#4068 = CARTESIAN_POINT('',(-198.5,-102.,-159.));
#4069 = DIRECTION('',(1.,0.,0.));
#4070 = DIRECTION('',(0.,0.,1.));
#4071 = DEFINITIONAL_REPRESENTATION('',(#4072),#4075);
#4072 = B_SPLINE_CURVE_WITH_KNOTS('',1,(#4073,#4074),.UNSPECIFIED.,.F.,
  .F.,(2,2),(-326.75,-321.75),.PIECEWISE_BEZIER_KNOTS.);
#4073 = CARTESIAN_POINT('',(5.,-2.));
#4074 = CARTESIAN_POINT('',(0.,-2.));
#4075 = ( GEOMETRIC_REPRESENTATION_CONTEXT(2) 
PARAMETRIC_REPRESENTATION_CONTEXT() REPRESENTATION_CONTEXT('2D SPACE',''
  ) );
#4076 = ORIENTED_EDGE('',*,*,#4077,.T.);
#4077 = EDGE_CURVE('',#4052,#4078,#4080,.T.);
#4078 = VERTEX_POINT('',#4079);
#4079 = CARTESIAN_POINT('',(198.5,-100.,-159.));
#4080 = SURFACE_CURVE('',#4081,(#4085,#4091),.PCURVE_S1.);
#4081 = LINE('',#4082,#4083);
#4082 = CARTESIAN_POINT('',(-220.25,-100.,-159.));
#4083 = VECTOR('',#4084,1.);
#4084 = DIRECTION('',(1.,0.,0.));
#4085 = PCURVE('',#2897,#4086);
#4086 = DEFINITIONAL_REPRESENTATION('',(#4087),#4090);
#4087 = B_SPLINE_CURVE_WITH_KNOTS('',1,(#4088,#4089),.UNSPECIFIED.,.F.,
  .F.,(2,2),(21.75,418.75),.PIECEWISE_BEZIER_KNOTS.);
#4088 = CARTESIAN_POINT('',(643.5,43.5));
#4089 = CARTESIAN_POINT('',(643.5,440.5));
#4090 = ( GEOMETRIC_REPRESENTATION_CONTEXT(2) 
PARAMETRIC_REPRESENTATION_CONTEXT() REPRESENTATION_CONTEXT('2D SPACE',''
  ) );
#4091 = PCURVE('',#4092,#4097);
#4092 = PLANE('',#4093);
#4093 = AXIS2_PLACEMENT_3D('',#4094,#4095,#4096);
#4094 = CARTESIAN_POINT('',(-198.5,-102.,-159.));
#4095 = DIRECTION('',(0.,0.,1.));
#4096 = DIRECTION('',(1.,0.,0.));
#4097 = DEFINITIONAL_REPRESENTATION('',(#4098),#4101);
#4098 = B_SPLINE_CURVE_WITH_KNOTS('',1,(#4099,#4100),.UNSPECIFIED.,.F.,
  .F.,(2,2),(21.75,418.75),.PIECEWISE_BEZIER_KNOTS.);
#4099 = CARTESIAN_POINT('',(0.,2.));
#4100 = CARTESIAN_POINT('',(397.,2.));
#4101 = ( GEOMETRIC_REPRESENTATION_CONTEXT(2) 
PARAMETRIC_REPRESENTATION_CONTEXT() REPRESENTATION_CONTEXT('2D SPACE',''
  ) );
#4102 = ORIENTED_EDGE('',*,*,#4103,.F.);
#4103 = EDGE_CURVE('',#4026,#4078,#4104,.T.);
#4104 = SURFACE_CURVE('',#4105,(#4109,#4115),.PCURVE_S1.);
#4105 = LINE('',#4106,#4107);
#4106 = CARTESIAN_POINT('',(198.5,-100.,-480.75));
#4107 = VECTOR('',#4108,1.);
#4108 = DIRECTION('',(0.,0.,-1.));
#4109 = PCURVE('',#2897,#4110);
#4110 = DEFINITIONAL_REPRESENTATION('',(#4111),#4114);
#4111 = B_SPLINE_CURVE_WITH_KNOTS('',1,(#4112,#4113),.UNSPECIFIED.,.F.,
  .F.,(2,2),(-326.75,-321.75),.PIECEWISE_BEZIER_KNOTS.);
#4112 = CARTESIAN_POINT('',(648.5,440.5));
#4113 = CARTESIAN_POINT('',(643.5,440.5));
#4114 = ( GEOMETRIC_REPRESENTATION_CONTEXT(2) 
PARAMETRIC_REPRESENTATION_CONTEXT() REPRESENTATION_CONTEXT('2D SPACE',''
  ) );
#4115 = PCURVE('',#4116,#4121);
#4116 = PLANE('',#4117);
#4117 = AXIS2_PLACEMENT_3D('',#4118,#4119,#4120);
#4118 = CARTESIAN_POINT('',(198.5,-102.,-159.));
#4119 = DIRECTION('',(1.,0.,0.));
#4120 = DIRECTION('',(0.,0.,1.));
#4121 = DEFINITIONAL_REPRESENTATION('',(#4122),#4125);
#4122 = B_SPLINE_CURVE_WITH_KNOTS('',1,(#4123,#4124),.UNSPECIFIED.,.F.,
  .F.,(2,2),(-326.75,-321.75),.PIECEWISE_BEZIER_KNOTS.);
#4123 = CARTESIAN_POINT('',(5.,-2.));
#4124 = CARTESIAN_POINT('',(0.,-2.));
#4125 = ( GEOMETRIC_REPRESENTATION_CONTEXT(2) 
PARAMETRIC_REPRESENTATION_CONTEXT() REPRESENTATION_CONTEXT('2D SPACE',''
  ) );
#4126 = FACE_BOUND('',#4127,.F.);
#4127 = EDGE_LOOP('',(#4128,#4156,#4182,#4208));
#4128 = ORIENTED_EDGE('',*,*,#4129,.F.);
#4129 = EDGE_CURVE('',#4130,#4132,#4134,.T.);
#4130 = VERTEX_POINT('',#4131);
#4131 = CARTESIAN_POINT('',(-198.5,-100.,-92.5));
#4132 = VERTEX_POINT('',#4133);
#4133 = CARTESIAN_POINT('',(198.5,-100.,-92.5));
#4134 = SURFACE_CURVE('',#4135,(#4139,#4145),.PCURVE_S1.);
#4135 = LINE('',#4136,#4137);
#4136 = CARTESIAN_POINT('',(-220.25,-100.,-92.5));
#4137 = VECTOR('',#4138,1.);
#4138 = DIRECTION('',(1.,0.,0.));
#4139 = PCURVE('',#2897,#4140);
#4140 = DEFINITIONAL_REPRESENTATION('',(#4141),#4144);
#4141 = B_SPLINE_CURVE_WITH_KNOTS('',1,(#4142,#4143),.UNSPECIFIED.,.F.,
  .F.,(2,2),(21.75,418.75),.PIECEWISE_BEZIER_KNOTS.);
#4142 = CARTESIAN_POINT('',(710.,43.5));
#4143 = CARTESIAN_POINT('',(710.,440.5));
#4144 = ( GEOMETRIC_REPRESENTATION_CONTEXT(2) 
PARAMETRIC_REPRESENTATION_CONTEXT() REPRESENTATION_CONTEXT('2D SPACE',''
  ) );
#4145 = PCURVE('',#4146,#4151);
#4146 = PLANE('',#4147);
#4147 = AXIS2_PLACEMENT_3D('',#4148,#4149,#4150);
#4148 = CARTESIAN_POINT('',(-198.5,-102.,-92.5));
#4149 = DIRECTION('',(0.,0.,1.));
#4150 = DIRECTION('',(1.,0.,0.));
#4151 = DEFINITIONAL_REPRESENTATION('',(#4152),#4155);
#4152 = B_SPLINE_CURVE_WITH_KNOTS('',1,(#4153,#4154),.UNSPECIFIED.,.F.,
  .F.,(2,2),(21.75,418.75),.PIECEWISE_BEZIER_KNOTS.);
#4153 = CARTESIAN_POINT('',(0.,2.));
#4154 = CARTESIAN_POINT('',(397.,2.));
#4155 = ( GEOMETRIC_REPRESENTATION_CONTEXT(2) 
PARAMETRIC_REPRESENTATION_CONTEXT() REPRESENTATION_CONTEXT('2D SPACE',''
  ) );
#4156 = ORIENTED_EDGE('',*,*,#4157,.T.);
#4157 = EDGE_CURVE('',#4130,#4158,#4160,.T.);
#4158 = VERTEX_POINT('',#4159);
#4159 = CARTESIAN_POINT('',(-198.5,-100.,-97.5));
#4160 = SURFACE_CURVE('',#4161,(#4165,#4171),.PCURVE_S1.);
#4161 = LINE('',#4162,#4163);
#4162 = CARTESIAN_POINT('',(-198.5,-100.,-450.));
#4163 = VECTOR('',#4164,1.);
#4164 = DIRECTION('',(0.,0.,-1.));
#4165 = PCURVE('',#2897,#4166);
#4166 = DEFINITIONAL_REPRESENTATION('',(#4167),#4170);
#4167 = B_SPLINE_CURVE_WITH_KNOTS('',1,(#4168,#4169),.UNSPECIFIED.,.F.,
  .F.,(2,2),(-357.5,-352.5),.PIECEWISE_BEZIER_KNOTS.);
#4168 = CARTESIAN_POINT('',(710.,43.5));
#4169 = CARTESIAN_POINT('',(705.,43.5));
#4170 = ( GEOMETRIC_REPRESENTATION_CONTEXT(2) 
PARAMETRIC_REPRESENTATION_CONTEXT() REPRESENTATION_CONTEXT('2D SPACE',''
  ) );
#4171 = PCURVE('',#4172,#4177);
#4172 = PLANE('',#4173);
#4173 = AXIS2_PLACEMENT_3D('',#4174,#4175,#4176);
#4174 = CARTESIAN_POINT('',(-198.5,-102.,-97.5));
#4175 = DIRECTION('',(1.,0.,0.));
#4176 = DIRECTION('',(0.,0.,1.));
#4177 = DEFINITIONAL_REPRESENTATION('',(#4178),#4181);
#4178 = B_SPLINE_CURVE_WITH_KNOTS('',1,(#4179,#4180),.UNSPECIFIED.,.F.,
  .F.,(2,2),(-357.5,-352.5),.PIECEWISE_BEZIER_KNOTS.);
#4179 = CARTESIAN_POINT('',(5.,-2.));
#4180 = CARTESIAN_POINT('',(0.,-2.));
#4181 = ( GEOMETRIC_REPRESENTATION_CONTEXT(2) 
PARAMETRIC_REPRESENTATION_CONTEXT() REPRESENTATION_CONTEXT('2D SPACE',''
  ) );
#4182 = ORIENTED_EDGE('',*,*,#4183,.T.);
#4183 = EDGE_CURVE('',#4158,#4184,#4186,.T.);
#4184 = VERTEX_POINT('',#4185);
#4185 = CARTESIAN_POINT('',(198.5,-100.,-97.5));
#4186 = SURFACE_CURVE('',#4187,(#4191,#4197),.PCURVE_S1.);
#4187 = LINE('',#4188,#4189);
#4188 = CARTESIAN_POINT('',(-220.25,-100.,-97.5));
#4189 = VECTOR('',#4190,1.);
#4190 = DIRECTION('',(1.,0.,0.));
#4191 = PCURVE('',#2897,#4192);
#4192 = DEFINITIONAL_REPRESENTATION('',(#4193),#4196);
#4193 = B_SPLINE_CURVE_WITH_KNOTS('',1,(#4194,#4195),.UNSPECIFIED.,.F.,
  .F.,(2,2),(21.75,418.75),.PIECEWISE_BEZIER_KNOTS.);
#4194 = CARTESIAN_POINT('',(705.,43.5));
#4195 = CARTESIAN_POINT('',(705.,440.5));
#4196 = ( GEOMETRIC_REPRESENTATION_CONTEXT(2) 
PARAMETRIC_REPRESENTATION_CONTEXT() REPRESENTATION_CONTEXT('2D SPACE',''
  ) );
#4197 = PCURVE('',#4198,#4203);
#4198 = PLANE('',#4199);
#4199 = AXIS2_PLACEMENT_3D('',#4200,#4201,#4202);
#4200 = CARTESIAN_POINT('',(-198.5,-102.,-97.5));
#4201 = DIRECTION('',(0.,0.,1.));
#4202 = DIRECTION('',(1.,0.,0.));
#4203 = DEFINITIONAL_REPRESENTATION('',(#4204),#4207);
#4204 = B_SPLINE_CURVE_WITH_KNOTS('',1,(#4205,#4206),.UNSPECIFIED.,.F.,
  .F.,(2,2),(21.75,418.75),.PIECEWISE_BEZIER_KNOTS.);
#4205 = CARTESIAN_POINT('',(0.,2.));
#4206 = CARTESIAN_POINT('',(397.,2.));
#4207 = ( GEOMETRIC_REPRESENTATION_CONTEXT(2) 
PARAMETRIC_REPRESENTATION_CONTEXT() REPRESENTATION_CONTEXT('2D SPACE',''
  ) );
#4208 = ORIENTED_EDGE('',*,*,#4209,.F.);
#4209 = EDGE_CURVE('',#4132,#4184,#4210,.T.);
#4210 = SURFACE_CURVE('',#4211,(#4215,#4221),.PCURVE_S1.);
#4211 = LINE('',#4212,#4213);
#4212 = CARTESIAN_POINT('',(198.5,-100.,-450.));
#4213 = VECTOR('',#4214,1.);
#4214 = DIRECTION('',(0.,0.,-1.));
#4215 = PCURVE('',#2897,#4216);
#4216 = DEFINITIONAL_REPRESENTATION('',(#4217),#4220);
#4217 = B_SPLINE_CURVE_WITH_KNOTS('',1,(#4218,#4219),.UNSPECIFIED.,.F.,
  .F.,(2,2),(-357.5,-352.5),.PIECEWISE_BEZIER_KNOTS.);
#4218 = CARTESIAN_POINT('',(710.,440.5));
#4219 = CARTESIAN_POINT('',(705.,440.5));
#4220 = ( GEOMETRIC_REPRESENTATION_CONTEXT(2) 
PARAMETRIC_REPRESENTATION_CONTEXT() REPRESENTATION_CONTEXT('2D SPACE',''
  ) );
#4221 = PCURVE('',#4222,#4227);
#4222 = PLANE('',#4223);
#4223 = AXIS2_PLACEMENT_3D('',#4224,#4225,#4226);
#4224 = CARTESIAN_POINT('',(198.5,-102.,-97.5));
#4225 = DIRECTION('',(1.,0.,0.));
#4226 = DIRECTION('',(0.,0.,1.));
#4227 = DEFINITIONAL_REPRESENTATION('',(#4228),#4231);
#4228 = B_SPLINE_CURVE_WITH_KNOTS('',1,(#4229,#4230),.UNSPECIFIED.,.F.,
  .F.,(2,2),(-357.5,-352.5),.PIECEWISE_BEZIER_KNOTS.);
#4229 = CARTESIAN_POINT('',(5.,-2.));
#4230 = CARTESIAN_POINT('',(0.,-2.));
#4231 = ( GEOMETRIC_REPRESENTATION_CONTEXT(2) 
PARAMETRIC_REPRESENTATION_CONTEXT() REPRESENTATION_CONTEXT('2D SPACE',''
  ) );
#4232 = FACE_BOUND('',#4233,.F.);
#4233 = EDGE_LOOP('',(#4234,#4262,#4288,#4314));
#4234 = ORIENTED_EDGE('',*,*,#4235,.F.);
#4235 = EDGE_CURVE('',#4236,#4238,#4240,.T.);
#4236 = VERTEX_POINT('',#4237);
#4237 = CARTESIAN_POINT('',(-198.5,-100.,-31.));
#4238 = VERTEX_POINT('',#4239);
#4239 = CARTESIAN_POINT('',(198.5,-100.,-31.));
#4240 = SURFACE_CURVE('',#4241,(#4245,#4251),.PCURVE_S1.);
#4241 = LINE('',#4242,#4243);
#4242 = CARTESIAN_POINT('',(-220.25,-100.,-31.));
#4243 = VECTOR('',#4244,1.);
#4244 = DIRECTION('',(1.,0.,0.));
#4245 = PCURVE('',#2897,#4246);
#4246 = DEFINITIONAL_REPRESENTATION('',(#4247),#4250);
#4247 = B_SPLINE_CURVE_WITH_KNOTS('',1,(#4248,#4249),.UNSPECIFIED.,.F.,
  .F.,(2,2),(21.75,418.75),.PIECEWISE_BEZIER_KNOTS.);
#4248 = CARTESIAN_POINT('',(771.5,43.5));
#4249 = CARTESIAN_POINT('',(771.5,440.5));
#4250 = ( GEOMETRIC_REPRESENTATION_CONTEXT(2) 
PARAMETRIC_REPRESENTATION_CONTEXT() REPRESENTATION_CONTEXT('2D SPACE',''
  ) );
#4251 = PCURVE('',#4252,#4257);
#4252 = PLANE('',#4253);
#4253 = AXIS2_PLACEMENT_3D('',#4254,#4255,#4256);
#4254 = CARTESIAN_POINT('',(-198.5,-102.,-31.));
#4255 = DIRECTION('',(0.,0.,1.));
#4256 = DIRECTION('',(1.,0.,0.));
#4257 = DEFINITIONAL_REPRESENTATION('',(#4258),#4261);
#4258 = B_SPLINE_CURVE_WITH_KNOTS('',1,(#4259,#4260),.UNSPECIFIED.,.F.,
  .F.,(2,2),(21.75,418.75),.PIECEWISE_BEZIER_KNOTS.);
#4259 = CARTESIAN_POINT('',(0.,2.));
#4260 = CARTESIAN_POINT('',(397.,2.));
#4261 = ( GEOMETRIC_REPRESENTATION_CONTEXT(2) 
PARAMETRIC_REPRESENTATION_CONTEXT() REPRESENTATION_CONTEXT('2D SPACE',''
  ) );
#4262 = ORIENTED_EDGE('',*,*,#4263,.T.);
#4263 = EDGE_CURVE('',#4236,#4264,#4266,.T.);
#4264 = VERTEX_POINT('',#4265);
#4265 = CARTESIAN_POINT('',(-198.5,-100.,-36.));
#4266 = SURFACE_CURVE('',#4267,(#4271,#4277),.PCURVE_S1.);
#4267 = LINE('',#4268,#4269);
#4268 = CARTESIAN_POINT('',(-198.5,-100.,-419.25));
#4269 = VECTOR('',#4270,1.);
#4270 = DIRECTION('',(0.,0.,-1.));
#4271 = PCURVE('',#2897,#4272);
#4272 = DEFINITIONAL_REPRESENTATION('',(#4273),#4276);
#4273 = B_SPLINE_CURVE_WITH_KNOTS('',1,(#4274,#4275),.UNSPECIFIED.,.F.,
  .F.,(2,2),(-388.25,-383.25),.PIECEWISE_BEZIER_KNOTS.);
#4274 = CARTESIAN_POINT('',(771.5,43.5));
#4275 = CARTESIAN_POINT('',(766.5,43.5));
#4276 = ( GEOMETRIC_REPRESENTATION_CONTEXT(2) 
PARAMETRIC_REPRESENTATION_CONTEXT() REPRESENTATION_CONTEXT('2D SPACE',''
  ) );
#4277 = PCURVE('',#4278,#4283);
#4278 = PLANE('',#4279);
#4279 = AXIS2_PLACEMENT_3D('',#4280,#4281,#4282);
#4280 = CARTESIAN_POINT('',(-198.5,-102.,-36.));
#4281 = DIRECTION('',(1.,0.,0.));
#4282 = DIRECTION('',(0.,0.,1.));
#4283 = DEFINITIONAL_REPRESENTATION('',(#4284),#4287);
#4284 = B_SPLINE_CURVE_WITH_KNOTS('',1,(#4285,#4286),.UNSPECIFIED.,.F.,
  .F.,(2,2),(-388.25,-383.25),.PIECEWISE_BEZIER_KNOTS.);
#4285 = CARTESIAN_POINT('',(5.,-2.));
#4286 = CARTESIAN_POINT('',(0.,-2.));
#4287 = ( GEOMETRIC_REPRESENTATION_CONTEXT(2) 
PARAMETRIC_REPRESENTATION_CONTEXT() REPRESENTATION_CONTEXT('2D SPACE',''
  ) );
#4288 = ORIENTED_EDGE('',*,*,#4289,.T.);
#4289 = EDGE_CURVE('',#4264,#4290,#4292,.T.);
#4290 = VERTEX_POINT('',#4291);
#4291 = CARTESIAN_POINT('',(198.5,-100.,-36.));
#4292 = SURFACE_CURVE('',#4293,(#4297,#4303),.PCURVE_S1.);
#4293 = LINE('',#4294,#4295);
#4294 = CARTESIAN_POINT('',(-220.25,-100.,-36.));
#4295 = VECTOR('',#4296,1.);
#4296 = DIRECTION('',(1.,0.,0.));
#4297 = PCURVE('',#2897,#4298);
#4298 = DEFINITIONAL_REPRESENTATION('',(#4299),#4302);
#4299 = B_SPLINE_CURVE_WITH_KNOTS('',1,(#4300,#4301),.UNSPECIFIED.,.F.,
  .F.,(2,2),(21.75,418.75),.PIECEWISE_BEZIER_KNOTS.);
#4300 = CARTESIAN_POINT('',(766.5,43.5));
#4301 = CARTESIAN_POINT('',(766.5,440.5));
#4302 = ( GEOMETRIC_REPRESENTATION_CONTEXT(2) 
PARAMETRIC_REPRESENTATION_CONTEXT() REPRESENTATION_CONTEXT('2D SPACE',''
  ) );
#4303 = PCURVE('',#4304,#4309);
#4304 = PLANE('',#4305);
#4305 = AXIS2_PLACEMENT_3D('',#4306,#4307,#4308);
#4306 = CARTESIAN_POINT('',(-198.5,-102.,-36.));
#4307 = DIRECTION('',(0.,0.,1.));
#4308 = DIRECTION('',(1.,0.,0.));
#4309 = DEFINITIONAL_REPRESENTATION('',(#4310),#4313);
#4310 = B_SPLINE_CURVE_WITH_KNOTS('',1,(#4311,#4312),.UNSPECIFIED.,.F.,
  .F.,(2,2),(21.75,418.75),.PIECEWISE_BEZIER_KNOTS.);
#4311 = CARTESIAN_POINT('',(0.,2.));
#4312 = CARTESIAN_POINT('',(397.,2.));
#4313 = ( GEOMETRIC_REPRESENTATION_CONTEXT(2) 
PARAMETRIC_REPRESENTATION_CONTEXT() REPRESENTATION_CONTEXT('2D SPACE',''
  ) );
#4314 = ORIENTED_EDGE('',*,*,#4315,.F.);
#4315 = EDGE_CURVE('',#4238,#4290,#4316,.T.);
#4316 = SURFACE_CURVE('',#4317,(#4321,#4327),.PCURVE_S1.);
#4317 = LINE('',#4318,#4319);
#4318 = CARTESIAN_POINT('',(198.5,-100.,-419.25));
#4319 = VECTOR('',#4320,1.);
#4320 = DIRECTION('',(0.,0.,-1.));
#4321 = PCURVE('',#2897,#4322);
#4322 = DEFINITIONAL_REPRESENTATION('',(#4323),#4326);
#4323 = B_SPLINE_CURVE_WITH_KNOTS('',1,(#4324,#4325),.UNSPECIFIED.,.F.,
  .F.,(2,2),(-388.25,-383.25),.PIECEWISE_BEZIER_KNOTS.);
#4324 = CARTESIAN_POINT('',(771.5,440.5));
#4325 = CARTESIAN_POINT('',(766.5,440.5));
#4326 = ( GEOMETRIC_REPRESENTATION_CONTEXT(2) 
PARAMETRIC_REPRESENTATION_CONTEXT() REPRESENTATION_CONTEXT('2D SPACE',''
  ) );
#4327 = PCURVE('',#4328,#4333);
#4328 = PLANE('',#4329);
#4329 = AXIS2_PLACEMENT_3D('',#4330,#4331,#4332);
#4330 = CARTESIAN_POINT('',(198.5,-102.,-36.));
#4331 = DIRECTION('',(1.,0.,0.));
#4332 = DIRECTION('',(0.,0.,1.));
#4333 = DEFINITIONAL_REPRESENTATION('',(#4334),#4337);
#4334 = B_SPLINE_CURVE_WITH_KNOTS('',1,(#4335,#4336),.UNSPECIFIED.,.F.,
  .F.,(2,2),(-388.25,-383.25),.PIECEWISE_BEZIER_KNOTS.);
#4335 = CARTESIAN_POINT('',(5.,-2.));
#4336 = CARTESIAN_POINT('',(0.,-2.));
#4337 = ( GEOMETRIC_REPRESENTATION_CONTEXT(2) 
PARAMETRIC_REPRESENTATION_CONTEXT() REPRESENTATION_CONTEXT('2D SPACE',''
  ) );
#4338 = FACE_BOUND('',#4339,.F.);
#4339 = EDGE_LOOP('',(#4340,#4368,#4394,#4420));
#4340 = ORIENTED_EDGE('',*,*,#4341,.F.);
#4341 = EDGE_CURVE('',#4342,#4344,#4346,.T.);
#4342 = VERTEX_POINT('',#4343);
#4343 = CARTESIAN_POINT('',(-198.5,-100.,30.5));
#4344 = VERTEX_POINT('',#4345);
#4345 = CARTESIAN_POINT('',(198.5,-100.,30.5));
#4346 = SURFACE_CURVE('',#4347,(#4351,#4357),.PCURVE_S1.);
#4347 = LINE('',#4348,#4349);
#4348 = CARTESIAN_POINT('',(-220.25,-100.,30.5));
#4349 = VECTOR('',#4350,1.);
#4350 = DIRECTION('',(1.,0.,0.));
#4351 = PCURVE('',#2897,#4352);
#4352 = DEFINITIONAL_REPRESENTATION('',(#4353),#4356);
#4353 = B_SPLINE_CURVE_WITH_KNOTS('',1,(#4354,#4355),.UNSPECIFIED.,.F.,
  .F.,(2,2),(21.75,418.75),.PIECEWISE_BEZIER_KNOTS.);
#4354 = CARTESIAN_POINT('',(833.,43.5));
#4355 = CARTESIAN_POINT('',(833.,440.5));
#4356 = ( GEOMETRIC_REPRESENTATION_CONTEXT(2) 
PARAMETRIC_REPRESENTATION_CONTEXT() REPRESENTATION_CONTEXT('2D SPACE',''
  ) );
#4357 = PCURVE('',#4358,#4363);
#4358 = PLANE('',#4359);
#4359 = AXIS2_PLACEMENT_3D('',#4360,#4361,#4362);
#4360 = CARTESIAN_POINT('',(-198.5,-102.,30.5));
#4361 = DIRECTION('',(0.,0.,1.));
#4362 = DIRECTION('',(1.,0.,0.));
#4363 = DEFINITIONAL_REPRESENTATION('',(#4364),#4367);
#4364 = B_SPLINE_CURVE_WITH_KNOTS('',1,(#4365,#4366),.UNSPECIFIED.,.F.,
  .F.,(2,2),(21.75,418.75),.PIECEWISE_BEZIER_KNOTS.);
#4365 = CARTESIAN_POINT('',(0.,2.));
#4366 = CARTESIAN_POINT('',(397.,2.));
#4367 = ( GEOMETRIC_REPRESENTATION_CONTEXT(2) 
PARAMETRIC_REPRESENTATION_CONTEXT() REPRESENTATION_CONTEXT('2D SPACE',''
  ) );
#4368 = ORIENTED_EDGE('',*,*,#4369,.T.);
#4369 = EDGE_CURVE('',#4342,#4370,#4372,.T.);
#4370 = VERTEX_POINT('',#4371);
#4371 = CARTESIAN_POINT('',(-198.5,-100.,25.5));
#4372 = SURFACE_CURVE('',#4373,(#4377,#4383),.PCURVE_S1.);
#4373 = LINE('',#4374,#4375);
#4374 = CARTESIAN_POINT('',(-198.5,-100.,-388.5));
#4375 = VECTOR('',#4376,1.);
#4376 = DIRECTION('',(0.,0.,-1.));
#4377 = PCURVE('',#2897,#4378);
#4378 = DEFINITIONAL_REPRESENTATION('',(#4379),#4382);
#4379 = B_SPLINE_CURVE_WITH_KNOTS('',1,(#4380,#4381),.UNSPECIFIED.,.F.,
  .F.,(2,2),(-419.,-414.),.PIECEWISE_BEZIER_KNOTS.);
#4380 = CARTESIAN_POINT('',(833.,43.5));
#4381 = CARTESIAN_POINT('',(828.,43.5));
#4382 = ( GEOMETRIC_REPRESENTATION_CONTEXT(2) 
PARAMETRIC_REPRESENTATION_CONTEXT() REPRESENTATION_CONTEXT('2D SPACE',''
  ) );
#4383 = PCURVE('',#4384,#4389);
#4384 = PLANE('',#4385);
#4385 = AXIS2_PLACEMENT_3D('',#4386,#4387,#4388);
#4386 = CARTESIAN_POINT('',(-198.5,-102.,25.5));
#4387 = DIRECTION('',(1.,0.,0.));
#4388 = DIRECTION('',(0.,0.,1.));
#4389 = DEFINITIONAL_REPRESENTATION('',(#4390),#4393);
#4390 = B_SPLINE_CURVE_WITH_KNOTS('',1,(#4391,#4392),.UNSPECIFIED.,.F.,
  .F.,(2,2),(-419.,-414.),.PIECEWISE_BEZIER_KNOTS.);
#4391 = CARTESIAN_POINT('',(5.,-2.));
#4392 = CARTESIAN_POINT('',(0.,-2.));
#4393 = ( GEOMETRIC_REPRESENTATION_CONTEXT(2) 
PARAMETRIC_REPRESENTATION_CONTEXT() REPRESENTATION_CONTEXT('2D SPACE',''
  ) );
#4394 = ORIENTED_EDGE('',*,*,#4395,.T.);
#4395 = EDGE_CURVE('',#4370,#4396,#4398,.T.);
#4396 = VERTEX_POINT('',#4397);
#4397 = CARTESIAN_POINT('',(198.5,-100.,25.5));
#4398 = SURFACE_CURVE('',#4399,(#4403,#4409),.PCURVE_S1.);
#4399 = LINE('',#4400,#4401);
#4400 = CARTESIAN_POINT('',(-220.25,-100.,25.5));
#4401 = VECTOR('',#4402,1.);
#4402 = DIRECTION('',(1.,0.,0.));
#4403 = PCURVE('',#2897,#4404);
#4404 = DEFINITIONAL_REPRESENTATION('',(#4405),#4408);
#4405 = B_SPLINE_CURVE_WITH_KNOTS('',1,(#4406,#4407),.UNSPECIFIED.,.F.,
  .F.,(2,2),(21.75,418.75),.PIECEWISE_BEZIER_KNOTS.);
#4406 = CARTESIAN_POINT('',(828.,43.5));
#4407 = CARTESIAN_POINT('',(828.,440.5));
#4408 = ( GEOMETRIC_REPRESENTATION_CONTEXT(2) 
PARAMETRIC_REPRESENTATION_CONTEXT() REPRESENTATION_CONTEXT('2D SPACE',''
  ) );
#4409 = PCURVE('',#4410,#4415);
#4410 = PLANE('',#4411);
#4411 = AXIS2_PLACEMENT_3D('',#4412,#4413,#4414);
#4412 = CARTESIAN_POINT('',(-198.5,-102.,25.5));
#4413 = DIRECTION('',(0.,0.,1.));
#4414 = DIRECTION('',(1.,0.,0.));
#4415 = DEFINITIONAL_REPRESENTATION('',(#4416),#4419);
#4416 = B_SPLINE_CURVE_WITH_KNOTS('',1,(#4417,#4418),.UNSPECIFIED.,.F.,
  .F.,(2,2),(21.75,418.75),.PIECEWISE_BEZIER_KNOTS.);
#4417 = CARTESIAN_POINT('',(0.,2.));
#4418 = CARTESIAN_POINT('',(397.,2.));
#4419 = ( GEOMETRIC_REPRESENTATION_CONTEXT(2) 
PARAMETRIC_REPRESENTATION_CONTEXT() REPRESENTATION_CONTEXT('2D SPACE',''
  ) );
#4420 = ORIENTED_EDGE('',*,*,#4421,.F.);
#4421 = EDGE_CURVE('',#4344,#4396,#4422,.T.);
#4422 = SURFACE_CURVE('',#4423,(#4427,#4433),.PCURVE_S1.);
#4423 = LINE('',#4424,#4425);
#4424 = CARTESIAN_POINT('',(198.5,-100.,-388.5));
#4425 = VECTOR('',#4426,1.);
#4426 = DIRECTION('',(0.,0.,-1.));
#4427 = PCURVE('',#2897,#4428);
#4428 = DEFINITIONAL_REPRESENTATION('',(#4429),#4432);
#4429 = B_SPLINE_CURVE_WITH_KNOTS('',1,(#4430,#4431),.UNSPECIFIED.,.F.,
  .F.,(2,2),(-419.,-414.),.PIECEWISE_BEZIER_KNOTS.);
#4430 = CARTESIAN_POINT('',(833.,440.5));
#4431 = CARTESIAN_POINT('',(828.,440.5));
#4432 = ( GEOMETRIC_REPRESENTATION_CONTEXT(2) 
PARAMETRIC_REPRESENTATION_CONTEXT() REPRESENTATION_CONTEXT('2D SPACE',''
  ) );
#4433 = PCURVE('',#4434,#4439);
#4434 = PLANE('',#4435);
#4435 = AXIS2_PLACEMENT_3D('',#4436,#4437,#4438);
#4436 = CARTESIAN_POINT('',(198.5,-102.,25.5));
#4437 = DIRECTION('',(1.,0.,0.));
#4438 = DIRECTION('',(0.,0.,1.));
#4439 = DEFINITIONAL_REPRESENTATION('',(#4440),#4443);
#4440 = B_SPLINE_CURVE_WITH_KNOTS('',1,(#4441,#4442),.UNSPECIFIED.,.F.,
  .F.,(2,2),(-419.,-414.),.PIECEWISE_BEZIER_KNOTS.);
#4441 = CARTESIAN_POINT('',(5.,-2.));
#4442 = CARTESIAN_POINT('',(0.,-2.));
#4443 = ( GEOMETRIC_REPRESENTATION_CONTEXT(2) 
PARAMETRIC_REPRESENTATION_CONTEXT() REPRESENTATION_CONTEXT('2D SPACE',''
  ) );
#4444 = FACE_BOUND('',#4445,.F.);
#4445 = EDGE_LOOP('',(#4446,#4474,#4500,#4526));
#4446 = ORIENTED_EDGE('',*,*,#4447,.F.);
#4447 = EDGE_CURVE('',#4448,#4450,#4452,.T.);
#4448 = VERTEX_POINT('',#4449);
#4449 = CARTESIAN_POINT('',(-198.5,-100.,92.));
#4450 = VERTEX_POINT('',#4451);
#4451 = CARTESIAN_POINT('',(198.5,-100.,92.));
#4452 = SURFACE_CURVE('',#4453,(#4457,#4463),.PCURVE_S1.);
#4453 = LINE('',#4454,#4455);
#4454 = CARTESIAN_POINT('',(-220.25,-100.,92.));
#4455 = VECTOR('',#4456,1.);
#4456 = DIRECTION('',(1.,0.,0.));
#4457 = PCURVE('',#2897,#4458);
#4458 = DEFINITIONAL_REPRESENTATION('',(#4459),#4462);
#4459 = B_SPLINE_CURVE_WITH_KNOTS('',1,(#4460,#4461),.UNSPECIFIED.,.F.,
  .F.,(2,2),(21.75,418.75),.PIECEWISE_BEZIER_KNOTS.);
#4460 = CARTESIAN_POINT('',(894.5,43.5));
#4461 = CARTESIAN_POINT('',(894.5,440.5));
#4462 = ( GEOMETRIC_REPRESENTATION_CONTEXT(2) 
PARAMETRIC_REPRESENTATION_CONTEXT() REPRESENTATION_CONTEXT('2D SPACE',''
  ) );
#4463 = PCURVE('',#4464,#4469);
#4464 = PLANE('',#4465);
#4465 = AXIS2_PLACEMENT_3D('',#4466,#4467,#4468);
#4466 = CARTESIAN_POINT('',(-198.5,-102.,92.));
#4467 = DIRECTION('',(0.,0.,1.));
#4468 = DIRECTION('',(1.,0.,0.));
#4469 = DEFINITIONAL_REPRESENTATION('',(#4470),#4473);
#4470 = B_SPLINE_CURVE_WITH_KNOTS('',1,(#4471,#4472),.UNSPECIFIED.,.F.,
  .F.,(2,2),(21.75,418.75),.PIECEWISE_BEZIER_KNOTS.);
#4471 = CARTESIAN_POINT('',(0.,2.));
#4472 = CARTESIAN_POINT('',(397.,2.));
#4473 = ( GEOMETRIC_REPRESENTATION_CONTEXT(2) 
PARAMETRIC_REPRESENTATION_CONTEXT() REPRESENTATION_CONTEXT('2D SPACE',''
  ) );
#4474 = ORIENTED_EDGE('',*,*,#4475,.T.);
#4475 = EDGE_CURVE('',#4448,#4476,#4478,.T.);
#4476 = VERTEX_POINT('',#4477);
#4477 = CARTESIAN_POINT('',(-198.5,-100.,87.));
#4478 = SURFACE_CURVE('',#4479,(#4483,#4489),.PCURVE_S1.);
#4479 = LINE('',#4480,#4481);
#4480 = CARTESIAN_POINT('',(-198.5,-100.,-357.75));
#4481 = VECTOR('',#4482,1.);
#4482 = DIRECTION('',(0.,0.,-1.));
#4483 = PCURVE('',#2897,#4484);
#4484 = DEFINITIONAL_REPRESENTATION('',(#4485),#4488);
#4485 = B_SPLINE_CURVE_WITH_KNOTS('',1,(#4486,#4487),.UNSPECIFIED.,.F.,
  .F.,(2,2),(-449.75,-444.75),.PIECEWISE_BEZIER_KNOTS.);
#4486 = CARTESIAN_POINT('',(894.5,43.5));
#4487 = CARTESIAN_POINT('',(889.5,43.5));
#4488 = ( GEOMETRIC_REPRESENTATION_CONTEXT(2) 
PARAMETRIC_REPRESENTATION_CONTEXT() REPRESENTATION_CONTEXT('2D SPACE',''
  ) );
#4489 = PCURVE('',#4490,#4495);
#4490 = PLANE('',#4491);
#4491 = AXIS2_PLACEMENT_3D('',#4492,#4493,#4494);
#4492 = CARTESIAN_POINT('',(-198.5,-102.,87.));
#4493 = DIRECTION('',(1.,0.,0.));
#4494 = DIRECTION('',(0.,0.,1.));
#4495 = DEFINITIONAL_REPRESENTATION('',(#4496),#4499);
#4496 = B_SPLINE_CURVE_WITH_KNOTS('',1,(#4497,#4498),.UNSPECIFIED.,.F.,
  .F.,(2,2),(-449.75,-444.75),.PIECEWISE_BEZIER_KNOTS.);
#4497 = CARTESIAN_POINT('',(5.,-2.));
#4498 = CARTESIAN_POINT('',(0.,-2.));
#4499 = ( GEOMETRIC_REPRESENTATION_CONTEXT(2) 
PARAMETRIC_REPRESENTATION_CONTEXT() REPRESENTATION_CONTEXT('2D SPACE',''
  ) );
#4500 = ORIENTED_EDGE('',*,*,#4501,.T.);
#4501 = EDGE_CURVE('',#4476,#4502,#4504,.T.);
#4502 = VERTEX_POINT('',#4503);
#4503 = CARTESIAN_POINT('',(198.5,-100.,87.));
#4504 = SURFACE_CURVE('',#4505,(#4509,#4515),.PCURVE_S1.);
#4505 = LINE('',#4506,#4507);
#4506 = CARTESIAN_POINT('',(-220.25,-100.,87.));
#4507 = VECTOR('',#4508,1.);
#4508 = DIRECTION('',(1.,0.,0.));
#4509 = PCURVE('',#2897,#4510);
#4510 = DEFINITIONAL_REPRESENTATION('',(#4511),#4514);
#4511 = B_SPLINE_CURVE_WITH_KNOTS('',1,(#4512,#4513),.UNSPECIFIED.,.F.,
  .F.,(2,2),(21.75,418.75),.PIECEWISE_BEZIER_KNOTS.);
#4512 = CARTESIAN_POINT('',(889.5,43.5));
#4513 = CARTESIAN_POINT('',(889.5,440.5));
#4514 = ( GEOMETRIC_REPRESENTATION_CONTEXT(2) 
PARAMETRIC_REPRESENTATION_CONTEXT() REPRESENTATION_CONTEXT('2D SPACE',''
  ) );
#4515 = PCURVE('',#4516,#4521);
#4516 = PLANE('',#4517);
#4517 = AXIS2_PLACEMENT_3D('',#4518,#4519,#4520);
#4518 = CARTESIAN_POINT('',(-198.5,-102.,87.));
#4519 = DIRECTION('',(0.,0.,1.));
#4520 = DIRECTION('',(1.,0.,0.));
#4521 = DEFINITIONAL_REPRESENTATION('',(#4522),#4525);
#4522 = B_SPLINE_CURVE_WITH_KNOTS('',1,(#4523,#4524),.UNSPECIFIED.,.F.,
  .F.,(2,2),(21.75,418.75),.PIECEWISE_BEZIER_KNOTS.);
#4523 = CARTESIAN_POINT('',(0.,2.));
#4524 = CARTESIAN_POINT('',(397.,2.));
#4525 = ( GEOMETRIC_REPRESENTATION_CONTEXT(2) 
PARAMETRIC_REPRESENTATION_CONTEXT() REPRESENTATION_CONTEXT('2D SPACE',''
  ) );
#4526 = ORIENTED_EDGE('',*,*,#4527,.F.);
#4527 = EDGE_CURVE('',#4450,#4502,#4528,.T.);
#4528 = SURFACE_CURVE('',#4529,(#4533,#4539),.PCURVE_S1.);
#4529 = LINE('',#4530,#4531);
#4530 = CARTESIAN_POINT('',(198.5,-100.,-357.75));
#4531 = VECTOR('',#4532,1.);
#4532 = DIRECTION('',(0.,0.,-1.));
#4533 = PCURVE('',#2897,#4534);
#4534 = DEFINITIONAL_REPRESENTATION('',(#4535),#4538);
#4535 = B_SPLINE_CURVE_WITH_KNOTS('',1,(#4536,#4537),.UNSPECIFIED.,.F.,
  .F.,(2,2),(-449.75,-444.75),.PIECEWISE_BEZIER_KNOTS.);
#4536 = CARTESIAN_POINT('',(894.5,440.5));
#4537 = CARTESIAN_POINT('',(889.5,440.5));
#4538 = ( GEOMETRIC_REPRESENTATION_CONTEXT(2) 
PARAMETRIC_REPRESENTATION_CONTEXT() REPRESENTATION_CONTEXT('2D SPACE',''
  ) );
#4539 = PCURVE('',#4540,#4545);
#4540 = PLANE('',#4541);
#4541 = AXIS2_PLACEMENT_3D('',#4542,#4543,#4544);
#4542 = CARTESIAN_POINT('',(198.5,-102.,87.));
#4543 = DIRECTION('',(1.,0.,0.));
#4544 = DIRECTION('',(0.,0.,1.));
#4545 = DEFINITIONAL_REPRESENTATION('',(#4546),#4549);
#4546 = B_SPLINE_CURVE_WITH_KNOTS('',1,(#4547,#4548),.UNSPECIFIED.,.F.,
  .F.,(2,2),(-449.75,-444.75),.PIECEWISE_BEZIER_KNOTS.);
#4547 = CARTESIAN_POINT('',(5.,-2.));
#4548 = CARTESIAN_POINT('',(0.,-2.));
#4549 = ( GEOMETRIC_REPRESENTATION_CONTEXT(2) 
PARAMETRIC_REPRESENTATION_CONTEXT() REPRESENTATION_CONTEXT('2D SPACE',''
  ) );
#4550 = FACE_BOUND('',#4551,.F.);
#4551 = EDGE_LOOP('',(#4552,#4580,#4606,#4632));
#4552 = ORIENTED_EDGE('',*,*,#4553,.F.);
#4553 = EDGE_CURVE('',#4554,#4556,#4558,.T.);
#4554 = VERTEX_POINT('',#4555);
#4555 = CARTESIAN_POINT('',(-198.5,-100.,153.5));
#4556 = VERTEX_POINT('',#4557);
#4557 = CARTESIAN_POINT('',(198.5,-100.,153.5));
#4558 = SURFACE_CURVE('',#4559,(#4563,#4569),.PCURVE_S1.);
#4559 = LINE('',#4560,#4561);
#4560 = CARTESIAN_POINT('',(-220.25,-100.,153.5));
#4561 = VECTOR('',#4562,1.);
#4562 = DIRECTION('',(1.,0.,0.));
#4563 = PCURVE('',#2897,#4564);
#4564 = DEFINITIONAL_REPRESENTATION('',(#4565),#4568);
#4565 = B_SPLINE_CURVE_WITH_KNOTS('',1,(#4566,#4567),.UNSPECIFIED.,.F.,
  .F.,(2,2),(21.75,418.75),.PIECEWISE_BEZIER_KNOTS.);
#4566 = CARTESIAN_POINT('',(956.,43.5));
#4567 = CARTESIAN_POINT('',(956.,440.5));
#4568 = ( GEOMETRIC_REPRESENTATION_CONTEXT(2) 
PARAMETRIC_REPRESENTATION_CONTEXT() REPRESENTATION_CONTEXT('2D SPACE',''
  ) );
#4569 = PCURVE('',#4570,#4575);
#4570 = PLANE('',#4571);
#4571 = AXIS2_PLACEMENT_3D('',#4572,#4573,#4574);
#4572 = CARTESIAN_POINT('',(-198.5,-102.,153.5));
#4573 = DIRECTION('',(0.,0.,1.));
#4574 = DIRECTION('',(1.,0.,0.));
#4575 = DEFINITIONAL_REPRESENTATION('',(#4576),#4579);
#4576 = B_SPLINE_CURVE_WITH_KNOTS('',1,(#4577,#4578),.UNSPECIFIED.,.F.,
  .F.,(2,2),(21.75,418.75),.PIECEWISE_BEZIER_KNOTS.);
#4577 = CARTESIAN_POINT('',(0.,2.));
#4578 = CARTESIAN_POINT('',(397.,2.));
#4579 = ( GEOMETRIC_REPRESENTATION_CONTEXT(2) 
PARAMETRIC_REPRESENTATION_CONTEXT() REPRESENTATION_CONTEXT('2D SPACE',''
  ) );
#4580 = ORIENTED_EDGE('',*,*,#4581,.T.);
#4581 = EDGE_CURVE('',#4554,#4582,#4584,.T.);
#4582 = VERTEX_POINT('',#4583);
#4583 = CARTESIAN_POINT('',(-198.5,-100.,148.5));
#4584 = SURFACE_CURVE('',#4585,(#4589,#4595),.PCURVE_S1.);
#4585 = LINE('',#4586,#4587);
#4586 = CARTESIAN_POINT('',(-198.5,-100.,-327.));
#4587 = VECTOR('',#4588,1.);
#4588 = DIRECTION('',(0.,0.,-1.));
#4589 = PCURVE('',#2897,#4590);
#4590 = DEFINITIONAL_REPRESENTATION('',(#4591),#4594);
#4591 = B_SPLINE_CURVE_WITH_KNOTS('',1,(#4592,#4593),.UNSPECIFIED.,.F.,
  .F.,(2,2),(-480.5,-475.5),.PIECEWISE_BEZIER_KNOTS.);
#4592 = CARTESIAN_POINT('',(956.,43.5));
#4593 = CARTESIAN_POINT('',(951.,43.5));
#4594 = ( GEOMETRIC_REPRESENTATION_CONTEXT(2) 
PARAMETRIC_REPRESENTATION_CONTEXT() REPRESENTATION_CONTEXT('2D SPACE',''
  ) );
#4595 = PCURVE('',#4596,#4601);
#4596 = PLANE('',#4597);
#4597 = AXIS2_PLACEMENT_3D('',#4598,#4599,#4600);
#4598 = CARTESIAN_POINT('',(-198.5,-102.,148.5));
#4599 = DIRECTION('',(1.,0.,0.));
#4600 = DIRECTION('',(0.,0.,1.));
#4601 = DEFINITIONAL_REPRESENTATION('',(#4602),#4605);
#4602 = B_SPLINE_CURVE_WITH_KNOTS('',1,(#4603,#4604),.UNSPECIFIED.,.F.,
  .F.,(2,2),(-480.5,-475.5),.PIECEWISE_BEZIER_KNOTS.);
#4603 = CARTESIAN_POINT('',(5.,-2.));
#4604 = CARTESIAN_POINT('',(0.,-2.));
#4605 = ( GEOMETRIC_REPRESENTATION_CONTEXT(2) 
PARAMETRIC_REPRESENTATION_CONTEXT() REPRESENTATION_CONTEXT('2D SPACE',''
  ) );
#4606 = ORIENTED_EDGE('',*,*,#4607,.T.);
#4607 = EDGE_CURVE('',#4582,#4608,#4610,.T.);
#4608 = VERTEX_POINT('',#4609);
#4609 = CARTESIAN_POINT('',(198.5,-100.,148.5));
#4610 = SURFACE_CURVE('',#4611,(#4615,#4621),.PCURVE_S1.);
#4611 = LINE('',#4612,#4613);
#4612 = CARTESIAN_POINT('',(-220.25,-100.,148.5));
#4613 = VECTOR('',#4614,1.);
#4614 = DIRECTION('',(1.,0.,0.));
#4615 = PCURVE('',#2897,#4616);
#4616 = DEFINITIONAL_REPRESENTATION('',(#4617),#4620);
#4617 = B_SPLINE_CURVE_WITH_KNOTS('',1,(#4618,#4619),.UNSPECIFIED.,.F.,
  .F.,(2,2),(21.75,418.75),.PIECEWISE_BEZIER_KNOTS.);
#4618 = CARTESIAN_POINT('',(951.,43.5));
#4619 = CARTESIAN_POINT('',(951.,440.5));
#4620 = ( GEOMETRIC_REPRESENTATION_CONTEXT(2) 
PARAMETRIC_REPRESENTATION_CONTEXT() REPRESENTATION_CONTEXT('2D SPACE',''
  ) );
#4621 = PCURVE('',#4622,#4627);
#4622 = PLANE('',#4623);
#4623 = AXIS2_PLACEMENT_3D('',#4624,#4625,#4626);
#4624 = CARTESIAN_POINT('',(-198.5,-102.,148.5));
#4625 = DIRECTION('',(0.,0.,1.));
#4626 = DIRECTION('',(1.,0.,0.));
#4627 = DEFINITIONAL_REPRESENTATION('',(#4628),#4631);
#4628 = B_SPLINE_CURVE_WITH_KNOTS('',1,(#4629,#4630),.UNSPECIFIED.,.F.,
  .F.,(2,2),(21.75,418.75),.PIECEWISE_BEZIER_KNOTS.);
#4629 = CARTESIAN_POINT('',(0.,2.));
#4630 = CARTESIAN_POINT('',(397.,2.));
#4631 = ( GEOMETRIC_REPRESENTATION_CONTEXT(2) 
PARAMETRIC_REPRESENTATION_CONTEXT() REPRESENTATION_CONTEXT('2D SPACE',''
  ) );
#4632 = ORIENTED_EDGE('',*,*,#4633,.F.);
#4633 = EDGE_CURVE('',#4556,#4608,#4634,.T.);
#4634 = SURFACE_CURVE('',#4635,(#4639,#4645),.PCURVE_S1.);
#4635 = LINE('',#4636,#4637);
#4636 = CARTESIAN_POINT('',(198.5,-100.,-327.));
#4637 = VECTOR('',#4638,1.);
#4638 = DIRECTION('',(0.,0.,-1.));
#4639 = PCURVE('',#2897,#4640);
#4640 = DEFINITIONAL_REPRESENTATION('',(#4641),#4644);
#4641 = B_SPLINE_CURVE_WITH_KNOTS('',1,(#4642,#4643),.UNSPECIFIED.,.F.,
  .F.,(2,2),(-480.5,-475.5),.PIECEWISE_BEZIER_KNOTS.);
#4642 = CARTESIAN_POINT('',(956.,440.5));
#4643 = CARTESIAN_POINT('',(951.,440.5));
#4644 = ( GEOMETRIC_REPRESENTATION_CONTEXT(2) 
PARAMETRIC_REPRESENTATION_CONTEXT() REPRESENTATION_CONTEXT('2D SPACE',''
  ) );
#4645 = PCURVE('',#4646,#4651);
#4646 = PLANE('',#4647);
#4647 = AXIS2_PLACEMENT_3D('',#4648,#4649,#4650);
#4648 = CARTESIAN_POINT('',(198.5,-102.,148.5));
#4649 = DIRECTION('',(1.,0.,0.));
#4650 = DIRECTION('',(0.,0.,1.));
#4651 = DEFINITIONAL_REPRESENTATION('',(#4652),#4655);
#4652 = B_SPLINE_CURVE_WITH_KNOTS('',1,(#4653,#4654),.UNSPECIFIED.,.F.,
  .F.,(2,2),(-480.5,-475.5),.PIECEWISE_BEZIER_KNOTS.);
#4653 = CARTESIAN_POINT('',(5.,-2.));
#4654 = CARTESIAN_POINT('',(0.,-2.));
#4655 = ( GEOMETRIC_REPRESENTATION_CONTEXT(2) 
PARAMETRIC_REPRESENTATION_CONTEXT() REPRESENTATION_CONTEXT('2D SPACE',''
  ) );
#4656 = FACE_BOUND('',#4657,.F.);
#4657 = EDGE_LOOP('',(#4658,#4686,#4712,#4738));
#4658 = ORIENTED_EDGE('',*,*,#4659,.F.);
#4659 = EDGE_CURVE('',#4660,#4662,#4664,.T.);
#4660 = VERTEX_POINT('',#4661);
#4661 = CARTESIAN_POINT('',(-198.5,-100.,215.));
#4662 = VERTEX_POINT('',#4663);
#4663 = CARTESIAN_POINT('',(198.5,-100.,215.));
#4664 = SURFACE_CURVE('',#4665,(#4669,#4675),.PCURVE_S1.);
#4665 = LINE('',#4666,#4667);
#4666 = CARTESIAN_POINT('',(-220.25,-100.,215.));
#4667 = VECTOR('',#4668,1.);
#4668 = DIRECTION('',(1.,0.,0.));
#4669 = PCURVE('',#2897,#4670);
#4670 = DEFINITIONAL_REPRESENTATION('',(#4671),#4674);
#4671 = B_SPLINE_CURVE_WITH_KNOTS('',1,(#4672,#4673),.UNSPECIFIED.,.F.,
  .F.,(2,2),(21.75,418.75),.PIECEWISE_BEZIER_KNOTS.);
#4672 = CARTESIAN_POINT('',(1.0175E+03,43.5));
#4673 = CARTESIAN_POINT('',(1.0175E+03,440.5));
#4674 = ( GEOMETRIC_REPRESENTATION_CONTEXT(2) 
PARAMETRIC_REPRESENTATION_CONTEXT() REPRESENTATION_CONTEXT('2D SPACE',''
  ) );
#4675 = PCURVE('',#4676,#4681);
#4676 = PLANE('',#4677);
#4677 = AXIS2_PLACEMENT_3D('',#4678,#4679,#4680);
#4678 = CARTESIAN_POINT('',(-198.5,-102.,215.));
#4679 = DIRECTION('',(0.,0.,1.));
#4680 = DIRECTION('',(1.,0.,0.));
#4681 = DEFINITIONAL_REPRESENTATION('',(#4682),#4685);
#4682 = B_SPLINE_CURVE_WITH_KNOTS('',1,(#4683,#4684),.UNSPECIFIED.,.F.,
  .F.,(2,2),(21.75,418.75),.PIECEWISE_BEZIER_KNOTS.);
#4683 = CARTESIAN_POINT('',(0.,2.));
#4684 = CARTESIAN_POINT('',(397.,2.));
#4685 = ( GEOMETRIC_REPRESENTATION_CONTEXT(2) 
PARAMETRIC_REPRESENTATION_CONTEXT() REPRESENTATION_CONTEXT('2D SPACE',''
  ) );
#4686 = ORIENTED_EDGE('',*,*,#4687,.T.);
#4687 = EDGE_CURVE('',#4660,#4688,#4690,.T.);
#4688 = VERTEX_POINT('',#4689);
#4689 = CARTESIAN_POINT('',(-198.5,-100.,210.));
#4690 = SURFACE_CURVE('',#4691,(#4695,#4701),.PCURVE_S1.);
#4691 = LINE('',#4692,#4693);
#4692 = CARTESIAN_POINT('',(-198.5,-100.,-296.25));
#4693 = VECTOR('',#4694,1.);
#4694 = DIRECTION('',(0.,0.,-1.));
#4695 = PCURVE('',#2897,#4696);
#4696 = DEFINITIONAL_REPRESENTATION('',(#4697),#4700);
#4697 = B_SPLINE_CURVE_WITH_KNOTS('',1,(#4698,#4699),.UNSPECIFIED.,.F.,
  .F.,(2,2),(-511.25,-506.25),.PIECEWISE_BEZIER_KNOTS.);
#4698 = CARTESIAN_POINT('',(1.0175E+03,43.5));
#4699 = CARTESIAN_POINT('',(1.0125E+03,43.5));
#4700 = ( GEOMETRIC_REPRESENTATION_CONTEXT(2) 
PARAMETRIC_REPRESENTATION_CONTEXT() REPRESENTATION_CONTEXT('2D SPACE',''
  ) );
#4701 = PCURVE('',#4702,#4707);
#4702 = PLANE('',#4703);
#4703 = AXIS2_PLACEMENT_3D('',#4704,#4705,#4706);
#4704 = CARTESIAN_POINT('',(-198.5,-102.,210.));
#4705 = DIRECTION('',(1.,0.,0.));
#4706 = DIRECTION('',(0.,0.,1.));
#4707 = DEFINITIONAL_REPRESENTATION('',(#4708),#4711);
#4708 = B_SPLINE_CURVE_WITH_KNOTS('',1,(#4709,#4710),.UNSPECIFIED.,.F.,
  .F.,(2,2),(-511.25,-506.25),.PIECEWISE_BEZIER_KNOTS.);
#4709 = CARTESIAN_POINT('',(5.,-2.));
#4710 = CARTESIAN_POINT('',(0.,-2.));
#4711 = ( GEOMETRIC_REPRESENTATION_CONTEXT(2) 
PARAMETRIC_REPRESENTATION_CONTEXT() REPRESENTATION_CONTEXT('2D SPACE',''
  ) );
#4712 = ORIENTED_EDGE('',*,*,#4713,.T.);
#4713 = EDGE_CURVE('',#4688,#4714,#4716,.T.);
#4714 = VERTEX_POINT('',#4715);
#4715 = CARTESIAN_POINT('',(198.5,-100.,210.));
#4716 = SURFACE_CURVE('',#4717,(#4721,#4727),.PCURVE_S1.);
#4717 = LINE('',#4718,#4719);
#4718 = CARTESIAN_POINT('',(-220.25,-100.,210.));
#4719 = VECTOR('',#4720,1.);
#4720 = DIRECTION('',(1.,0.,0.));
#4721 = PCURVE('',#2897,#4722);
#4722 = DEFINITIONAL_REPRESENTATION('',(#4723),#4726);
#4723 = B_SPLINE_CURVE_WITH_KNOTS('',1,(#4724,#4725),.UNSPECIFIED.,.F.,
  .F.,(2,2),(21.75,418.75),.PIECEWISE_BEZIER_KNOTS.);
#4724 = CARTESIAN_POINT('',(1.0125E+03,43.5));
#4725 = CARTESIAN_POINT('',(1.0125E+03,440.5));
#4726 = ( GEOMETRIC_REPRESENTATION_CONTEXT(2) 
PARAMETRIC_REPRESENTATION_CONTEXT() REPRESENTATION_CONTEXT('2D SPACE',''
  ) );
#4727 = PCURVE('',#4728,#4733);
#4728 = PLANE('',#4729);
#4729 = AXIS2_PLACEMENT_3D('',#4730,#4731,#4732);
#4730 = CARTESIAN_POINT('',(-198.5,-102.,210.));
#4731 = DIRECTION('',(0.,0.,1.));
#4732 = DIRECTION('',(1.,0.,0.));
#4733 = DEFINITIONAL_REPRESENTATION('',(#4734),#4737);
#4734 = B_SPLINE_CURVE_WITH_KNOTS('',1,(#4735,#4736),.UNSPECIFIED.,.F.,
  .F.,(2,2),(21.75,418.75),.PIECEWISE_BEZIER_KNOTS.);
#4735 = CARTESIAN_POINT('',(0.,2.));
#4736 = CARTESIAN_POINT('',(397.,2.));
#4737 = ( GEOMETRIC_REPRESENTATION_CONTEXT(2) 
PARAMETRIC_REPRESENTATION_CONTEXT() REPRESENTATION_CONTEXT('2D SPACE',''
  ) );
#4738 = ORIENTED_EDGE('',*,*,#4739,.F.);
#4739 = EDGE_CURVE('',#4662,#4714,#4740,.T.);
#4740 = SURFACE_CURVE('',#4741,(#4745,#4751),.PCURVE_S1.);
#4741 = LINE('',#4742,#4743);
#4742 = CARTESIAN_POINT('',(198.5,-100.,-296.25));
#4743 = VECTOR('',#4744,1.);
#4744 = DIRECTION('',(0.,0.,-1.));
#4745 = PCURVE('',#2897,#4746);
#4746 = DEFINITIONAL_REPRESENTATION('',(#4747),#4750);
#4747 = B_SPLINE_CURVE_WITH_KNOTS('',1,(#4748,#4749),.UNSPECIFIED.,.F.,
  .F.,(2,2),(-511.25,-506.25),.PIECEWISE_BEZIER_KNOTS.);
#4748 = CARTESIAN_POINT('',(1.0175E+03,440.5));
#4749 = CARTESIAN_POINT('',(1.0125E+03,440.5));
#4750 = ( GEOMETRIC_REPRESENTATION_CONTEXT(2) 
PARAMETRIC_REPRESENTATION_CONTEXT() REPRESENTATION_CONTEXT('2D SPACE',''
  ) );
#4751 = PCURVE('',#4752,#4757);
#4752 = PLANE('',#4753);
#4753 = AXIS2_PLACEMENT_3D('',#4754,#4755,#4756);
#4754 = CARTESIAN_POINT('',(198.5,-102.,210.));
#4755 = DIRECTION('',(1.,0.,0.));
#4756 = DIRECTION('',(0.,0.,1.));
#4757 = DEFINITIONAL_REPRESENTATION('',(#4758),#4761);
#4758 = B_SPLINE_CURVE_WITH_KNOTS('',1,(#4759,#4760),.UNSPECIFIED.,.F.,
  .F.,(2,2),(-511.25,-506.25),.PIECEWISE_BEZIER_KNOTS.);
#4759 = CARTESIAN_POINT('',(5.,-2.));
#4760 = CARTESIAN_POINT('',(0.,-2.));
#4761 = ( GEOMETRIC_REPRESENTATION_CONTEXT(2) 
PARAMETRIC_REPRESENTATION_CONTEXT() REPRESENTATION_CONTEXT('2D SPACE',''
  ) );
#4762 = FACE_BOUND('',#4763,.F.);
#4763 = EDGE_LOOP('',(#4764,#4792,#4818,#4844));
#4764 = ORIENTED_EDGE('',*,*,#4765,.F.);
#4765 = EDGE_CURVE('',#4766,#4768,#4770,.T.);
#4766 = VERTEX_POINT('',#4767);
#4767 = CARTESIAN_POINT('',(-198.5,-100.,276.5));
#4768 = VERTEX_POINT('',#4769);
#4769 = CARTESIAN_POINT('',(198.5,-100.,276.5));
#4770 = SURFACE_CURVE('',#4771,(#4775,#4781),.PCURVE_S1.);
#4771 = LINE('',#4772,#4773);
#4772 = CARTESIAN_POINT('',(-220.25,-100.,276.5));
#4773 = VECTOR('',#4774,1.);
#4774 = DIRECTION('',(1.,0.,0.));
#4775 = PCURVE('',#2897,#4776);
#4776 = DEFINITIONAL_REPRESENTATION('',(#4777),#4780);
#4777 = B_SPLINE_CURVE_WITH_KNOTS('',1,(#4778,#4779),.UNSPECIFIED.,.F.,
  .F.,(2,2),(21.75,418.75),.PIECEWISE_BEZIER_KNOTS.);
#4778 = CARTESIAN_POINT('',(1.079E+03,43.5));
#4779 = CARTESIAN_POINT('',(1.079E+03,440.5));
#4780 = ( GEOMETRIC_REPRESENTATION_CONTEXT(2) 
PARAMETRIC_REPRESENTATION_CONTEXT() REPRESENTATION_CONTEXT('2D SPACE',''
  ) );
#4781 = PCURVE('',#4782,#4787);
#4782 = PLANE('',#4783);
#4783 = AXIS2_PLACEMENT_3D('',#4784,#4785,#4786);
#4784 = CARTESIAN_POINT('',(-198.5,-102.,276.5));
#4785 = DIRECTION('',(0.,0.,1.));
#4786 = DIRECTION('',(1.,0.,0.));
#4787 = DEFINITIONAL_REPRESENTATION('',(#4788),#4791);
#4788 = B_SPLINE_CURVE_WITH_KNOTS('',1,(#4789,#4790),.UNSPECIFIED.,.F.,
  .F.,(2,2),(21.75,418.75),.PIECEWISE_BEZIER_KNOTS.);
#4789 = CARTESIAN_POINT('',(0.,2.));
#4790 = CARTESIAN_POINT('',(397.,2.));
#4791 = ( GEOMETRIC_REPRESENTATION_CONTEXT(2) 
PARAMETRIC_REPRESENTATION_CONTEXT() REPRESENTATION_CONTEXT('2D SPACE',''
  ) );
#4792 = ORIENTED_EDGE('',*,*,#4793,.T.);
#4793 = EDGE_CURVE('',#4766,#4794,#4796,.T.);
#4794 = VERTEX_POINT('',#4795);
#4795 = CARTESIAN_POINT('',(-198.5,-100.,271.5));
#4796 = SURFACE_CURVE('',#4797,(#4801,#4807),.PCURVE_S1.);
#4797 = LINE('',#4798,#4799);
#4798 = CARTESIAN_POINT('',(-198.5,-100.,-265.5));
#4799 = VECTOR('',#4800,1.);
#4800 = DIRECTION('',(0.,0.,-1.));
#4801 = PCURVE('',#2897,#4802);
#4802 = DEFINITIONAL_REPRESENTATION('',(#4803),#4806);
#4803 = B_SPLINE_CURVE_WITH_KNOTS('',1,(#4804,#4805),.UNSPECIFIED.,.F.,
  .F.,(2,2),(-542.,-537.),.PIECEWISE_BEZIER_KNOTS.);
#4804 = CARTESIAN_POINT('',(1.079E+03,43.5));
#4805 = CARTESIAN_POINT('',(1.074E+03,43.5));
#4806 = ( GEOMETRIC_REPRESENTATION_CONTEXT(2) 
PARAMETRIC_REPRESENTATION_CONTEXT() REPRESENTATION_CONTEXT('2D SPACE',''
  ) );
#4807 = PCURVE('',#4808,#4813);
#4808 = PLANE('',#4809);
#4809 = AXIS2_PLACEMENT_3D('',#4810,#4811,#4812);
#4810 = CARTESIAN_POINT('',(-198.5,-102.,271.5));
#4811 = DIRECTION('',(1.,0.,0.));
#4812 = DIRECTION('',(0.,0.,1.));
#4813 = DEFINITIONAL_REPRESENTATION('',(#4814),#4817);
#4814 = B_SPLINE_CURVE_WITH_KNOTS('',1,(#4815,#4816),.UNSPECIFIED.,.F.,
  .F.,(2,2),(-542.,-537.),.PIECEWISE_BEZIER_KNOTS.);
#4815 = CARTESIAN_POINT('',(5.,-2.));
#4816 = CARTESIAN_POINT('',(0.,-2.));
#4817 = ( GEOMETRIC_REPRESENTATION_CONTEXT(2) 
PARAMETRIC_REPRESENTATION_CONTEXT() REPRESENTATION_CONTEXT('2D SPACE',''
  ) );
#4818 = ORIENTED_EDGE('',*,*,#4819,.T.);
#4819 = EDGE_CURVE('',#4794,#4820,#4822,.T.);
#4820 = VERTEX_POINT('',#4821);
#4821 = CARTESIAN_POINT('',(198.5,-100.,271.5));
#4822 = SURFACE_CURVE('',#4823,(#4827,#4833),.PCURVE_S1.);
#4823 = LINE('',#4824,#4825);
#4824 = CARTESIAN_POINT('',(-220.25,-100.,271.5));
#4825 = VECTOR('',#4826,1.);
#4826 = DIRECTION('',(1.,0.,0.));
#4827 = PCURVE('',#2897,#4828);
#4828 = DEFINITIONAL_REPRESENTATION('',(#4829),#4832);
#4829 = B_SPLINE_CURVE_WITH_KNOTS('',1,(#4830,#4831),.UNSPECIFIED.,.F.,
  .F.,(2,2),(21.75,418.75),.PIECEWISE_BEZIER_KNOTS.);
#4830 = CARTESIAN_POINT('',(1.074E+03,43.5));
#4831 = CARTESIAN_POINT('',(1.074E+03,440.5));
#4832 = ( GEOMETRIC_REPRESENTATION_CONTEXT(2) 
PARAMETRIC_REPRESENTATION_CONTEXT() REPRESENTATION_CONTEXT('2D SPACE',''
  ) );
#4833 = PCURVE('',#4834,#4839);
#4834 = PLANE('',#4835);
#4835 = AXIS2_PLACEMENT_3D('',#4836,#4837,#4838);
#4836 = CARTESIAN_POINT('',(-198.5,-102.,271.5));
#4837 = DIRECTION('',(0.,0.,1.));
#4838 = DIRECTION('',(1.,0.,0.));
#4839 = DEFINITIONAL_REPRESENTATION('',(#4840),#4843);
#4840 = B_SPLINE_CURVE_WITH_KNOTS('',1,(#4841,#4842),.UNSPECIFIED.,.F.,
  .F.,(2,2),(21.75,418.75),.PIECEWISE_BEZIER_KNOTS.);
#4841 = CARTESIAN_POINT('',(0.,2.));
#4842 = CARTESIAN_POINT('',(397.,2.));
#4843 = ( GEOMETRIC_REPRESENTATION_CONTEXT(2) 
PARAMETRIC_REPRESENTATION_CONTEXT() REPRESENTATION_CONTEXT('2D SPACE',''
  ) );
#4844 = ORIENTED_EDGE('',*,*,#4845,.F.);
#4845 = EDGE_CURVE('',#4768,#4820,#4846,.T.);
#4846 = SURFACE_CURVE('',#4847,(#4851,#4857),.PCURVE_S1.);
#4847 = LINE('',#4848,#4849);
#4848 = CARTESIAN_POINT('',(198.5,-100.,-265.5));
#4849 = VECTOR('',#4850,1.);
#4850 = DIRECTION('',(0.,0.,-1.));
#4851 = PCURVE('',#2897,#4852);
#4852 = DEFINITIONAL_REPRESENTATION('',(#4853),#4856);
#4853 = B_SPLINE_CURVE_WITH_KNOTS('',1,(#4854,#4855),.UNSPECIFIED.,.F.,
  .F.,(2,2),(-542.,-537.),.PIECEWISE_BEZIER_KNOTS.);
#4854 = CARTESIAN_POINT('',(1.079E+03,440.5));
#4855 = CARTESIAN_POINT('',(1.074E+03,440.5));
#4856 = ( GEOMETRIC_REPRESENTATION_CONTEXT(2) 
PARAMETRIC_REPRESENTATION_CONTEXT() REPRESENTATION_CONTEXT('2D SPACE',''
  ) );
#4857 = PCURVE('',#4858,#4863);
#4858 = PLANE('',#4859);
#4859 = AXIS2_PLACEMENT_3D('',#4860,#4861,#4862);
#4860 = CARTESIAN_POINT('',(198.5,-102.,271.5));
#4861 = DIRECTION('',(1.,0.,0.));
#4862 = DIRECTION('',(0.,0.,1.));
#4863 = DEFINITIONAL_REPRESENTATION('',(#4864),#4867);
#4864 = B_SPLINE_CURVE_WITH_KNOTS('',1,(#4865,#4866),.UNSPECIFIED.,.F.,
  .F.,(2,2),(-542.,-537.),.PIECEWISE_BEZIER_KNOTS.);
#4865 = CARTESIAN_POINT('',(5.,-2.));
#4866 = CARTESIAN_POINT('',(0.,-2.));
#4867 = ( GEOMETRIC_REPRESENTATION_CONTEXT(2) 
PARAMETRIC_REPRESENTATION_CONTEXT() REPRESENTATION_CONTEXT('2D SPACE',''
  ) );
#4868 = FACE_BOUND('',#4869,.F.);
#4869 = EDGE_LOOP('',(#4870,#4898,#4924,#4950));
#4870 = ORIENTED_EDGE('',*,*,#4871,.F.);
#4871 = EDGE_CURVE('',#4872,#4874,#4876,.T.);
#4872 = VERTEX_POINT('',#4873);
#4873 = CARTESIAN_POINT('',(-198.5,-100.,338.));
#4874 = VERTEX_POINT('',#4875);
#4875 = CARTESIAN_POINT('',(198.5,-100.,338.));
#4876 = SURFACE_CURVE('',#4877,(#4881,#4887),.PCURVE_S1.);
#4877 = LINE('',#4878,#4879);
#4878 = CARTESIAN_POINT('',(-220.25,-100.,338.));
#4879 = VECTOR('',#4880,1.);
#4880 = DIRECTION('',(1.,0.,0.));
#4881 = PCURVE('',#2897,#4882);
#4882 = DEFINITIONAL_REPRESENTATION('',(#4883),#4886);
#4883 = B_SPLINE_CURVE_WITH_KNOTS('',1,(#4884,#4885),.UNSPECIFIED.,.F.,
  .F.,(2,2),(21.75,418.75),.PIECEWISE_BEZIER_KNOTS.);
#4884 = CARTESIAN_POINT('',(1.1405E+03,43.5));
#4885 = CARTESIAN_POINT('',(1.1405E+03,440.5));
#4886 = ( GEOMETRIC_REPRESENTATION_CONTEXT(2) 
PARAMETRIC_REPRESENTATION_CONTEXT() REPRESENTATION_CONTEXT('2D SPACE',''
  ) );
#4887 = PCURVE('',#4888,#4893);
#4888 = PLANE('',#4889);
#4889 = AXIS2_PLACEMENT_3D('',#4890,#4891,#4892);
#4890 = CARTESIAN_POINT('',(-198.5,-102.,338.));
#4891 = DIRECTION('',(0.,0.,1.));
#4892 = DIRECTION('',(1.,0.,0.));
#4893 = DEFINITIONAL_REPRESENTATION('',(#4894),#4897);
#4894 = B_SPLINE_CURVE_WITH_KNOTS('',1,(#4895,#4896),.UNSPECIFIED.,.F.,
  .F.,(2,2),(21.75,418.75),.PIECEWISE_BEZIER_KNOTS.);
#4895 = CARTESIAN_POINT('',(0.,2.));
#4896 = CARTESIAN_POINT('',(397.,2.));
#4897 = ( GEOMETRIC_REPRESENTATION_CONTEXT(2) 
PARAMETRIC_REPRESENTATION_CONTEXT() REPRESENTATION_CONTEXT('2D SPACE',''
  ) );
#4898 = ORIENTED_EDGE('',*,*,#4899,.T.);
#4899 = EDGE_CURVE('',#4872,#4900,#4902,.T.);
#4900 = VERTEX_POINT('',#4901);
#4901 = CARTESIAN_POINT('',(-198.5,-100.,333.));
#4902 = SURFACE_CURVE('',#4903,(#4907,#4913),.PCURVE_S1.);
#4903 = LINE('',#4904,#4905);
#4904 = CARTESIAN_POINT('',(-198.5,-100.,-234.75));
#4905 = VECTOR('',#4906,1.);
#4906 = DIRECTION('',(0.,0.,-1.));
#4907 = PCURVE('',#2897,#4908);
#4908 = DEFINITIONAL_REPRESENTATION('',(#4909),#4912);
#4909 = B_SPLINE_CURVE_WITH_KNOTS('',1,(#4910,#4911),.UNSPECIFIED.,.F.,
  .F.,(2,2),(-572.75,-567.75),.PIECEWISE_BEZIER_KNOTS.);
#4910 = CARTESIAN_POINT('',(1.1405E+03,43.5));
#4911 = CARTESIAN_POINT('',(1.1355E+03,43.5));
#4912 = ( GEOMETRIC_REPRESENTATION_CONTEXT(2) 
PARAMETRIC_REPRESENTATION_CONTEXT() REPRESENTATION_CONTEXT('2D SPACE',''
  ) );
#4913 = PCURVE('',#4914,#4919);
#4914 = PLANE('',#4915);
#4915 = AXIS2_PLACEMENT_3D('',#4916,#4917,#4918);
#4916 = CARTESIAN_POINT('',(-198.5,-102.,333.));
#4917 = DIRECTION('',(1.,0.,0.));
#4918 = DIRECTION('',(0.,0.,1.));
#4919 = DEFINITIONAL_REPRESENTATION('',(#4920),#4923);
#4920 = B_SPLINE_CURVE_WITH_KNOTS('',1,(#4921,#4922),.UNSPECIFIED.,.F.,
  .F.,(2,2),(-572.75,-567.75),.PIECEWISE_BEZIER_KNOTS.);
#4921 = CARTESIAN_POINT('',(5.,-2.));
#4922 = CARTESIAN_POINT('',(0.,-2.));
#4923 = ( GEOMETRIC_REPRESENTATION_CONTEXT(2) 
PARAMETRIC_REPRESENTATION_CONTEXT() REPRESENTATION_CONTEXT('2D SPACE',''
  ) );
#4924 = ORIENTED_EDGE('',*,*,#4925,.T.);
#4925 = EDGE_CURVE('',#4900,#4926,#4928,.T.);
#4926 = VERTEX_POINT('',#4927);
#4927 = CARTESIAN_POINT('',(198.5,-100.,333.));
#4928 = SURFACE_CURVE('',#4929,(#4933,#4939),.PCURVE_S1.);
#4929 = LINE('',#4930,#4931);
#4930 = CARTESIAN_POINT('',(-220.25,-100.,333.));
#4931 = VECTOR('',#4932,1.);
#4932 = DIRECTION('',(1.,0.,0.));
#4933 = PCURVE('',#2897,#4934);
#4934 = DEFINITIONAL_REPRESENTATION('',(#4935),#4938);
#4935 = B_SPLINE_CURVE_WITH_KNOTS('',1,(#4936,#4937),.UNSPECIFIED.,.F.,
  .F.,(2,2),(21.75,418.75),.PIECEWISE_BEZIER_KNOTS.);
#4936 = CARTESIAN_POINT('',(1.1355E+03,43.5));
#4937 = CARTESIAN_POINT('',(1.1355E+03,440.5));
#4938 = ( GEOMETRIC_REPRESENTATION_CONTEXT(2) 
PARAMETRIC_REPRESENTATION_CONTEXT() REPRESENTATION_CONTEXT('2D SPACE',''
  ) );
#4939 = PCURVE('',#4940,#4945);
#4940 = PLANE('',#4941);
#4941 = AXIS2_PLACEMENT_3D('',#4942,#4943,#4944);
#4942 = CARTESIAN_POINT('',(-198.5,-102.,333.));
#4943 = DIRECTION('',(0.,0.,1.));
#4944 = DIRECTION('',(1.,0.,0.));
#4945 = DEFINITIONAL_REPRESENTATION('',(#4946),#4949);
#4946 = B_SPLINE_CURVE_WITH_KNOTS('',1,(#4947,#4948),.UNSPECIFIED.,.F.,
  .F.,(2,2),(21.75,418.75),.PIECEWISE_BEZIER_KNOTS.);
#4947 = CARTESIAN_POINT('',(0.,2.));
#4948 = CARTESIAN_POINT('',(397.,2.));
#4949 = ( GEOMETRIC_REPRESENTATION_CONTEXT(2) 
PARAMETRIC_REPRESENTATION_CONTEXT() REPRESENTATION_CONTEXT('2D SPACE',''
  ) );
#4950 = ORIENTED_EDGE('',*,*,#4951,.F.);
#4951 = EDGE_CURVE('',#4874,#4926,#4952,.T.);
#4952 = SURFACE_CURVE('',#4953,(#4957,#4963),.PCURVE_S1.);
#4953 = LINE('',#4954,#4955);
#4954 = CARTESIAN_POINT('',(198.5,-100.,-234.75));
#4955 = VECTOR('',#4956,1.);
#4956 = DIRECTION('',(0.,0.,-1.));
#4957 = PCURVE('',#2897,#4958);
#4958 = DEFINITIONAL_REPRESENTATION('',(#4959),#4962);
#4959 = B_SPLINE_CURVE_WITH_KNOTS('',1,(#4960,#4961),.UNSPECIFIED.,.F.,
  .F.,(2,2),(-572.75,-567.75),.PIECEWISE_BEZIER_KNOTS.);
#4960 = CARTESIAN_POINT('',(1.1405E+03,440.5));
#4961 = CARTESIAN_POINT('',(1.1355E+03,440.5));
#4962 = ( GEOMETRIC_REPRESENTATION_CONTEXT(2) 
PARAMETRIC_REPRESENTATION_CONTEXT() REPRESENTATION_CONTEXT('2D SPACE',''
  ) );
#4963 = PCURVE('',#4964,#4969);
#4964 = PLANE('',#4965);
#4965 = AXIS2_PLACEMENT_3D('',#4966,#4967,#4968);
#4966 = CARTESIAN_POINT('',(198.5,-102.,333.));
#4967 = DIRECTION('',(1.,0.,0.));
#4968 = DIRECTION('',(0.,0.,1.));
#4969 = DEFINITIONAL_REPRESENTATION('',(#4970),#4973);
#4970 = B_SPLINE_CURVE_WITH_KNOTS('',1,(#4971,#4972),.UNSPECIFIED.,.F.,
  .F.,(2,2),(-572.75,-567.75),.PIECEWISE_BEZIER_KNOTS.);
#4971 = CARTESIAN_POINT('',(5.,-2.));
#4972 = CARTESIAN_POINT('',(0.,-2.));
#4973 = ( GEOMETRIC_REPRESENTATION_CONTEXT(2) 
PARAMETRIC_REPRESENTATION_CONTEXT() REPRESENTATION_CONTEXT('2D SPACE',''
  ) );
#4974 = FACE_BOUND('',#4975,.F.);
#4975 = EDGE_LOOP('',(#4976,#5004,#5030,#5056));
#4976 = ORIENTED_EDGE('',*,*,#4977,.F.);
#4977 = EDGE_CURVE('',#4978,#4980,#4982,.T.);
#4978 = VERTEX_POINT('',#4979);
#4979 = CARTESIAN_POINT('',(-198.5,-100.,399.5));
#4980 = VERTEX_POINT('',#4981);
#4981 = CARTESIAN_POINT('',(198.5,-100.,399.5));
#4982 = SURFACE_CURVE('',#4983,(#4987,#4993),.PCURVE_S1.);
#4983 = LINE('',#4984,#4985);
#4984 = CARTESIAN_POINT('',(-220.25,-100.,399.5));
#4985 = VECTOR('',#4986,1.);
#4986 = DIRECTION('',(1.,0.,0.));
#4987 = PCURVE('',#2897,#4988);
#4988 = DEFINITIONAL_REPRESENTATION('',(#4989),#4992);
#4989 = B_SPLINE_CURVE_WITH_KNOTS('',1,(#4990,#4991),.UNSPECIFIED.,.F.,
  .F.,(2,2),(21.75,418.75),.PIECEWISE_BEZIER_KNOTS.);
#4990 = CARTESIAN_POINT('',(1.202E+03,43.5));
#4991 = CARTESIAN_POINT('',(1.202E+03,440.5));
#4992 = ( GEOMETRIC_REPRESENTATION_CONTEXT(2) 
PARAMETRIC_REPRESENTATION_CONTEXT() REPRESENTATION_CONTEXT('2D SPACE',''
  ) );
#4993 = PCURVE('',#4994,#4999);
#4994 = PLANE('',#4995);
#4995 = AXIS2_PLACEMENT_3D('',#4996,#4997,#4998);
#4996 = CARTESIAN_POINT('',(-198.5,-102.,399.5));
#4997 = DIRECTION('',(0.,0.,1.));
#4998 = DIRECTION('',(1.,0.,0.));
#4999 = DEFINITIONAL_REPRESENTATION('',(#5000),#5003);
#5000 = B_SPLINE_CURVE_WITH_KNOTS('',1,(#5001,#5002),.UNSPECIFIED.,.F.,
  .F.,(2,2),(21.75,418.75),.PIECEWISE_BEZIER_KNOTS.);
#5001 = CARTESIAN_POINT('',(0.,2.));
#5002 = CARTESIAN_POINT('',(397.,2.));
#5003 = ( GEOMETRIC_REPRESENTATION_CONTEXT(2) 
PARAMETRIC_REPRESENTATION_CONTEXT() REPRESENTATION_CONTEXT('2D SPACE',''
  ) );
#5004 = ORIENTED_EDGE('',*,*,#5005,.T.);
#5005 = EDGE_CURVE('',#4978,#5006,#5008,.T.);
#5006 = VERTEX_POINT('',#5007);
#5007 = CARTESIAN_POINT('',(-198.5,-100.,394.5));
#5008 = SURFACE_CURVE('',#5009,(#5013,#5019),.PCURVE_S1.);
#5009 = LINE('',#5010,#5011);
#5010 = CARTESIAN_POINT('',(-198.5,-100.,-204.));
#5011 = VECTOR('',#5012,1.);
#5012 = DIRECTION('',(0.,0.,-1.));
#5013 = PCURVE('',#2897,#5014);
#5014 = DEFINITIONAL_REPRESENTATION('',(#5015),#5018);
#5015 = B_SPLINE_CURVE_WITH_KNOTS('',1,(#5016,#5017),.UNSPECIFIED.,.F.,
  .F.,(2,2),(-603.5,-598.5),.PIECEWISE_BEZIER_KNOTS.);
#5016 = CARTESIAN_POINT('',(1.202E+03,43.5));
#5017 = CARTESIAN_POINT('',(1.197E+03,43.5));
#5018 = ( GEOMETRIC_REPRESENTATION_CONTEXT(2) 
PARAMETRIC_REPRESENTATION_CONTEXT() REPRESENTATION_CONTEXT('2D SPACE',''
  ) );
#5019 = PCURVE('',#5020,#5025);
#5020 = PLANE('',#5021);
#5021 = AXIS2_PLACEMENT_3D('',#5022,#5023,#5024);
#5022 = CARTESIAN_POINT('',(-198.5,-102.,394.5));
#5023 = DIRECTION('',(1.,0.,0.));
#5024 = DIRECTION('',(0.,0.,1.));
#5025 = DEFINITIONAL_REPRESENTATION('',(#5026),#5029);
#5026 = B_SPLINE_CURVE_WITH_KNOTS('',1,(#5027,#5028),.UNSPECIFIED.,.F.,
  .F.,(2,2),(-603.5,-598.5),.PIECEWISE_BEZIER_KNOTS.);
#5027 = CARTESIAN_POINT('',(5.,-2.));
#5028 = CARTESIAN_POINT('',(0.,-2.));
#5029 = ( GEOMETRIC_REPRESENTATION_CONTEXT(2) 
PARAMETRIC_REPRESENTATION_CONTEXT() REPRESENTATION_CONTEXT('2D SPACE',''
  ) );
#5030 = ORIENTED_EDGE('',*,*,#5031,.T.);
#5031 = EDGE_CURVE('',#5006,#5032,#5034,.T.);
#5032 = VERTEX_POINT('',#5033);
#5033 = CARTESIAN_POINT('',(198.5,-100.,394.5));
#5034 = SURFACE_CURVE('',#5035,(#5039,#5045),.PCURVE_S1.);
#5035 = LINE('',#5036,#5037);
#5036 = CARTESIAN_POINT('',(-220.25,-100.,394.5));
#5037 = VECTOR('',#5038,1.);
#5038 = DIRECTION('',(1.,0.,0.));
#5039 = PCURVE('',#2897,#5040);
#5040 = DEFINITIONAL_REPRESENTATION('',(#5041),#5044);
#5041 = B_SPLINE_CURVE_WITH_KNOTS('',1,(#5042,#5043),.UNSPECIFIED.,.F.,
  .F.,(2,2),(21.75,418.75),.PIECEWISE_BEZIER_KNOTS.);
#5042 = CARTESIAN_POINT('',(1.197E+03,43.5));
#5043 = CARTESIAN_POINT('',(1.197E+03,440.5));
#5044 = ( GEOMETRIC_REPRESENTATION_CONTEXT(2) 
PARAMETRIC_REPRESENTATION_CONTEXT() REPRESENTATION_CONTEXT('2D SPACE',''
  ) );
#5045 = PCURVE('',#5046,#5051);
#5046 = PLANE('',#5047);
#5047 = AXIS2_PLACEMENT_3D('',#5048,#5049,#5050);
#5048 = CARTESIAN_POINT('',(-198.5,-102.,394.5));
#5049 = DIRECTION('',(0.,0.,1.));
#5050 = DIRECTION('',(1.,0.,0.));
#5051 = DEFINITIONAL_REPRESENTATION('',(#5052),#5055);
#5052 = B_SPLINE_CURVE_WITH_KNOTS('',1,(#5053,#5054),.UNSPECIFIED.,.F.,
  .F.,(2,2),(21.75,418.75),.PIECEWISE_BEZIER_KNOTS.);
#5053 = CARTESIAN_POINT('',(0.,2.));
#5054 = CARTESIAN_POINT('',(397.,2.));
#5055 = ( GEOMETRIC_REPRESENTATION_CONTEXT(2) 
PARAMETRIC_REPRESENTATION_CONTEXT() REPRESENTATION_CONTEXT('2D SPACE',''
  ) );
#5056 = ORIENTED_EDGE('',*,*,#5057,.F.);
#5057 = EDGE_CURVE('',#4980,#5032,#5058,.T.);
#5058 = SURFACE_CURVE('',#5059,(#5063,#5069),.PCURVE_S1.);
#5059 = LINE('',#5060,#5061);
#5060 = CARTESIAN_POINT('',(198.5,-100.,-204.));
#5061 = VECTOR('',#5062,1.);
#5062 = DIRECTION('',(0.,0.,-1.));
#5063 = PCURVE('',#2897,#5064);
#5064 = DEFINITIONAL_REPRESENTATION('',(#5065),#5068);
#5065 = B_SPLINE_CURVE_WITH_KNOTS('',1,(#5066,#5067),.UNSPECIFIED.,.F.,
  .F.,(2,2),(-603.5,-598.5),.PIECEWISE_BEZIER_KNOTS.);
#5066 = CARTESIAN_POINT('',(1.202E+03,440.5));
#5067 = CARTESIAN_POINT('',(1.197E+03,440.5));
#5068 = ( GEOMETRIC_REPRESENTATION_CONTEXT(2) 
PARAMETRIC_REPRESENTATION_CONTEXT() REPRESENTATION_CONTEXT('2D SPACE',''
  ) );
#5069 = PCURVE('',#5070,#5075);
#5070 = PLANE('',#5071);
#5071 = AXIS2_PLACEMENT_3D('',#5072,#5073,#5074);
#5072 = CARTESIAN_POINT('',(198.5,-102.,394.5));
#5073 = DIRECTION('',(1.,0.,0.));
#5074 = DIRECTION('',(0.,0.,1.));
#5075 = DEFINITIONAL_REPRESENTATION('',(#5076),#5079);
#5076 = B_SPLINE_CURVE_WITH_KNOTS('',1,(#5077,#5078),.UNSPECIFIED.,.F.,
  .F.,(2,2),(-603.5,-598.5),.PIECEWISE_BEZIER_KNOTS.);
#5077 = CARTESIAN_POINT('',(5.,-2.));
#5078 = CARTESIAN_POINT('',(0.,-2.));
#5079 = ( GEOMETRIC_REPRESENTATION_CONTEXT(2) 
PARAMETRIC_REPRESENTATION_CONTEXT() REPRESENTATION_CONTEXT('2D SPACE',''
  ) );
#5080 = ADVANCED_FACE('',(#5081),#2979,.T.);
#5081 = FACE_BOUND('',#5082,.T.);
#5082 = EDGE_LOOP('',(#5083,#5084,#5085,#5108));
#5083 = ORIENTED_EDGE('',*,*,#2965,.F.);
#5084 = ORIENTED_EDGE('',*,*,#3018,.T.);
#5085 = ORIENTED_EDGE('',*,*,#5086,.T.);
#5086 = EDGE_CURVE('',#3019,#5087,#5089,.T.);
#5087 = VERTEX_POINT('',#5088);
#5088 = CARTESIAN_POINT('',(242.,-98.,452.5));
#5089 = SURFACE_CURVE('',#5090,(#5094,#5101),.PCURVE_S1.);
#5090 = LINE('',#5091,#5092);
#5091 = CARTESIAN_POINT('',(242.,-100.,452.5));
#5092 = VECTOR('',#5093,1.);
#5093 = DIRECTION('',(0.,1.,0.));
#5094 = PCURVE('',#2979,#5095);
#5095 = DEFINITIONAL_REPRESENTATION('',(#5096),#5100);
#5096 = LINE('',#5097,#5098);
#5097 = CARTESIAN_POINT('',(484.,0.));
#5098 = VECTOR('',#5099,1.);
#5099 = DIRECTION('',(0.,1.));
#5100 = ( GEOMETRIC_REPRESENTATION_CONTEXT(2) 
PARAMETRIC_REPRESENTATION_CONTEXT() REPRESENTATION_CONTEXT('2D SPACE',''
  ) );
#5101 = PCURVE('',#3055,#5102);
#5102 = DEFINITIONAL_REPRESENTATION('',(#5103),#5107);
#5103 = LINE('',#5104,#5105);
#5104 = CARTESIAN_POINT('',(1.255E+03,0.));
#5105 = VECTOR('',#5106,1.);
#5106 = DIRECTION('',(0.,-1.));
#5107 = ( GEOMETRIC_REPRESENTATION_CONTEXT(2) 
PARAMETRIC_REPRESENTATION_CONTEXT() REPRESENTATION_CONTEXT('2D SPACE',''
  ) );
#5108 = ORIENTED_EDGE('',*,*,#5109,.F.);
#5109 = EDGE_CURVE('',#2938,#5087,#5110,.T.);
#5110 = SURFACE_CURVE('',#5111,(#5115,#5122),.PCURVE_S1.);
#5111 = LINE('',#5112,#5113);
#5112 = CARTESIAN_POINT('',(-242.,-98.,452.5));
#5113 = VECTOR('',#5114,1.);
#5114 = DIRECTION('',(1.,0.,0.));
#5115 = PCURVE('',#2979,#5116);
#5116 = DEFINITIONAL_REPRESENTATION('',(#5117),#5121);
#5117 = LINE('',#5118,#5119);
#5118 = CARTESIAN_POINT('',(0.,2.));
#5119 = VECTOR('',#5120,1.);
#5120 = DIRECTION('',(1.,0.));
#5121 = ( GEOMETRIC_REPRESENTATION_CONTEXT(2) 
PARAMETRIC_REPRESENTATION_CONTEXT() REPRESENTATION_CONTEXT('2D SPACE',''
  ) );
#5122 = PCURVE('',#2953,#5123);
#5123 = DEFINITIONAL_REPRESENTATION('',(#5124),#5128);
#5124 = LINE('',#5125,#5126);
#5125 = CARTESIAN_POINT('',(1.255E+03,0.));
#5126 = VECTOR('',#5127,1.);
#5127 = DIRECTION('',(0.,1.));
#5128 = ( GEOMETRIC_REPRESENTATION_CONTEXT(2) 
PARAMETRIC_REPRESENTATION_CONTEXT() REPRESENTATION_CONTEXT('2D SPACE',''
  ) );
#5129 = ADVANCED_FACE('',(#5130,#5178,#5264,#5350,#5436,#5522,#5608,
    #5694,#5780,#5866,#5952,#6038,#6124,#6210,#6296,#6382,#6468,#6554,
    #6640,#6726),#2953,.T.);
#5130 = FACE_BOUND('',#5131,.T.);
#5131 = EDGE_LOOP('',(#5132,#5155,#5156,#5157));
#5132 = ORIENTED_EDGE('',*,*,#5133,.F.);
#5133 = EDGE_CURVE('',#2910,#5134,#5136,.T.);
#5134 = VERTEX_POINT('',#5135);
#5135 = CARTESIAN_POINT('',(242.,-98.,-802.5));
#5136 = SURFACE_CURVE('',#5137,(#5141,#5148),.PCURVE_S1.);
#5137 = LINE('',#5138,#5139);
#5138 = CARTESIAN_POINT('',(-242.,-98.,-802.5));
#5139 = VECTOR('',#5140,1.);
#5140 = DIRECTION('',(1.,0.,0.));
#5141 = PCURVE('',#2953,#5142);
#5142 = DEFINITIONAL_REPRESENTATION('',(#5143),#5147);
#5143 = LINE('',#5144,#5145);
#5144 = CARTESIAN_POINT('',(0.,0.));
#5145 = VECTOR('',#5146,1.);
#5146 = DIRECTION('',(0.,1.));
#5147 = ( GEOMETRIC_REPRESENTATION_CONTEXT(2) 
PARAMETRIC_REPRESENTATION_CONTEXT() REPRESENTATION_CONTEXT('2D SPACE',''
  ) );
#5148 = PCURVE('',#2925,#5149);
#5149 = DEFINITIONAL_REPRESENTATION('',(#5150),#5154);
#5150 = LINE('',#5151,#5152);
#5151 = CARTESIAN_POINT('',(0.,2.));
#5152 = VECTOR('',#5153,1.);
#5153 = DIRECTION('',(1.,0.));
#5154 = ( GEOMETRIC_REPRESENTATION_CONTEXT(2) 
PARAMETRIC_REPRESENTATION_CONTEXT() REPRESENTATION_CONTEXT('2D SPACE',''
  ) );
#5155 = ORIENTED_EDGE('',*,*,#2937,.T.);
#5156 = ORIENTED_EDGE('',*,*,#5109,.T.);
#5157 = ORIENTED_EDGE('',*,*,#5158,.F.);
#5158 = EDGE_CURVE('',#5134,#5087,#5159,.T.);
#5159 = SURFACE_CURVE('',#5160,(#5164,#5171),.PCURVE_S1.);
#5160 = LINE('',#5161,#5162);
#5161 = CARTESIAN_POINT('',(242.,-98.,-802.5));
#5162 = VECTOR('',#5163,1.);
#5163 = DIRECTION('',(0.,0.,1.));
#5164 = PCURVE('',#2953,#5165);
#5165 = DEFINITIONAL_REPRESENTATION('',(#5166),#5170);
#5166 = LINE('',#5167,#5168);
#5167 = CARTESIAN_POINT('',(0.,484.));
#5168 = VECTOR('',#5169,1.);
#5169 = DIRECTION('',(1.,0.));
#5170 = ( GEOMETRIC_REPRESENTATION_CONTEXT(2) 
PARAMETRIC_REPRESENTATION_CONTEXT() REPRESENTATION_CONTEXT('2D SPACE',''
  ) );
#5171 = PCURVE('',#3055,#5172);
#5172 = DEFINITIONAL_REPRESENTATION('',(#5173),#5177);
#5173 = LINE('',#5174,#5175);
#5174 = CARTESIAN_POINT('',(0.,-2.));
#5175 = VECTOR('',#5176,1.);
#5176 = DIRECTION('',(1.,0.));
#5177 = ( GEOMETRIC_REPRESENTATION_CONTEXT(2) 
PARAMETRIC_REPRESENTATION_CONTEXT() REPRESENTATION_CONTEXT('2D SPACE',''
  ) );
#5178 = FACE_BOUND('',#5179,.T.);
#5179 = EDGE_LOOP('',(#5180,#5203,#5224,#5245));
#5180 = ORIENTED_EDGE('',*,*,#5181,.F.);
#5181 = EDGE_CURVE('',#5182,#5184,#5186,.T.);
#5182 = VERTEX_POINT('',#5183);
#5183 = CARTESIAN_POINT('',(-198.5,-98.,-707.5));
#5184 = VERTEX_POINT('',#5185);
#5185 = CARTESIAN_POINT('',(198.5,-98.,-707.5));
#5186 = SURFACE_CURVE('',#5187,(#5191,#5197),.PCURVE_S1.);
#5187 = LINE('',#5188,#5189);
#5188 = CARTESIAN_POINT('',(-220.25,-98.,-707.5));
#5189 = VECTOR('',#5190,1.);
#5190 = DIRECTION('',(1.,0.,0.));
#5191 = PCURVE('',#2953,#5192);
#5192 = DEFINITIONAL_REPRESENTATION('',(#5193),#5196);
#5193 = B_SPLINE_CURVE_WITH_KNOTS('',1,(#5194,#5195),.UNSPECIFIED.,.F.,
  .F.,(2,2),(21.75,418.75),.PIECEWISE_BEZIER_KNOTS.);
#5194 = CARTESIAN_POINT('',(95.,43.5));
#5195 = CARTESIAN_POINT('',(95.,440.5));
#5196 = ( GEOMETRIC_REPRESENTATION_CONTEXT(2) 
PARAMETRIC_REPRESENTATION_CONTEXT() REPRESENTATION_CONTEXT('2D SPACE',''
  ) );
#5197 = PCURVE('',#3086,#5198);
#5198 = DEFINITIONAL_REPRESENTATION('',(#5199),#5202);
#5199 = B_SPLINE_CURVE_WITH_KNOTS('',1,(#5200,#5201),.UNSPECIFIED.,.F.,
  .F.,(2,2),(21.75,418.75),.PIECEWISE_BEZIER_KNOTS.);
#5200 = CARTESIAN_POINT('',(0.,4.));
#5201 = CARTESIAN_POINT('',(397.,4.));
#5202 = ( GEOMETRIC_REPRESENTATION_CONTEXT(2) 
PARAMETRIC_REPRESENTATION_CONTEXT() REPRESENTATION_CONTEXT('2D SPACE',''
  ) );
#5203 = ORIENTED_EDGE('',*,*,#5204,.T.);
#5204 = EDGE_CURVE('',#5182,#5205,#5207,.T.);
#5205 = VERTEX_POINT('',#5206);
#5206 = CARTESIAN_POINT('',(-198.5,-98.,-712.5));
#5207 = SURFACE_CURVE('',#5208,(#5212,#5218),.PCURVE_S1.);
#5208 = LINE('',#5209,#5210);
#5209 = CARTESIAN_POINT('',(-198.5,-98.,-757.5));
#5210 = VECTOR('',#5211,1.);
#5211 = DIRECTION('',(0.,0.,-1.));
#5212 = PCURVE('',#2953,#5213);
#5213 = DEFINITIONAL_REPRESENTATION('',(#5214),#5217);
#5214 = B_SPLINE_CURVE_WITH_KNOTS('',1,(#5215,#5216),.UNSPECIFIED.,.F.,
  .F.,(2,2),(-50.,-45.),.PIECEWISE_BEZIER_KNOTS.);
#5215 = CARTESIAN_POINT('',(95.,43.5));
#5216 = CARTESIAN_POINT('',(90.,43.5));
#5217 = ( GEOMETRIC_REPRESENTATION_CONTEXT(2) 
PARAMETRIC_REPRESENTATION_CONTEXT() REPRESENTATION_CONTEXT('2D SPACE',''
  ) );
#5218 = PCURVE('',#3112,#5219);
#5219 = DEFINITIONAL_REPRESENTATION('',(#5220),#5223);
#5220 = B_SPLINE_CURVE_WITH_KNOTS('',1,(#5221,#5222),.UNSPECIFIED.,.F.,
  .F.,(2,2),(-50.,-45.),.PIECEWISE_BEZIER_KNOTS.);
#5221 = CARTESIAN_POINT('',(5.,-4.));
#5222 = CARTESIAN_POINT('',(0.,-4.));
#5223 = ( GEOMETRIC_REPRESENTATION_CONTEXT(2) 
PARAMETRIC_REPRESENTATION_CONTEXT() REPRESENTATION_CONTEXT('2D SPACE',''
  ) );
#5224 = ORIENTED_EDGE('',*,*,#5225,.T.);
#5225 = EDGE_CURVE('',#5205,#5226,#5228,.T.);
#5226 = VERTEX_POINT('',#5227);
#5227 = CARTESIAN_POINT('',(198.5,-98.,-712.5));
#5228 = SURFACE_CURVE('',#5229,(#5233,#5239),.PCURVE_S1.);
#5229 = LINE('',#5230,#5231);
#5230 = CARTESIAN_POINT('',(-220.25,-98.,-712.5));
#5231 = VECTOR('',#5232,1.);
#5232 = DIRECTION('',(1.,0.,0.));
#5233 = PCURVE('',#2953,#5234);
#5234 = DEFINITIONAL_REPRESENTATION('',(#5235),#5238);
#5235 = B_SPLINE_CURVE_WITH_KNOTS('',1,(#5236,#5237),.UNSPECIFIED.,.F.,
  .F.,(2,2),(21.75,418.75),.PIECEWISE_BEZIER_KNOTS.);
#5236 = CARTESIAN_POINT('',(90.,43.5));
#5237 = CARTESIAN_POINT('',(90.,440.5));
#5238 = ( GEOMETRIC_REPRESENTATION_CONTEXT(2) 
PARAMETRIC_REPRESENTATION_CONTEXT() REPRESENTATION_CONTEXT('2D SPACE',''
  ) );
#5239 = PCURVE('',#3138,#5240);
#5240 = DEFINITIONAL_REPRESENTATION('',(#5241),#5244);
#5241 = B_SPLINE_CURVE_WITH_KNOTS('',1,(#5242,#5243),.UNSPECIFIED.,.F.,
  .F.,(2,2),(21.75,418.75),.PIECEWISE_BEZIER_KNOTS.);
#5242 = CARTESIAN_POINT('',(0.,4.));
#5243 = CARTESIAN_POINT('',(397.,4.));
#5244 = ( GEOMETRIC_REPRESENTATION_CONTEXT(2) 
PARAMETRIC_REPRESENTATION_CONTEXT() REPRESENTATION_CONTEXT('2D SPACE',''
  ) );
#5245 = ORIENTED_EDGE('',*,*,#5246,.F.);
#5246 = EDGE_CURVE('',#5184,#5226,#5247,.T.);
#5247 = SURFACE_CURVE('',#5248,(#5252,#5258),.PCURVE_S1.);
#5248 = LINE('',#5249,#5250);
#5249 = CARTESIAN_POINT('',(198.5,-98.,-757.5));
#5250 = VECTOR('',#5251,1.);
#5251 = DIRECTION('',(0.,0.,-1.));
#5252 = PCURVE('',#2953,#5253);
#5253 = DEFINITIONAL_REPRESENTATION('',(#5254),#5257);
#5254 = B_SPLINE_CURVE_WITH_KNOTS('',1,(#5255,#5256),.UNSPECIFIED.,.F.,
  .F.,(2,2),(-50.,-45.),.PIECEWISE_BEZIER_KNOTS.);
#5255 = CARTESIAN_POINT('',(95.,440.5));
#5256 = CARTESIAN_POINT('',(90.,440.5));
#5257 = ( GEOMETRIC_REPRESENTATION_CONTEXT(2) 
PARAMETRIC_REPRESENTATION_CONTEXT() REPRESENTATION_CONTEXT('2D SPACE',''
  ) );
#5258 = PCURVE('',#3162,#5259);
#5259 = DEFINITIONAL_REPRESENTATION('',(#5260),#5263);
#5260 = B_SPLINE_CURVE_WITH_KNOTS('',1,(#5261,#5262),.UNSPECIFIED.,.F.,
  .F.,(2,2),(-50.,-45.),.PIECEWISE_BEZIER_KNOTS.);
#5261 = CARTESIAN_POINT('',(5.,-4.));
#5262 = CARTESIAN_POINT('',(0.,-4.));
#5263 = ( GEOMETRIC_REPRESENTATION_CONTEXT(2) 
PARAMETRIC_REPRESENTATION_CONTEXT() REPRESENTATION_CONTEXT('2D SPACE',''
  ) );
#5264 = FACE_BOUND('',#5265,.T.);
#5265 = EDGE_LOOP('',(#5266,#5289,#5310,#5331));
#5266 = ORIENTED_EDGE('',*,*,#5267,.F.);
#5267 = EDGE_CURVE('',#5268,#5270,#5272,.T.);
#5268 = VERTEX_POINT('',#5269);
#5269 = CARTESIAN_POINT('',(-198.5,-98.,-646.));
#5270 = VERTEX_POINT('',#5271);
#5271 = CARTESIAN_POINT('',(198.5,-98.,-646.));
#5272 = SURFACE_CURVE('',#5273,(#5277,#5283),.PCURVE_S1.);
#5273 = LINE('',#5274,#5275);
#5274 = CARTESIAN_POINT('',(-220.25,-98.,-646.));
#5275 = VECTOR('',#5276,1.);
#5276 = DIRECTION('',(1.,0.,0.));
#5277 = PCURVE('',#2953,#5278);
#5278 = DEFINITIONAL_REPRESENTATION('',(#5279),#5282);
#5279 = B_SPLINE_CURVE_WITH_KNOTS('',1,(#5280,#5281),.UNSPECIFIED.,.F.,
  .F.,(2,2),(21.75,418.75),.PIECEWISE_BEZIER_KNOTS.);
#5280 = CARTESIAN_POINT('',(156.5,43.5));
#5281 = CARTESIAN_POINT('',(156.5,440.5));
#5282 = ( GEOMETRIC_REPRESENTATION_CONTEXT(2) 
PARAMETRIC_REPRESENTATION_CONTEXT() REPRESENTATION_CONTEXT('2D SPACE',''
  ) );
#5283 = PCURVE('',#3192,#5284);
#5284 = DEFINITIONAL_REPRESENTATION('',(#5285),#5288);
#5285 = B_SPLINE_CURVE_WITH_KNOTS('',1,(#5286,#5287),.UNSPECIFIED.,.F.,
  .F.,(2,2),(21.75,418.75),.PIECEWISE_BEZIER_KNOTS.);
#5286 = CARTESIAN_POINT('',(0.,4.));
#5287 = CARTESIAN_POINT('',(397.,4.));
#5288 = ( GEOMETRIC_REPRESENTATION_CONTEXT(2) 
PARAMETRIC_REPRESENTATION_CONTEXT() REPRESENTATION_CONTEXT('2D SPACE',''
  ) );
#5289 = ORIENTED_EDGE('',*,*,#5290,.T.);
#5290 = EDGE_CURVE('',#5268,#5291,#5293,.T.);
#5291 = VERTEX_POINT('',#5292);
#5292 = CARTESIAN_POINT('',(-198.5,-98.,-651.));
#5293 = SURFACE_CURVE('',#5294,(#5298,#5304),.PCURVE_S1.);
#5294 = LINE('',#5295,#5296);
#5295 = CARTESIAN_POINT('',(-198.5,-98.,-726.75));
#5296 = VECTOR('',#5297,1.);
#5297 = DIRECTION('',(0.,0.,-1.));
#5298 = PCURVE('',#2953,#5299);
#5299 = DEFINITIONAL_REPRESENTATION('',(#5300),#5303);
#5300 = B_SPLINE_CURVE_WITH_KNOTS('',1,(#5301,#5302),.UNSPECIFIED.,.F.,
  .F.,(2,2),(-80.75,-75.75),.PIECEWISE_BEZIER_KNOTS.);
#5301 = CARTESIAN_POINT('',(156.5,43.5));
#5302 = CARTESIAN_POINT('',(151.5,43.5));
#5303 = ( GEOMETRIC_REPRESENTATION_CONTEXT(2) 
PARAMETRIC_REPRESENTATION_CONTEXT() REPRESENTATION_CONTEXT('2D SPACE',''
  ) );
#5304 = PCURVE('',#3218,#5305);
#5305 = DEFINITIONAL_REPRESENTATION('',(#5306),#5309);
#5306 = B_SPLINE_CURVE_WITH_KNOTS('',1,(#5307,#5308),.UNSPECIFIED.,.F.,
  .F.,(2,2),(-80.75,-75.75),.PIECEWISE_BEZIER_KNOTS.);
#5307 = CARTESIAN_POINT('',(5.,-4.));
#5308 = CARTESIAN_POINT('',(0.,-4.));
#5309 = ( GEOMETRIC_REPRESENTATION_CONTEXT(2) 
PARAMETRIC_REPRESENTATION_CONTEXT() REPRESENTATION_CONTEXT('2D SPACE',''
  ) );
#5310 = ORIENTED_EDGE('',*,*,#5311,.T.);
#5311 = EDGE_CURVE('',#5291,#5312,#5314,.T.);
#5312 = VERTEX_POINT('',#5313);
#5313 = CARTESIAN_POINT('',(198.5,-98.,-651.));
#5314 = SURFACE_CURVE('',#5315,(#5319,#5325),.PCURVE_S1.);
#5315 = LINE('',#5316,#5317);
#5316 = CARTESIAN_POINT('',(-220.25,-98.,-651.));
#5317 = VECTOR('',#5318,1.);
#5318 = DIRECTION('',(1.,0.,0.));
#5319 = PCURVE('',#2953,#5320);
#5320 = DEFINITIONAL_REPRESENTATION('',(#5321),#5324);
#5321 = B_SPLINE_CURVE_WITH_KNOTS('',1,(#5322,#5323),.UNSPECIFIED.,.F.,
  .F.,(2,2),(21.75,418.75),.PIECEWISE_BEZIER_KNOTS.);
#5322 = CARTESIAN_POINT('',(151.5,43.5));
#5323 = CARTESIAN_POINT('',(151.5,440.5));
#5324 = ( GEOMETRIC_REPRESENTATION_CONTEXT(2) 
PARAMETRIC_REPRESENTATION_CONTEXT() REPRESENTATION_CONTEXT('2D SPACE',''
  ) );
#5325 = PCURVE('',#3244,#5326);
#5326 = DEFINITIONAL_REPRESENTATION('',(#5327),#5330);
#5327 = B_SPLINE_CURVE_WITH_KNOTS('',1,(#5328,#5329),.UNSPECIFIED.,.F.,
  .F.,(2,2),(21.75,418.75),.PIECEWISE_BEZIER_KNOTS.);
#5328 = CARTESIAN_POINT('',(0.,4.));
#5329 = CARTESIAN_POINT('',(397.,4.));
#5330 = ( GEOMETRIC_REPRESENTATION_CONTEXT(2) 
PARAMETRIC_REPRESENTATION_CONTEXT() REPRESENTATION_CONTEXT('2D SPACE',''
  ) );
#5331 = ORIENTED_EDGE('',*,*,#5332,.F.);
#5332 = EDGE_CURVE('',#5270,#5312,#5333,.T.);
#5333 = SURFACE_CURVE('',#5334,(#5338,#5344),.PCURVE_S1.);
#5334 = LINE('',#5335,#5336);
#5335 = CARTESIAN_POINT('',(198.5,-98.,-726.75));
#5336 = VECTOR('',#5337,1.);
#5337 = DIRECTION('',(0.,0.,-1.));
#5338 = PCURVE('',#2953,#5339);
#5339 = DEFINITIONAL_REPRESENTATION('',(#5340),#5343);
#5340 = B_SPLINE_CURVE_WITH_KNOTS('',1,(#5341,#5342),.UNSPECIFIED.,.F.,
  .F.,(2,2),(-80.75,-75.75),.PIECEWISE_BEZIER_KNOTS.);
#5341 = CARTESIAN_POINT('',(156.5,440.5));
#5342 = CARTESIAN_POINT('',(151.5,440.5));
#5343 = ( GEOMETRIC_REPRESENTATION_CONTEXT(2) 
PARAMETRIC_REPRESENTATION_CONTEXT() REPRESENTATION_CONTEXT('2D SPACE',''
  ) );
#5344 = PCURVE('',#3268,#5345);
#5345 = DEFINITIONAL_REPRESENTATION('',(#5346),#5349);
#5346 = B_SPLINE_CURVE_WITH_KNOTS('',1,(#5347,#5348),.UNSPECIFIED.,.F.,
  .F.,(2,2),(-80.75,-75.75),.PIECEWISE_BEZIER_KNOTS.);
#5347 = CARTESIAN_POINT('',(5.,-4.));
#5348 = CARTESIAN_POINT('',(0.,-4.));
#5349 = ( GEOMETRIC_REPRESENTATION_CONTEXT(2) 
PARAMETRIC_REPRESENTATION_CONTEXT() REPRESENTATION_CONTEXT('2D SPACE',''
  ) );
#5350 = FACE_BOUND('',#5351,.T.);
#5351 = EDGE_LOOP('',(#5352,#5375,#5396,#5417));
#5352 = ORIENTED_EDGE('',*,*,#5353,.F.);
#5353 = EDGE_CURVE('',#5354,#5356,#5358,.T.);
#5354 = VERTEX_POINT('',#5355);
#5355 = CARTESIAN_POINT('',(-198.5,-98.,-584.5));
#5356 = VERTEX_POINT('',#5357);
#5357 = CARTESIAN_POINT('',(198.5,-98.,-584.5));
#5358 = SURFACE_CURVE('',#5359,(#5363,#5369),.PCURVE_S1.);
#5359 = LINE('',#5360,#5361);
#5360 = CARTESIAN_POINT('',(-220.25,-98.,-584.5));
#5361 = VECTOR('',#5362,1.);
#5362 = DIRECTION('',(1.,0.,0.));
#5363 = PCURVE('',#2953,#5364);
#5364 = DEFINITIONAL_REPRESENTATION('',(#5365),#5368);
#5365 = B_SPLINE_CURVE_WITH_KNOTS('',1,(#5366,#5367),.UNSPECIFIED.,.F.,
  .F.,(2,2),(21.75,418.75),.PIECEWISE_BEZIER_KNOTS.);
#5366 = CARTESIAN_POINT('',(218.,43.5));
#5367 = CARTESIAN_POINT('',(218.,440.5));
#5368 = ( GEOMETRIC_REPRESENTATION_CONTEXT(2) 
PARAMETRIC_REPRESENTATION_CONTEXT() REPRESENTATION_CONTEXT('2D SPACE',''
  ) );
#5369 = PCURVE('',#3298,#5370);
#5370 = DEFINITIONAL_REPRESENTATION('',(#5371),#5374);
#5371 = B_SPLINE_CURVE_WITH_KNOTS('',1,(#5372,#5373),.UNSPECIFIED.,.F.,
  .F.,(2,2),(21.75,418.75),.PIECEWISE_BEZIER_KNOTS.);
#5372 = CARTESIAN_POINT('',(0.,4.));
#5373 = CARTESIAN_POINT('',(397.,4.));
#5374 = ( GEOMETRIC_REPRESENTATION_CONTEXT(2) 
PARAMETRIC_REPRESENTATION_CONTEXT() REPRESENTATION_CONTEXT('2D SPACE',''
  ) );
#5375 = ORIENTED_EDGE('',*,*,#5376,.T.);
#5376 = EDGE_CURVE('',#5354,#5377,#5379,.T.);
#5377 = VERTEX_POINT('',#5378);
#5378 = CARTESIAN_POINT('',(-198.5,-98.,-589.5));
#5379 = SURFACE_CURVE('',#5380,(#5384,#5390),.PCURVE_S1.);
#5380 = LINE('',#5381,#5382);
#5381 = CARTESIAN_POINT('',(-198.5,-98.,-696.));
#5382 = VECTOR('',#5383,1.);
#5383 = DIRECTION('',(0.,0.,-1.));
#5384 = PCURVE('',#2953,#5385);
#5385 = DEFINITIONAL_REPRESENTATION('',(#5386),#5389);
#5386 = B_SPLINE_CURVE_WITH_KNOTS('',1,(#5387,#5388),.UNSPECIFIED.,.F.,
  .F.,(2,2),(-111.5,-106.5),.PIECEWISE_BEZIER_KNOTS.);
#5387 = CARTESIAN_POINT('',(218.,43.5));
#5388 = CARTESIAN_POINT('',(213.,43.5));
#5389 = ( GEOMETRIC_REPRESENTATION_CONTEXT(2) 
PARAMETRIC_REPRESENTATION_CONTEXT() REPRESENTATION_CONTEXT('2D SPACE',''
  ) );
#5390 = PCURVE('',#3324,#5391);
#5391 = DEFINITIONAL_REPRESENTATION('',(#5392),#5395);
#5392 = B_SPLINE_CURVE_WITH_KNOTS('',1,(#5393,#5394),.UNSPECIFIED.,.F.,
  .F.,(2,2),(-111.5,-106.5),.PIECEWISE_BEZIER_KNOTS.);
#5393 = CARTESIAN_POINT('',(5.,-4.));
#5394 = CARTESIAN_POINT('',(0.,-4.));
#5395 = ( GEOMETRIC_REPRESENTATION_CONTEXT(2) 
PARAMETRIC_REPRESENTATION_CONTEXT() REPRESENTATION_CONTEXT('2D SPACE',''
  ) );
#5396 = ORIENTED_EDGE('',*,*,#5397,.T.);
#5397 = EDGE_CURVE('',#5377,#5398,#5400,.T.);
#5398 = VERTEX_POINT('',#5399);
#5399 = CARTESIAN_POINT('',(198.5,-98.,-589.5));
#5400 = SURFACE_CURVE('',#5401,(#5405,#5411),.PCURVE_S1.);
#5401 = LINE('',#5402,#5403);
#5402 = CARTESIAN_POINT('',(-220.25,-98.,-589.5));
#5403 = VECTOR('',#5404,1.);
#5404 = DIRECTION('',(1.,0.,0.));
#5405 = PCURVE('',#2953,#5406);
#5406 = DEFINITIONAL_REPRESENTATION('',(#5407),#5410);
#5407 = B_SPLINE_CURVE_WITH_KNOTS('',1,(#5408,#5409),.UNSPECIFIED.,.F.,
  .F.,(2,2),(21.75,418.75),.PIECEWISE_BEZIER_KNOTS.);
#5408 = CARTESIAN_POINT('',(213.,43.5));
#5409 = CARTESIAN_POINT('',(213.,440.5));
#5410 = ( GEOMETRIC_REPRESENTATION_CONTEXT(2) 
PARAMETRIC_REPRESENTATION_CONTEXT() REPRESENTATION_CONTEXT('2D SPACE',''
  ) );
#5411 = PCURVE('',#3350,#5412);
#5412 = DEFINITIONAL_REPRESENTATION('',(#5413),#5416);
#5413 = B_SPLINE_CURVE_WITH_KNOTS('',1,(#5414,#5415),.UNSPECIFIED.,.F.,
  .F.,(2,2),(21.75,418.75),.PIECEWISE_BEZIER_KNOTS.);
#5414 = CARTESIAN_POINT('',(0.,4.));
#5415 = CARTESIAN_POINT('',(397.,4.));
#5416 = ( GEOMETRIC_REPRESENTATION_CONTEXT(2) 
PARAMETRIC_REPRESENTATION_CONTEXT() REPRESENTATION_CONTEXT('2D SPACE',''
  ) );
#5417 = ORIENTED_EDGE('',*,*,#5418,.F.);
#5418 = EDGE_CURVE('',#5356,#5398,#5419,.T.);
#5419 = SURFACE_CURVE('',#5420,(#5424,#5430),.PCURVE_S1.);
#5420 = LINE('',#5421,#5422);
#5421 = CARTESIAN_POINT('',(198.5,-98.,-696.));
#5422 = VECTOR('',#5423,1.);
#5423 = DIRECTION('',(0.,0.,-1.));
#5424 = PCURVE('',#2953,#5425);
#5425 = DEFINITIONAL_REPRESENTATION('',(#5426),#5429);
#5426 = B_SPLINE_CURVE_WITH_KNOTS('',1,(#5427,#5428),.UNSPECIFIED.,.F.,
  .F.,(2,2),(-111.5,-106.5),.PIECEWISE_BEZIER_KNOTS.);
#5427 = CARTESIAN_POINT('',(218.,440.5));
#5428 = CARTESIAN_POINT('',(213.,440.5));
#5429 = ( GEOMETRIC_REPRESENTATION_CONTEXT(2) 
PARAMETRIC_REPRESENTATION_CONTEXT() REPRESENTATION_CONTEXT('2D SPACE',''
  ) );
#5430 = PCURVE('',#3374,#5431);
#5431 = DEFINITIONAL_REPRESENTATION('',(#5432),#5435);
#5432 = B_SPLINE_CURVE_WITH_KNOTS('',1,(#5433,#5434),.UNSPECIFIED.,.F.,
  .F.,(2,2),(-111.5,-106.5),.PIECEWISE_BEZIER_KNOTS.);
#5433 = CARTESIAN_POINT('',(5.,-4.));
#5434 = CARTESIAN_POINT('',(0.,-4.));
#5435 = ( GEOMETRIC_REPRESENTATION_CONTEXT(2) 
PARAMETRIC_REPRESENTATION_CONTEXT() REPRESENTATION_CONTEXT('2D SPACE',''
  ) );
#5436 = FACE_BOUND('',#5437,.T.);
#5437 = EDGE_LOOP('',(#5438,#5461,#5482,#5503));
#5438 = ORIENTED_EDGE('',*,*,#5439,.F.);
#5439 = EDGE_CURVE('',#5440,#5442,#5444,.T.);
#5440 = VERTEX_POINT('',#5441);
#5441 = CARTESIAN_POINT('',(-198.5,-98.,-523.));
#5442 = VERTEX_POINT('',#5443);
#5443 = CARTESIAN_POINT('',(198.5,-98.,-523.));
#5444 = SURFACE_CURVE('',#5445,(#5449,#5455),.PCURVE_S1.);
#5445 = LINE('',#5446,#5447);
#5446 = CARTESIAN_POINT('',(-220.25,-98.,-523.));
#5447 = VECTOR('',#5448,1.);
#5448 = DIRECTION('',(1.,0.,0.));
#5449 = PCURVE('',#2953,#5450);
#5450 = DEFINITIONAL_REPRESENTATION('',(#5451),#5454);
#5451 = B_SPLINE_CURVE_WITH_KNOTS('',1,(#5452,#5453),.UNSPECIFIED.,.F.,
  .F.,(2,2),(21.75,418.75),.PIECEWISE_BEZIER_KNOTS.);
#5452 = CARTESIAN_POINT('',(279.5,43.5));
#5453 = CARTESIAN_POINT('',(279.5,440.5));
#5454 = ( GEOMETRIC_REPRESENTATION_CONTEXT(2) 
PARAMETRIC_REPRESENTATION_CONTEXT() REPRESENTATION_CONTEXT('2D SPACE',''
  ) );
#5455 = PCURVE('',#3404,#5456);
#5456 = DEFINITIONAL_REPRESENTATION('',(#5457),#5460);
#5457 = B_SPLINE_CURVE_WITH_KNOTS('',1,(#5458,#5459),.UNSPECIFIED.,.F.,
  .F.,(2,2),(21.75,418.75),.PIECEWISE_BEZIER_KNOTS.);
#5458 = CARTESIAN_POINT('',(0.,4.));
#5459 = CARTESIAN_POINT('',(397.,4.));
#5460 = ( GEOMETRIC_REPRESENTATION_CONTEXT(2) 
PARAMETRIC_REPRESENTATION_CONTEXT() REPRESENTATION_CONTEXT('2D SPACE',''
  ) );
#5461 = ORIENTED_EDGE('',*,*,#5462,.T.);
#5462 = EDGE_CURVE('',#5440,#5463,#5465,.T.);
#5463 = VERTEX_POINT('',#5464);
#5464 = CARTESIAN_POINT('',(-198.5,-98.,-528.));
#5465 = SURFACE_CURVE('',#5466,(#5470,#5476),.PCURVE_S1.);
#5466 = LINE('',#5467,#5468);
#5467 = CARTESIAN_POINT('',(-198.5,-98.,-665.25));
#5468 = VECTOR('',#5469,1.);
#5469 = DIRECTION('',(0.,0.,-1.));
#5470 = PCURVE('',#2953,#5471);
#5471 = DEFINITIONAL_REPRESENTATION('',(#5472),#5475);
#5472 = B_SPLINE_CURVE_WITH_KNOTS('',1,(#5473,#5474),.UNSPECIFIED.,.F.,
  .F.,(2,2),(-142.25,-137.25),.PIECEWISE_BEZIER_KNOTS.);
#5473 = CARTESIAN_POINT('',(279.5,43.5));
#5474 = CARTESIAN_POINT('',(274.5,43.5));
#5475 = ( GEOMETRIC_REPRESENTATION_CONTEXT(2) 
PARAMETRIC_REPRESENTATION_CONTEXT() REPRESENTATION_CONTEXT('2D SPACE',''
  ) );
#5476 = PCURVE('',#3430,#5477);
#5477 = DEFINITIONAL_REPRESENTATION('',(#5478),#5481);
#5478 = B_SPLINE_CURVE_WITH_KNOTS('',1,(#5479,#5480),.UNSPECIFIED.,.F.,
  .F.,(2,2),(-142.25,-137.25),.PIECEWISE_BEZIER_KNOTS.);
#5479 = CARTESIAN_POINT('',(5.,-4.));
#5480 = CARTESIAN_POINT('',(0.,-4.));
#5481 = ( GEOMETRIC_REPRESENTATION_CONTEXT(2) 
PARAMETRIC_REPRESENTATION_CONTEXT() REPRESENTATION_CONTEXT('2D SPACE',''
  ) );
#5482 = ORIENTED_EDGE('',*,*,#5483,.T.);
#5483 = EDGE_CURVE('',#5463,#5484,#5486,.T.);
#5484 = VERTEX_POINT('',#5485);
#5485 = CARTESIAN_POINT('',(198.5,-98.,-528.));
#5486 = SURFACE_CURVE('',#5487,(#5491,#5497),.PCURVE_S1.);
#5487 = LINE('',#5488,#5489);
#5488 = CARTESIAN_POINT('',(-220.25,-98.,-528.));
#5489 = VECTOR('',#5490,1.);
#5490 = DIRECTION('',(1.,0.,0.));
#5491 = PCURVE('',#2953,#5492);
#5492 = DEFINITIONAL_REPRESENTATION('',(#5493),#5496);
#5493 = B_SPLINE_CURVE_WITH_KNOTS('',1,(#5494,#5495),.UNSPECIFIED.,.F.,
  .F.,(2,2),(21.75,418.75),.PIECEWISE_BEZIER_KNOTS.);
#5494 = CARTESIAN_POINT('',(274.5,43.5));
#5495 = CARTESIAN_POINT('',(274.5,440.5));
#5496 = ( GEOMETRIC_REPRESENTATION_CONTEXT(2) 
PARAMETRIC_REPRESENTATION_CONTEXT() REPRESENTATION_CONTEXT('2D SPACE',''
  ) );
#5497 = PCURVE('',#3456,#5498);
#5498 = DEFINITIONAL_REPRESENTATION('',(#5499),#5502);
#5499 = B_SPLINE_CURVE_WITH_KNOTS('',1,(#5500,#5501),.UNSPECIFIED.,.F.,
  .F.,(2,2),(21.75,418.75),.PIECEWISE_BEZIER_KNOTS.);
#5500 = CARTESIAN_POINT('',(0.,4.));
#5501 = CARTESIAN_POINT('',(397.,4.));
#5502 = ( GEOMETRIC_REPRESENTATION_CONTEXT(2) 
PARAMETRIC_REPRESENTATION_CONTEXT() REPRESENTATION_CONTEXT('2D SPACE',''
  ) );
#5503 = ORIENTED_EDGE('',*,*,#5504,.F.);
#5504 = EDGE_CURVE('',#5442,#5484,#5505,.T.);
#5505 = SURFACE_CURVE('',#5506,(#5510,#5516),.PCURVE_S1.);
#5506 = LINE('',#5507,#5508);
#5507 = CARTESIAN_POINT('',(198.5,-98.,-665.25));
#5508 = VECTOR('',#5509,1.);
#5509 = DIRECTION('',(0.,0.,-1.));
#5510 = PCURVE('',#2953,#5511);
#5511 = DEFINITIONAL_REPRESENTATION('',(#5512),#5515);
#5512 = B_SPLINE_CURVE_WITH_KNOTS('',1,(#5513,#5514),.UNSPECIFIED.,.F.,
  .F.,(2,2),(-142.25,-137.25),.PIECEWISE_BEZIER_KNOTS.);
#5513 = CARTESIAN_POINT('',(279.5,440.5));
#5514 = CARTESIAN_POINT('',(274.5,440.5));
#5515 = ( GEOMETRIC_REPRESENTATION_CONTEXT(2) 
PARAMETRIC_REPRESENTATION_CONTEXT() REPRESENTATION_CONTEXT('2D SPACE',''
  ) );
#5516 = PCURVE('',#3480,#5517);
#5517 = DEFINITIONAL_REPRESENTATION('',(#5518),#5521);
#5518 = B_SPLINE_CURVE_WITH_KNOTS('',1,(#5519,#5520),.UNSPECIFIED.,.F.,
  .F.,(2,2),(-142.25,-137.25),.PIECEWISE_BEZIER_KNOTS.);
#5519 = CARTESIAN_POINT('',(5.,-4.));
#5520 = CARTESIAN_POINT('',(0.,-4.));
#5521 = ( GEOMETRIC_REPRESENTATION_CONTEXT(2) 
PARAMETRIC_REPRESENTATION_CONTEXT() REPRESENTATION_CONTEXT('2D SPACE',''
  ) );
#5522 = FACE_BOUND('',#5523,.T.);
#5523 = EDGE_LOOP('',(#5524,#5547,#5568,#5589));
#5524 = ORIENTED_EDGE('',*,*,#5525,.F.);
#5525 = EDGE_CURVE('',#5526,#5528,#5530,.T.);
#5526 = VERTEX_POINT('',#5527);
#5527 = CARTESIAN_POINT('',(-198.5,-98.,-461.5));
#5528 = VERTEX_POINT('',#5529);
#5529 = CARTESIAN_POINT('',(198.5,-98.,-461.5));
#5530 = SURFACE_CURVE('',#5531,(#5535,#5541),.PCURVE_S1.);
#5531 = LINE('',#5532,#5533);
#5532 = CARTESIAN_POINT('',(-220.25,-98.,-461.5));
#5533 = VECTOR('',#5534,1.);
#5534 = DIRECTION('',(1.,0.,0.));
#5535 = PCURVE('',#2953,#5536);
#5536 = DEFINITIONAL_REPRESENTATION('',(#5537),#5540);
#5537 = B_SPLINE_CURVE_WITH_KNOTS('',1,(#5538,#5539),.UNSPECIFIED.,.F.,
  .F.,(2,2),(21.75,418.75),.PIECEWISE_BEZIER_KNOTS.);
#5538 = CARTESIAN_POINT('',(341.,43.5));
#5539 = CARTESIAN_POINT('',(341.,440.5));
#5540 = ( GEOMETRIC_REPRESENTATION_CONTEXT(2) 
PARAMETRIC_REPRESENTATION_CONTEXT() REPRESENTATION_CONTEXT('2D SPACE',''
  ) );
#5541 = PCURVE('',#3510,#5542);
#5542 = DEFINITIONAL_REPRESENTATION('',(#5543),#5546);
#5543 = B_SPLINE_CURVE_WITH_KNOTS('',1,(#5544,#5545),.UNSPECIFIED.,.F.,
  .F.,(2,2),(21.75,418.75),.PIECEWISE_BEZIER_KNOTS.);
#5544 = CARTESIAN_POINT('',(0.,4.));
#5545 = CARTESIAN_POINT('',(397.,4.));
#5546 = ( GEOMETRIC_REPRESENTATION_CONTEXT(2) 
PARAMETRIC_REPRESENTATION_CONTEXT() REPRESENTATION_CONTEXT('2D SPACE',''
  ) );
#5547 = ORIENTED_EDGE('',*,*,#5548,.T.);
#5548 = EDGE_CURVE('',#5526,#5549,#5551,.T.);
#5549 = VERTEX_POINT('',#5550);
#5550 = CARTESIAN_POINT('',(-198.5,-98.,-466.5));
#5551 = SURFACE_CURVE('',#5552,(#5556,#5562),.PCURVE_S1.);
#5552 = LINE('',#5553,#5554);
#5553 = CARTESIAN_POINT('',(-198.5,-98.,-634.5));
#5554 = VECTOR('',#5555,1.);
#5555 = DIRECTION('',(0.,0.,-1.));
#5556 = PCURVE('',#2953,#5557);
#5557 = DEFINITIONAL_REPRESENTATION('',(#5558),#5561);
#5558 = B_SPLINE_CURVE_WITH_KNOTS('',1,(#5559,#5560),.UNSPECIFIED.,.F.,
  .F.,(2,2),(-173.,-168.),.PIECEWISE_BEZIER_KNOTS.);
#5559 = CARTESIAN_POINT('',(341.,43.5));
#5560 = CARTESIAN_POINT('',(336.,43.5));
#5561 = ( GEOMETRIC_REPRESENTATION_CONTEXT(2) 
PARAMETRIC_REPRESENTATION_CONTEXT() REPRESENTATION_CONTEXT('2D SPACE',''
  ) );
#5562 = PCURVE('',#3536,#5563);
#5563 = DEFINITIONAL_REPRESENTATION('',(#5564),#5567);
#5564 = B_SPLINE_CURVE_WITH_KNOTS('',1,(#5565,#5566),.UNSPECIFIED.,.F.,
  .F.,(2,2),(-173.,-168.),.PIECEWISE_BEZIER_KNOTS.);
#5565 = CARTESIAN_POINT('',(5.,-4.));
#5566 = CARTESIAN_POINT('',(0.,-4.));
#5567 = ( GEOMETRIC_REPRESENTATION_CONTEXT(2) 
PARAMETRIC_REPRESENTATION_CONTEXT() REPRESENTATION_CONTEXT('2D SPACE',''
  ) );
#5568 = ORIENTED_EDGE('',*,*,#5569,.T.);
#5569 = EDGE_CURVE('',#5549,#5570,#5572,.T.);
#5570 = VERTEX_POINT('',#5571);
#5571 = CARTESIAN_POINT('',(198.5,-98.,-466.5));
#5572 = SURFACE_CURVE('',#5573,(#5577,#5583),.PCURVE_S1.);
#5573 = LINE('',#5574,#5575);
#5574 = CARTESIAN_POINT('',(-220.25,-98.,-466.5));
#5575 = VECTOR('',#5576,1.);
#5576 = DIRECTION('',(1.,0.,0.));
#5577 = PCURVE('',#2953,#5578);
#5578 = DEFINITIONAL_REPRESENTATION('',(#5579),#5582);
#5579 = B_SPLINE_CURVE_WITH_KNOTS('',1,(#5580,#5581),.UNSPECIFIED.,.F.,
  .F.,(2,2),(21.75,418.75),.PIECEWISE_BEZIER_KNOTS.);
#5580 = CARTESIAN_POINT('',(336.,43.5));
#5581 = CARTESIAN_POINT('',(336.,440.5));
#5582 = ( GEOMETRIC_REPRESENTATION_CONTEXT(2) 
PARAMETRIC_REPRESENTATION_CONTEXT() REPRESENTATION_CONTEXT('2D SPACE',''
  ) );
#5583 = PCURVE('',#3562,#5584);
#5584 = DEFINITIONAL_REPRESENTATION('',(#5585),#5588);
#5585 = B_SPLINE_CURVE_WITH_KNOTS('',1,(#5586,#5587),.UNSPECIFIED.,.F.,
  .F.,(2,2),(21.75,418.75),.PIECEWISE_BEZIER_KNOTS.);
#5586 = CARTESIAN_POINT('',(0.,4.));
#5587 = CARTESIAN_POINT('',(397.,4.));
#5588 = ( GEOMETRIC_REPRESENTATION_CONTEXT(2) 
PARAMETRIC_REPRESENTATION_CONTEXT() REPRESENTATION_CONTEXT('2D SPACE',''
  ) );
#5589 = ORIENTED_EDGE('',*,*,#5590,.F.);
#5590 = EDGE_CURVE('',#5528,#5570,#5591,.T.);
#5591 = SURFACE_CURVE('',#5592,(#5596,#5602),.PCURVE_S1.);
#5592 = LINE('',#5593,#5594);
#5593 = CARTESIAN_POINT('',(198.5,-98.,-634.5));
#5594 = VECTOR('',#5595,1.);
#5595 = DIRECTION('',(0.,0.,-1.));
#5596 = PCURVE('',#2953,#5597);
#5597 = DEFINITIONAL_REPRESENTATION('',(#5598),#5601);
#5598 = B_SPLINE_CURVE_WITH_KNOTS('',1,(#5599,#5600),.UNSPECIFIED.,.F.,
  .F.,(2,2),(-173.,-168.),.PIECEWISE_BEZIER_KNOTS.);
#5599 = CARTESIAN_POINT('',(341.,440.5));
#5600 = CARTESIAN_POINT('',(336.,440.5));
#5601 = ( GEOMETRIC_REPRESENTATION_CONTEXT(2) 
PARAMETRIC_REPRESENTATION_CONTEXT() REPRESENTATION_CONTEXT('2D SPACE',''
  ) );
#5602 = PCURVE('',#3586,#5603);
#5603 = DEFINITIONAL_REPRESENTATION('',(#5604),#5607);
#5604 = B_SPLINE_CURVE_WITH_KNOTS('',1,(#5605,#5606),.UNSPECIFIED.,.F.,
  .F.,(2,2),(-173.,-168.),.PIECEWISE_BEZIER_KNOTS.);
#5605 = CARTESIAN_POINT('',(5.,-4.));
#5606 = CARTESIAN_POINT('',(0.,-4.));
#5607 = ( GEOMETRIC_REPRESENTATION_CONTEXT(2) 
PARAMETRIC_REPRESENTATION_CONTEXT() REPRESENTATION_CONTEXT('2D SPACE',''
  ) );
#5608 = FACE_BOUND('',#5609,.T.);
#5609 = EDGE_LOOP('',(#5610,#5633,#5654,#5675));
#5610 = ORIENTED_EDGE('',*,*,#5611,.F.);
#5611 = EDGE_CURVE('',#5612,#5614,#5616,.T.);
#5612 = VERTEX_POINT('',#5613);
#5613 = CARTESIAN_POINT('',(-198.5,-98.,-400.));
#5614 = VERTEX_POINT('',#5615);
#5615 = CARTESIAN_POINT('',(198.5,-98.,-400.));
#5616 = SURFACE_CURVE('',#5617,(#5621,#5627),.PCURVE_S1.);
#5617 = LINE('',#5618,#5619);
#5618 = CARTESIAN_POINT('',(-220.25,-98.,-400.));
#5619 = VECTOR('',#5620,1.);
#5620 = DIRECTION('',(1.,0.,0.));
#5621 = PCURVE('',#2953,#5622);
#5622 = DEFINITIONAL_REPRESENTATION('',(#5623),#5626);
#5623 = B_SPLINE_CURVE_WITH_KNOTS('',1,(#5624,#5625),.UNSPECIFIED.,.F.,
  .F.,(2,2),(21.75,418.75),.PIECEWISE_BEZIER_KNOTS.);
#5624 = CARTESIAN_POINT('',(402.5,43.5));
#5625 = CARTESIAN_POINT('',(402.5,440.5));
#5626 = ( GEOMETRIC_REPRESENTATION_CONTEXT(2) 
PARAMETRIC_REPRESENTATION_CONTEXT() REPRESENTATION_CONTEXT('2D SPACE',''
  ) );
#5627 = PCURVE('',#3616,#5628);
#5628 = DEFINITIONAL_REPRESENTATION('',(#5629),#5632);
#5629 = B_SPLINE_CURVE_WITH_KNOTS('',1,(#5630,#5631),.UNSPECIFIED.,.F.,
  .F.,(2,2),(21.75,418.75),.PIECEWISE_BEZIER_KNOTS.);
#5630 = CARTESIAN_POINT('',(0.,4.));
#5631 = CARTESIAN_POINT('',(397.,4.));
#5632 = ( GEOMETRIC_REPRESENTATION_CONTEXT(2) 
PARAMETRIC_REPRESENTATION_CONTEXT() REPRESENTATION_CONTEXT('2D SPACE',''
  ) );
#5633 = ORIENTED_EDGE('',*,*,#5634,.T.);
#5634 = EDGE_CURVE('',#5612,#5635,#5637,.T.);
#5635 = VERTEX_POINT('',#5636);
#5636 = CARTESIAN_POINT('',(-198.5,-98.,-405.));
#5637 = SURFACE_CURVE('',#5638,(#5642,#5648),.PCURVE_S1.);
#5638 = LINE('',#5639,#5640);
#5639 = CARTESIAN_POINT('',(-198.5,-98.,-603.75));
#5640 = VECTOR('',#5641,1.);
#5641 = DIRECTION('',(0.,0.,-1.));
#5642 = PCURVE('',#2953,#5643);
#5643 = DEFINITIONAL_REPRESENTATION('',(#5644),#5647);
#5644 = B_SPLINE_CURVE_WITH_KNOTS('',1,(#5645,#5646),.UNSPECIFIED.,.F.,
  .F.,(2,2),(-203.75,-198.75),.PIECEWISE_BEZIER_KNOTS.);
#5645 = CARTESIAN_POINT('',(402.5,43.5));
#5646 = CARTESIAN_POINT('',(397.5,43.5));
#5647 = ( GEOMETRIC_REPRESENTATION_CONTEXT(2) 
PARAMETRIC_REPRESENTATION_CONTEXT() REPRESENTATION_CONTEXT('2D SPACE',''
  ) );
#5648 = PCURVE('',#3642,#5649);
#5649 = DEFINITIONAL_REPRESENTATION('',(#5650),#5653);
#5650 = B_SPLINE_CURVE_WITH_KNOTS('',1,(#5651,#5652),.UNSPECIFIED.,.F.,
  .F.,(2,2),(-203.75,-198.75),.PIECEWISE_BEZIER_KNOTS.);
#5651 = CARTESIAN_POINT('',(5.,-4.));
#5652 = CARTESIAN_POINT('',(0.,-4.));
#5653 = ( GEOMETRIC_REPRESENTATION_CONTEXT(2) 
PARAMETRIC_REPRESENTATION_CONTEXT() REPRESENTATION_CONTEXT('2D SPACE',''
  ) );
#5654 = ORIENTED_EDGE('',*,*,#5655,.T.);
#5655 = EDGE_CURVE('',#5635,#5656,#5658,.T.);
#5656 = VERTEX_POINT('',#5657);
#5657 = CARTESIAN_POINT('',(198.5,-98.,-405.));
#5658 = SURFACE_CURVE('',#5659,(#5663,#5669),.PCURVE_S1.);
#5659 = LINE('',#5660,#5661);
#5660 = CARTESIAN_POINT('',(-220.25,-98.,-405.));
#5661 = VECTOR('',#5662,1.);
#5662 = DIRECTION('',(1.,0.,0.));
#5663 = PCURVE('',#2953,#5664);
#5664 = DEFINITIONAL_REPRESENTATION('',(#5665),#5668);
#5665 = B_SPLINE_CURVE_WITH_KNOTS('',1,(#5666,#5667),.UNSPECIFIED.,.F.,
  .F.,(2,2),(21.75,418.75),.PIECEWISE_BEZIER_KNOTS.);
#5666 = CARTESIAN_POINT('',(397.5,43.5));
#5667 = CARTESIAN_POINT('',(397.5,440.5));
#5668 = ( GEOMETRIC_REPRESENTATION_CONTEXT(2) 
PARAMETRIC_REPRESENTATION_CONTEXT() REPRESENTATION_CONTEXT('2D SPACE',''
  ) );
#5669 = PCURVE('',#3668,#5670);
#5670 = DEFINITIONAL_REPRESENTATION('',(#5671),#5674);
#5671 = B_SPLINE_CURVE_WITH_KNOTS('',1,(#5672,#5673),.UNSPECIFIED.,.F.,
  .F.,(2,2),(21.75,418.75),.PIECEWISE_BEZIER_KNOTS.);
#5672 = CARTESIAN_POINT('',(0.,4.));
#5673 = CARTESIAN_POINT('',(397.,4.));
#5674 = ( GEOMETRIC_REPRESENTATION_CONTEXT(2) 
PARAMETRIC_REPRESENTATION_CONTEXT() REPRESENTATION_CONTEXT('2D SPACE',''
  ) );
#5675 = ORIENTED_EDGE('',*,*,#5676,.F.);
#5676 = EDGE_CURVE('',#5614,#5656,#5677,.T.);
#5677 = SURFACE_CURVE('',#5678,(#5682,#5688),.PCURVE_S1.);
#5678 = LINE('',#5679,#5680);
#5679 = CARTESIAN_POINT('',(198.5,-98.,-603.75));
#5680 = VECTOR('',#5681,1.);
#5681 = DIRECTION('',(0.,0.,-1.));
#5682 = PCURVE('',#2953,#5683);
#5683 = DEFINITIONAL_REPRESENTATION('',(#5684),#5687);
#5684 = B_SPLINE_CURVE_WITH_KNOTS('',1,(#5685,#5686),.UNSPECIFIED.,.F.,
  .F.,(2,2),(-203.75,-198.75),.PIECEWISE_BEZIER_KNOTS.);
#5685 = CARTESIAN_POINT('',(402.5,440.5));
#5686 = CARTESIAN_POINT('',(397.5,440.5));
#5687 = ( GEOMETRIC_REPRESENTATION_CONTEXT(2) 
PARAMETRIC_REPRESENTATION_CONTEXT() REPRESENTATION_CONTEXT('2D SPACE',''
  ) );
#5688 = PCURVE('',#3692,#5689);
#5689 = DEFINITIONAL_REPRESENTATION('',(#5690),#5693);
#5690 = B_SPLINE_CURVE_WITH_KNOTS('',1,(#5691,#5692),.UNSPECIFIED.,.F.,
  .F.,(2,2),(-203.75,-198.75),.PIECEWISE_BEZIER_KNOTS.);
#5691 = CARTESIAN_POINT('',(5.,-4.));
#5692 = CARTESIAN_POINT('',(0.,-4.));
#5693 = ( GEOMETRIC_REPRESENTATION_CONTEXT(2) 
PARAMETRIC_REPRESENTATION_CONTEXT() REPRESENTATION_CONTEXT('2D SPACE',''
  ) );
#5694 = FACE_BOUND('',#5695,.T.);
#5695 = EDGE_LOOP('',(#5696,#5719,#5740,#5761));
#5696 = ORIENTED_EDGE('',*,*,#5697,.F.);
#5697 = EDGE_CURVE('',#5698,#5700,#5702,.T.);
#5698 = VERTEX_POINT('',#5699);
#5699 = CARTESIAN_POINT('',(-198.5,-98.,-338.5));
#5700 = VERTEX_POINT('',#5701);
#5701 = CARTESIAN_POINT('',(198.5,-98.,-338.5));
#5702 = SURFACE_CURVE('',#5703,(#5707,#5713),.PCURVE_S1.);
#5703 = LINE('',#5704,#5705);
#5704 = CARTESIAN_POINT('',(-220.25,-98.,-338.5));
#5705 = VECTOR('',#5706,1.);
#5706 = DIRECTION('',(1.,0.,0.));
#5707 = PCURVE('',#2953,#5708);
#5708 = DEFINITIONAL_REPRESENTATION('',(#5709),#5712);
#5709 = B_SPLINE_CURVE_WITH_KNOTS('',1,(#5710,#5711),.UNSPECIFIED.,.F.,
  .F.,(2,2),(21.75,418.75),.PIECEWISE_BEZIER_KNOTS.);
#5710 = CARTESIAN_POINT('',(464.,43.5));
#5711 = CARTESIAN_POINT('',(464.,440.5));
#5712 = ( GEOMETRIC_REPRESENTATION_CONTEXT(2) 
PARAMETRIC_REPRESENTATION_CONTEXT() REPRESENTATION_CONTEXT('2D SPACE',''
  ) );
#5713 = PCURVE('',#3722,#5714);
#5714 = DEFINITIONAL_REPRESENTATION('',(#5715),#5718);
#5715 = B_SPLINE_CURVE_WITH_KNOTS('',1,(#5716,#5717),.UNSPECIFIED.,.F.,
  .F.,(2,2),(21.75,418.75),.PIECEWISE_BEZIER_KNOTS.);
#5716 = CARTESIAN_POINT('',(0.,4.));
#5717 = CARTESIAN_POINT('',(397.,4.));
#5718 = ( GEOMETRIC_REPRESENTATION_CONTEXT(2) 
PARAMETRIC_REPRESENTATION_CONTEXT() REPRESENTATION_CONTEXT('2D SPACE',''
  ) );
#5719 = ORIENTED_EDGE('',*,*,#5720,.T.);
#5720 = EDGE_CURVE('',#5698,#5721,#5723,.T.);
#5721 = VERTEX_POINT('',#5722);
#5722 = CARTESIAN_POINT('',(-198.5,-98.,-343.5));
#5723 = SURFACE_CURVE('',#5724,(#5728,#5734),.PCURVE_S1.);
#5724 = LINE('',#5725,#5726);
#5725 = CARTESIAN_POINT('',(-198.5,-98.,-573.));
#5726 = VECTOR('',#5727,1.);
#5727 = DIRECTION('',(0.,0.,-1.));
#5728 = PCURVE('',#2953,#5729);
#5729 = DEFINITIONAL_REPRESENTATION('',(#5730),#5733);
#5730 = B_SPLINE_CURVE_WITH_KNOTS('',1,(#5731,#5732),.UNSPECIFIED.,.F.,
  .F.,(2,2),(-234.5,-229.5),.PIECEWISE_BEZIER_KNOTS.);
#5731 = CARTESIAN_POINT('',(464.,43.5));
#5732 = CARTESIAN_POINT('',(459.,43.5));
#5733 = ( GEOMETRIC_REPRESENTATION_CONTEXT(2) 
PARAMETRIC_REPRESENTATION_CONTEXT() REPRESENTATION_CONTEXT('2D SPACE',''
  ) );
#5734 = PCURVE('',#3748,#5735);
#5735 = DEFINITIONAL_REPRESENTATION('',(#5736),#5739);
#5736 = B_SPLINE_CURVE_WITH_KNOTS('',1,(#5737,#5738),.UNSPECIFIED.,.F.,
  .F.,(2,2),(-234.5,-229.5),.PIECEWISE_BEZIER_KNOTS.);
#5737 = CARTESIAN_POINT('',(5.,-4.));
#5738 = CARTESIAN_POINT('',(0.,-4.));
#5739 = ( GEOMETRIC_REPRESENTATION_CONTEXT(2) 
PARAMETRIC_REPRESENTATION_CONTEXT() REPRESENTATION_CONTEXT('2D SPACE',''
  ) );
#5740 = ORIENTED_EDGE('',*,*,#5741,.T.);
#5741 = EDGE_CURVE('',#5721,#5742,#5744,.T.);
#5742 = VERTEX_POINT('',#5743);
#5743 = CARTESIAN_POINT('',(198.5,-98.,-343.5));
#5744 = SURFACE_CURVE('',#5745,(#5749,#5755),.PCURVE_S1.);
#5745 = LINE('',#5746,#5747);
#5746 = CARTESIAN_POINT('',(-220.25,-98.,-343.5));
#5747 = VECTOR('',#5748,1.);
#5748 = DIRECTION('',(1.,0.,0.));
#5749 = PCURVE('',#2953,#5750);
#5750 = DEFINITIONAL_REPRESENTATION('',(#5751),#5754);
#5751 = B_SPLINE_CURVE_WITH_KNOTS('',1,(#5752,#5753),.UNSPECIFIED.,.F.,
  .F.,(2,2),(21.75,418.75),.PIECEWISE_BEZIER_KNOTS.);
#5752 = CARTESIAN_POINT('',(459.,43.5));
#5753 = CARTESIAN_POINT('',(459.,440.5));
#5754 = ( GEOMETRIC_REPRESENTATION_CONTEXT(2) 
PARAMETRIC_REPRESENTATION_CONTEXT() REPRESENTATION_CONTEXT('2D SPACE',''
  ) );
#5755 = PCURVE('',#3774,#5756);
#5756 = DEFINITIONAL_REPRESENTATION('',(#5757),#5760);
#5757 = B_SPLINE_CURVE_WITH_KNOTS('',1,(#5758,#5759),.UNSPECIFIED.,.F.,
  .F.,(2,2),(21.75,418.75),.PIECEWISE_BEZIER_KNOTS.);
#5758 = CARTESIAN_POINT('',(0.,4.));
#5759 = CARTESIAN_POINT('',(397.,4.));
#5760 = ( GEOMETRIC_REPRESENTATION_CONTEXT(2) 
PARAMETRIC_REPRESENTATION_CONTEXT() REPRESENTATION_CONTEXT('2D SPACE',''
  ) );
#5761 = ORIENTED_EDGE('',*,*,#5762,.F.);
#5762 = EDGE_CURVE('',#5700,#5742,#5763,.T.);
#5763 = SURFACE_CURVE('',#5764,(#5768,#5774),.PCURVE_S1.);
#5764 = LINE('',#5765,#5766);
#5765 = CARTESIAN_POINT('',(198.5,-98.,-573.));
#5766 = VECTOR('',#5767,1.);
#5767 = DIRECTION('',(0.,0.,-1.));
#5768 = PCURVE('',#2953,#5769);
#5769 = DEFINITIONAL_REPRESENTATION('',(#5770),#5773);
#5770 = B_SPLINE_CURVE_WITH_KNOTS('',1,(#5771,#5772),.UNSPECIFIED.,.F.,
  .F.,(2,2),(-234.5,-229.5),.PIECEWISE_BEZIER_KNOTS.);
#5771 = CARTESIAN_POINT('',(464.,440.5));
#5772 = CARTESIAN_POINT('',(459.,440.5));
#5773 = ( GEOMETRIC_REPRESENTATION_CONTEXT(2) 
PARAMETRIC_REPRESENTATION_CONTEXT() REPRESENTATION_CONTEXT('2D SPACE',''
  ) );
#5774 = PCURVE('',#3798,#5775);
#5775 = DEFINITIONAL_REPRESENTATION('',(#5776),#5779);
#5776 = B_SPLINE_CURVE_WITH_KNOTS('',1,(#5777,#5778),.UNSPECIFIED.,.F.,
  .F.,(2,2),(-234.5,-229.5),.PIECEWISE_BEZIER_KNOTS.);
#5777 = CARTESIAN_POINT('',(5.,-4.));
#5778 = CARTESIAN_POINT('',(0.,-4.));
#5779 = ( GEOMETRIC_REPRESENTATION_CONTEXT(2) 
PARAMETRIC_REPRESENTATION_CONTEXT() REPRESENTATION_CONTEXT('2D SPACE',''
  ) );
#5780 = FACE_BOUND('',#5781,.T.);
#5781 = EDGE_LOOP('',(#5782,#5805,#5826,#5847));
#5782 = ORIENTED_EDGE('',*,*,#5783,.F.);
#5783 = EDGE_CURVE('',#5784,#5786,#5788,.T.);
#5784 = VERTEX_POINT('',#5785);
#5785 = CARTESIAN_POINT('',(-198.5,-98.,-277.));
#5786 = VERTEX_POINT('',#5787);
#5787 = CARTESIAN_POINT('',(198.5,-98.,-277.));
#5788 = SURFACE_CURVE('',#5789,(#5793,#5799),.PCURVE_S1.);
#5789 = LINE('',#5790,#5791);
#5790 = CARTESIAN_POINT('',(-220.25,-98.,-277.));
#5791 = VECTOR('',#5792,1.);
#5792 = DIRECTION('',(1.,0.,0.));
#5793 = PCURVE('',#2953,#5794);
#5794 = DEFINITIONAL_REPRESENTATION('',(#5795),#5798);
#5795 = B_SPLINE_CURVE_WITH_KNOTS('',1,(#5796,#5797),.UNSPECIFIED.,.F.,
  .F.,(2,2),(21.75,418.75),.PIECEWISE_BEZIER_KNOTS.);
#5796 = CARTESIAN_POINT('',(525.5,43.5));
#5797 = CARTESIAN_POINT('',(525.5,440.5));
#5798 = ( GEOMETRIC_REPRESENTATION_CONTEXT(2) 
PARAMETRIC_REPRESENTATION_CONTEXT() REPRESENTATION_CONTEXT('2D SPACE',''
  ) );
#5799 = PCURVE('',#3828,#5800);
#5800 = DEFINITIONAL_REPRESENTATION('',(#5801),#5804);
#5801 = B_SPLINE_CURVE_WITH_KNOTS('',1,(#5802,#5803),.UNSPECIFIED.,.F.,
  .F.,(2,2),(21.75,418.75),.PIECEWISE_BEZIER_KNOTS.);
#5802 = CARTESIAN_POINT('',(0.,4.));
#5803 = CARTESIAN_POINT('',(397.,4.));
#5804 = ( GEOMETRIC_REPRESENTATION_CONTEXT(2) 
PARAMETRIC_REPRESENTATION_CONTEXT() REPRESENTATION_CONTEXT('2D SPACE',''
  ) );
#5805 = ORIENTED_EDGE('',*,*,#5806,.T.);
#5806 = EDGE_CURVE('',#5784,#5807,#5809,.T.);
#5807 = VERTEX_POINT('',#5808);
#5808 = CARTESIAN_POINT('',(-198.5,-98.,-282.));
#5809 = SURFACE_CURVE('',#5810,(#5814,#5820),.PCURVE_S1.);
#5810 = LINE('',#5811,#5812);
#5811 = CARTESIAN_POINT('',(-198.5,-98.,-542.25));
#5812 = VECTOR('',#5813,1.);
#5813 = DIRECTION('',(0.,0.,-1.));
#5814 = PCURVE('',#2953,#5815);
#5815 = DEFINITIONAL_REPRESENTATION('',(#5816),#5819);
#5816 = B_SPLINE_CURVE_WITH_KNOTS('',1,(#5817,#5818),.UNSPECIFIED.,.F.,
  .F.,(2,2),(-265.25,-260.25),.PIECEWISE_BEZIER_KNOTS.);
#5817 = CARTESIAN_POINT('',(525.5,43.5));
#5818 = CARTESIAN_POINT('',(520.5,43.5));
#5819 = ( GEOMETRIC_REPRESENTATION_CONTEXT(2) 
PARAMETRIC_REPRESENTATION_CONTEXT() REPRESENTATION_CONTEXT('2D SPACE',''
  ) );
#5820 = PCURVE('',#3854,#5821);
#5821 = DEFINITIONAL_REPRESENTATION('',(#5822),#5825);
#5822 = B_SPLINE_CURVE_WITH_KNOTS('',1,(#5823,#5824),.UNSPECIFIED.,.F.,
  .F.,(2,2),(-265.25,-260.25),.PIECEWISE_BEZIER_KNOTS.);
#5823 = CARTESIAN_POINT('',(5.,-4.));
#5824 = CARTESIAN_POINT('',(0.,-4.));
#5825 = ( GEOMETRIC_REPRESENTATION_CONTEXT(2) 
PARAMETRIC_REPRESENTATION_CONTEXT() REPRESENTATION_CONTEXT('2D SPACE',''
  ) );
#5826 = ORIENTED_EDGE('',*,*,#5827,.T.);
#5827 = EDGE_CURVE('',#5807,#5828,#5830,.T.);
#5828 = VERTEX_POINT('',#5829);
#5829 = CARTESIAN_POINT('',(198.5,-98.,-282.));
#5830 = SURFACE_CURVE('',#5831,(#5835,#5841),.PCURVE_S1.);
#5831 = LINE('',#5832,#5833);
#5832 = CARTESIAN_POINT('',(-220.25,-98.,-282.));
#5833 = VECTOR('',#5834,1.);
#5834 = DIRECTION('',(1.,0.,0.));
#5835 = PCURVE('',#2953,#5836);
#5836 = DEFINITIONAL_REPRESENTATION('',(#5837),#5840);
#5837 = B_SPLINE_CURVE_WITH_KNOTS('',1,(#5838,#5839),.UNSPECIFIED.,.F.,
  .F.,(2,2),(21.75,418.75),.PIECEWISE_BEZIER_KNOTS.);
#5838 = CARTESIAN_POINT('',(520.5,43.5));
#5839 = CARTESIAN_POINT('',(520.5,440.5));
#5840 = ( GEOMETRIC_REPRESENTATION_CONTEXT(2) 
PARAMETRIC_REPRESENTATION_CONTEXT() REPRESENTATION_CONTEXT('2D SPACE',''
  ) );
#5841 = PCURVE('',#3880,#5842);
#5842 = DEFINITIONAL_REPRESENTATION('',(#5843),#5846);
#5843 = B_SPLINE_CURVE_WITH_KNOTS('',1,(#5844,#5845),.UNSPECIFIED.,.F.,
  .F.,(2,2),(21.75,418.75),.PIECEWISE_BEZIER_KNOTS.);
#5844 = CARTESIAN_POINT('',(0.,4.));
#5845 = CARTESIAN_POINT('',(397.,4.));
#5846 = ( GEOMETRIC_REPRESENTATION_CONTEXT(2) 
PARAMETRIC_REPRESENTATION_CONTEXT() REPRESENTATION_CONTEXT('2D SPACE',''
  ) );
#5847 = ORIENTED_EDGE('',*,*,#5848,.F.);
#5848 = EDGE_CURVE('',#5786,#5828,#5849,.T.);
#5849 = SURFACE_CURVE('',#5850,(#5854,#5860),.PCURVE_S1.);
#5850 = LINE('',#5851,#5852);
#5851 = CARTESIAN_POINT('',(198.5,-98.,-542.25));
#5852 = VECTOR('',#5853,1.);
#5853 = DIRECTION('',(0.,0.,-1.));
#5854 = PCURVE('',#2953,#5855);
#5855 = DEFINITIONAL_REPRESENTATION('',(#5856),#5859);
#5856 = B_SPLINE_CURVE_WITH_KNOTS('',1,(#5857,#5858),.UNSPECIFIED.,.F.,
  .F.,(2,2),(-265.25,-260.25),.PIECEWISE_BEZIER_KNOTS.);
#5857 = CARTESIAN_POINT('',(525.5,440.5));
#5858 = CARTESIAN_POINT('',(520.5,440.5));
#5859 = ( GEOMETRIC_REPRESENTATION_CONTEXT(2) 
PARAMETRIC_REPRESENTATION_CONTEXT() REPRESENTATION_CONTEXT('2D SPACE',''
  ) );
#5860 = PCURVE('',#3904,#5861);
#5861 = DEFINITIONAL_REPRESENTATION('',(#5862),#5865);
#5862 = B_SPLINE_CURVE_WITH_KNOTS('',1,(#5863,#5864),.UNSPECIFIED.,.F.,
  .F.,(2,2),(-265.25,-260.25),.PIECEWISE_BEZIER_KNOTS.);
#5863 = CARTESIAN_POINT('',(5.,-4.));
#5864 = CARTESIAN_POINT('',(0.,-4.));
#5865 = ( GEOMETRIC_REPRESENTATION_CONTEXT(2) 
PARAMETRIC_REPRESENTATION_CONTEXT() REPRESENTATION_CONTEXT('2D SPACE',''
  ) );
#5866 = FACE_BOUND('',#5867,.T.);
#5867 = EDGE_LOOP('',(#5868,#5891,#5912,#5933));
#5868 = ORIENTED_EDGE('',*,*,#5869,.F.);
#5869 = EDGE_CURVE('',#5870,#5872,#5874,.T.);
#5870 = VERTEX_POINT('',#5871);
#5871 = CARTESIAN_POINT('',(-198.5,-98.,-215.5));
#5872 = VERTEX_POINT('',#5873);
#5873 = CARTESIAN_POINT('',(198.5,-98.,-215.5));
#5874 = SURFACE_CURVE('',#5875,(#5879,#5885),.PCURVE_S1.);
#5875 = LINE('',#5876,#5877);
#5876 = CARTESIAN_POINT('',(-220.25,-98.,-215.5));
#5877 = VECTOR('',#5878,1.);
#5878 = DIRECTION('',(1.,0.,0.));
#5879 = PCURVE('',#2953,#5880);
#5880 = DEFINITIONAL_REPRESENTATION('',(#5881),#5884);
#5881 = B_SPLINE_CURVE_WITH_KNOTS('',1,(#5882,#5883),.UNSPECIFIED.,.F.,
  .F.,(2,2),(21.75,418.75),.PIECEWISE_BEZIER_KNOTS.);
#5882 = CARTESIAN_POINT('',(587.,43.5));
#5883 = CARTESIAN_POINT('',(587.,440.5));
#5884 = ( GEOMETRIC_REPRESENTATION_CONTEXT(2) 
PARAMETRIC_REPRESENTATION_CONTEXT() REPRESENTATION_CONTEXT('2D SPACE',''
  ) );
#5885 = PCURVE('',#3934,#5886);
#5886 = DEFINITIONAL_REPRESENTATION('',(#5887),#5890);
#5887 = B_SPLINE_CURVE_WITH_KNOTS('',1,(#5888,#5889),.UNSPECIFIED.,.F.,
  .F.,(2,2),(21.75,418.75),.PIECEWISE_BEZIER_KNOTS.);
#5888 = CARTESIAN_POINT('',(0.,4.));
#5889 = CARTESIAN_POINT('',(397.,4.));
#5890 = ( GEOMETRIC_REPRESENTATION_CONTEXT(2) 
PARAMETRIC_REPRESENTATION_CONTEXT() REPRESENTATION_CONTEXT('2D SPACE',''
  ) );
#5891 = ORIENTED_EDGE('',*,*,#5892,.T.);
#5892 = EDGE_CURVE('',#5870,#5893,#5895,.T.);
#5893 = VERTEX_POINT('',#5894);
#5894 = CARTESIAN_POINT('',(-198.5,-98.,-220.5));
#5895 = SURFACE_CURVE('',#5896,(#5900,#5906),.PCURVE_S1.);
#5896 = LINE('',#5897,#5898);
#5897 = CARTESIAN_POINT('',(-198.5,-98.,-511.5));
#5898 = VECTOR('',#5899,1.);
#5899 = DIRECTION('',(0.,0.,-1.));
#5900 = PCURVE('',#2953,#5901);
#5901 = DEFINITIONAL_REPRESENTATION('',(#5902),#5905);
#5902 = B_SPLINE_CURVE_WITH_KNOTS('',1,(#5903,#5904),.UNSPECIFIED.,.F.,
  .F.,(2,2),(-296.,-291.),.PIECEWISE_BEZIER_KNOTS.);
#5903 = CARTESIAN_POINT('',(587.,43.5));
#5904 = CARTESIAN_POINT('',(582.,43.5));
#5905 = ( GEOMETRIC_REPRESENTATION_CONTEXT(2) 
PARAMETRIC_REPRESENTATION_CONTEXT() REPRESENTATION_CONTEXT('2D SPACE',''
  ) );
#5906 = PCURVE('',#3960,#5907);
#5907 = DEFINITIONAL_REPRESENTATION('',(#5908),#5911);
#5908 = B_SPLINE_CURVE_WITH_KNOTS('',1,(#5909,#5910),.UNSPECIFIED.,.F.,
  .F.,(2,2),(-296.,-291.),.PIECEWISE_BEZIER_KNOTS.);
#5909 = CARTESIAN_POINT('',(5.,-4.));
#5910 = CARTESIAN_POINT('',(0.,-4.));
#5911 = ( GEOMETRIC_REPRESENTATION_CONTEXT(2) 
PARAMETRIC_REPRESENTATION_CONTEXT() REPRESENTATION_CONTEXT('2D SPACE',''
  ) );
#5912 = ORIENTED_EDGE('',*,*,#5913,.T.);
#5913 = EDGE_CURVE('',#5893,#5914,#5916,.T.);
#5914 = VERTEX_POINT('',#5915);
#5915 = CARTESIAN_POINT('',(198.5,-98.,-220.5));
#5916 = SURFACE_CURVE('',#5917,(#5921,#5927),.PCURVE_S1.);
#5917 = LINE('',#5918,#5919);
#5918 = CARTESIAN_POINT('',(-220.25,-98.,-220.5));
#5919 = VECTOR('',#5920,1.);
#5920 = DIRECTION('',(1.,0.,0.));
#5921 = PCURVE('',#2953,#5922);
#5922 = DEFINITIONAL_REPRESENTATION('',(#5923),#5926);
#5923 = B_SPLINE_CURVE_WITH_KNOTS('',1,(#5924,#5925),.UNSPECIFIED.,.F.,
  .F.,(2,2),(21.75,418.75),.PIECEWISE_BEZIER_KNOTS.);
#5924 = CARTESIAN_POINT('',(582.,43.5));
#5925 = CARTESIAN_POINT('',(582.,440.5));
#5926 = ( GEOMETRIC_REPRESENTATION_CONTEXT(2) 
PARAMETRIC_REPRESENTATION_CONTEXT() REPRESENTATION_CONTEXT('2D SPACE',''
  ) );
#5927 = PCURVE('',#3986,#5928);
#5928 = DEFINITIONAL_REPRESENTATION('',(#5929),#5932);
#5929 = B_SPLINE_CURVE_WITH_KNOTS('',1,(#5930,#5931),.UNSPECIFIED.,.F.,
  .F.,(2,2),(21.75,418.75),.PIECEWISE_BEZIER_KNOTS.);
#5930 = CARTESIAN_POINT('',(0.,4.));
#5931 = CARTESIAN_POINT('',(397.,4.));
#5932 = ( GEOMETRIC_REPRESENTATION_CONTEXT(2) 
PARAMETRIC_REPRESENTATION_CONTEXT() REPRESENTATION_CONTEXT('2D SPACE',''
  ) );
#5933 = ORIENTED_EDGE('',*,*,#5934,.F.);
#5934 = EDGE_CURVE('',#5872,#5914,#5935,.T.);
#5935 = SURFACE_CURVE('',#5936,(#5940,#5946),.PCURVE_S1.);
#5936 = LINE('',#5937,#5938);
#5937 = CARTESIAN_POINT('',(198.5,-98.,-511.5));
#5938 = VECTOR('',#5939,1.);
#5939 = DIRECTION('',(0.,0.,-1.));
#5940 = PCURVE('',#2953,#5941);
#5941 = DEFINITIONAL_REPRESENTATION('',(#5942),#5945);
#5942 = B_SPLINE_CURVE_WITH_KNOTS('',1,(#5943,#5944),.UNSPECIFIED.,.F.,
  .F.,(2,2),(-296.,-291.),.PIECEWISE_BEZIER_KNOTS.);
#5943 = CARTESIAN_POINT('',(587.,440.5));
#5944 = CARTESIAN_POINT('',(582.,440.5));
#5945 = ( GEOMETRIC_REPRESENTATION_CONTEXT(2) 
PARAMETRIC_REPRESENTATION_CONTEXT() REPRESENTATION_CONTEXT('2D SPACE',''
  ) );
#5946 = PCURVE('',#4010,#5947);
#5947 = DEFINITIONAL_REPRESENTATION('',(#5948),#5951);
#5948 = B_SPLINE_CURVE_WITH_KNOTS('',1,(#5949,#5950),.UNSPECIFIED.,.F.,
  .F.,(2,2),(-296.,-291.),.PIECEWISE_BEZIER_KNOTS.);
#5949 = CARTESIAN_POINT('',(5.,-4.));
#5950 = CARTESIAN_POINT('',(0.,-4.));
#5951 = ( GEOMETRIC_REPRESENTATION_CONTEXT(2) 
PARAMETRIC_REPRESENTATION_CONTEXT() REPRESENTATION_CONTEXT('2D SPACE',''
  ) );
#5952 = FACE_BOUND('',#5953,.T.);
#5953 = EDGE_LOOP('',(#5954,#5977,#5998,#6019));
#5954 = ORIENTED_EDGE('',*,*,#5955,.F.);
#5955 = EDGE_CURVE('',#5956,#5958,#5960,.T.);
#5956 = VERTEX_POINT('',#5957);
#5957 = CARTESIAN_POINT('',(-198.5,-98.,-154.));
#5958 = VERTEX_POINT('',#5959);
#5959 = CARTESIAN_POINT('',(198.5,-98.,-154.));
#5960 = SURFACE_CURVE('',#5961,(#5965,#5971),.PCURVE_S1.);
#5961 = LINE('',#5962,#5963);
#5962 = CARTESIAN_POINT('',(-220.25,-98.,-154.));
#5963 = VECTOR('',#5964,1.);
#5964 = DIRECTION('',(1.,0.,0.));
#5965 = PCURVE('',#2953,#5966);
#5966 = DEFINITIONAL_REPRESENTATION('',(#5967),#5970);
#5967 = B_SPLINE_CURVE_WITH_KNOTS('',1,(#5968,#5969),.UNSPECIFIED.,.F.,
  .F.,(2,2),(21.75,418.75),.PIECEWISE_BEZIER_KNOTS.);
#5968 = CARTESIAN_POINT('',(648.5,43.5));
#5969 = CARTESIAN_POINT('',(648.5,440.5));
#5970 = ( GEOMETRIC_REPRESENTATION_CONTEXT(2) 
PARAMETRIC_REPRESENTATION_CONTEXT() REPRESENTATION_CONTEXT('2D SPACE',''
  ) );
#5971 = PCURVE('',#4040,#5972);
#5972 = DEFINITIONAL_REPRESENTATION('',(#5973),#5976);
#5973 = B_SPLINE_CURVE_WITH_KNOTS('',1,(#5974,#5975),.UNSPECIFIED.,.F.,
  .F.,(2,2),(21.75,418.75),.PIECEWISE_BEZIER_KNOTS.);
#5974 = CARTESIAN_POINT('',(0.,4.));
#5975 = CARTESIAN_POINT('',(397.,4.));
#5976 = ( GEOMETRIC_REPRESENTATION_CONTEXT(2) 
PARAMETRIC_REPRESENTATION_CONTEXT() REPRESENTATION_CONTEXT('2D SPACE',''
  ) );
#5977 = ORIENTED_EDGE('',*,*,#5978,.T.);
#5978 = EDGE_CURVE('',#5956,#5979,#5981,.T.);
#5979 = VERTEX_POINT('',#5980);
#5980 = CARTESIAN_POINT('',(-198.5,-98.,-159.));
#5981 = SURFACE_CURVE('',#5982,(#5986,#5992),.PCURVE_S1.);
#5982 = LINE('',#5983,#5984);
#5983 = CARTESIAN_POINT('',(-198.5,-98.,-480.75));
#5984 = VECTOR('',#5985,1.);
#5985 = DIRECTION('',(0.,0.,-1.));
#5986 = PCURVE('',#2953,#5987);
#5987 = DEFINITIONAL_REPRESENTATION('',(#5988),#5991);
#5988 = B_SPLINE_CURVE_WITH_KNOTS('',1,(#5989,#5990),.UNSPECIFIED.,.F.,
  .F.,(2,2),(-326.75,-321.75),.PIECEWISE_BEZIER_KNOTS.);
#5989 = CARTESIAN_POINT('',(648.5,43.5));
#5990 = CARTESIAN_POINT('',(643.5,43.5));
#5991 = ( GEOMETRIC_REPRESENTATION_CONTEXT(2) 
PARAMETRIC_REPRESENTATION_CONTEXT() REPRESENTATION_CONTEXT('2D SPACE',''
  ) );
#5992 = PCURVE('',#4066,#5993);
#5993 = DEFINITIONAL_REPRESENTATION('',(#5994),#5997);
#5994 = B_SPLINE_CURVE_WITH_KNOTS('',1,(#5995,#5996),.UNSPECIFIED.,.F.,
  .F.,(2,2),(-326.75,-321.75),.PIECEWISE_BEZIER_KNOTS.);
#5995 = CARTESIAN_POINT('',(5.,-4.));
#5996 = CARTESIAN_POINT('',(0.,-4.));
#5997 = ( GEOMETRIC_REPRESENTATION_CONTEXT(2) 
PARAMETRIC_REPRESENTATION_CONTEXT() REPRESENTATION_CONTEXT('2D SPACE',''
  ) );
#5998 = ORIENTED_EDGE('',*,*,#5999,.T.);
#5999 = EDGE_CURVE('',#5979,#6000,#6002,.T.);
#6000 = VERTEX_POINT('',#6001);
#6001 = CARTESIAN_POINT('',(198.5,-98.,-159.));
#6002 = SURFACE_CURVE('',#6003,(#6007,#6013),.PCURVE_S1.);
#6003 = LINE('',#6004,#6005);
#6004 = CARTESIAN_POINT('',(-220.25,-98.,-159.));
#6005 = VECTOR('',#6006,1.);
#6006 = DIRECTION('',(1.,0.,0.));
#6007 = PCURVE('',#2953,#6008);
#6008 = DEFINITIONAL_REPRESENTATION('',(#6009),#6012);
#6009 = B_SPLINE_CURVE_WITH_KNOTS('',1,(#6010,#6011),.UNSPECIFIED.,.F.,
  .F.,(2,2),(21.75,418.75),.PIECEWISE_BEZIER_KNOTS.);
#6010 = CARTESIAN_POINT('',(643.5,43.5));
#6011 = CARTESIAN_POINT('',(643.5,440.5));
#6012 = ( GEOMETRIC_REPRESENTATION_CONTEXT(2) 
PARAMETRIC_REPRESENTATION_CONTEXT() REPRESENTATION_CONTEXT('2D SPACE',''
  ) );
#6013 = PCURVE('',#4092,#6014);
#6014 = DEFINITIONAL_REPRESENTATION('',(#6015),#6018);
#6015 = B_SPLINE_CURVE_WITH_KNOTS('',1,(#6016,#6017),.UNSPECIFIED.,.F.,
  .F.,(2,2),(21.75,418.75),.PIECEWISE_BEZIER_KNOTS.);
#6016 = CARTESIAN_POINT('',(0.,4.));
#6017 = CARTESIAN_POINT('',(397.,4.));
#6018 = ( GEOMETRIC_REPRESENTATION_CONTEXT(2) 
PARAMETRIC_REPRESENTATION_CONTEXT() REPRESENTATION_CONTEXT('2D SPACE',''
  ) );
#6019 = ORIENTED_EDGE('',*,*,#6020,.F.);
#6020 = EDGE_CURVE('',#5958,#6000,#6021,.T.);
#6021 = SURFACE_CURVE('',#6022,(#6026,#6032),.PCURVE_S1.);
#6022 = LINE('',#6023,#6024);
#6023 = CARTESIAN_POINT('',(198.5,-98.,-480.75));
#6024 = VECTOR('',#6025,1.);
#6025 = DIRECTION('',(0.,0.,-1.));
#6026 = PCURVE('',#2953,#6027);
#6027 = DEFINITIONAL_REPRESENTATION('',(#6028),#6031);
#6028 = B_SPLINE_CURVE_WITH_KNOTS('',1,(#6029,#6030),.UNSPECIFIED.,.F.,
  .F.,(2,2),(-326.75,-321.75),.PIECEWISE_BEZIER_KNOTS.);
#6029 = CARTESIAN_POINT('',(648.5,440.5));
#6030 = CARTESIAN_POINT('',(643.5,440.5));
#6031 = ( GEOMETRIC_REPRESENTATION_CONTEXT(2) 
PARAMETRIC_REPRESENTATION_CONTEXT() REPRESENTATION_CONTEXT('2D SPACE',''
  ) );
#6032 = PCURVE('',#4116,#6033);
#6033 = DEFINITIONAL_REPRESENTATION('',(#6034),#6037);
#6034 = B_SPLINE_CURVE_WITH_KNOTS('',1,(#6035,#6036),.UNSPECIFIED.,.F.,
  .F.,(2,2),(-326.75,-321.75),.PIECEWISE_BEZIER_KNOTS.);
#6035 = CARTESIAN_POINT('',(5.,-4.));
#6036 = CARTESIAN_POINT('',(0.,-4.));
#6037 = ( GEOMETRIC_REPRESENTATION_CONTEXT(2) 
PARAMETRIC_REPRESENTATION_CONTEXT() REPRESENTATION_CONTEXT('2D SPACE',''
  ) );
#6038 = FACE_BOUND('',#6039,.T.);
#6039 = EDGE_LOOP('',(#6040,#6063,#6084,#6105));
#6040 = ORIENTED_EDGE('',*,*,#6041,.F.);
#6041 = EDGE_CURVE('',#6042,#6044,#6046,.T.);
#6042 = VERTEX_POINT('',#6043);
#6043 = CARTESIAN_POINT('',(-198.5,-98.,-92.5));
#6044 = VERTEX_POINT('',#6045);
#6045 = CARTESIAN_POINT('',(198.5,-98.,-92.5));
#6046 = SURFACE_CURVE('',#6047,(#6051,#6057),.PCURVE_S1.);
#6047 = LINE('',#6048,#6049);
#6048 = CARTESIAN_POINT('',(-220.25,-98.,-92.5));
#6049 = VECTOR('',#6050,1.);
#6050 = DIRECTION('',(1.,0.,0.));
#6051 = PCURVE('',#2953,#6052);
#6052 = DEFINITIONAL_REPRESENTATION('',(#6053),#6056);
#6053 = B_SPLINE_CURVE_WITH_KNOTS('',1,(#6054,#6055),.UNSPECIFIED.,.F.,
  .F.,(2,2),(21.75,418.75),.PIECEWISE_BEZIER_KNOTS.);
#6054 = CARTESIAN_POINT('',(710.,43.5));
#6055 = CARTESIAN_POINT('',(710.,440.5));
#6056 = ( GEOMETRIC_REPRESENTATION_CONTEXT(2) 
PARAMETRIC_REPRESENTATION_CONTEXT() REPRESENTATION_CONTEXT('2D SPACE',''
  ) );
#6057 = PCURVE('',#4146,#6058);
#6058 = DEFINITIONAL_REPRESENTATION('',(#6059),#6062);
#6059 = B_SPLINE_CURVE_WITH_KNOTS('',1,(#6060,#6061),.UNSPECIFIED.,.F.,
  .F.,(2,2),(21.75,418.75),.PIECEWISE_BEZIER_KNOTS.);
#6060 = CARTESIAN_POINT('',(0.,4.));
#6061 = CARTESIAN_POINT('',(397.,4.));
#6062 = ( GEOMETRIC_REPRESENTATION_CONTEXT(2) 
PARAMETRIC_REPRESENTATION_CONTEXT() REPRESENTATION_CONTEXT('2D SPACE',''
  ) );
#6063 = ORIENTED_EDGE('',*,*,#6064,.T.);
#6064 = EDGE_CURVE('',#6042,#6065,#6067,.T.);
#6065 = VERTEX_POINT('',#6066);
#6066 = CARTESIAN_POINT('',(-198.5,-98.,-97.5));
#6067 = SURFACE_CURVE('',#6068,(#6072,#6078),.PCURVE_S1.);
#6068 = LINE('',#6069,#6070);
#6069 = CARTESIAN_POINT('',(-198.5,-98.,-450.));
#6070 = VECTOR('',#6071,1.);
#6071 = DIRECTION('',(0.,0.,-1.));
#6072 = PCURVE('',#2953,#6073);
#6073 = DEFINITIONAL_REPRESENTATION('',(#6074),#6077);
#6074 = B_SPLINE_CURVE_WITH_KNOTS('',1,(#6075,#6076),.UNSPECIFIED.,.F.,
  .F.,(2,2),(-357.5,-352.5),.PIECEWISE_BEZIER_KNOTS.);
#6075 = CARTESIAN_POINT('',(710.,43.5));
#6076 = CARTESIAN_POINT('',(705.,43.5));
#6077 = ( GEOMETRIC_REPRESENTATION_CONTEXT(2) 
PARAMETRIC_REPRESENTATION_CONTEXT() REPRESENTATION_CONTEXT('2D SPACE',''
  ) );
#6078 = PCURVE('',#4172,#6079);
#6079 = DEFINITIONAL_REPRESENTATION('',(#6080),#6083);
#6080 = B_SPLINE_CURVE_WITH_KNOTS('',1,(#6081,#6082),.UNSPECIFIED.,.F.,
  .F.,(2,2),(-357.5,-352.5),.PIECEWISE_BEZIER_KNOTS.);
#6081 = CARTESIAN_POINT('',(5.,-4.));
#6082 = CARTESIAN_POINT('',(0.,-4.));
#6083 = ( GEOMETRIC_REPRESENTATION_CONTEXT(2) 
PARAMETRIC_REPRESENTATION_CONTEXT() REPRESENTATION_CONTEXT('2D SPACE',''
  ) );
#6084 = ORIENTED_EDGE('',*,*,#6085,.T.);
#6085 = EDGE_CURVE('',#6065,#6086,#6088,.T.);
#6086 = VERTEX_POINT('',#6087);
#6087 = CARTESIAN_POINT('',(198.5,-98.,-97.5));
#6088 = SURFACE_CURVE('',#6089,(#6093,#6099),.PCURVE_S1.);
#6089 = LINE('',#6090,#6091);
#6090 = CARTESIAN_POINT('',(-220.25,-98.,-97.5));
#6091 = VECTOR('',#6092,1.);
#6092 = DIRECTION('',(1.,0.,0.));
#6093 = PCURVE('',#2953,#6094);
#6094 = DEFINITIONAL_REPRESENTATION('',(#6095),#6098);
#6095 = B_SPLINE_CURVE_WITH_KNOTS('',1,(#6096,#6097),.UNSPECIFIED.,.F.,
  .F.,(2,2),(21.75,418.75),.PIECEWISE_BEZIER_KNOTS.);
#6096 = CARTESIAN_POINT('',(705.,43.5));
#6097 = CARTESIAN_POINT('',(705.,440.5));
#6098 = ( GEOMETRIC_REPRESENTATION_CONTEXT(2) 
PARAMETRIC_REPRESENTATION_CONTEXT() REPRESENTATION_CONTEXT('2D SPACE',''
  ) );
#6099 = PCURVE('',#4198,#6100);
#6100 = DEFINITIONAL_REPRESENTATION('',(#6101),#6104);
#6101 = B_SPLINE_CURVE_WITH_KNOTS('',1,(#6102,#6103),.UNSPECIFIED.,.F.,
  .F.,(2,2),(21.75,418.75),.PIECEWISE_BEZIER_KNOTS.);
#6102 = CARTESIAN_POINT('',(0.,4.));
#6103 = CARTESIAN_POINT('',(397.,4.));
#6104 = ( GEOMETRIC_REPRESENTATION_CONTEXT(2) 
PARAMETRIC_REPRESENTATION_CONTEXT() REPRESENTATION_CONTEXT('2D SPACE',''
  ) );
#6105 = ORIENTED_EDGE('',*,*,#6106,.F.);
#6106 = EDGE_CURVE('',#6044,#6086,#6107,.T.);
#6107 = SURFACE_CURVE('',#6108,(#6112,#6118),.PCURVE_S1.);
#6108 = LINE('',#6109,#6110);
#6109 = CARTESIAN_POINT('',(198.5,-98.,-450.));
#6110 = VECTOR('',#6111,1.);
#6111 = DIRECTION('',(0.,0.,-1.));
#6112 = PCURVE('',#2953,#6113);
#6113 = DEFINITIONAL_REPRESENTATION('',(#6114),#6117);
#6114 = B_SPLINE_CURVE_WITH_KNOTS('',1,(#6115,#6116),.UNSPECIFIED.,.F.,
  .F.,(2,2),(-357.5,-352.5),.PIECEWISE_BEZIER_KNOTS.);
#6115 = CARTESIAN_POINT('',(710.,440.5));
#6116 = CARTESIAN_POINT('',(705.,440.5));
#6117 = ( GEOMETRIC_REPRESENTATION_CONTEXT(2) 
PARAMETRIC_REPRESENTATION_CONTEXT() REPRESENTATION_CONTEXT('2D SPACE',''
  ) );
#6118 = PCURVE('',#4222,#6119);
#6119 = DEFINITIONAL_REPRESENTATION('',(#6120),#6123);
#6120 = B_SPLINE_CURVE_WITH_KNOTS('',1,(#6121,#6122),.UNSPECIFIED.,.F.,
  .F.,(2,2),(-357.5,-352.5),.PIECEWISE_BEZIER_KNOTS.);
#6121 = CARTESIAN_POINT('',(5.,-4.));
#6122 = CARTESIAN_POINT('',(0.,-4.));
#6123 = ( GEOMETRIC_REPRESENTATION_CONTEXT(2) 
PARAMETRIC_REPRESENTATION_CONTEXT() REPRESENTATION_CONTEXT('2D SPACE',''
  ) );
#6124 = FACE_BOUND('',#6125,.T.);
#6125 = EDGE_LOOP('',(#6126,#6149,#6170,#6191));
#6126 = ORIENTED_EDGE('',*,*,#6127,.F.);
#6127 = EDGE_CURVE('',#6128,#6130,#6132,.T.);
#6128 = VERTEX_POINT('',#6129);
#6129 = CARTESIAN_POINT('',(-198.5,-98.,-31.));
#6130 = VERTEX_POINT('',#6131);
#6131 = CARTESIAN_POINT('',(198.5,-98.,-31.));
#6132 = SURFACE_CURVE('',#6133,(#6137,#6143),.PCURVE_S1.);
#6133 = LINE('',#6134,#6135);
#6134 = CARTESIAN_POINT('',(-220.25,-98.,-31.));
#6135 = VECTOR('',#6136,1.);
#6136 = DIRECTION('',(1.,0.,0.));
#6137 = PCURVE('',#2953,#6138);
#6138 = DEFINITIONAL_REPRESENTATION('',(#6139),#6142);
#6139 = B_SPLINE_CURVE_WITH_KNOTS('',1,(#6140,#6141),.UNSPECIFIED.,.F.,
  .F.,(2,2),(21.75,418.75),.PIECEWISE_BEZIER_KNOTS.);
#6140 = CARTESIAN_POINT('',(771.5,43.5));
#6141 = CARTESIAN_POINT('',(771.5,440.5));
#6142 = ( GEOMETRIC_REPRESENTATION_CONTEXT(2) 
PARAMETRIC_REPRESENTATION_CONTEXT() REPRESENTATION_CONTEXT('2D SPACE',''
  ) );
#6143 = PCURVE('',#4252,#6144);
#6144 = DEFINITIONAL_REPRESENTATION('',(#6145),#6148);
#6145 = B_SPLINE_CURVE_WITH_KNOTS('',1,(#6146,#6147),.UNSPECIFIED.,.F.,
  .F.,(2,2),(21.75,418.75),.PIECEWISE_BEZIER_KNOTS.);
#6146 = CARTESIAN_POINT('',(0.,4.));
#6147 = CARTESIAN_POINT('',(397.,4.));
#6148 = ( GEOMETRIC_REPRESENTATION_CONTEXT(2) 
PARAMETRIC_REPRESENTATION_CONTEXT() REPRESENTATION_CONTEXT('2D SPACE',''
  ) );
#6149 = ORIENTED_EDGE('',*,*,#6150,.T.);
#6150 = EDGE_CURVE('',#6128,#6151,#6153,.T.);
#6151 = VERTEX_POINT('',#6152);
#6152 = CARTESIAN_POINT('',(-198.5,-98.,-36.));
#6153 = SURFACE_CURVE('',#6154,(#6158,#6164),.PCURVE_S1.);
#6154 = LINE('',#6155,#6156);
#6155 = CARTESIAN_POINT('',(-198.5,-98.,-419.25));
#6156 = VECTOR('',#6157,1.);
#6157 = DIRECTION('',(0.,0.,-1.));
#6158 = PCURVE('',#2953,#6159);
#6159 = DEFINITIONAL_REPRESENTATION('',(#6160),#6163);
#6160 = B_SPLINE_CURVE_WITH_KNOTS('',1,(#6161,#6162),.UNSPECIFIED.,.F.,
  .F.,(2,2),(-388.25,-383.25),.PIECEWISE_BEZIER_KNOTS.);
#6161 = CARTESIAN_POINT('',(771.5,43.5));
#6162 = CARTESIAN_POINT('',(766.5,43.5));
#6163 = ( GEOMETRIC_REPRESENTATION_CONTEXT(2) 
PARAMETRIC_REPRESENTATION_CONTEXT() REPRESENTATION_CONTEXT('2D SPACE',''
  ) );
#6164 = PCURVE('',#4278,#6165);
#6165 = DEFINITIONAL_REPRESENTATION('',(#6166),#6169);
#6166 = B_SPLINE_CURVE_WITH_KNOTS('',1,(#6167,#6168),.UNSPECIFIED.,.F.,
  .F.,(2,2),(-388.25,-383.25),.PIECEWISE_BEZIER_KNOTS.);
#6167 = CARTESIAN_POINT('',(5.,-4.));
#6168 = CARTESIAN_POINT('',(0.,-4.));
#6169 = ( GEOMETRIC_REPRESENTATION_CONTEXT(2) 
PARAMETRIC_REPRESENTATION_CONTEXT() REPRESENTATION_CONTEXT('2D SPACE',''
  ) );
#6170 = ORIENTED_EDGE('',*,*,#6171,.T.);
#6171 = EDGE_CURVE('',#6151,#6172,#6174,.T.);
#6172 = VERTEX_POINT('',#6173);
#6173 = CARTESIAN_POINT('',(198.5,-98.,-36.));
#6174 = SURFACE_CURVE('',#6175,(#6179,#6185),.PCURVE_S1.);
#6175 = LINE('',#6176,#6177);
#6176 = CARTESIAN_POINT('',(-220.25,-98.,-36.));
#6177 = VECTOR('',#6178,1.);
#6178 = DIRECTION('',(1.,0.,0.));
#6179 = PCURVE('',#2953,#6180);
#6180 = DEFINITIONAL_REPRESENTATION('',(#6181),#6184);
#6181 = B_SPLINE_CURVE_WITH_KNOTS('',1,(#6182,#6183),.UNSPECIFIED.,.F.,
  .F.,(2,2),(21.75,418.75),.PIECEWISE_BEZIER_KNOTS.);
#6182 = CARTESIAN_POINT('',(766.5,43.5));
#6183 = CARTESIAN_POINT('',(766.5,440.5));
#6184 = ( GEOMETRIC_REPRESENTATION_CONTEXT(2) 
PARAMETRIC_REPRESENTATION_CONTEXT() REPRESENTATION_CONTEXT('2D SPACE',''
  ) );
#6185 = PCURVE('',#4304,#6186);
#6186 = DEFINITIONAL_REPRESENTATION('',(#6187),#6190);
#6187 = B_SPLINE_CURVE_WITH_KNOTS('',1,(#6188,#6189),.UNSPECIFIED.,.F.,
  .F.,(2,2),(21.75,418.75),.PIECEWISE_BEZIER_KNOTS.);
#6188 = CARTESIAN_POINT('',(0.,4.));
#6189 = CARTESIAN_POINT('',(397.,4.));
#6190 = ( GEOMETRIC_REPRESENTATION_CONTEXT(2) 
PARAMETRIC_REPRESENTATION_CONTEXT() REPRESENTATION_CONTEXT('2D SPACE',''
  ) );
#6191 = ORIENTED_EDGE('',*,*,#6192,.F.);
#6192 = EDGE_CURVE('',#6130,#6172,#6193,.T.);
#6193 = SURFACE_CURVE('',#6194,(#6198,#6204),.PCURVE_S1.);
#6194 = LINE('',#6195,#6196);
#6195 = CARTESIAN_POINT('',(198.5,-98.,-419.25));
#6196 = VECTOR('',#6197,1.);
#6197 = DIRECTION('',(0.,0.,-1.));
#6198 = PCURVE('',#2953,#6199);
#6199 = DEFINITIONAL_REPRESENTATION('',(#6200),#6203);
#6200 = B_SPLINE_CURVE_WITH_KNOTS('',1,(#6201,#6202),.UNSPECIFIED.,.F.,
  .F.,(2,2),(-388.25,-383.25),.PIECEWISE_BEZIER_KNOTS.);
#6201 = CARTESIAN_POINT('',(771.5,440.5));
#6202 = CARTESIAN_POINT('',(766.5,440.5));
#6203 = ( GEOMETRIC_REPRESENTATION_CONTEXT(2) 
PARAMETRIC_REPRESENTATION_CONTEXT() REPRESENTATION_CONTEXT('2D SPACE',''
  ) );
#6204 = PCURVE('',#4328,#6205);
#6205 = DEFINITIONAL_REPRESENTATION('',(#6206),#6209);
#6206 = B_SPLINE_CURVE_WITH_KNOTS('',1,(#6207,#6208),.UNSPECIFIED.,.F.,
  .F.,(2,2),(-388.25,-383.25),.PIECEWISE_BEZIER_KNOTS.);
#6207 = CARTESIAN_POINT('',(5.,-4.));
#6208 = CARTESIAN_POINT('',(0.,-4.));
#6209 = ( GEOMETRIC_REPRESENTATION_CONTEXT(2) 
PARAMETRIC_REPRESENTATION_CONTEXT() REPRESENTATION_CONTEXT('2D SPACE',''
  ) );
#6210 = FACE_BOUND('',#6211,.T.);
#6211 = EDGE_LOOP('',(#6212,#6235,#6256,#6277));
#6212 = ORIENTED_EDGE('',*,*,#6213,.F.);
#6213 = EDGE_CURVE('',#6214,#6216,#6218,.T.);
#6214 = VERTEX_POINT('',#6215);
#6215 = CARTESIAN_POINT('',(-198.5,-98.,30.5));
#6216 = VERTEX_POINT('',#6217);
#6217 = CARTESIAN_POINT('',(198.5,-98.,30.5));
#6218 = SURFACE_CURVE('',#6219,(#6223,#6229),.PCURVE_S1.);
#6219 = LINE('',#6220,#6221);
#6220 = CARTESIAN_POINT('',(-220.25,-98.,30.5));
#6221 = VECTOR('',#6222,1.);
#6222 = DIRECTION('',(1.,0.,0.));
#6223 = PCURVE('',#2953,#6224);
#6224 = DEFINITIONAL_REPRESENTATION('',(#6225),#6228);
#6225 = B_SPLINE_CURVE_WITH_KNOTS('',1,(#6226,#6227),.UNSPECIFIED.,.F.,
  .F.,(2,2),(21.75,418.75),.PIECEWISE_BEZIER_KNOTS.);
#6226 = CARTESIAN_POINT('',(833.,43.5));
#6227 = CARTESIAN_POINT('',(833.,440.5));
#6228 = ( GEOMETRIC_REPRESENTATION_CONTEXT(2) 
PARAMETRIC_REPRESENTATION_CONTEXT() REPRESENTATION_CONTEXT('2D SPACE',''
  ) );
#6229 = PCURVE('',#4358,#6230);
#6230 = DEFINITIONAL_REPRESENTATION('',(#6231),#6234);
#6231 = B_SPLINE_CURVE_WITH_KNOTS('',1,(#6232,#6233),.UNSPECIFIED.,.F.,
  .F.,(2,2),(21.75,418.75),.PIECEWISE_BEZIER_KNOTS.);
#6232 = CARTESIAN_POINT('',(0.,4.));
#6233 = CARTESIAN_POINT('',(397.,4.));
#6234 = ( GEOMETRIC_REPRESENTATION_CONTEXT(2) 
PARAMETRIC_REPRESENTATION_CONTEXT() REPRESENTATION_CONTEXT('2D SPACE',''
  ) );
#6235 = ORIENTED_EDGE('',*,*,#6236,.T.);
#6236 = EDGE_CURVE('',#6214,#6237,#6239,.T.);
#6237 = VERTEX_POINT('',#6238);
#6238 = CARTESIAN_POINT('',(-198.5,-98.,25.5));
#6239 = SURFACE_CURVE('',#6240,(#6244,#6250),.PCURVE_S1.);
#6240 = LINE('',#6241,#6242);
#6241 = CARTESIAN_POINT('',(-198.5,-98.,-388.5));
#6242 = VECTOR('',#6243,1.);
#6243 = DIRECTION('',(0.,0.,-1.));
#6244 = PCURVE('',#2953,#6245);
#6245 = DEFINITIONAL_REPRESENTATION('',(#6246),#6249);
#6246 = B_SPLINE_CURVE_WITH_KNOTS('',1,(#6247,#6248),.UNSPECIFIED.,.F.,
  .F.,(2,2),(-419.,-414.),.PIECEWISE_BEZIER_KNOTS.);
#6247 = CARTESIAN_POINT('',(833.,43.5));
#6248 = CARTESIAN_POINT('',(828.,43.5));
#6249 = ( GEOMETRIC_REPRESENTATION_CONTEXT(2) 
PARAMETRIC_REPRESENTATION_CONTEXT() REPRESENTATION_CONTEXT('2D SPACE',''
  ) );
#6250 = PCURVE('',#4384,#6251);
#6251 = DEFINITIONAL_REPRESENTATION('',(#6252),#6255);
#6252 = B_SPLINE_CURVE_WITH_KNOTS('',1,(#6253,#6254),.UNSPECIFIED.,.F.,
  .F.,(2,2),(-419.,-414.),.PIECEWISE_BEZIER_KNOTS.);
#6253 = CARTESIAN_POINT('',(5.,-4.));
#6254 = CARTESIAN_POINT('',(0.,-4.));
#6255 = ( GEOMETRIC_REPRESENTATION_CONTEXT(2) 
PARAMETRIC_REPRESENTATION_CONTEXT() REPRESENTATION_CONTEXT('2D SPACE',''
  ) );
#6256 = ORIENTED_EDGE('',*,*,#6257,.T.);
#6257 = EDGE_CURVE('',#6237,#6258,#6260,.T.);
#6258 = VERTEX_POINT('',#6259);
#6259 = CARTESIAN_POINT('',(198.5,-98.,25.5));
#6260 = SURFACE_CURVE('',#6261,(#6265,#6271),.PCURVE_S1.);
#6261 = LINE('',#6262,#6263);
#6262 = CARTESIAN_POINT('',(-220.25,-98.,25.5));
#6263 = VECTOR('',#6264,1.);
#6264 = DIRECTION('',(1.,0.,0.));
#6265 = PCURVE('',#2953,#6266);
#6266 = DEFINITIONAL_REPRESENTATION('',(#6267),#6270);
#6267 = B_SPLINE_CURVE_WITH_KNOTS('',1,(#6268,#6269),.UNSPECIFIED.,.F.,
  .F.,(2,2),(21.75,418.75),.PIECEWISE_BEZIER_KNOTS.);
#6268 = CARTESIAN_POINT('',(828.,43.5));
#6269 = CARTESIAN_POINT('',(828.,440.5));
#6270 = ( GEOMETRIC_REPRESENTATION_CONTEXT(2) 
PARAMETRIC_REPRESENTATION_CONTEXT() REPRESENTATION_CONTEXT('2D SPACE',''
  ) );
#6271 = PCURVE('',#4410,#6272);
#6272 = DEFINITIONAL_REPRESENTATION('',(#6273),#6276);
#6273 = B_SPLINE_CURVE_WITH_KNOTS('',1,(#6274,#6275),.UNSPECIFIED.,.F.,
  .F.,(2,2),(21.75,418.75),.PIECEWISE_BEZIER_KNOTS.);
#6274 = CARTESIAN_POINT('',(0.,4.));
#6275 = CARTESIAN_POINT('',(397.,4.));
#6276 = ( GEOMETRIC_REPRESENTATION_CONTEXT(2) 
PARAMETRIC_REPRESENTATION_CONTEXT() REPRESENTATION_CONTEXT('2D SPACE',''
  ) );
#6277 = ORIENTED_EDGE('',*,*,#6278,.F.);
#6278 = EDGE_CURVE('',#6216,#6258,#6279,.T.);
#6279 = SURFACE_CURVE('',#6280,(#6284,#6290),.PCURVE_S1.);
#6280 = LINE('',#6281,#6282);
#6281 = CARTESIAN_POINT('',(198.5,-98.,-388.5));
#6282 = VECTOR('',#6283,1.);
#6283 = DIRECTION('',(0.,0.,-1.));
#6284 = PCURVE('',#2953,#6285);
#6285 = DEFINITIONAL_REPRESENTATION('',(#6286),#6289);
#6286 = B_SPLINE_CURVE_WITH_KNOTS('',1,(#6287,#6288),.UNSPECIFIED.,.F.,
  .F.,(2,2),(-419.,-414.),.PIECEWISE_BEZIER_KNOTS.);
#6287 = CARTESIAN_POINT('',(833.,440.5));
#6288 = CARTESIAN_POINT('',(828.,440.5));
#6289 = ( GEOMETRIC_REPRESENTATION_CONTEXT(2) 
PARAMETRIC_REPRESENTATION_CONTEXT() REPRESENTATION_CONTEXT('2D SPACE',''
  ) );
#6290 = PCURVE('',#4434,#6291);
#6291 = DEFINITIONAL_REPRESENTATION('',(#6292),#6295);
#6292 = B_SPLINE_CURVE_WITH_KNOTS('',1,(#6293,#6294),.UNSPECIFIED.,.F.,
  .F.,(2,2),(-419.,-414.),.PIECEWISE_BEZIER_KNOTS.);
#6293 = CARTESIAN_POINT('',(5.,-4.));
#6294 = CARTESIAN_POINT('',(0.,-4.));
#6295 = ( GEOMETRIC_REPRESENTATION_CONTEXT(2) 
PARAMETRIC_REPRESENTATION_CONTEXT() REPRESENTATION_CONTEXT('2D SPACE',''
  ) );
#6296 = FACE_BOUND('',#6297,.T.);
#6297 = EDGE_LOOP('',(#6298,#6321,#6342,#6363));
#6298 = ORIENTED_EDGE('',*,*,#6299,.F.);
#6299 = EDGE_CURVE('',#6300,#6302,#6304,.T.);
#6300 = VERTEX_POINT('',#6301);
#6301 = CARTESIAN_POINT('',(-198.5,-98.,92.));
#6302 = VERTEX_POINT('',#6303);
#6303 = CARTESIAN_POINT('',(198.5,-98.,92.));
#6304 = SURFACE_CURVE('',#6305,(#6309,#6315),.PCURVE_S1.);
#6305 = LINE('',#6306,#6307);
#6306 = CARTESIAN_POINT('',(-220.25,-98.,92.));
#6307 = VECTOR('',#6308,1.);
#6308 = DIRECTION('',(1.,0.,0.));
#6309 = PCURVE('',#2953,#6310);
#6310 = DEFINITIONAL_REPRESENTATION('',(#6311),#6314);
#6311 = B_SPLINE_CURVE_WITH_KNOTS('',1,(#6312,#6313),.UNSPECIFIED.,.F.,
  .F.,(2,2),(21.75,418.75),.PIECEWISE_BEZIER_KNOTS.);
#6312 = CARTESIAN_POINT('',(894.5,43.5));
#6313 = CARTESIAN_POINT('',(894.5,440.5));
#6314 = ( GEOMETRIC_REPRESENTATION_CONTEXT(2) 
PARAMETRIC_REPRESENTATION_CONTEXT() REPRESENTATION_CONTEXT('2D SPACE',''
  ) );
#6315 = PCURVE('',#4464,#6316);
#6316 = DEFINITIONAL_REPRESENTATION('',(#6317),#6320);
#6317 = B_SPLINE_CURVE_WITH_KNOTS('',1,(#6318,#6319),.UNSPECIFIED.,.F.,
  .F.,(2,2),(21.75,418.75),.PIECEWISE_BEZIER_KNOTS.);
#6318 = CARTESIAN_POINT('',(0.,4.));
#6319 = CARTESIAN_POINT('',(397.,4.));
#6320 = ( GEOMETRIC_REPRESENTATION_CONTEXT(2) 
PARAMETRIC_REPRESENTATION_CONTEXT() REPRESENTATION_CONTEXT('2D SPACE',''
  ) );
#6321 = ORIENTED_EDGE('',*,*,#6322,.T.);
#6322 = EDGE_CURVE('',#6300,#6323,#6325,.T.);
#6323 = VERTEX_POINT('',#6324);
#6324 = CARTESIAN_POINT('',(-198.5,-98.,87.));
#6325 = SURFACE_CURVE('',#6326,(#6330,#6336),.PCURVE_S1.);
#6326 = LINE('',#6327,#6328);
#6327 = CARTESIAN_POINT('',(-198.5,-98.,-357.75));
#6328 = VECTOR('',#6329,1.);
#6329 = DIRECTION('',(0.,0.,-1.));
#6330 = PCURVE('',#2953,#6331);
#6331 = DEFINITIONAL_REPRESENTATION('',(#6332),#6335);
#6332 = B_SPLINE_CURVE_WITH_KNOTS('',1,(#6333,#6334),.UNSPECIFIED.,.F.,
  .F.,(2,2),(-449.75,-444.75),.PIECEWISE_BEZIER_KNOTS.);
#6333 = CARTESIAN_POINT('',(894.5,43.5));
#6334 = CARTESIAN_POINT('',(889.5,43.5));
#6335 = ( GEOMETRIC_REPRESENTATION_CONTEXT(2) 
PARAMETRIC_REPRESENTATION_CONTEXT() REPRESENTATION_CONTEXT('2D SPACE',''
  ) );
#6336 = PCURVE('',#4490,#6337);
#6337 = DEFINITIONAL_REPRESENTATION('',(#6338),#6341);
#6338 = B_SPLINE_CURVE_WITH_KNOTS('',1,(#6339,#6340),.UNSPECIFIED.,.F.,
  .F.,(2,2),(-449.75,-444.75),.PIECEWISE_BEZIER_KNOTS.);
#6339 = CARTESIAN_POINT('',(5.,-4.));
#6340 = CARTESIAN_POINT('',(0.,-4.));
#6341 = ( GEOMETRIC_REPRESENTATION_CONTEXT(2) 
PARAMETRIC_REPRESENTATION_CONTEXT() REPRESENTATION_CONTEXT('2D SPACE',''
  ) );
#6342 = ORIENTED_EDGE('',*,*,#6343,.T.);
#6343 = EDGE_CURVE('',#6323,#6344,#6346,.T.);
#6344 = VERTEX_POINT('',#6345);
#6345 = CARTESIAN_POINT('',(198.5,-98.,87.));
#6346 = SURFACE_CURVE('',#6347,(#6351,#6357),.PCURVE_S1.);
#6347 = LINE('',#6348,#6349);
#6348 = CARTESIAN_POINT('',(-220.25,-98.,87.));
#6349 = VECTOR('',#6350,1.);
#6350 = DIRECTION('',(1.,0.,0.));
#6351 = PCURVE('',#2953,#6352);
#6352 = DEFINITIONAL_REPRESENTATION('',(#6353),#6356);
#6353 = B_SPLINE_CURVE_WITH_KNOTS('',1,(#6354,#6355),.UNSPECIFIED.,.F.,
  .F.,(2,2),(21.75,418.75),.PIECEWISE_BEZIER_KNOTS.);
#6354 = CARTESIAN_POINT('',(889.5,43.5));
#6355 = CARTESIAN_POINT('',(889.5,440.5));
#6356 = ( GEOMETRIC_REPRESENTATION_CONTEXT(2) 
PARAMETRIC_REPRESENTATION_CONTEXT() REPRESENTATION_CONTEXT('2D SPACE',''
  ) );
#6357 = PCURVE('',#4516,#6358);
#6358 = DEFINITIONAL_REPRESENTATION('',(#6359),#6362);
#6359 = B_SPLINE_CURVE_WITH_KNOTS('',1,(#6360,#6361),.UNSPECIFIED.,.F.,
  .F.,(2,2),(21.75,418.75),.PIECEWISE_BEZIER_KNOTS.);
#6360 = CARTESIAN_POINT('',(0.,4.));
#6361 = CARTESIAN_POINT('',(397.,4.));
#6362 = ( GEOMETRIC_REPRESENTATION_CONTEXT(2) 
PARAMETRIC_REPRESENTATION_CONTEXT() REPRESENTATION_CONTEXT('2D SPACE',''
  ) );
#6363 = ORIENTED_EDGE('',*,*,#6364,.F.);
#6364 = EDGE_CURVE('',#6302,#6344,#6365,.T.);
#6365 = SURFACE_CURVE('',#6366,(#6370,#6376),.PCURVE_S1.);
#6366 = LINE('',#6367,#6368);
#6367 = CARTESIAN_POINT('',(198.5,-98.,-357.75));
#6368 = VECTOR('',#6369,1.);
#6369 = DIRECTION('',(0.,0.,-1.));
#6370 = PCURVE('',#2953,#6371);
#6371 = DEFINITIONAL_REPRESENTATION('',(#6372),#6375);
#6372 = B_SPLINE_CURVE_WITH_KNOTS('',1,(#6373,#6374),.UNSPECIFIED.,.F.,
  .F.,(2,2),(-449.75,-444.75),.PIECEWISE_BEZIER_KNOTS.);
#6373 = CARTESIAN_POINT('',(894.5,440.5));
#6374 = CARTESIAN_POINT('',(889.5,440.5));
#6375 = ( GEOMETRIC_REPRESENTATION_CONTEXT(2) 
PARAMETRIC_REPRESENTATION_CONTEXT() REPRESENTATION_CONTEXT('2D SPACE',''
  ) );
#6376 = PCURVE('',#4540,#6377);
#6377 = DEFINITIONAL_REPRESENTATION('',(#6378),#6381);
#6378 = B_SPLINE_CURVE_WITH_KNOTS('',1,(#6379,#6380),.UNSPECIFIED.,.F.,
  .F.,(2,2),(-449.75,-444.75),.PIECEWISE_BEZIER_KNOTS.);
#6379 = CARTESIAN_POINT('',(5.,-4.));
#6380 = CARTESIAN_POINT('',(0.,-4.));
#6381 = ( GEOMETRIC_REPRESENTATION_CONTEXT(2) 
PARAMETRIC_REPRESENTATION_CONTEXT() REPRESENTATION_CONTEXT('2D SPACE',''
  ) );
#6382 = FACE_BOUND('',#6383,.T.);
#6383 = EDGE_LOOP('',(#6384,#6407,#6428,#6449));
#6384 = ORIENTED_EDGE('',*,*,#6385,.F.);
#6385 = EDGE_CURVE('',#6386,#6388,#6390,.T.);
#6386 = VERTEX_POINT('',#6387);
#6387 = CARTESIAN_POINT('',(-198.5,-98.,153.5));
#6388 = VERTEX_POINT('',#6389);
#6389 = CARTESIAN_POINT('',(198.5,-98.,153.5));
#6390 = SURFACE_CURVE('',#6391,(#6395,#6401),.PCURVE_S1.);
#6391 = LINE('',#6392,#6393);
#6392 = CARTESIAN_POINT('',(-220.25,-98.,153.5));
#6393 = VECTOR('',#6394,1.);
#6394 = DIRECTION('',(1.,0.,0.));
#6395 = PCURVE('',#2953,#6396);
#6396 = DEFINITIONAL_REPRESENTATION('',(#6397),#6400);
#6397 = B_SPLINE_CURVE_WITH_KNOTS('',1,(#6398,#6399),.UNSPECIFIED.,.F.,
  .F.,(2,2),(21.75,418.75),.PIECEWISE_BEZIER_KNOTS.);
#6398 = CARTESIAN_POINT('',(956.,43.5));
#6399 = CARTESIAN_POINT('',(956.,440.5));
#6400 = ( GEOMETRIC_REPRESENTATION_CONTEXT(2) 
PARAMETRIC_REPRESENTATION_CONTEXT() REPRESENTATION_CONTEXT('2D SPACE',''
  ) );
#6401 = PCURVE('',#4570,#6402);
#6402 = DEFINITIONAL_REPRESENTATION('',(#6403),#6406);
#6403 = B_SPLINE_CURVE_WITH_KNOTS('',1,(#6404,#6405),.UNSPECIFIED.,.F.,
  .F.,(2,2),(21.75,418.75),.PIECEWISE_BEZIER_KNOTS.);
#6404 = CARTESIAN_POINT('',(0.,4.));
#6405 = CARTESIAN_POINT('',(397.,4.));
#6406 = ( GEOMETRIC_REPRESENTATION_CONTEXT(2) 
PARAMETRIC_REPRESENTATION_CONTEXT() REPRESENTATION_CONTEXT('2D SPACE',''
  ) );
#6407 = ORIENTED_EDGE('',*,*,#6408,.T.);
#6408 = EDGE_CURVE('',#6386,#6409,#6411,.T.);
#6409 = VERTEX_POINT('',#6410);
#6410 = CARTESIAN_POINT('',(-198.5,-98.,148.5));
#6411 = SURFACE_CURVE('',#6412,(#6416,#6422),.PCURVE_S1.);
#6412 = LINE('',#6413,#6414);
#6413 = CARTESIAN_POINT('',(-198.5,-98.,-327.));
#6414 = VECTOR('',#6415,1.);
#6415 = DIRECTION('',(0.,0.,-1.));
#6416 = PCURVE('',#2953,#6417);
#6417 = DEFINITIONAL_REPRESENTATION('',(#6418),#6421);
#6418 = B_SPLINE_CURVE_WITH_KNOTS('',1,(#6419,#6420),.UNSPECIFIED.,.F.,
  .F.,(2,2),(-480.5,-475.5),.PIECEWISE_BEZIER_KNOTS.);
#6419 = CARTESIAN_POINT('',(956.,43.5));
#6420 = CARTESIAN_POINT('',(951.,43.5));
#6421 = ( GEOMETRIC_REPRESENTATION_CONTEXT(2) 
PARAMETRIC_REPRESENTATION_CONTEXT() REPRESENTATION_CONTEXT('2D SPACE',''
  ) );
#6422 = PCURVE('',#4596,#6423);
#6423 = DEFINITIONAL_REPRESENTATION('',(#6424),#6427);
#6424 = B_SPLINE_CURVE_WITH_KNOTS('',1,(#6425,#6426),.UNSPECIFIED.,.F.,
  .F.,(2,2),(-480.5,-475.5),.PIECEWISE_BEZIER_KNOTS.);
#6425 = CARTESIAN_POINT('',(5.,-4.));
#6426 = CARTESIAN_POINT('',(0.,-4.));
#6427 = ( GEOMETRIC_REPRESENTATION_CONTEXT(2) 
PARAMETRIC_REPRESENTATION_CONTEXT() REPRESENTATION_CONTEXT('2D SPACE',''
  ) );
#6428 = ORIENTED_EDGE('',*,*,#6429,.T.);
#6429 = EDGE_CURVE('',#6409,#6430,#6432,.T.);
#6430 = VERTEX_POINT('',#6431);
#6431 = CARTESIAN_POINT('',(198.5,-98.,148.5));
#6432 = SURFACE_CURVE('',#6433,(#6437,#6443),.PCURVE_S1.);
#6433 = LINE('',#6434,#6435);
#6434 = CARTESIAN_POINT('',(-220.25,-98.,148.5));
#6435 = VECTOR('',#6436,1.);
#6436 = DIRECTION('',(1.,0.,0.));
#6437 = PCURVE('',#2953,#6438);
#6438 = DEFINITIONAL_REPRESENTATION('',(#6439),#6442);
#6439 = B_SPLINE_CURVE_WITH_KNOTS('',1,(#6440,#6441),.UNSPECIFIED.,.F.,
  .F.,(2,2),(21.75,418.75),.PIECEWISE_BEZIER_KNOTS.);
#6440 = CARTESIAN_POINT('',(951.,43.5));
#6441 = CARTESIAN_POINT('',(951.,440.5));
#6442 = ( GEOMETRIC_REPRESENTATION_CONTEXT(2) 
PARAMETRIC_REPRESENTATION_CONTEXT() REPRESENTATION_CONTEXT('2D SPACE',''
  ) );
#6443 = PCURVE('',#4622,#6444);
#6444 = DEFINITIONAL_REPRESENTATION('',(#6445),#6448);
#6445 = B_SPLINE_CURVE_WITH_KNOTS('',1,(#6446,#6447),.UNSPECIFIED.,.F.,
  .F.,(2,2),(21.75,418.75),.PIECEWISE_BEZIER_KNOTS.);
#6446 = CARTESIAN_POINT('',(0.,4.));
#6447 = CARTESIAN_POINT('',(397.,4.));
#6448 = ( GEOMETRIC_REPRESENTATION_CONTEXT(2) 
PARAMETRIC_REPRESENTATION_CONTEXT() REPRESENTATION_CONTEXT('2D SPACE',''
  ) );
#6449 = ORIENTED_EDGE('',*,*,#6450,.F.);
#6450 = EDGE_CURVE('',#6388,#6430,#6451,.T.);
#6451 = SURFACE_CURVE('',#6452,(#6456,#6462),.PCURVE_S1.);
#6452 = LINE('',#6453,#6454);
#6453 = CARTESIAN_POINT('',(198.5,-98.,-327.));
#6454 = VECTOR('',#6455,1.);
#6455 = DIRECTION('',(0.,0.,-1.));
#6456 = PCURVE('',#2953,#6457);
#6457 = DEFINITIONAL_REPRESENTATION('',(#6458),#6461);
#6458 = B_SPLINE_CURVE_WITH_KNOTS('',1,(#6459,#6460),.UNSPECIFIED.,.F.,
  .F.,(2,2),(-480.5,-475.5),.PIECEWISE_BEZIER_KNOTS.);
#6459 = CARTESIAN_POINT('',(956.,440.5));
#6460 = CARTESIAN_POINT('',(951.,440.5));
#6461 = ( GEOMETRIC_REPRESENTATION_CONTEXT(2) 
PARAMETRIC_REPRESENTATION_CONTEXT() REPRESENTATION_CONTEXT('2D SPACE',''
  ) );
#6462 = PCURVE('',#4646,#6463);
#6463 = DEFINITIONAL_REPRESENTATION('',(#6464),#6467);
#6464 = B_SPLINE_CURVE_WITH_KNOTS('',1,(#6465,#6466),.UNSPECIFIED.,.F.,
  .F.,(2,2),(-480.5,-475.5),.PIECEWISE_BEZIER_KNOTS.);
#6465 = CARTESIAN_POINT('',(5.,-4.));
#6466 = CARTESIAN_POINT('',(0.,-4.));
#6467 = ( GEOMETRIC_REPRESENTATION_CONTEXT(2) 
PARAMETRIC_REPRESENTATION_CONTEXT() REPRESENTATION_CONTEXT('2D SPACE',''
  ) );
#6468 = FACE_BOUND('',#6469,.T.);
#6469 = EDGE_LOOP('',(#6470,#6493,#6514,#6535));
#6470 = ORIENTED_EDGE('',*,*,#6471,.F.);
#6471 = EDGE_CURVE('',#6472,#6474,#6476,.T.);
#6472 = VERTEX_POINT('',#6473);
#6473 = CARTESIAN_POINT('',(-198.5,-98.,215.));
#6474 = VERTEX_POINT('',#6475);
#6475 = CARTESIAN_POINT('',(198.5,-98.,215.));
#6476 = SURFACE_CURVE('',#6477,(#6481,#6487),.PCURVE_S1.);
#6477 = LINE('',#6478,#6479);
#6478 = CARTESIAN_POINT('',(-220.25,-98.,215.));
#6479 = VECTOR('',#6480,1.);
#6480 = DIRECTION('',(1.,0.,0.));
#6481 = PCURVE('',#2953,#6482);
#6482 = DEFINITIONAL_REPRESENTATION('',(#6483),#6486);
#6483 = B_SPLINE_CURVE_WITH_KNOTS('',1,(#6484,#6485),.UNSPECIFIED.,.F.,
  .F.,(2,2),(21.75,418.75),.PIECEWISE_BEZIER_KNOTS.);
#6484 = CARTESIAN_POINT('',(1.0175E+03,43.5));
#6485 = CARTESIAN_POINT('',(1.0175E+03,440.5));
#6486 = ( GEOMETRIC_REPRESENTATION_CONTEXT(2) 
PARAMETRIC_REPRESENTATION_CONTEXT() REPRESENTATION_CONTEXT('2D SPACE',''
  ) );
#6487 = PCURVE('',#4676,#6488);
#6488 = DEFINITIONAL_REPRESENTATION('',(#6489),#6492);
#6489 = B_SPLINE_CURVE_WITH_KNOTS('',1,(#6490,#6491),.UNSPECIFIED.,.F.,
  .F.,(2,2),(21.75,418.75),.PIECEWISE_BEZIER_KNOTS.);
#6490 = CARTESIAN_POINT('',(0.,4.));
#6491 = CARTESIAN_POINT('',(397.,4.));
#6492 = ( GEOMETRIC_REPRESENTATION_CONTEXT(2) 
PARAMETRIC_REPRESENTATION_CONTEXT() REPRESENTATION_CONTEXT('2D SPACE',''
  ) );
#6493 = ORIENTED_EDGE('',*,*,#6494,.T.);
#6494 = EDGE_CURVE('',#6472,#6495,#6497,.T.);
#6495 = VERTEX_POINT('',#6496);
#6496 = CARTESIAN_POINT('',(-198.5,-98.,210.));
#6497 = SURFACE_CURVE('',#6498,(#6502,#6508),.PCURVE_S1.);
#6498 = LINE('',#6499,#6500);
#6499 = CARTESIAN_POINT('',(-198.5,-98.,-296.25));
#6500 = VECTOR('',#6501,1.);
#6501 = DIRECTION('',(0.,0.,-1.));
#6502 = PCURVE('',#2953,#6503);
#6503 = DEFINITIONAL_REPRESENTATION('',(#6504),#6507);
#6504 = B_SPLINE_CURVE_WITH_KNOTS('',1,(#6505,#6506),.UNSPECIFIED.,.F.,
  .F.,(2,2),(-511.25,-506.25),.PIECEWISE_BEZIER_KNOTS.);
#6505 = CARTESIAN_POINT('',(1.0175E+03,43.5));
#6506 = CARTESIAN_POINT('',(1.0125E+03,43.5));
#6507 = ( GEOMETRIC_REPRESENTATION_CONTEXT(2) 
PARAMETRIC_REPRESENTATION_CONTEXT() REPRESENTATION_CONTEXT('2D SPACE',''
  ) );
#6508 = PCURVE('',#4702,#6509);
#6509 = DEFINITIONAL_REPRESENTATION('',(#6510),#6513);
#6510 = B_SPLINE_CURVE_WITH_KNOTS('',1,(#6511,#6512),.UNSPECIFIED.,.F.,
  .F.,(2,2),(-511.25,-506.25),.PIECEWISE_BEZIER_KNOTS.);
#6511 = CARTESIAN_POINT('',(5.,-4.));
#6512 = CARTESIAN_POINT('',(0.,-4.));
#6513 = ( GEOMETRIC_REPRESENTATION_CONTEXT(2) 
PARAMETRIC_REPRESENTATION_CONTEXT() REPRESENTATION_CONTEXT('2D SPACE',''
  ) );
#6514 = ORIENTED_EDGE('',*,*,#6515,.T.);
#6515 = EDGE_CURVE('',#6495,#6516,#6518,.T.);
#6516 = VERTEX_POINT('',#6517);
#6517 = CARTESIAN_POINT('',(198.5,-98.,210.));
#6518 = SURFACE_CURVE('',#6519,(#6523,#6529),.PCURVE_S1.);
#6519 = LINE('',#6520,#6521);
#6520 = CARTESIAN_POINT('',(-220.25,-98.,210.));
#6521 = VECTOR('',#6522,1.);
#6522 = DIRECTION('',(1.,0.,0.));
#6523 = PCURVE('',#2953,#6524);
#6524 = DEFINITIONAL_REPRESENTATION('',(#6525),#6528);
#6525 = B_SPLINE_CURVE_WITH_KNOTS('',1,(#6526,#6527),.UNSPECIFIED.,.F.,
  .F.,(2,2),(21.75,418.75),.PIECEWISE_BEZIER_KNOTS.);
#6526 = CARTESIAN_POINT('',(1.0125E+03,43.5));
#6527 = CARTESIAN_POINT('',(1.0125E+03,440.5));
#6528 = ( GEOMETRIC_REPRESENTATION_CONTEXT(2) 
PARAMETRIC_REPRESENTATION_CONTEXT() REPRESENTATION_CONTEXT('2D SPACE',''
  ) );
#6529 = PCURVE('',#4728,#6530);
#6530 = DEFINITIONAL_REPRESENTATION('',(#6531),#6534);
#6531 = B_SPLINE_CURVE_WITH_KNOTS('',1,(#6532,#6533),.UNSPECIFIED.,.F.,
  .F.,(2,2),(21.75,418.75),.PIECEWISE_BEZIER_KNOTS.);
#6532 = CARTESIAN_POINT('',(0.,4.));
#6533 = CARTESIAN_POINT('',(397.,4.));
#6534 = ( GEOMETRIC_REPRESENTATION_CONTEXT(2) 
PARAMETRIC_REPRESENTATION_CONTEXT() REPRESENTATION_CONTEXT('2D SPACE',''
  ) );
#6535 = ORIENTED_EDGE('',*,*,#6536,.F.);
#6536 = EDGE_CURVE('',#6474,#6516,#6537,.T.);
#6537 = SURFACE_CURVE('',#6538,(#6542,#6548),.PCURVE_S1.);
#6538 = LINE('',#6539,#6540);
#6539 = CARTESIAN_POINT('',(198.5,-98.,-296.25));
#6540 = VECTOR('',#6541,1.);
#6541 = DIRECTION('',(0.,0.,-1.));
#6542 = PCURVE('',#2953,#6543);
#6543 = DEFINITIONAL_REPRESENTATION('',(#6544),#6547);
#6544 = B_SPLINE_CURVE_WITH_KNOTS('',1,(#6545,#6546),.UNSPECIFIED.,.F.,
  .F.,(2,2),(-511.25,-506.25),.PIECEWISE_BEZIER_KNOTS.);
#6545 = CARTESIAN_POINT('',(1.0175E+03,440.5));
#6546 = CARTESIAN_POINT('',(1.0125E+03,440.5));
#6547 = ( GEOMETRIC_REPRESENTATION_CONTEXT(2) 
PARAMETRIC_REPRESENTATION_CONTEXT() REPRESENTATION_CONTEXT('2D SPACE',''
  ) );
#6548 = PCURVE('',#4752,#6549);
#6549 = DEFINITIONAL_REPRESENTATION('',(#6550),#6553);
#6550 = B_SPLINE_CURVE_WITH_KNOTS('',1,(#6551,#6552),.UNSPECIFIED.,.F.,
  .F.,(2,2),(-511.25,-506.25),.PIECEWISE_BEZIER_KNOTS.);
#6551 = CARTESIAN_POINT('',(5.,-4.));
#6552 = CARTESIAN_POINT('',(0.,-4.));
#6553 = ( GEOMETRIC_REPRESENTATION_CONTEXT(2) 
PARAMETRIC_REPRESENTATION_CONTEXT() REPRESENTATION_CONTEXT('2D SPACE',''
  ) );
#6554 = FACE_BOUND('',#6555,.T.);
#6555 = EDGE_LOOP('',(#6556,#6579,#6600,#6621));
#6556 = ORIENTED_EDGE('',*,*,#6557,.F.);
#6557 = EDGE_CURVE('',#6558,#6560,#6562,.T.);
#6558 = VERTEX_POINT('',#6559);
#6559 = CARTESIAN_POINT('',(-198.5,-98.,276.5));
#6560 = VERTEX_POINT('',#6561);
#6561 = CARTESIAN_POINT('',(198.5,-98.,276.5));
#6562 = SURFACE_CURVE('',#6563,(#6567,#6573),.PCURVE_S1.);
#6563 = LINE('',#6564,#6565);
#6564 = CARTESIAN_POINT('',(-220.25,-98.,276.5));
#6565 = VECTOR('',#6566,1.);
#6566 = DIRECTION('',(1.,0.,0.));
#6567 = PCURVE('',#2953,#6568);
#6568 = DEFINITIONAL_REPRESENTATION('',(#6569),#6572);
#6569 = B_SPLINE_CURVE_WITH_KNOTS('',1,(#6570,#6571),.UNSPECIFIED.,.F.,
  .F.,(2,2),(21.75,418.75),.PIECEWISE_BEZIER_KNOTS.);
#6570 = CARTESIAN_POINT('',(1.079E+03,43.5));
#6571 = CARTESIAN_POINT('',(1.079E+03,440.5));
#6572 = ( GEOMETRIC_REPRESENTATION_CONTEXT(2) 
PARAMETRIC_REPRESENTATION_CONTEXT() REPRESENTATION_CONTEXT('2D SPACE',''
  ) );
#6573 = PCURVE('',#4782,#6574);
#6574 = DEFINITIONAL_REPRESENTATION('',(#6575),#6578);
#6575 = B_SPLINE_CURVE_WITH_KNOTS('',1,(#6576,#6577),.UNSPECIFIED.,.F.,
  .F.,(2,2),(21.75,418.75),.PIECEWISE_BEZIER_KNOTS.);
#6576 = CARTESIAN_POINT('',(0.,4.));
#6577 = CARTESIAN_POINT('',(397.,4.));
#6578 = ( GEOMETRIC_REPRESENTATION_CONTEXT(2) 
PARAMETRIC_REPRESENTATION_CONTEXT() REPRESENTATION_CONTEXT('2D SPACE',''
  ) );
#6579 = ORIENTED_EDGE('',*,*,#6580,.T.);
#6580 = EDGE_CURVE('',#6558,#6581,#6583,.T.);
#6581 = VERTEX_POINT('',#6582);
#6582 = CARTESIAN_POINT('',(-198.5,-98.,271.5));
#6583 = SURFACE_CURVE('',#6584,(#6588,#6594),.PCURVE_S1.);
#6584 = LINE('',#6585,#6586);
#6585 = CARTESIAN_POINT('',(-198.5,-98.,-265.5));
#6586 = VECTOR('',#6587,1.);
#6587 = DIRECTION('',(0.,0.,-1.));
#6588 = PCURVE('',#2953,#6589);
#6589 = DEFINITIONAL_REPRESENTATION('',(#6590),#6593);
#6590 = B_SPLINE_CURVE_WITH_KNOTS('',1,(#6591,#6592),.UNSPECIFIED.,.F.,
  .F.,(2,2),(-542.,-537.),.PIECEWISE_BEZIER_KNOTS.);
#6591 = CARTESIAN_POINT('',(1.079E+03,43.5));
#6592 = CARTESIAN_POINT('',(1.074E+03,43.5));
#6593 = ( GEOMETRIC_REPRESENTATION_CONTEXT(2) 
PARAMETRIC_REPRESENTATION_CONTEXT() REPRESENTATION_CONTEXT('2D SPACE',''
  ) );
#6594 = PCURVE('',#4808,#6595);
#6595 = DEFINITIONAL_REPRESENTATION('',(#6596),#6599);
#6596 = B_SPLINE_CURVE_WITH_KNOTS('',1,(#6597,#6598),.UNSPECIFIED.,.F.,
  .F.,(2,2),(-542.,-537.),.PIECEWISE_BEZIER_KNOTS.);
#6597 = CARTESIAN_POINT('',(5.,-4.));
#6598 = CARTESIAN_POINT('',(0.,-4.));
#6599 = ( GEOMETRIC_REPRESENTATION_CONTEXT(2) 
PARAMETRIC_REPRESENTATION_CONTEXT() REPRESENTATION_CONTEXT('2D SPACE',''
  ) );
#6600 = ORIENTED_EDGE('',*,*,#6601,.T.);
#6601 = EDGE_CURVE('',#6581,#6602,#6604,.T.);
#6602 = VERTEX_POINT('',#6603);
#6603 = CARTESIAN_POINT('',(198.5,-98.,271.5));
#6604 = SURFACE_CURVE('',#6605,(#6609,#6615),.PCURVE_S1.);
#6605 = LINE('',#6606,#6607);
#6606 = CARTESIAN_POINT('',(-220.25,-98.,271.5));
#6607 = VECTOR('',#6608,1.);
#6608 = DIRECTION('',(1.,0.,0.));
#6609 = PCURVE('',#2953,#6610);
#6610 = DEFINITIONAL_REPRESENTATION('',(#6611),#6614);
#6611 = B_SPLINE_CURVE_WITH_KNOTS('',1,(#6612,#6613),.UNSPECIFIED.,.F.,
  .F.,(2,2),(21.75,418.75),.PIECEWISE_BEZIER_KNOTS.);
#6612 = CARTESIAN_POINT('',(1.074E+03,43.5));
#6613 = CARTESIAN_POINT('',(1.074E+03,440.5));
#6614 = ( GEOMETRIC_REPRESENTATION_CONTEXT(2) 
PARAMETRIC_REPRESENTATION_CONTEXT() REPRESENTATION_CONTEXT('2D SPACE',''
  ) );
#6615 = PCURVE('',#4834,#6616);
#6616 = DEFINITIONAL_REPRESENTATION('',(#6617),#6620);
#6617 = B_SPLINE_CURVE_WITH_KNOTS('',1,(#6618,#6619),.UNSPECIFIED.,.F.,
  .F.,(2,2),(21.75,418.75),.PIECEWISE_BEZIER_KNOTS.);
#6618 = CARTESIAN_POINT('',(0.,4.));
#6619 = CARTESIAN_POINT('',(397.,4.));
#6620 = ( GEOMETRIC_REPRESENTATION_CONTEXT(2) 
PARAMETRIC_REPRESENTATION_CONTEXT() REPRESENTATION_CONTEXT('2D SPACE',''
  ) );
#6621 = ORIENTED_EDGE('',*,*,#6622,.F.);
#6622 = EDGE_CURVE('',#6560,#6602,#6623,.T.);
#6623 = SURFACE_CURVE('',#6624,(#6628,#6634),.PCURVE_S1.);
#6624 = LINE('',#6625,#6626);
#6625 = CARTESIAN_POINT('',(198.5,-98.,-265.5));
#6626 = VECTOR('',#6627,1.);
#6627 = DIRECTION('',(0.,0.,-1.));
#6628 = PCURVE('',#2953,#6629);
#6629 = DEFINITIONAL_REPRESENTATION('',(#6630),#6633);
#6630 = B_SPLINE_CURVE_WITH_KNOTS('',1,(#6631,#6632),.UNSPECIFIED.,.F.,
  .F.,(2,2),(-542.,-537.),.PIECEWISE_BEZIER_KNOTS.);
#6631 = CARTESIAN_POINT('',(1.079E+03,440.5));
#6632 = CARTESIAN_POINT('',(1.074E+03,440.5));
#6633 = ( GEOMETRIC_REPRESENTATION_CONTEXT(2) 
PARAMETRIC_REPRESENTATION_CONTEXT() REPRESENTATION_CONTEXT('2D SPACE',''
  ) );
#6634 = PCURVE('',#4858,#6635);
#6635 = DEFINITIONAL_REPRESENTATION('',(#6636),#6639);
#6636 = B_SPLINE_CURVE_WITH_KNOTS('',1,(#6637,#6638),.UNSPECIFIED.,.F.,
  .F.,(2,2),(-542.,-537.),.PIECEWISE_BEZIER_KNOTS.);
#6637 = CARTESIAN_POINT('',(5.,-4.));
#6638 = CARTESIAN_POINT('',(0.,-4.));
#6639 = ( GEOMETRIC_REPRESENTATION_CONTEXT(2) 
PARAMETRIC_REPRESENTATION_CONTEXT() REPRESENTATION_CONTEXT('2D SPACE',''
  ) );
#6640 = FACE_BOUND('',#6641,.T.);
#6641 = EDGE_LOOP('',(#6642,#6665,#6686,#6707));
#6642 = ORIENTED_EDGE('',*,*,#6643,.F.);
#6643 = EDGE_CURVE('',#6644,#6646,#6648,.T.);
#6644 = VERTEX_POINT('',#6645);
#6645 = CARTESIAN_POINT('',(-198.5,-98.,338.));
#6646 = VERTEX_POINT('',#6647);
#6647 = CARTESIAN_POINT('',(198.5,-98.,338.));
#6648 = SURFACE_CURVE('',#6649,(#6653,#6659),.PCURVE_S1.);
#6649 = LINE('',#6650,#6651);
#6650 = CARTESIAN_POINT('',(-220.25,-98.,338.));
#6651 = VECTOR('',#6652,1.);
#6652 = DIRECTION('',(1.,0.,0.));
#6653 = PCURVE('',#2953,#6654);
#6654 = DEFINITIONAL_REPRESENTATION('',(#6655),#6658);
#6655 = B_SPLINE_CURVE_WITH_KNOTS('',1,(#6656,#6657),.UNSPECIFIED.,.F.,
  .F.,(2,2),(21.75,418.75),.PIECEWISE_BEZIER_KNOTS.);
#6656 = CARTESIAN_POINT('',(1.1405E+03,43.5));
#6657 = CARTESIAN_POINT('',(1.1405E+03,440.5));
#6658 = ( GEOMETRIC_REPRESENTATION_CONTEXT(2) 
PARAMETRIC_REPRESENTATION_CONTEXT() REPRESENTATION_CONTEXT('2D SPACE',''
  ) );
#6659 = PCURVE('',#4888,#6660);
#6660 = DEFINITIONAL_REPRESENTATION('',(#6661),#6664);
#6661 = B_SPLINE_CURVE_WITH_KNOTS('',1,(#6662,#6663),.UNSPECIFIED.,.F.,
  .F.,(2,2),(21.75,418.75),.PIECEWISE_BEZIER_KNOTS.);
#6662 = CARTESIAN_POINT('',(0.,4.));
#6663 = CARTESIAN_POINT('',(397.,4.));
#6664 = ( GEOMETRIC_REPRESENTATION_CONTEXT(2) 
PARAMETRIC_REPRESENTATION_CONTEXT() REPRESENTATION_CONTEXT('2D SPACE',''
  ) );
#6665 = ORIENTED_EDGE('',*,*,#6666,.T.);
#6666 = EDGE_CURVE('',#6644,#6667,#6669,.T.);
#6667 = VERTEX_POINT('',#6668);
#6668 = CARTESIAN_POINT('',(-198.5,-98.,333.));
#6669 = SURFACE_CURVE('',#6670,(#6674,#6680),.PCURVE_S1.);
#6670 = LINE('',#6671,#6672);
#6671 = CARTESIAN_POINT('',(-198.5,-98.,-234.75));
#6672 = VECTOR('',#6673,1.);
#6673 = DIRECTION('',(0.,0.,-1.));
#6674 = PCURVE('',#2953,#6675);
#6675 = DEFINITIONAL_REPRESENTATION('',(#6676),#6679);
#6676 = B_SPLINE_CURVE_WITH_KNOTS('',1,(#6677,#6678),.UNSPECIFIED.,.F.,
  .F.,(2,2),(-572.75,-567.75),.PIECEWISE_BEZIER_KNOTS.);
#6677 = CARTESIAN_POINT('',(1.1405E+03,43.5));
#6678 = CARTESIAN_POINT('',(1.1355E+03,43.5));
#6679 = ( GEOMETRIC_REPRESENTATION_CONTEXT(2) 
PARAMETRIC_REPRESENTATION_CONTEXT() REPRESENTATION_CONTEXT('2D SPACE',''
  ) );
#6680 = PCURVE('',#4914,#6681);
#6681 = DEFINITIONAL_REPRESENTATION('',(#6682),#6685);
#6682 = B_SPLINE_CURVE_WITH_KNOTS('',1,(#6683,#6684),.UNSPECIFIED.,.F.,
  .F.,(2,2),(-572.75,-567.75),.PIECEWISE_BEZIER_KNOTS.);
#6683 = CARTESIAN_POINT('',(5.,-4.));
#6684 = CARTESIAN_POINT('',(0.,-4.));
#6685 = ( GEOMETRIC_REPRESENTATION_CONTEXT(2) 
PARAMETRIC_REPRESENTATION_CONTEXT() REPRESENTATION_CONTEXT('2D SPACE',''
  ) );
#6686 = ORIENTED_EDGE('',*,*,#6687,.T.);
#6687 = EDGE_CURVE('',#6667,#6688,#6690,.T.);
#6688 = VERTEX_POINT('',#6689);
#6689 = CARTESIAN_POINT('',(198.5,-98.,333.));
#6690 = SURFACE_CURVE('',#6691,(#6695,#6701),.PCURVE_S1.);
#6691 = LINE('',#6692,#6693);
#6692 = CARTESIAN_POINT('',(-220.25,-98.,333.));
#6693 = VECTOR('',#6694,1.);
#6694 = DIRECTION('',(1.,0.,0.));
#6695 = PCURVE('',#2953,#6696);
#6696 = DEFINITIONAL_REPRESENTATION('',(#6697),#6700);
#6697 = B_SPLINE_CURVE_WITH_KNOTS('',1,(#6698,#6699),.UNSPECIFIED.,.F.,
  .F.,(2,2),(21.75,418.75),.PIECEWISE_BEZIER_KNOTS.);
#6698 = CARTESIAN_POINT('',(1.1355E+03,43.5));
#6699 = CARTESIAN_POINT('',(1.1355E+03,440.5));
#6700 = ( GEOMETRIC_REPRESENTATION_CONTEXT(2) 
PARAMETRIC_REPRESENTATION_CONTEXT() REPRESENTATION_CONTEXT('2D SPACE',''
  ) );
#6701 = PCURVE('',#4940,#6702);
#6702 = DEFINITIONAL_REPRESENTATION('',(#6703),#6706);
#6703 = B_SPLINE_CURVE_WITH_KNOTS('',1,(#6704,#6705),.UNSPECIFIED.,.F.,
  .F.,(2,2),(21.75,418.75),.PIECEWISE_BEZIER_KNOTS.);
#6704 = CARTESIAN_POINT('',(0.,4.));
#6705 = CARTESIAN_POINT('',(397.,4.));
#6706 = ( GEOMETRIC_REPRESENTATION_CONTEXT(2) 
PARAMETRIC_REPRESENTATION_CONTEXT() REPRESENTATION_CONTEXT('2D SPACE',''
  ) );
#6707 = ORIENTED_EDGE('',*,*,#6708,.F.);
#6708 = EDGE_CURVE('',#6646,#6688,#6709,.T.);
#6709 = SURFACE_CURVE('',#6710,(#6714,#6720),.PCURVE_S1.);
#6710 = LINE('',#6711,#6712);
#6711 = CARTESIAN_POINT('',(198.5,-98.,-234.75));
#6712 = VECTOR('',#6713,1.);
#6713 = DIRECTION('',(0.,0.,-1.));
#6714 = PCURVE('',#2953,#6715);
#6715 = DEFINITIONAL_REPRESENTATION('',(#6716),#6719);
#6716 = B_SPLINE_CURVE_WITH_KNOTS('',1,(#6717,#6718),.UNSPECIFIED.,.F.,
  .F.,(2,2),(-572.75,-567.75),.PIECEWISE_BEZIER_KNOTS.);
#6717 = CARTESIAN_POINT('',(1.1405E+03,440.5));
#6718 = CARTESIAN_POINT('',(1.1355E+03,440.5));
#6719 = ( GEOMETRIC_REPRESENTATION_CONTEXT(2) 
PARAMETRIC_REPRESENTATION_CONTEXT() REPRESENTATION_CONTEXT('2D SPACE',''
  ) );
#6720 = PCURVE('',#4964,#6721);
#6721 = DEFINITIONAL_REPRESENTATION('',(#6722),#6725);
#6722 = B_SPLINE_CURVE_WITH_KNOTS('',1,(#6723,#6724),.UNSPECIFIED.,.F.,
  .F.,(2,2),(-572.75,-567.75),.PIECEWISE_BEZIER_KNOTS.);
#6723 = CARTESIAN_POINT('',(5.,-4.));
#6724 = CARTESIAN_POINT('',(0.,-4.));
#6725 = ( GEOMETRIC_REPRESENTATION_CONTEXT(2) 
PARAMETRIC_REPRESENTATION_CONTEXT() REPRESENTATION_CONTEXT('2D SPACE',''
  ) );
#6726 = FACE_BOUND('',#6727,.T.);
#6727 = EDGE_LOOP('',(#6728,#6751,#6772,#6793));
#6728 = ORIENTED_EDGE('',*,*,#6729,.F.);
#6729 = EDGE_CURVE('',#6730,#6732,#6734,.T.);
#6730 = VERTEX_POINT('',#6731);
#6731 = CARTESIAN_POINT('',(-198.5,-98.,399.5));
#6732 = VERTEX_POINT('',#6733);
#6733 = CARTESIAN_POINT('',(198.5,-98.,399.5));
#6734 = SURFACE_CURVE('',#6735,(#6739,#6745),.PCURVE_S1.);
#6735 = LINE('',#6736,#6737);
#6736 = CARTESIAN_POINT('',(-220.25,-98.,399.5));
#6737 = VECTOR('',#6738,1.);
#6738 = DIRECTION('',(1.,0.,0.));
#6739 = PCURVE('',#2953,#6740);
#6740 = DEFINITIONAL_REPRESENTATION('',(#6741),#6744);
#6741 = B_SPLINE_CURVE_WITH_KNOTS('',1,(#6742,#6743),.UNSPECIFIED.,.F.,
  .F.,(2,2),(21.75,418.75),.PIECEWISE_BEZIER_KNOTS.);
#6742 = CARTESIAN_POINT('',(1.202E+03,43.5));
#6743 = CARTESIAN_POINT('',(1.202E+03,440.5));
#6744 = ( GEOMETRIC_REPRESENTATION_CONTEXT(2) 
PARAMETRIC_REPRESENTATION_CONTEXT() REPRESENTATION_CONTEXT('2D SPACE',''
  ) );
#6745 = PCURVE('',#4994,#6746);
#6746 = DEFINITIONAL_REPRESENTATION('',(#6747),#6750);
#6747 = B_SPLINE_CURVE_WITH_KNOTS('',1,(#6748,#6749),.UNSPECIFIED.,.F.,
  .F.,(2,2),(21.75,418.75),.PIECEWISE_BEZIER_KNOTS.);
#6748 = CARTESIAN_POINT('',(0.,4.));
#6749 = CARTESIAN_POINT('',(397.,4.));
#6750 = ( GEOMETRIC_REPRESENTATION_CONTEXT(2) 
PARAMETRIC_REPRESENTATION_CONTEXT() REPRESENTATION_CONTEXT('2D SPACE',''
  ) );
#6751 = ORIENTED_EDGE('',*,*,#6752,.T.);
#6752 = EDGE_CURVE('',#6730,#6753,#6755,.T.);
#6753 = VERTEX_POINT('',#6754);
#6754 = CARTESIAN_POINT('',(-198.5,-98.,394.5));
#6755 = SURFACE_CURVE('',#6756,(#6760,#6766),.PCURVE_S1.);
#6756 = LINE('',#6757,#6758);
#6757 = CARTESIAN_POINT('',(-198.5,-98.,-204.));
#6758 = VECTOR('',#6759,1.);
#6759 = DIRECTION('',(0.,0.,-1.));
#6760 = PCURVE('',#2953,#6761);
#6761 = DEFINITIONAL_REPRESENTATION('',(#6762),#6765);
#6762 = B_SPLINE_CURVE_WITH_KNOTS('',1,(#6763,#6764),.UNSPECIFIED.,.F.,
  .F.,(2,2),(-603.5,-598.5),.PIECEWISE_BEZIER_KNOTS.);
#6763 = CARTESIAN_POINT('',(1.202E+03,43.5));
#6764 = CARTESIAN_POINT('',(1.197E+03,43.5));
#6765 = ( GEOMETRIC_REPRESENTATION_CONTEXT(2) 
PARAMETRIC_REPRESENTATION_CONTEXT() REPRESENTATION_CONTEXT('2D SPACE',''
  ) );
#6766 = PCURVE('',#5020,#6767);
#6767 = DEFINITIONAL_REPRESENTATION('',(#6768),#6771);
#6768 = B_SPLINE_CURVE_WITH_KNOTS('',1,(#6769,#6770),.UNSPECIFIED.,.F.,
  .F.,(2,2),(-603.5,-598.5),.PIECEWISE_BEZIER_KNOTS.);
#6769 = CARTESIAN_POINT('',(5.,-4.));
#6770 = CARTESIAN_POINT('',(0.,-4.));
#6771 = ( GEOMETRIC_REPRESENTATION_CONTEXT(2) 
PARAMETRIC_REPRESENTATION_CONTEXT() REPRESENTATION_CONTEXT('2D SPACE',''
  ) );
#6772 = ORIENTED_EDGE('',*,*,#6773,.T.);
#6773 = EDGE_CURVE('',#6753,#6774,#6776,.T.);
#6774 = VERTEX_POINT('',#6775);
#6775 = CARTESIAN_POINT('',(198.5,-98.,394.5));
#6776 = SURFACE_CURVE('',#6777,(#6781,#6787),.PCURVE_S1.);
#6777 = LINE('',#6778,#6779);
#6778 = CARTESIAN_POINT('',(-220.25,-98.,394.5));
#6779 = VECTOR('',#6780,1.);
#6780 = DIRECTION('',(1.,0.,0.));
#6781 = PCURVE('',#2953,#6782);
#6782 = DEFINITIONAL_REPRESENTATION('',(#6783),#6786);
#6783 = B_SPLINE_CURVE_WITH_KNOTS('',1,(#6784,#6785),.UNSPECIFIED.,.F.,
  .F.,(2,2),(21.75,418.75),.PIECEWISE_BEZIER_KNOTS.);
#6784 = CARTESIAN_POINT('',(1.197E+03,43.5));
#6785 = CARTESIAN_POINT('',(1.197E+03,440.5));
#6786 = ( GEOMETRIC_REPRESENTATION_CONTEXT(2) 
PARAMETRIC_REPRESENTATION_CONTEXT() REPRESENTATION_CONTEXT('2D SPACE',''
  ) );
#6787 = PCURVE('',#5046,#6788);
#6788 = DEFINITIONAL_REPRESENTATION('',(#6789),#6792);
#6789 = B_SPLINE_CURVE_WITH_KNOTS('',1,(#6790,#6791),.UNSPECIFIED.,.F.,
  .F.,(2,2),(21.75,418.75),.PIECEWISE_BEZIER_KNOTS.);
#6790 = CARTESIAN_POINT('',(0.,4.));
#6791 = CARTESIAN_POINT('',(397.,4.));
#6792 = ( GEOMETRIC_REPRESENTATION_CONTEXT(2) 
PARAMETRIC_REPRESENTATION_CONTEXT() REPRESENTATION_CONTEXT('2D SPACE',''
  ) );
#6793 = ORIENTED_EDGE('',*,*,#6794,.F.);
#6794 = EDGE_CURVE('',#6732,#6774,#6795,.T.);
#6795 = SURFACE_CURVE('',#6796,(#6800,#6806),.PCURVE_S1.);
#6796 = LINE('',#6797,#6798);
#6797 = CARTESIAN_POINT('',(198.5,-98.,-204.));
#6798 = VECTOR('',#6799,1.);
#6799 = DIRECTION('',(0.,0.,-1.));
#6800 = PCURVE('',#2953,#6801);
#6801 = DEFINITIONAL_REPRESENTATION('',(#6802),#6805);
#6802 = B_SPLINE_CURVE_WITH_KNOTS('',1,(#6803,#6804),.UNSPECIFIED.,.F.,
  .F.,(2,2),(-603.5,-598.5),.PIECEWISE_BEZIER_KNOTS.);
#6803 = CARTESIAN_POINT('',(1.202E+03,440.5));
#6804 = CARTESIAN_POINT('',(1.197E+03,440.5));
#6805 = ( GEOMETRIC_REPRESENTATION_CONTEXT(2) 
PARAMETRIC_REPRESENTATION_CONTEXT() REPRESENTATION_CONTEXT('2D SPACE',''
  ) );
#6806 = PCURVE('',#5070,#6807);
#6807 = DEFINITIONAL_REPRESENTATION('',(#6808),#6811);
#6808 = B_SPLINE_CURVE_WITH_KNOTS('',1,(#6809,#6810),.UNSPECIFIED.,.F.,
  .F.,(2,2),(-603.5,-598.5),.PIECEWISE_BEZIER_KNOTS.);
#6809 = CARTESIAN_POINT('',(5.,-4.));
#6810 = CARTESIAN_POINT('',(0.,-4.));
#6811 = ( GEOMETRIC_REPRESENTATION_CONTEXT(2) 
PARAMETRIC_REPRESENTATION_CONTEXT() REPRESENTATION_CONTEXT('2D SPACE',''
  ) );
#6812 = ADVANCED_FACE('',(#6813),#2925,.F.);
#6813 = FACE_BOUND('',#6814,.F.);
#6814 = EDGE_LOOP('',(#6815,#6816,#6817,#6838));
#6815 = ORIENTED_EDGE('',*,*,#2909,.F.);
#6816 = ORIENTED_EDGE('',*,*,#2994,.T.);
#6817 = ORIENTED_EDGE('',*,*,#6818,.T.);
#6818 = EDGE_CURVE('',#2995,#5134,#6819,.T.);
#6819 = SURFACE_CURVE('',#6820,(#6824,#6831),.PCURVE_S1.);
#6820 = LINE('',#6821,#6822);
#6821 = CARTESIAN_POINT('',(242.,-100.,-802.5));
#6822 = VECTOR('',#6823,1.);
#6823 = DIRECTION('',(0.,1.,0.));
#6824 = PCURVE('',#2925,#6825);
#6825 = DEFINITIONAL_REPRESENTATION('',(#6826),#6830);
#6826 = LINE('',#6827,#6828);
#6827 = CARTESIAN_POINT('',(484.,0.));
#6828 = VECTOR('',#6829,1.);
#6829 = DIRECTION('',(0.,1.));
#6830 = ( GEOMETRIC_REPRESENTATION_CONTEXT(2) 
PARAMETRIC_REPRESENTATION_CONTEXT() REPRESENTATION_CONTEXT('2D SPACE',''
  ) );
#6831 = PCURVE('',#3055,#6832);
#6832 = DEFINITIONAL_REPRESENTATION('',(#6833),#6837);
#6833 = LINE('',#6834,#6835);
#6834 = CARTESIAN_POINT('',(0.,0.));
#6835 = VECTOR('',#6836,1.);
#6836 = DIRECTION('',(0.,-1.));
#6837 = ( GEOMETRIC_REPRESENTATION_CONTEXT(2) 
PARAMETRIC_REPRESENTATION_CONTEXT() REPRESENTATION_CONTEXT('2D SPACE',''
  ) );
#6838 = ORIENTED_EDGE('',*,*,#5133,.F.);
#6839 = ADVANCED_FACE('',(#6840),#3055,.T.);
#6840 = FACE_BOUND('',#6841,.T.);
#6841 = EDGE_LOOP('',(#6842,#6843,#6844,#6845));
#6842 = ORIENTED_EDGE('',*,*,#3041,.F.);
#6843 = ORIENTED_EDGE('',*,*,#6818,.T.);
#6844 = ORIENTED_EDGE('',*,*,#5158,.T.);
#6845 = ORIENTED_EDGE('',*,*,#5086,.F.);
#6846 = ADVANCED_FACE('',(#6847),#3086,.F.);
#6847 = FACE_BOUND('',#6848,.F.);
#6848 = EDGE_LOOP('',(#6849,#6870,#6871,#6892));
#6849 = ORIENTED_EDGE('',*,*,#6850,.F.);
#6850 = EDGE_CURVE('',#3070,#5182,#6851,.T.);
#6851 = SURFACE_CURVE('',#6852,(#6856,#6863),.PCURVE_S1.);
#6852 = LINE('',#6853,#6854);
#6853 = CARTESIAN_POINT('',(-198.5,-102.,-707.5));
#6854 = VECTOR('',#6855,1.);
#6855 = DIRECTION('',(0.,1.,0.));
#6856 = PCURVE('',#3086,#6857);
#6857 = DEFINITIONAL_REPRESENTATION('',(#6858),#6862);
#6858 = LINE('',#6859,#6860);
#6859 = CARTESIAN_POINT('',(0.,0.));
#6860 = VECTOR('',#6861,1.);
#6861 = DIRECTION('',(0.,1.));
#6862 = ( GEOMETRIC_REPRESENTATION_CONTEXT(2) 
PARAMETRIC_REPRESENTATION_CONTEXT() REPRESENTATION_CONTEXT('2D SPACE',''
  ) );
#6863 = PCURVE('',#3112,#6864);
#6864 = DEFINITIONAL_REPRESENTATION('',(#6865),#6869);
#6865 = LINE('',#6866,#6867);
#6866 = CARTESIAN_POINT('',(5.,0.));
#6867 = VECTOR('',#6868,1.);
#6868 = DIRECTION('',(0.,-1.));
#6869 = ( GEOMETRIC_REPRESENTATION_CONTEXT(2) 
PARAMETRIC_REPRESENTATION_CONTEXT() REPRESENTATION_CONTEXT('2D SPACE',''
  ) );
#6870 = ORIENTED_EDGE('',*,*,#3069,.T.);
#6871 = ORIENTED_EDGE('',*,*,#6872,.T.);
#6872 = EDGE_CURVE('',#3072,#5184,#6873,.T.);
#6873 = SURFACE_CURVE('',#6874,(#6878,#6885),.PCURVE_S1.);
#6874 = LINE('',#6875,#6876);
#6875 = CARTESIAN_POINT('',(198.5,-102.,-707.5));
#6876 = VECTOR('',#6877,1.);
#6877 = DIRECTION('',(0.,1.,0.));
#6878 = PCURVE('',#3086,#6879);
#6879 = DEFINITIONAL_REPRESENTATION('',(#6880),#6884);
#6880 = LINE('',#6881,#6882);
#6881 = CARTESIAN_POINT('',(397.,0.));
#6882 = VECTOR('',#6883,1.);
#6883 = DIRECTION('',(0.,1.));
#6884 = ( GEOMETRIC_REPRESENTATION_CONTEXT(2) 
PARAMETRIC_REPRESENTATION_CONTEXT() REPRESENTATION_CONTEXT('2D SPACE',''
  ) );
#6885 = PCURVE('',#3162,#6886);
#6886 = DEFINITIONAL_REPRESENTATION('',(#6887),#6891);
#6887 = LINE('',#6888,#6889);
#6888 = CARTESIAN_POINT('',(5.,0.));
#6889 = VECTOR('',#6890,1.);
#6890 = DIRECTION('',(0.,-1.));
#6891 = ( GEOMETRIC_REPRESENTATION_CONTEXT(2) 
PARAMETRIC_REPRESENTATION_CONTEXT() REPRESENTATION_CONTEXT('2D SPACE',''
  ) );
#6892 = ORIENTED_EDGE('',*,*,#5181,.F.);
#6893 = ADVANCED_FACE('',(#6894),#3112,.T.);
#6894 = FACE_BOUND('',#6895,.T.);
#6895 = EDGE_LOOP('',(#6896,#6897,#6898,#6919));
#6896 = ORIENTED_EDGE('',*,*,#6850,.F.);
#6897 = ORIENTED_EDGE('',*,*,#3097,.T.);
#6898 = ORIENTED_EDGE('',*,*,#6899,.T.);
#6899 = EDGE_CURVE('',#3098,#5205,#6900,.T.);
#6900 = SURFACE_CURVE('',#6901,(#6905,#6912),.PCURVE_S1.);
#6901 = LINE('',#6902,#6903);
#6902 = CARTESIAN_POINT('',(-198.5,-102.,-712.5));
#6903 = VECTOR('',#6904,1.);
#6904 = DIRECTION('',(0.,1.,0.));
#6905 = PCURVE('',#3112,#6906);
#6906 = DEFINITIONAL_REPRESENTATION('',(#6907),#6911);
#6907 = LINE('',#6908,#6909);
#6908 = CARTESIAN_POINT('',(0.,0.));
#6909 = VECTOR('',#6910,1.);
#6910 = DIRECTION('',(0.,-1.));
#6911 = ( GEOMETRIC_REPRESENTATION_CONTEXT(2) 
PARAMETRIC_REPRESENTATION_CONTEXT() REPRESENTATION_CONTEXT('2D SPACE',''
  ) );
#6912 = PCURVE('',#3138,#6913);
#6913 = DEFINITIONAL_REPRESENTATION('',(#6914),#6918);
#6914 = LINE('',#6915,#6916);
#6915 = CARTESIAN_POINT('',(0.,0.));
#6916 = VECTOR('',#6917,1.);
#6917 = DIRECTION('',(0.,1.));
#6918 = ( GEOMETRIC_REPRESENTATION_CONTEXT(2) 
PARAMETRIC_REPRESENTATION_CONTEXT() REPRESENTATION_CONTEXT('2D SPACE',''
  ) );
#6919 = ORIENTED_EDGE('',*,*,#5204,.F.);
#6920 = ADVANCED_FACE('',(#6921),#3162,.F.);
#6921 = FACE_BOUND('',#6922,.F.);
#6922 = EDGE_LOOP('',(#6923,#6924,#6925,#6946));
#6923 = ORIENTED_EDGE('',*,*,#6872,.F.);
#6924 = ORIENTED_EDGE('',*,*,#3149,.T.);
#6925 = ORIENTED_EDGE('',*,*,#6926,.T.);
#6926 = EDGE_CURVE('',#3124,#5226,#6927,.T.);
#6927 = SURFACE_CURVE('',#6928,(#6932,#6939),.PCURVE_S1.);
#6928 = LINE('',#6929,#6930);
#6929 = CARTESIAN_POINT('',(198.5,-102.,-712.5));
#6930 = VECTOR('',#6931,1.);
#6931 = DIRECTION('',(0.,1.,0.));
#6932 = PCURVE('',#3162,#6933);
#6933 = DEFINITIONAL_REPRESENTATION('',(#6934),#6938);
#6934 = LINE('',#6935,#6936);
#6935 = CARTESIAN_POINT('',(0.,0.));
#6936 = VECTOR('',#6937,1.);
#6937 = DIRECTION('',(0.,-1.));
#6938 = ( GEOMETRIC_REPRESENTATION_CONTEXT(2) 
PARAMETRIC_REPRESENTATION_CONTEXT() REPRESENTATION_CONTEXT('2D SPACE',''
  ) );
#6939 = PCURVE('',#3138,#6940);
#6940 = DEFINITIONAL_REPRESENTATION('',(#6941),#6945);
#6941 = LINE('',#6942,#6943);
#6942 = CARTESIAN_POINT('',(397.,0.));
#6943 = VECTOR('',#6944,1.);
#6944 = DIRECTION('',(0.,1.));
#6945 = ( GEOMETRIC_REPRESENTATION_CONTEXT(2) 
PARAMETRIC_REPRESENTATION_CONTEXT() REPRESENTATION_CONTEXT('2D SPACE',''
  ) );
#6946 = ORIENTED_EDGE('',*,*,#5246,.F.);
#6947 = ADVANCED_FACE('',(#6948),#3138,.T.);
#6948 = FACE_BOUND('',#6949,.T.);
#6949 = EDGE_LOOP('',(#6950,#6951,#6952,#6953));
#6950 = ORIENTED_EDGE('',*,*,#6899,.F.);
#6951 = ORIENTED_EDGE('',*,*,#3123,.T.);
#6952 = ORIENTED_EDGE('',*,*,#6926,.T.);
#6953 = ORIENTED_EDGE('',*,*,#5225,.F.);
#6954 = ADVANCED_FACE('',(#6955),#3192,.F.);
#6955 = FACE_BOUND('',#6956,.F.);
#6956 = EDGE_LOOP('',(#6957,#6978,#6979,#7000));
#6957 = ORIENTED_EDGE('',*,*,#6958,.F.);
#6958 = EDGE_CURVE('',#3176,#5268,#6959,.T.);
#6959 = SURFACE_CURVE('',#6960,(#6964,#6971),.PCURVE_S1.);
#6960 = LINE('',#6961,#6962);
#6961 = CARTESIAN_POINT('',(-198.5,-102.,-646.));
#6962 = VECTOR('',#6963,1.);
#6963 = DIRECTION('',(0.,1.,0.));
#6964 = PCURVE('',#3192,#6965);
#6965 = DEFINITIONAL_REPRESENTATION('',(#6966),#6970);
#6966 = LINE('',#6967,#6968);
#6967 = CARTESIAN_POINT('',(0.,0.));
#6968 = VECTOR('',#6969,1.);
#6969 = DIRECTION('',(0.,1.));
#6970 = ( GEOMETRIC_REPRESENTATION_CONTEXT(2) 
PARAMETRIC_REPRESENTATION_CONTEXT() REPRESENTATION_CONTEXT('2D SPACE',''
  ) );
#6971 = PCURVE('',#3218,#6972);
#6972 = DEFINITIONAL_REPRESENTATION('',(#6973),#6977);
#6973 = LINE('',#6974,#6975);
#6974 = CARTESIAN_POINT('',(5.,0.));
#6975 = VECTOR('',#6976,1.);
#6976 = DIRECTION('',(0.,-1.));
#6977 = ( GEOMETRIC_REPRESENTATION_CONTEXT(2) 
PARAMETRIC_REPRESENTATION_CONTEXT() REPRESENTATION_CONTEXT('2D SPACE',''
  ) );
#6978 = ORIENTED_EDGE('',*,*,#3175,.T.);
#6979 = ORIENTED_EDGE('',*,*,#6980,.T.);
#6980 = EDGE_CURVE('',#3178,#5270,#6981,.T.);
#6981 = SURFACE_CURVE('',#6982,(#6986,#6993),.PCURVE_S1.);
#6982 = LINE('',#6983,#6984);
#6983 = CARTESIAN_POINT('',(198.5,-102.,-646.));
#6984 = VECTOR('',#6985,1.);
#6985 = DIRECTION('',(0.,1.,0.));
#6986 = PCURVE('',#3192,#6987);
#6987 = DEFINITIONAL_REPRESENTATION('',(#6988),#6992);
#6988 = LINE('',#6989,#6990);
#6989 = CARTESIAN_POINT('',(397.,0.));
#6990 = VECTOR('',#6991,1.);
#6991 = DIRECTION('',(0.,1.));
#6992 = ( GEOMETRIC_REPRESENTATION_CONTEXT(2) 
PARAMETRIC_REPRESENTATION_CONTEXT() REPRESENTATION_CONTEXT('2D SPACE',''
  ) );
#6993 = PCURVE('',#3268,#6994);
#6994 = DEFINITIONAL_REPRESENTATION('',(#6995),#6999);
#6995 = LINE('',#6996,#6997);
#6996 = CARTESIAN_POINT('',(5.,0.));
#6997 = VECTOR('',#6998,1.);
#6998 = DIRECTION('',(0.,-1.));
#6999 = ( GEOMETRIC_REPRESENTATION_CONTEXT(2) 
PARAMETRIC_REPRESENTATION_CONTEXT() REPRESENTATION_CONTEXT('2D SPACE',''
  ) );
#7000 = ORIENTED_EDGE('',*,*,#5267,.F.);
#7001 = ADVANCED_FACE('',(#7002),#3218,.T.);
#7002 = FACE_BOUND('',#7003,.T.);
#7003 = EDGE_LOOP('',(#7004,#7005,#7006,#7027));
#7004 = ORIENTED_EDGE('',*,*,#6958,.F.);
#7005 = ORIENTED_EDGE('',*,*,#3203,.T.);
#7006 = ORIENTED_EDGE('',*,*,#7007,.T.);
#7007 = EDGE_CURVE('',#3204,#5291,#7008,.T.);
#7008 = SURFACE_CURVE('',#7009,(#7013,#7020),.PCURVE_S1.);
#7009 = LINE('',#7010,#7011);
#7010 = CARTESIAN_POINT('',(-198.5,-102.,-651.));
#7011 = VECTOR('',#7012,1.);
#7012 = DIRECTION('',(0.,1.,0.));
#7013 = PCURVE('',#3218,#7014);
#7014 = DEFINITIONAL_REPRESENTATION('',(#7015),#7019);
#7015 = LINE('',#7016,#7017);
#7016 = CARTESIAN_POINT('',(0.,0.));
#7017 = VECTOR('',#7018,1.);
#7018 = DIRECTION('',(0.,-1.));
#7019 = ( GEOMETRIC_REPRESENTATION_CONTEXT(2) 
PARAMETRIC_REPRESENTATION_CONTEXT() REPRESENTATION_CONTEXT('2D SPACE',''
  ) );
#7020 = PCURVE('',#3244,#7021);
#7021 = DEFINITIONAL_REPRESENTATION('',(#7022),#7026);
#7022 = LINE('',#7023,#7024);
#7023 = CARTESIAN_POINT('',(0.,0.));
#7024 = VECTOR('',#7025,1.);
#7025 = DIRECTION('',(0.,1.));
#7026 = ( GEOMETRIC_REPRESENTATION_CONTEXT(2) 
PARAMETRIC_REPRESENTATION_CONTEXT() REPRESENTATION_CONTEXT('2D SPACE',''
  ) );
#7027 = ORIENTED_EDGE('',*,*,#5290,.F.);
#7028 = ADVANCED_FACE('',(#7029),#3268,.F.);
#7029 = FACE_BOUND('',#7030,.F.);
#7030 = EDGE_LOOP('',(#7031,#7032,#7033,#7054));
#7031 = ORIENTED_EDGE('',*,*,#6980,.F.);
#7032 = ORIENTED_EDGE('',*,*,#3255,.T.);
#7033 = ORIENTED_EDGE('',*,*,#7034,.T.);
#7034 = EDGE_CURVE('',#3230,#5312,#7035,.T.);
#7035 = SURFACE_CURVE('',#7036,(#7040,#7047),.PCURVE_S1.);
#7036 = LINE('',#7037,#7038);
#7037 = CARTESIAN_POINT('',(198.5,-102.,-651.));
#7038 = VECTOR('',#7039,1.);
#7039 = DIRECTION('',(0.,1.,0.));
#7040 = PCURVE('',#3268,#7041);
#7041 = DEFINITIONAL_REPRESENTATION('',(#7042),#7046);
#7042 = LINE('',#7043,#7044);
#7043 = CARTESIAN_POINT('',(0.,0.));
#7044 = VECTOR('',#7045,1.);
#7045 = DIRECTION('',(0.,-1.));
#7046 = ( GEOMETRIC_REPRESENTATION_CONTEXT(2) 
PARAMETRIC_REPRESENTATION_CONTEXT() REPRESENTATION_CONTEXT('2D SPACE',''
  ) );
#7047 = PCURVE('',#3244,#7048);
#7048 = DEFINITIONAL_REPRESENTATION('',(#7049),#7053);
#7049 = LINE('',#7050,#7051);
#7050 = CARTESIAN_POINT('',(397.,0.));
#7051 = VECTOR('',#7052,1.);
#7052 = DIRECTION('',(0.,1.));
#7053 = ( GEOMETRIC_REPRESENTATION_CONTEXT(2) 
PARAMETRIC_REPRESENTATION_CONTEXT() REPRESENTATION_CONTEXT('2D SPACE',''
  ) );
#7054 = ORIENTED_EDGE('',*,*,#5332,.F.);
#7055 = ADVANCED_FACE('',(#7056),#3244,.T.);
#7056 = FACE_BOUND('',#7057,.T.);
#7057 = EDGE_LOOP('',(#7058,#7059,#7060,#7061));
#7058 = ORIENTED_EDGE('',*,*,#7007,.F.);
#7059 = ORIENTED_EDGE('',*,*,#3229,.T.);
#7060 = ORIENTED_EDGE('',*,*,#7034,.T.);
#7061 = ORIENTED_EDGE('',*,*,#5311,.F.);
#7062 = ADVANCED_FACE('',(#7063),#3298,.F.);
#7063 = FACE_BOUND('',#7064,.F.);
#7064 = EDGE_LOOP('',(#7065,#7086,#7087,#7108));
#7065 = ORIENTED_EDGE('',*,*,#7066,.F.);
#7066 = EDGE_CURVE('',#3282,#5354,#7067,.T.);
#7067 = SURFACE_CURVE('',#7068,(#7072,#7079),.PCURVE_S1.);
#7068 = LINE('',#7069,#7070);
#7069 = CARTESIAN_POINT('',(-198.5,-102.,-584.5));
#7070 = VECTOR('',#7071,1.);
#7071 = DIRECTION('',(0.,1.,0.));
#7072 = PCURVE('',#3298,#7073);
#7073 = DEFINITIONAL_REPRESENTATION('',(#7074),#7078);
#7074 = LINE('',#7075,#7076);
#7075 = CARTESIAN_POINT('',(0.,0.));
#7076 = VECTOR('',#7077,1.);
#7077 = DIRECTION('',(0.,1.));
#7078 = ( GEOMETRIC_REPRESENTATION_CONTEXT(2) 
PARAMETRIC_REPRESENTATION_CONTEXT() REPRESENTATION_CONTEXT('2D SPACE',''
  ) );
#7079 = PCURVE('',#3324,#7080);
#7080 = DEFINITIONAL_REPRESENTATION('',(#7081),#7085);
#7081 = LINE('',#7082,#7083);
#7082 = CARTESIAN_POINT('',(5.,0.));
#7083 = VECTOR('',#7084,1.);
#7084 = DIRECTION('',(0.,-1.));
#7085 = ( GEOMETRIC_REPRESENTATION_CONTEXT(2) 
PARAMETRIC_REPRESENTATION_CONTEXT() REPRESENTATION_CONTEXT('2D SPACE',''
  ) );
#7086 = ORIENTED_EDGE('',*,*,#3281,.T.);
#7087 = ORIENTED_EDGE('',*,*,#7088,.T.);
#7088 = EDGE_CURVE('',#3284,#5356,#7089,.T.);
#7089 = SURFACE_CURVE('',#7090,(#7094,#7101),.PCURVE_S1.);
#7090 = LINE('',#7091,#7092);
#7091 = CARTESIAN_POINT('',(198.5,-102.,-584.5));
#7092 = VECTOR('',#7093,1.);
#7093 = DIRECTION('',(0.,1.,0.));
#7094 = PCURVE('',#3298,#7095);
#7095 = DEFINITIONAL_REPRESENTATION('',(#7096),#7100);
#7096 = LINE('',#7097,#7098);
#7097 = CARTESIAN_POINT('',(397.,0.));
#7098 = VECTOR('',#7099,1.);
#7099 = DIRECTION('',(0.,1.));
#7100 = ( GEOMETRIC_REPRESENTATION_CONTEXT(2) 
PARAMETRIC_REPRESENTATION_CONTEXT() REPRESENTATION_CONTEXT('2D SPACE',''
  ) );
#7101 = PCURVE('',#3374,#7102);
#7102 = DEFINITIONAL_REPRESENTATION('',(#7103),#7107);
#7103 = LINE('',#7104,#7105);
#7104 = CARTESIAN_POINT('',(5.,0.));
#7105 = VECTOR('',#7106,1.);
#7106 = DIRECTION('',(0.,-1.));
#7107 = ( GEOMETRIC_REPRESENTATION_CONTEXT(2) 
PARAMETRIC_REPRESENTATION_CONTEXT() REPRESENTATION_CONTEXT('2D SPACE',''
  ) );
#7108 = ORIENTED_EDGE('',*,*,#5353,.F.);
#7109 = ADVANCED_FACE('',(#7110),#3324,.T.);
#7110 = FACE_BOUND('',#7111,.T.);
#7111 = EDGE_LOOP('',(#7112,#7113,#7114,#7135));
#7112 = ORIENTED_EDGE('',*,*,#7066,.F.);
#7113 = ORIENTED_EDGE('',*,*,#3309,.T.);
#7114 = ORIENTED_EDGE('',*,*,#7115,.T.);
#7115 = EDGE_CURVE('',#3310,#5377,#7116,.T.);
#7116 = SURFACE_CURVE('',#7117,(#7121,#7128),.PCURVE_S1.);
#7117 = LINE('',#7118,#7119);
#7118 = CARTESIAN_POINT('',(-198.5,-102.,-589.5));
#7119 = VECTOR('',#7120,1.);
#7120 = DIRECTION('',(0.,1.,0.));
#7121 = PCURVE('',#3324,#7122);
#7122 = DEFINITIONAL_REPRESENTATION('',(#7123),#7127);
#7123 = LINE('',#7124,#7125);
#7124 = CARTESIAN_POINT('',(0.,0.));
#7125 = VECTOR('',#7126,1.);
#7126 = DIRECTION('',(0.,-1.));
#7127 = ( GEOMETRIC_REPRESENTATION_CONTEXT(2) 
PARAMETRIC_REPRESENTATION_CONTEXT() REPRESENTATION_CONTEXT('2D SPACE',''
  ) );
#7128 = PCURVE('',#3350,#7129);
#7129 = DEFINITIONAL_REPRESENTATION('',(#7130),#7134);
#7130 = LINE('',#7131,#7132);
#7131 = CARTESIAN_POINT('',(0.,0.));
#7132 = VECTOR('',#7133,1.);
#7133 = DIRECTION('',(0.,1.));
#7134 = ( GEOMETRIC_REPRESENTATION_CONTEXT(2) 
PARAMETRIC_REPRESENTATION_CONTEXT() REPRESENTATION_CONTEXT('2D SPACE',''
  ) );
#7135 = ORIENTED_EDGE('',*,*,#5376,.F.);
#7136 = ADVANCED_FACE('',(#7137),#3374,.F.);
#7137 = FACE_BOUND('',#7138,.F.);
#7138 = EDGE_LOOP('',(#7139,#7140,#7141,#7162));
#7139 = ORIENTED_EDGE('',*,*,#7088,.F.);
#7140 = ORIENTED_EDGE('',*,*,#3361,.T.);
#7141 = ORIENTED_EDGE('',*,*,#7142,.T.);
#7142 = EDGE_CURVE('',#3336,#5398,#7143,.T.);
#7143 = SURFACE_CURVE('',#7144,(#7148,#7155),.PCURVE_S1.);
#7144 = LINE('',#7145,#7146);
#7145 = CARTESIAN_POINT('',(198.5,-102.,-589.5));
#7146 = VECTOR('',#7147,1.);
#7147 = DIRECTION('',(0.,1.,0.));
#7148 = PCURVE('',#3374,#7149);
#7149 = DEFINITIONAL_REPRESENTATION('',(#7150),#7154);
#7150 = LINE('',#7151,#7152);
#7151 = CARTESIAN_POINT('',(0.,0.));
#7152 = VECTOR('',#7153,1.);
#7153 = DIRECTION('',(0.,-1.));
#7154 = ( GEOMETRIC_REPRESENTATION_CONTEXT(2) 
PARAMETRIC_REPRESENTATION_CONTEXT() REPRESENTATION_CONTEXT('2D SPACE',''
  ) );
#7155 = PCURVE('',#3350,#7156);
#7156 = DEFINITIONAL_REPRESENTATION('',(#7157),#7161);
#7157 = LINE('',#7158,#7159);
#7158 = CARTESIAN_POINT('',(397.,0.));
#7159 = VECTOR('',#7160,1.);
#7160 = DIRECTION('',(0.,1.));
#7161 = ( GEOMETRIC_REPRESENTATION_CONTEXT(2) 
PARAMETRIC_REPRESENTATION_CONTEXT() REPRESENTATION_CONTEXT('2D SPACE',''
  ) );
#7162 = ORIENTED_EDGE('',*,*,#5418,.F.);
#7163 = ADVANCED_FACE('',(#7164),#3350,.T.);
#7164 = FACE_BOUND('',#7165,.T.);
#7165 = EDGE_LOOP('',(#7166,#7167,#7168,#7169));
#7166 = ORIENTED_EDGE('',*,*,#7115,.F.);
#7167 = ORIENTED_EDGE('',*,*,#3335,.T.);
#7168 = ORIENTED_EDGE('',*,*,#7142,.T.);
#7169 = ORIENTED_EDGE('',*,*,#5397,.F.);
#7170 = ADVANCED_FACE('',(#7171),#3404,.F.);
#7171 = FACE_BOUND('',#7172,.F.);
#7172 = EDGE_LOOP('',(#7173,#7194,#7195,#7216));
#7173 = ORIENTED_EDGE('',*,*,#7174,.F.);
#7174 = EDGE_CURVE('',#3388,#5440,#7175,.T.);
#7175 = SURFACE_CURVE('',#7176,(#7180,#7187),.PCURVE_S1.);
#7176 = LINE('',#7177,#7178);
#7177 = CARTESIAN_POINT('',(-198.5,-102.,-523.));
#7178 = VECTOR('',#7179,1.);
#7179 = DIRECTION('',(0.,1.,0.));
#7180 = PCURVE('',#3404,#7181);
#7181 = DEFINITIONAL_REPRESENTATION('',(#7182),#7186);
#7182 = LINE('',#7183,#7184);
#7183 = CARTESIAN_POINT('',(0.,0.));
#7184 = VECTOR('',#7185,1.);
#7185 = DIRECTION('',(0.,1.));
#7186 = ( GEOMETRIC_REPRESENTATION_CONTEXT(2) 
PARAMETRIC_REPRESENTATION_CONTEXT() REPRESENTATION_CONTEXT('2D SPACE',''
  ) );
#7187 = PCURVE('',#3430,#7188);
#7188 = DEFINITIONAL_REPRESENTATION('',(#7189),#7193);
#7189 = LINE('',#7190,#7191);
#7190 = CARTESIAN_POINT('',(5.,0.));
#7191 = VECTOR('',#7192,1.);
#7192 = DIRECTION('',(0.,-1.));
#7193 = ( GEOMETRIC_REPRESENTATION_CONTEXT(2) 
PARAMETRIC_REPRESENTATION_CONTEXT() REPRESENTATION_CONTEXT('2D SPACE',''
  ) );
#7194 = ORIENTED_EDGE('',*,*,#3387,.T.);
#7195 = ORIENTED_EDGE('',*,*,#7196,.T.);
#7196 = EDGE_CURVE('',#3390,#5442,#7197,.T.);
#7197 = SURFACE_CURVE('',#7198,(#7202,#7209),.PCURVE_S1.);
#7198 = LINE('',#7199,#7200);
#7199 = CARTESIAN_POINT('',(198.5,-102.,-523.));
#7200 = VECTOR('',#7201,1.);
#7201 = DIRECTION('',(0.,1.,0.));
#7202 = PCURVE('',#3404,#7203);
#7203 = DEFINITIONAL_REPRESENTATION('',(#7204),#7208);
#7204 = LINE('',#7205,#7206);
#7205 = CARTESIAN_POINT('',(397.,0.));
#7206 = VECTOR('',#7207,1.);
#7207 = DIRECTION('',(0.,1.));
#7208 = ( GEOMETRIC_REPRESENTATION_CONTEXT(2) 
PARAMETRIC_REPRESENTATION_CONTEXT() REPRESENTATION_CONTEXT('2D SPACE',''
  ) );
#7209 = PCURVE('',#3480,#7210);
#7210 = DEFINITIONAL_REPRESENTATION('',(#7211),#7215);
#7211 = LINE('',#7212,#7213);
#7212 = CARTESIAN_POINT('',(5.,0.));
#7213 = VECTOR('',#7214,1.);
#7214 = DIRECTION('',(0.,-1.));
#7215 = ( GEOMETRIC_REPRESENTATION_CONTEXT(2) 
PARAMETRIC_REPRESENTATION_CONTEXT() REPRESENTATION_CONTEXT('2D SPACE',''
  ) );
#7216 = ORIENTED_EDGE('',*,*,#5439,.F.);
#7217 = ADVANCED_FACE('',(#7218),#3430,.T.);
#7218 = FACE_BOUND('',#7219,.T.);
#7219 = EDGE_LOOP('',(#7220,#7221,#7222,#7243));
#7220 = ORIENTED_EDGE('',*,*,#7174,.F.);
#7221 = ORIENTED_EDGE('',*,*,#3415,.T.);
#7222 = ORIENTED_EDGE('',*,*,#7223,.T.);
#7223 = EDGE_CURVE('',#3416,#5463,#7224,.T.);
#7224 = SURFACE_CURVE('',#7225,(#7229,#7236),.PCURVE_S1.);
#7225 = LINE('',#7226,#7227);
#7226 = CARTESIAN_POINT('',(-198.5,-102.,-528.));
#7227 = VECTOR('',#7228,1.);
#7228 = DIRECTION('',(0.,1.,0.));
#7229 = PCURVE('',#3430,#7230);
#7230 = DEFINITIONAL_REPRESENTATION('',(#7231),#7235);
#7231 = LINE('',#7232,#7233);
#7232 = CARTESIAN_POINT('',(0.,0.));
#7233 = VECTOR('',#7234,1.);
#7234 = DIRECTION('',(0.,-1.));
#7235 = ( GEOMETRIC_REPRESENTATION_CONTEXT(2) 
PARAMETRIC_REPRESENTATION_CONTEXT() REPRESENTATION_CONTEXT('2D SPACE',''
  ) );
#7236 = PCURVE('',#3456,#7237);
#7237 = DEFINITIONAL_REPRESENTATION('',(#7238),#7242);
#7238 = LINE('',#7239,#7240);
#7239 = CARTESIAN_POINT('',(0.,0.));
#7240 = VECTOR('',#7241,1.);
#7241 = DIRECTION('',(0.,1.));
#7242 = ( GEOMETRIC_REPRESENTATION_CONTEXT(2) 
PARAMETRIC_REPRESENTATION_CONTEXT() REPRESENTATION_CONTEXT('2D SPACE',''
  ) );
#7243 = ORIENTED_EDGE('',*,*,#5462,.F.);
#7244 = ADVANCED_FACE('',(#7245),#3480,.F.);
#7245 = FACE_BOUND('',#7246,.F.);
#7246 = EDGE_LOOP('',(#7247,#7248,#7249,#7270));
#7247 = ORIENTED_EDGE('',*,*,#7196,.F.);
#7248 = ORIENTED_EDGE('',*,*,#3467,.T.);
#7249 = ORIENTED_EDGE('',*,*,#7250,.T.);
#7250 = EDGE_CURVE('',#3442,#5484,#7251,.T.);
#7251 = SURFACE_CURVE('',#7252,(#7256,#7263),.PCURVE_S1.);
#7252 = LINE('',#7253,#7254);
#7253 = CARTESIAN_POINT('',(198.5,-102.,-528.));
#7254 = VECTOR('',#7255,1.);
#7255 = DIRECTION('',(0.,1.,0.));
#7256 = PCURVE('',#3480,#7257);
#7257 = DEFINITIONAL_REPRESENTATION('',(#7258),#7262);
#7258 = LINE('',#7259,#7260);
#7259 = CARTESIAN_POINT('',(0.,0.));
#7260 = VECTOR('',#7261,1.);
#7261 = DIRECTION('',(0.,-1.));
#7262 = ( GEOMETRIC_REPRESENTATION_CONTEXT(2) 
PARAMETRIC_REPRESENTATION_CONTEXT() REPRESENTATION_CONTEXT('2D SPACE',''
  ) );
#7263 = PCURVE('',#3456,#7264);
#7264 = DEFINITIONAL_REPRESENTATION('',(#7265),#7269);
#7265 = LINE('',#7266,#7267);
#7266 = CARTESIAN_POINT('',(397.,0.));
#7267 = VECTOR('',#7268,1.);
#7268 = DIRECTION('',(0.,1.));
#7269 = ( GEOMETRIC_REPRESENTATION_CONTEXT(2) 
PARAMETRIC_REPRESENTATION_CONTEXT() REPRESENTATION_CONTEXT('2D SPACE',''
  ) );
#7270 = ORIENTED_EDGE('',*,*,#5504,.F.);
#7271 = ADVANCED_FACE('',(#7272),#3456,.T.);
#7272 = FACE_BOUND('',#7273,.T.);
#7273 = EDGE_LOOP('',(#7274,#7275,#7276,#7277));
#7274 = ORIENTED_EDGE('',*,*,#7223,.F.);
#7275 = ORIENTED_EDGE('',*,*,#3441,.T.);
#7276 = ORIENTED_EDGE('',*,*,#7250,.T.);
#7277 = ORIENTED_EDGE('',*,*,#5483,.F.);
#7278 = ADVANCED_FACE('',(#7279),#3510,.F.);
#7279 = FACE_BOUND('',#7280,.F.);
#7280 = EDGE_LOOP('',(#7281,#7302,#7303,#7324));
#7281 = ORIENTED_EDGE('',*,*,#7282,.F.);
#7282 = EDGE_CURVE('',#3494,#5526,#7283,.T.);
#7283 = SURFACE_CURVE('',#7284,(#7288,#7295),.PCURVE_S1.);
#7284 = LINE('',#7285,#7286);
#7285 = CARTESIAN_POINT('',(-198.5,-102.,-461.5));
#7286 = VECTOR('',#7287,1.);
#7287 = DIRECTION('',(0.,1.,0.));
#7288 = PCURVE('',#3510,#7289);
#7289 = DEFINITIONAL_REPRESENTATION('',(#7290),#7294);
#7290 = LINE('',#7291,#7292);
#7291 = CARTESIAN_POINT('',(0.,0.));
#7292 = VECTOR('',#7293,1.);
#7293 = DIRECTION('',(0.,1.));
#7294 = ( GEOMETRIC_REPRESENTATION_CONTEXT(2) 
PARAMETRIC_REPRESENTATION_CONTEXT() REPRESENTATION_CONTEXT('2D SPACE',''
  ) );
#7295 = PCURVE('',#3536,#7296);
#7296 = DEFINITIONAL_REPRESENTATION('',(#7297),#7301);
#7297 = LINE('',#7298,#7299);
#7298 = CARTESIAN_POINT('',(5.,0.));
#7299 = VECTOR('',#7300,1.);
#7300 = DIRECTION('',(0.,-1.));
#7301 = ( GEOMETRIC_REPRESENTATION_CONTEXT(2) 
PARAMETRIC_REPRESENTATION_CONTEXT() REPRESENTATION_CONTEXT('2D SPACE',''
  ) );
#7302 = ORIENTED_EDGE('',*,*,#3493,.T.);
#7303 = ORIENTED_EDGE('',*,*,#7304,.T.);
#7304 = EDGE_CURVE('',#3496,#5528,#7305,.T.);
#7305 = SURFACE_CURVE('',#7306,(#7310,#7317),.PCURVE_S1.);
#7306 = LINE('',#7307,#7308);
#7307 = CARTESIAN_POINT('',(198.5,-102.,-461.5));
#7308 = VECTOR('',#7309,1.);
#7309 = DIRECTION('',(0.,1.,0.));
#7310 = PCURVE('',#3510,#7311);
#7311 = DEFINITIONAL_REPRESENTATION('',(#7312),#7316);
#7312 = LINE('',#7313,#7314);
#7313 = CARTESIAN_POINT('',(397.,0.));
#7314 = VECTOR('',#7315,1.);
#7315 = DIRECTION('',(0.,1.));
#7316 = ( GEOMETRIC_REPRESENTATION_CONTEXT(2) 
PARAMETRIC_REPRESENTATION_CONTEXT() REPRESENTATION_CONTEXT('2D SPACE',''
  ) );
#7317 = PCURVE('',#3586,#7318);
#7318 = DEFINITIONAL_REPRESENTATION('',(#7319),#7323);
#7319 = LINE('',#7320,#7321);
#7320 = CARTESIAN_POINT('',(5.,0.));
#7321 = VECTOR('',#7322,1.);
#7322 = DIRECTION('',(0.,-1.));
#7323 = ( GEOMETRIC_REPRESENTATION_CONTEXT(2) 
PARAMETRIC_REPRESENTATION_CONTEXT() REPRESENTATION_CONTEXT('2D SPACE',''
  ) );
#7324 = ORIENTED_EDGE('',*,*,#5525,.F.);
#7325 = ADVANCED_FACE('',(#7326),#3536,.T.);
#7326 = FACE_BOUND('',#7327,.T.);
#7327 = EDGE_LOOP('',(#7328,#7329,#7330,#7351));
#7328 = ORIENTED_EDGE('',*,*,#7282,.F.);
#7329 = ORIENTED_EDGE('',*,*,#3521,.T.);
#7330 = ORIENTED_EDGE('',*,*,#7331,.T.);
#7331 = EDGE_CURVE('',#3522,#5549,#7332,.T.);
#7332 = SURFACE_CURVE('',#7333,(#7337,#7344),.PCURVE_S1.);
#7333 = LINE('',#7334,#7335);
#7334 = CARTESIAN_POINT('',(-198.5,-102.,-466.5));
#7335 = VECTOR('',#7336,1.);
#7336 = DIRECTION('',(0.,1.,0.));
#7337 = PCURVE('',#3536,#7338);
#7338 = DEFINITIONAL_REPRESENTATION('',(#7339),#7343);
#7339 = LINE('',#7340,#7341);
#7340 = CARTESIAN_POINT('',(0.,0.));
#7341 = VECTOR('',#7342,1.);
#7342 = DIRECTION('',(0.,-1.));
#7343 = ( GEOMETRIC_REPRESENTATION_CONTEXT(2) 
PARAMETRIC_REPRESENTATION_CONTEXT() REPRESENTATION_CONTEXT('2D SPACE',''
  ) );
#7344 = PCURVE('',#3562,#7345);
#7345 = DEFINITIONAL_REPRESENTATION('',(#7346),#7350);
#7346 = LINE('',#7347,#7348);
#7347 = CARTESIAN_POINT('',(0.,0.));
#7348 = VECTOR('',#7349,1.);
#7349 = DIRECTION('',(0.,1.));
#7350 = ( GEOMETRIC_REPRESENTATION_CONTEXT(2) 
PARAMETRIC_REPRESENTATION_CONTEXT() REPRESENTATION_CONTEXT('2D SPACE',''
  ) );
#7351 = ORIENTED_EDGE('',*,*,#5548,.F.);
#7352 = ADVANCED_FACE('',(#7353),#3586,.F.);
#7353 = FACE_BOUND('',#7354,.F.);
#7354 = EDGE_LOOP('',(#7355,#7356,#7357,#7378));
#7355 = ORIENTED_EDGE('',*,*,#7304,.F.);
#7356 = ORIENTED_EDGE('',*,*,#3573,.T.);
#7357 = ORIENTED_EDGE('',*,*,#7358,.T.);
#7358 = EDGE_CURVE('',#3548,#5570,#7359,.T.);
#7359 = SURFACE_CURVE('',#7360,(#7364,#7371),.PCURVE_S1.);
#7360 = LINE('',#7361,#7362);
#7361 = CARTESIAN_POINT('',(198.5,-102.,-466.5));
#7362 = VECTOR('',#7363,1.);
#7363 = DIRECTION('',(0.,1.,0.));
#7364 = PCURVE('',#3586,#7365);
#7365 = DEFINITIONAL_REPRESENTATION('',(#7366),#7370);
#7366 = LINE('',#7367,#7368);
#7367 = CARTESIAN_POINT('',(0.,0.));
#7368 = VECTOR('',#7369,1.);
#7369 = DIRECTION('',(0.,-1.));
#7370 = ( GEOMETRIC_REPRESENTATION_CONTEXT(2) 
PARAMETRIC_REPRESENTATION_CONTEXT() REPRESENTATION_CONTEXT('2D SPACE',''
  ) );
#7371 = PCURVE('',#3562,#7372);
#7372 = DEFINITIONAL_REPRESENTATION('',(#7373),#7377);
#7373 = LINE('',#7374,#7375);
#7374 = CARTESIAN_POINT('',(397.,0.));
#7375 = VECTOR('',#7376,1.);
#7376 = DIRECTION('',(0.,1.));
#7377 = ( GEOMETRIC_REPRESENTATION_CONTEXT(2) 
PARAMETRIC_REPRESENTATION_CONTEXT() REPRESENTATION_CONTEXT('2D SPACE',''
  ) );
#7378 = ORIENTED_EDGE('',*,*,#5590,.F.);
#7379 = ADVANCED_FACE('',(#7380),#3562,.T.);
#7380 = FACE_BOUND('',#7381,.T.);
#7381 = EDGE_LOOP('',(#7382,#7383,#7384,#7385));
#7382 = ORIENTED_EDGE('',*,*,#7331,.F.);
#7383 = ORIENTED_EDGE('',*,*,#3547,.T.);
#7384 = ORIENTED_EDGE('',*,*,#7358,.T.);
#7385 = ORIENTED_EDGE('',*,*,#5569,.F.);
#7386 = ADVANCED_FACE('',(#7387),#3616,.F.);
#7387 = FACE_BOUND('',#7388,.F.);
#7388 = EDGE_LOOP('',(#7389,#7410,#7411,#7432));
#7389 = ORIENTED_EDGE('',*,*,#7390,.F.);
#7390 = EDGE_CURVE('',#3600,#5612,#7391,.T.);
#7391 = SURFACE_CURVE('',#7392,(#7396,#7403),.PCURVE_S1.);
#7392 = LINE('',#7393,#7394);
#7393 = CARTESIAN_POINT('',(-198.5,-102.,-400.));
#7394 = VECTOR('',#7395,1.);
#7395 = DIRECTION('',(0.,1.,0.));
#7396 = PCURVE('',#3616,#7397);
#7397 = DEFINITIONAL_REPRESENTATION('',(#7398),#7402);
#7398 = LINE('',#7399,#7400);
#7399 = CARTESIAN_POINT('',(0.,0.));
#7400 = VECTOR('',#7401,1.);
#7401 = DIRECTION('',(0.,1.));
#7402 = ( GEOMETRIC_REPRESENTATION_CONTEXT(2) 
PARAMETRIC_REPRESENTATION_CONTEXT() REPRESENTATION_CONTEXT('2D SPACE',''
  ) );
#7403 = PCURVE('',#3642,#7404);
#7404 = DEFINITIONAL_REPRESENTATION('',(#7405),#7409);
#7405 = LINE('',#7406,#7407);
#7406 = CARTESIAN_POINT('',(5.,0.));
#7407 = VECTOR('',#7408,1.);
#7408 = DIRECTION('',(0.,-1.));
#7409 = ( GEOMETRIC_REPRESENTATION_CONTEXT(2) 
PARAMETRIC_REPRESENTATION_CONTEXT() REPRESENTATION_CONTEXT('2D SPACE',''
  ) );
#7410 = ORIENTED_EDGE('',*,*,#3599,.T.);
#7411 = ORIENTED_EDGE('',*,*,#7412,.T.);
#7412 = EDGE_CURVE('',#3602,#5614,#7413,.T.);
#7413 = SURFACE_CURVE('',#7414,(#7418,#7425),.PCURVE_S1.);
#7414 = LINE('',#7415,#7416);
#7415 = CARTESIAN_POINT('',(198.5,-102.,-400.));
#7416 = VECTOR('',#7417,1.);
#7417 = DIRECTION('',(0.,1.,0.));
#7418 = PCURVE('',#3616,#7419);
#7419 = DEFINITIONAL_REPRESENTATION('',(#7420),#7424);
#7420 = LINE('',#7421,#7422);
#7421 = CARTESIAN_POINT('',(397.,0.));
#7422 = VECTOR('',#7423,1.);
#7423 = DIRECTION('',(0.,1.));
#7424 = ( GEOMETRIC_REPRESENTATION_CONTEXT(2) 
PARAMETRIC_REPRESENTATION_CONTEXT() REPRESENTATION_CONTEXT('2D SPACE',''
  ) );
#7425 = PCURVE('',#3692,#7426);
#7426 = DEFINITIONAL_REPRESENTATION('',(#7427),#7431);
#7427 = LINE('',#7428,#7429);
#7428 = CARTESIAN_POINT('',(5.,0.));
#7429 = VECTOR('',#7430,1.);
#7430 = DIRECTION('',(0.,-1.));
#7431 = ( GEOMETRIC_REPRESENTATION_CONTEXT(2) 
PARAMETRIC_REPRESENTATION_CONTEXT() REPRESENTATION_CONTEXT('2D SPACE',''
  ) );
#7432 = ORIENTED_EDGE('',*,*,#5611,.F.);
#7433 = ADVANCED_FACE('',(#7434),#3642,.T.);
#7434 = FACE_BOUND('',#7435,.T.);
#7435 = EDGE_LOOP('',(#7436,#7437,#7438,#7459));
#7436 = ORIENTED_EDGE('',*,*,#7390,.F.);
#7437 = ORIENTED_EDGE('',*,*,#3627,.T.);
#7438 = ORIENTED_EDGE('',*,*,#7439,.T.);
#7439 = EDGE_CURVE('',#3628,#5635,#7440,.T.);
#7440 = SURFACE_CURVE('',#7441,(#7445,#7452),.PCURVE_S1.);
#7441 = LINE('',#7442,#7443);
#7442 = CARTESIAN_POINT('',(-198.5,-102.,-405.));
#7443 = VECTOR('',#7444,1.);
#7444 = DIRECTION('',(0.,1.,0.));
#7445 = PCURVE('',#3642,#7446);
#7446 = DEFINITIONAL_REPRESENTATION('',(#7447),#7451);
#7447 = LINE('',#7448,#7449);
#7448 = CARTESIAN_POINT('',(0.,0.));
#7449 = VECTOR('',#7450,1.);
#7450 = DIRECTION('',(0.,-1.));
#7451 = ( GEOMETRIC_REPRESENTATION_CONTEXT(2) 
PARAMETRIC_REPRESENTATION_CONTEXT() REPRESENTATION_CONTEXT('2D SPACE',''
  ) );
#7452 = PCURVE('',#3668,#7453);
#7453 = DEFINITIONAL_REPRESENTATION('',(#7454),#7458);
#7454 = LINE('',#7455,#7456);
#7455 = CARTESIAN_POINT('',(0.,0.));
#7456 = VECTOR('',#7457,1.);
#7457 = DIRECTION('',(0.,1.));
#7458 = ( GEOMETRIC_REPRESENTATION_CONTEXT(2) 
PARAMETRIC_REPRESENTATION_CONTEXT() REPRESENTATION_CONTEXT('2D SPACE',''
  ) );
#7459 = ORIENTED_EDGE('',*,*,#5634,.F.);
#7460 = ADVANCED_FACE('',(#7461),#3692,.F.);
#7461 = FACE_BOUND('',#7462,.F.);
#7462 = EDGE_LOOP('',(#7463,#7464,#7465,#7486));
#7463 = ORIENTED_EDGE('',*,*,#7412,.F.);
#7464 = ORIENTED_EDGE('',*,*,#3679,.T.);
#7465 = ORIENTED_EDGE('',*,*,#7466,.T.);
#7466 = EDGE_CURVE('',#3654,#5656,#7467,.T.);
#7467 = SURFACE_CURVE('',#7468,(#7472,#7479),.PCURVE_S1.);
#7468 = LINE('',#7469,#7470);
#7469 = CARTESIAN_POINT('',(198.5,-102.,-405.));
#7470 = VECTOR('',#7471,1.);
#7471 = DIRECTION('',(0.,1.,0.));
#7472 = PCURVE('',#3692,#7473);
#7473 = DEFINITIONAL_REPRESENTATION('',(#7474),#7478);
#7474 = LINE('',#7475,#7476);
#7475 = CARTESIAN_POINT('',(0.,0.));
#7476 = VECTOR('',#7477,1.);
#7477 = DIRECTION('',(0.,-1.));
#7478 = ( GEOMETRIC_REPRESENTATION_CONTEXT(2) 
PARAMETRIC_REPRESENTATION_CONTEXT() REPRESENTATION_CONTEXT('2D SPACE',''
  ) );
#7479 = PCURVE('',#3668,#7480);
#7480 = DEFINITIONAL_REPRESENTATION('',(#7481),#7485);
#7481 = LINE('',#7482,#7483);
#7482 = CARTESIAN_POINT('',(397.,0.));
#7483 = VECTOR('',#7484,1.);
#7484 = DIRECTION('',(0.,1.));
#7485 = ( GEOMETRIC_REPRESENTATION_CONTEXT(2) 
PARAMETRIC_REPRESENTATION_CONTEXT() REPRESENTATION_CONTEXT('2D SPACE',''
  ) );
#7486 = ORIENTED_EDGE('',*,*,#5676,.F.);
#7487 = ADVANCED_FACE('',(#7488),#3668,.T.);
#7488 = FACE_BOUND('',#7489,.T.);
#7489 = EDGE_LOOP('',(#7490,#7491,#7492,#7493));
#7490 = ORIENTED_EDGE('',*,*,#7439,.F.);
#7491 = ORIENTED_EDGE('',*,*,#3653,.T.);
#7492 = ORIENTED_EDGE('',*,*,#7466,.T.);
#7493 = ORIENTED_EDGE('',*,*,#5655,.F.);
#7494 = ADVANCED_FACE('',(#7495),#3722,.F.);
#7495 = FACE_BOUND('',#7496,.F.);
#7496 = EDGE_LOOP('',(#7497,#7518,#7519,#7540));
#7497 = ORIENTED_EDGE('',*,*,#7498,.F.);
#7498 = EDGE_CURVE('',#3706,#5698,#7499,.T.);
#7499 = SURFACE_CURVE('',#7500,(#7504,#7511),.PCURVE_S1.);
#7500 = LINE('',#7501,#7502);
#7501 = CARTESIAN_POINT('',(-198.5,-102.,-338.5));
#7502 = VECTOR('',#7503,1.);
#7503 = DIRECTION('',(0.,1.,0.));
#7504 = PCURVE('',#3722,#7505);
#7505 = DEFINITIONAL_REPRESENTATION('',(#7506),#7510);
#7506 = LINE('',#7507,#7508);
#7507 = CARTESIAN_POINT('',(0.,0.));
#7508 = VECTOR('',#7509,1.);
#7509 = DIRECTION('',(0.,1.));
#7510 = ( GEOMETRIC_REPRESENTATION_CONTEXT(2) 
PARAMETRIC_REPRESENTATION_CONTEXT() REPRESENTATION_CONTEXT('2D SPACE',''
  ) );
#7511 = PCURVE('',#3748,#7512);
#7512 = DEFINITIONAL_REPRESENTATION('',(#7513),#7517);
#7513 = LINE('',#7514,#7515);
#7514 = CARTESIAN_POINT('',(5.,0.));
#7515 = VECTOR('',#7516,1.);
#7516 = DIRECTION('',(0.,-1.));
#7517 = ( GEOMETRIC_REPRESENTATION_CONTEXT(2) 
PARAMETRIC_REPRESENTATION_CONTEXT() REPRESENTATION_CONTEXT('2D SPACE',''
  ) );
#7518 = ORIENTED_EDGE('',*,*,#3705,.T.);
#7519 = ORIENTED_EDGE('',*,*,#7520,.T.);
#7520 = EDGE_CURVE('',#3708,#5700,#7521,.T.);
#7521 = SURFACE_CURVE('',#7522,(#7526,#7533),.PCURVE_S1.);
#7522 = LINE('',#7523,#7524);
#7523 = CARTESIAN_POINT('',(198.5,-102.,-338.5));
#7524 = VECTOR('',#7525,1.);
#7525 = DIRECTION('',(0.,1.,0.));
#7526 = PCURVE('',#3722,#7527);
#7527 = DEFINITIONAL_REPRESENTATION('',(#7528),#7532);
#7528 = LINE('',#7529,#7530);
#7529 = CARTESIAN_POINT('',(397.,0.));
#7530 = VECTOR('',#7531,1.);
#7531 = DIRECTION('',(0.,1.));
#7532 = ( GEOMETRIC_REPRESENTATION_CONTEXT(2) 
PARAMETRIC_REPRESENTATION_CONTEXT() REPRESENTATION_CONTEXT('2D SPACE',''
  ) );
#7533 = PCURVE('',#3798,#7534);
#7534 = DEFINITIONAL_REPRESENTATION('',(#7535),#7539);
#7535 = LINE('',#7536,#7537);
#7536 = CARTESIAN_POINT('',(5.,0.));
#7537 = VECTOR('',#7538,1.);
#7538 = DIRECTION('',(0.,-1.));
#7539 = ( GEOMETRIC_REPRESENTATION_CONTEXT(2) 
PARAMETRIC_REPRESENTATION_CONTEXT() REPRESENTATION_CONTEXT('2D SPACE',''
  ) );
#7540 = ORIENTED_EDGE('',*,*,#5697,.F.);
#7541 = ADVANCED_FACE('',(#7542),#3748,.T.);
#7542 = FACE_BOUND('',#7543,.T.);
#7543 = EDGE_LOOP('',(#7544,#7545,#7546,#7567));
#7544 = ORIENTED_EDGE('',*,*,#7498,.F.);
#7545 = ORIENTED_EDGE('',*,*,#3733,.T.);
#7546 = ORIENTED_EDGE('',*,*,#7547,.T.);
#7547 = EDGE_CURVE('',#3734,#5721,#7548,.T.);
#7548 = SURFACE_CURVE('',#7549,(#7553,#7560),.PCURVE_S1.);
#7549 = LINE('',#7550,#7551);
#7550 = CARTESIAN_POINT('',(-198.5,-102.,-343.5));
#7551 = VECTOR('',#7552,1.);
#7552 = DIRECTION('',(0.,1.,0.));
#7553 = PCURVE('',#3748,#7554);
#7554 = DEFINITIONAL_REPRESENTATION('',(#7555),#7559);
#7555 = LINE('',#7556,#7557);
#7556 = CARTESIAN_POINT('',(0.,0.));
#7557 = VECTOR('',#7558,1.);
#7558 = DIRECTION('',(0.,-1.));
#7559 = ( GEOMETRIC_REPRESENTATION_CONTEXT(2) 
PARAMETRIC_REPRESENTATION_CONTEXT() REPRESENTATION_CONTEXT('2D SPACE',''
  ) );
#7560 = PCURVE('',#3774,#7561);
#7561 = DEFINITIONAL_REPRESENTATION('',(#7562),#7566);
#7562 = LINE('',#7563,#7564);
#7563 = CARTESIAN_POINT('',(0.,0.));
#7564 = VECTOR('',#7565,1.);
#7565 = DIRECTION('',(0.,1.));
#7566 = ( GEOMETRIC_REPRESENTATION_CONTEXT(2) 
PARAMETRIC_REPRESENTATION_CONTEXT() REPRESENTATION_CONTEXT('2D SPACE',''
  ) );
#7567 = ORIENTED_EDGE('',*,*,#5720,.F.);
#7568 = ADVANCED_FACE('',(#7569),#3798,.F.);
#7569 = FACE_BOUND('',#7570,.F.);
#7570 = EDGE_LOOP('',(#7571,#7572,#7573,#7594));
#7571 = ORIENTED_EDGE('',*,*,#7520,.F.);
#7572 = ORIENTED_EDGE('',*,*,#3785,.T.);
#7573 = ORIENTED_EDGE('',*,*,#7574,.T.);
#7574 = EDGE_CURVE('',#3760,#5742,#7575,.T.);
#7575 = SURFACE_CURVE('',#7576,(#7580,#7587),.PCURVE_S1.);
#7576 = LINE('',#7577,#7578);
#7577 = CARTESIAN_POINT('',(198.5,-102.,-343.5));
#7578 = VECTOR('',#7579,1.);
#7579 = DIRECTION('',(0.,1.,0.));
#7580 = PCURVE('',#3798,#7581);
#7581 = DEFINITIONAL_REPRESENTATION('',(#7582),#7586);
#7582 = LINE('',#7583,#7584);
#7583 = CARTESIAN_POINT('',(0.,0.));
#7584 = VECTOR('',#7585,1.);
#7585 = DIRECTION('',(0.,-1.));
#7586 = ( GEOMETRIC_REPRESENTATION_CONTEXT(2) 
PARAMETRIC_REPRESENTATION_CONTEXT() REPRESENTATION_CONTEXT('2D SPACE',''
  ) );
#7587 = PCURVE('',#3774,#7588);
#7588 = DEFINITIONAL_REPRESENTATION('',(#7589),#7593);
#7589 = LINE('',#7590,#7591);
#7590 = CARTESIAN_POINT('',(397.,0.));
#7591 = VECTOR('',#7592,1.);
#7592 = DIRECTION('',(0.,1.));
#7593 = ( GEOMETRIC_REPRESENTATION_CONTEXT(2) 
PARAMETRIC_REPRESENTATION_CONTEXT() REPRESENTATION_CONTEXT('2D SPACE',''
  ) );
#7594 = ORIENTED_EDGE('',*,*,#5762,.F.);
#7595 = ADVANCED_FACE('',(#7596),#3774,.T.);
#7596 = FACE_BOUND('',#7597,.T.);
#7597 = EDGE_LOOP('',(#7598,#7599,#7600,#7601));
#7598 = ORIENTED_EDGE('',*,*,#7547,.F.);
#7599 = ORIENTED_EDGE('',*,*,#3759,.T.);
#7600 = ORIENTED_EDGE('',*,*,#7574,.T.);
#7601 = ORIENTED_EDGE('',*,*,#5741,.F.);
#7602 = ADVANCED_FACE('',(#7603),#3828,.F.);
#7603 = FACE_BOUND('',#7604,.F.);
#7604 = EDGE_LOOP('',(#7605,#7626,#7627,#7648));
#7605 = ORIENTED_EDGE('',*,*,#7606,.F.);
#7606 = EDGE_CURVE('',#3812,#5784,#7607,.T.);
#7607 = SURFACE_CURVE('',#7608,(#7612,#7619),.PCURVE_S1.);
#7608 = LINE('',#7609,#7610);
#7609 = CARTESIAN_POINT('',(-198.5,-102.,-277.));
#7610 = VECTOR('',#7611,1.);
#7611 = DIRECTION('',(0.,1.,0.));
#7612 = PCURVE('',#3828,#7613);
#7613 = DEFINITIONAL_REPRESENTATION('',(#7614),#7618);
#7614 = LINE('',#7615,#7616);
#7615 = CARTESIAN_POINT('',(0.,0.));
#7616 = VECTOR('',#7617,1.);
#7617 = DIRECTION('',(0.,1.));
#7618 = ( GEOMETRIC_REPRESENTATION_CONTEXT(2) 
PARAMETRIC_REPRESENTATION_CONTEXT() REPRESENTATION_CONTEXT('2D SPACE',''
  ) );
#7619 = PCURVE('',#3854,#7620);
#7620 = DEFINITIONAL_REPRESENTATION('',(#7621),#7625);
#7621 = LINE('',#7622,#7623);
#7622 = CARTESIAN_POINT('',(5.,0.));
#7623 = VECTOR('',#7624,1.);
#7624 = DIRECTION('',(0.,-1.));
#7625 = ( GEOMETRIC_REPRESENTATION_CONTEXT(2) 
PARAMETRIC_REPRESENTATION_CONTEXT() REPRESENTATION_CONTEXT('2D SPACE',''
  ) );
#7626 = ORIENTED_EDGE('',*,*,#3811,.T.);
#7627 = ORIENTED_EDGE('',*,*,#7628,.T.);
#7628 = EDGE_CURVE('',#3814,#5786,#7629,.T.);
#7629 = SURFACE_CURVE('',#7630,(#7634,#7641),.PCURVE_S1.);
#7630 = LINE('',#7631,#7632);
#7631 = CARTESIAN_POINT('',(198.5,-102.,-277.));
#7632 = VECTOR('',#7633,1.);
#7633 = DIRECTION('',(0.,1.,0.));
#7634 = PCURVE('',#3828,#7635);
#7635 = DEFINITIONAL_REPRESENTATION('',(#7636),#7640);
#7636 = LINE('',#7637,#7638);
#7637 = CARTESIAN_POINT('',(397.,0.));
#7638 = VECTOR('',#7639,1.);
#7639 = DIRECTION('',(0.,1.));
#7640 = ( GEOMETRIC_REPRESENTATION_CONTEXT(2) 
PARAMETRIC_REPRESENTATION_CONTEXT() REPRESENTATION_CONTEXT('2D SPACE',''
  ) );
#7641 = PCURVE('',#3904,#7642);
#7642 = DEFINITIONAL_REPRESENTATION('',(#7643),#7647);
#7643 = LINE('',#7644,#7645);
#7644 = CARTESIAN_POINT('',(5.,0.));
#7645 = VECTOR('',#7646,1.);
#7646 = DIRECTION('',(0.,-1.));
#7647 = ( GEOMETRIC_REPRESENTATION_CONTEXT(2) 
PARAMETRIC_REPRESENTATION_CONTEXT() REPRESENTATION_CONTEXT('2D SPACE',''
  ) );
#7648 = ORIENTED_EDGE('',*,*,#5783,.F.);
#7649 = ADVANCED_FACE('',(#7650),#3854,.T.);
#7650 = FACE_BOUND('',#7651,.T.);
#7651 = EDGE_LOOP('',(#7652,#7653,#7654,#7675));
#7652 = ORIENTED_EDGE('',*,*,#7606,.F.);
#7653 = ORIENTED_EDGE('',*,*,#3839,.T.);
#7654 = ORIENTED_EDGE('',*,*,#7655,.T.);
#7655 = EDGE_CURVE('',#3840,#5807,#7656,.T.);
#7656 = SURFACE_CURVE('',#7657,(#7661,#7668),.PCURVE_S1.);
#7657 = LINE('',#7658,#7659);
#7658 = CARTESIAN_POINT('',(-198.5,-102.,-282.));
#7659 = VECTOR('',#7660,1.);
#7660 = DIRECTION('',(0.,1.,0.));
#7661 = PCURVE('',#3854,#7662);
#7662 = DEFINITIONAL_REPRESENTATION('',(#7663),#7667);
#7663 = LINE('',#7664,#7665);
#7664 = CARTESIAN_POINT('',(0.,0.));
#7665 = VECTOR('',#7666,1.);
#7666 = DIRECTION('',(0.,-1.));
#7667 = ( GEOMETRIC_REPRESENTATION_CONTEXT(2) 
PARAMETRIC_REPRESENTATION_CONTEXT() REPRESENTATION_CONTEXT('2D SPACE',''
  ) );
#7668 = PCURVE('',#3880,#7669);
#7669 = DEFINITIONAL_REPRESENTATION('',(#7670),#7674);
#7670 = LINE('',#7671,#7672);
#7671 = CARTESIAN_POINT('',(0.,0.));
#7672 = VECTOR('',#7673,1.);
#7673 = DIRECTION('',(0.,1.));
#7674 = ( GEOMETRIC_REPRESENTATION_CONTEXT(2) 
PARAMETRIC_REPRESENTATION_CONTEXT() REPRESENTATION_CONTEXT('2D SPACE',''
  ) );
#7675 = ORIENTED_EDGE('',*,*,#5806,.F.);
#7676 = ADVANCED_FACE('',(#7677),#3904,.F.);
#7677 = FACE_BOUND('',#7678,.F.);
#7678 = EDGE_LOOP('',(#7679,#7680,#7681,#7702));
#7679 = ORIENTED_EDGE('',*,*,#7628,.F.);
#7680 = ORIENTED_EDGE('',*,*,#3891,.T.);
#7681 = ORIENTED_EDGE('',*,*,#7682,.T.);
#7682 = EDGE_CURVE('',#3866,#5828,#7683,.T.);
#7683 = SURFACE_CURVE('',#7684,(#7688,#7695),.PCURVE_S1.);
#7684 = LINE('',#7685,#7686);
#7685 = CARTESIAN_POINT('',(198.5,-102.,-282.));
#7686 = VECTOR('',#7687,1.);
#7687 = DIRECTION('',(0.,1.,0.));
#7688 = PCURVE('',#3904,#7689);
#7689 = DEFINITIONAL_REPRESENTATION('',(#7690),#7694);
#7690 = LINE('',#7691,#7692);
#7691 = CARTESIAN_POINT('',(0.,0.));
#7692 = VECTOR('',#7693,1.);
#7693 = DIRECTION('',(0.,-1.));
#7694 = ( GEOMETRIC_REPRESENTATION_CONTEXT(2) 
PARAMETRIC_REPRESENTATION_CONTEXT() REPRESENTATION_CONTEXT('2D SPACE',''
  ) );
#7695 = PCURVE('',#3880,#7696);
#7696 = DEFINITIONAL_REPRESENTATION('',(#7697),#7701);
#7697 = LINE('',#7698,#7699);
#7698 = CARTESIAN_POINT('',(397.,0.));
#7699 = VECTOR('',#7700,1.);
#7700 = DIRECTION('',(0.,1.));
#7701 = ( GEOMETRIC_REPRESENTATION_CONTEXT(2) 
PARAMETRIC_REPRESENTATION_CONTEXT() REPRESENTATION_CONTEXT('2D SPACE',''
  ) );
#7702 = ORIENTED_EDGE('',*,*,#5848,.F.);
#7703 = ADVANCED_FACE('',(#7704),#3880,.T.);
#7704 = FACE_BOUND('',#7705,.T.);
#7705 = EDGE_LOOP('',(#7706,#7707,#7708,#7709));
#7706 = ORIENTED_EDGE('',*,*,#7655,.F.);
#7707 = ORIENTED_EDGE('',*,*,#3865,.T.);
#7708 = ORIENTED_EDGE('',*,*,#7682,.T.);
#7709 = ORIENTED_EDGE('',*,*,#5827,.F.);
#7710 = ADVANCED_FACE('',(#7711),#3934,.F.);
#7711 = FACE_BOUND('',#7712,.F.);
#7712 = EDGE_LOOP('',(#7713,#7734,#7735,#7756));
#7713 = ORIENTED_EDGE('',*,*,#7714,.F.);
#7714 = EDGE_CURVE('',#3918,#5870,#7715,.T.);
#7715 = SURFACE_CURVE('',#7716,(#7720,#7727),.PCURVE_S1.);
#7716 = LINE('',#7717,#7718);
#7717 = CARTESIAN_POINT('',(-198.5,-102.,-215.5));
#7718 = VECTOR('',#7719,1.);
#7719 = DIRECTION('',(0.,1.,0.));
#7720 = PCURVE('',#3934,#7721);
#7721 = DEFINITIONAL_REPRESENTATION('',(#7722),#7726);
#7722 = LINE('',#7723,#7724);
#7723 = CARTESIAN_POINT('',(0.,0.));
#7724 = VECTOR('',#7725,1.);
#7725 = DIRECTION('',(0.,1.));
#7726 = ( GEOMETRIC_REPRESENTATION_CONTEXT(2) 
PARAMETRIC_REPRESENTATION_CONTEXT() REPRESENTATION_CONTEXT('2D SPACE',''
  ) );
#7727 = PCURVE('',#3960,#7728);
#7728 = DEFINITIONAL_REPRESENTATION('',(#7729),#7733);
#7729 = LINE('',#7730,#7731);
#7730 = CARTESIAN_POINT('',(5.,0.));
#7731 = VECTOR('',#7732,1.);
#7732 = DIRECTION('',(0.,-1.));
#7733 = ( GEOMETRIC_REPRESENTATION_CONTEXT(2) 
PARAMETRIC_REPRESENTATION_CONTEXT() REPRESENTATION_CONTEXT('2D SPACE',''
  ) );
#7734 = ORIENTED_EDGE('',*,*,#3917,.T.);
#7735 = ORIENTED_EDGE('',*,*,#7736,.T.);
#7736 = EDGE_CURVE('',#3920,#5872,#7737,.T.);
#7737 = SURFACE_CURVE('',#7738,(#7742,#7749),.PCURVE_S1.);
#7738 = LINE('',#7739,#7740);
#7739 = CARTESIAN_POINT('',(198.5,-102.,-215.5));
#7740 = VECTOR('',#7741,1.);
#7741 = DIRECTION('',(0.,1.,0.));
#7742 = PCURVE('',#3934,#7743);
#7743 = DEFINITIONAL_REPRESENTATION('',(#7744),#7748);
#7744 = LINE('',#7745,#7746);
#7745 = CARTESIAN_POINT('',(397.,0.));
#7746 = VECTOR('',#7747,1.);
#7747 = DIRECTION('',(0.,1.));
#7748 = ( GEOMETRIC_REPRESENTATION_CONTEXT(2) 
PARAMETRIC_REPRESENTATION_CONTEXT() REPRESENTATION_CONTEXT('2D SPACE',''
  ) );
#7749 = PCURVE('',#4010,#7750);
#7750 = DEFINITIONAL_REPRESENTATION('',(#7751),#7755);
#7751 = LINE('',#7752,#7753);
#7752 = CARTESIAN_POINT('',(5.,0.));
#7753 = VECTOR('',#7754,1.);
#7754 = DIRECTION('',(0.,-1.));
#7755 = ( GEOMETRIC_REPRESENTATION_CONTEXT(2) 
PARAMETRIC_REPRESENTATION_CONTEXT() REPRESENTATION_CONTEXT('2D SPACE',''
  ) );
#7756 = ORIENTED_EDGE('',*,*,#5869,.F.);
#7757 = ADVANCED_FACE('',(#7758),#3960,.T.);
#7758 = FACE_BOUND('',#7759,.T.);
#7759 = EDGE_LOOP('',(#7760,#7761,#7762,#7783));
#7760 = ORIENTED_EDGE('',*,*,#7714,.F.);
#7761 = ORIENTED_EDGE('',*,*,#3945,.T.);
#7762 = ORIENTED_EDGE('',*,*,#7763,.T.);
#7763 = EDGE_CURVE('',#3946,#5893,#7764,.T.);
#7764 = SURFACE_CURVE('',#7765,(#7769,#7776),.PCURVE_S1.);
#7765 = LINE('',#7766,#7767);
#7766 = CARTESIAN_POINT('',(-198.5,-102.,-220.5));
#7767 = VECTOR('',#7768,1.);
#7768 = DIRECTION('',(0.,1.,0.));
#7769 = PCURVE('',#3960,#7770);
#7770 = DEFINITIONAL_REPRESENTATION('',(#7771),#7775);
#7771 = LINE('',#7772,#7773);
#7772 = CARTESIAN_POINT('',(0.,0.));
#7773 = VECTOR('',#7774,1.);
#7774 = DIRECTION('',(0.,-1.));
#7775 = ( GEOMETRIC_REPRESENTATION_CONTEXT(2) 
PARAMETRIC_REPRESENTATION_CONTEXT() REPRESENTATION_CONTEXT('2D SPACE',''
  ) );
#7776 = PCURVE('',#3986,#7777);
#7777 = DEFINITIONAL_REPRESENTATION('',(#7778),#7782);
#7778 = LINE('',#7779,#7780);
#7779 = CARTESIAN_POINT('',(0.,0.));
#7780 = VECTOR('',#7781,1.);
#7781 = DIRECTION('',(0.,1.));
#7782 = ( GEOMETRIC_REPRESENTATION_CONTEXT(2) 
PARAMETRIC_REPRESENTATION_CONTEXT() REPRESENTATION_CONTEXT('2D SPACE',''
  ) );
#7783 = ORIENTED_EDGE('',*,*,#5892,.F.);
#7784 = ADVANCED_FACE('',(#7785),#4010,.F.);
#7785 = FACE_BOUND('',#7786,.F.);
#7786 = EDGE_LOOP('',(#7787,#7788,#7789,#7810));
#7787 = ORIENTED_EDGE('',*,*,#7736,.F.);
#7788 = ORIENTED_EDGE('',*,*,#3997,.T.);
#7789 = ORIENTED_EDGE('',*,*,#7790,.T.);
#7790 = EDGE_CURVE('',#3972,#5914,#7791,.T.);
#7791 = SURFACE_CURVE('',#7792,(#7796,#7803),.PCURVE_S1.);
#7792 = LINE('',#7793,#7794);
#7793 = CARTESIAN_POINT('',(198.5,-102.,-220.5));
#7794 = VECTOR('',#7795,1.);
#7795 = DIRECTION('',(0.,1.,0.));
#7796 = PCURVE('',#4010,#7797);
#7797 = DEFINITIONAL_REPRESENTATION('',(#7798),#7802);
#7798 = LINE('',#7799,#7800);
#7799 = CARTESIAN_POINT('',(0.,0.));
#7800 = VECTOR('',#7801,1.);
#7801 = DIRECTION('',(0.,-1.));
#7802 = ( GEOMETRIC_REPRESENTATION_CONTEXT(2) 
PARAMETRIC_REPRESENTATION_CONTEXT() REPRESENTATION_CONTEXT('2D SPACE',''
  ) );
#7803 = PCURVE('',#3986,#7804);
#7804 = DEFINITIONAL_REPRESENTATION('',(#7805),#7809);
#7805 = LINE('',#7806,#7807);
#7806 = CARTESIAN_POINT('',(397.,0.));
#7807 = VECTOR('',#7808,1.);
#7808 = DIRECTION('',(0.,1.));
#7809 = ( GEOMETRIC_REPRESENTATION_CONTEXT(2) 
PARAMETRIC_REPRESENTATION_CONTEXT() REPRESENTATION_CONTEXT('2D SPACE',''
  ) );
#7810 = ORIENTED_EDGE('',*,*,#5934,.F.);
#7811 = ADVANCED_FACE('',(#7812),#3986,.T.);
#7812 = FACE_BOUND('',#7813,.T.);
#7813 = EDGE_LOOP('',(#7814,#7815,#7816,#7817));
#7814 = ORIENTED_EDGE('',*,*,#7763,.F.);
#7815 = ORIENTED_EDGE('',*,*,#3971,.T.);
#7816 = ORIENTED_EDGE('',*,*,#7790,.T.);
#7817 = ORIENTED_EDGE('',*,*,#5913,.F.);
#7818 = ADVANCED_FACE('',(#7819),#4040,.F.);
#7819 = FACE_BOUND('',#7820,.F.);
#7820 = EDGE_LOOP('',(#7821,#7842,#7843,#7864));
#7821 = ORIENTED_EDGE('',*,*,#7822,.F.);
#7822 = EDGE_CURVE('',#4024,#5956,#7823,.T.);
#7823 = SURFACE_CURVE('',#7824,(#7828,#7835),.PCURVE_S1.);
#7824 = LINE('',#7825,#7826);
#7825 = CARTESIAN_POINT('',(-198.5,-102.,-154.));
#7826 = VECTOR('',#7827,1.);
#7827 = DIRECTION('',(0.,1.,0.));
#7828 = PCURVE('',#4040,#7829);
#7829 = DEFINITIONAL_REPRESENTATION('',(#7830),#7834);
#7830 = LINE('',#7831,#7832);
#7831 = CARTESIAN_POINT('',(0.,0.));
#7832 = VECTOR('',#7833,1.);
#7833 = DIRECTION('',(0.,1.));
#7834 = ( GEOMETRIC_REPRESENTATION_CONTEXT(2) 
PARAMETRIC_REPRESENTATION_CONTEXT() REPRESENTATION_CONTEXT('2D SPACE',''
  ) );
#7835 = PCURVE('',#4066,#7836);
#7836 = DEFINITIONAL_REPRESENTATION('',(#7837),#7841);
#7837 = LINE('',#7838,#7839);
#7838 = CARTESIAN_POINT('',(5.,0.));
#7839 = VECTOR('',#7840,1.);
#7840 = DIRECTION('',(0.,-1.));
#7841 = ( GEOMETRIC_REPRESENTATION_CONTEXT(2) 
PARAMETRIC_REPRESENTATION_CONTEXT() REPRESENTATION_CONTEXT('2D SPACE',''
  ) );
#7842 = ORIENTED_EDGE('',*,*,#4023,.T.);
#7843 = ORIENTED_EDGE('',*,*,#7844,.T.);
#7844 = EDGE_CURVE('',#4026,#5958,#7845,.T.);
#7845 = SURFACE_CURVE('',#7846,(#7850,#7857),.PCURVE_S1.);
#7846 = LINE('',#7847,#7848);
#7847 = CARTESIAN_POINT('',(198.5,-102.,-154.));
#7848 = VECTOR('',#7849,1.);
#7849 = DIRECTION('',(0.,1.,0.));
#7850 = PCURVE('',#4040,#7851);
#7851 = DEFINITIONAL_REPRESENTATION('',(#7852),#7856);
#7852 = LINE('',#7853,#7854);
#7853 = CARTESIAN_POINT('',(397.,0.));
#7854 = VECTOR('',#7855,1.);
#7855 = DIRECTION('',(0.,1.));
#7856 = ( GEOMETRIC_REPRESENTATION_CONTEXT(2) 
PARAMETRIC_REPRESENTATION_CONTEXT() REPRESENTATION_CONTEXT('2D SPACE',''
  ) );
#7857 = PCURVE('',#4116,#7858);
#7858 = DEFINITIONAL_REPRESENTATION('',(#7859),#7863);
#7859 = LINE('',#7860,#7861);
#7860 = CARTESIAN_POINT('',(5.,0.));
#7861 = VECTOR('',#7862,1.);
#7862 = DIRECTION('',(0.,-1.));
#7863 = ( GEOMETRIC_REPRESENTATION_CONTEXT(2) 
PARAMETRIC_REPRESENTATION_CONTEXT() REPRESENTATION_CONTEXT('2D SPACE',''
  ) );
#7864 = ORIENTED_EDGE('',*,*,#5955,.F.);
#7865 = ADVANCED_FACE('',(#7866),#4066,.T.);
#7866 = FACE_BOUND('',#7867,.T.);
#7867 = EDGE_LOOP('',(#7868,#7869,#7870,#7891));
#7868 = ORIENTED_EDGE('',*,*,#7822,.F.);
#7869 = ORIENTED_EDGE('',*,*,#4051,.T.);
#7870 = ORIENTED_EDGE('',*,*,#7871,.T.);
#7871 = EDGE_CURVE('',#4052,#5979,#7872,.T.);
#7872 = SURFACE_CURVE('',#7873,(#7877,#7884),.PCURVE_S1.);
#7873 = LINE('',#7874,#7875);
#7874 = CARTESIAN_POINT('',(-198.5,-102.,-159.));
#7875 = VECTOR('',#7876,1.);
#7876 = DIRECTION('',(0.,1.,0.));
#7877 = PCURVE('',#4066,#7878);
#7878 = DEFINITIONAL_REPRESENTATION('',(#7879),#7883);
#7879 = LINE('',#7880,#7881);
#7880 = CARTESIAN_POINT('',(0.,0.));
#7881 = VECTOR('',#7882,1.);
#7882 = DIRECTION('',(0.,-1.));
#7883 = ( GEOMETRIC_REPRESENTATION_CONTEXT(2) 
PARAMETRIC_REPRESENTATION_CONTEXT() REPRESENTATION_CONTEXT('2D SPACE',''
  ) );
#7884 = PCURVE('',#4092,#7885);
#7885 = DEFINITIONAL_REPRESENTATION('',(#7886),#7890);
#7886 = LINE('',#7887,#7888);
#7887 = CARTESIAN_POINT('',(0.,0.));
#7888 = VECTOR('',#7889,1.);
#7889 = DIRECTION('',(0.,1.));
#7890 = ( GEOMETRIC_REPRESENTATION_CONTEXT(2) 
PARAMETRIC_REPRESENTATION_CONTEXT() REPRESENTATION_CONTEXT('2D SPACE',''
  ) );
#7891 = ORIENTED_EDGE('',*,*,#5978,.F.);
#7892 = ADVANCED_FACE('',(#7893),#4116,.F.);
#7893 = FACE_BOUND('',#7894,.F.);
#7894 = EDGE_LOOP('',(#7895,#7896,#7897,#7918));
#7895 = ORIENTED_EDGE('',*,*,#7844,.F.);
#7896 = ORIENTED_EDGE('',*,*,#4103,.T.);
#7897 = ORIENTED_EDGE('',*,*,#7898,.T.);
#7898 = EDGE_CURVE('',#4078,#6000,#7899,.T.);
#7899 = SURFACE_CURVE('',#7900,(#7904,#7911),.PCURVE_S1.);
#7900 = LINE('',#7901,#7902);
#7901 = CARTESIAN_POINT('',(198.5,-102.,-159.));
#7902 = VECTOR('',#7903,1.);
#7903 = DIRECTION('',(0.,1.,0.));
#7904 = PCURVE('',#4116,#7905);
#7905 = DEFINITIONAL_REPRESENTATION('',(#7906),#7910);
#7906 = LINE('',#7907,#7908);
#7907 = CARTESIAN_POINT('',(0.,0.));
#7908 = VECTOR('',#7909,1.);
#7909 = DIRECTION('',(0.,-1.));
#7910 = ( GEOMETRIC_REPRESENTATION_CONTEXT(2) 
PARAMETRIC_REPRESENTATION_CONTEXT() REPRESENTATION_CONTEXT('2D SPACE',''
  ) );
#7911 = PCURVE('',#4092,#7912);
#7912 = DEFINITIONAL_REPRESENTATION('',(#7913),#7917);
#7913 = LINE('',#7914,#7915);
#7914 = CARTESIAN_POINT('',(397.,0.));
#7915 = VECTOR('',#7916,1.);
#7916 = DIRECTION('',(0.,1.));
#7917 = ( GEOMETRIC_REPRESENTATION_CONTEXT(2) 
PARAMETRIC_REPRESENTATION_CONTEXT() REPRESENTATION_CONTEXT('2D SPACE',''
  ) );
#7918 = ORIENTED_EDGE('',*,*,#6020,.F.);
#7919 = ADVANCED_FACE('',(#7920),#4092,.T.);
#7920 = FACE_BOUND('',#7921,.T.);
#7921 = EDGE_LOOP('',(#7922,#7923,#7924,#7925));
#7922 = ORIENTED_EDGE('',*,*,#7871,.F.);
#7923 = ORIENTED_EDGE('',*,*,#4077,.T.);
#7924 = ORIENTED_EDGE('',*,*,#7898,.T.);
#7925 = ORIENTED_EDGE('',*,*,#5999,.F.);
#7926 = ADVANCED_FACE('',(#7927),#4146,.F.);
#7927 = FACE_BOUND('',#7928,.F.);
#7928 = EDGE_LOOP('',(#7929,#7950,#7951,#7972));
#7929 = ORIENTED_EDGE('',*,*,#7930,.F.);
#7930 = EDGE_CURVE('',#4130,#6042,#7931,.T.);
#7931 = SURFACE_CURVE('',#7932,(#7936,#7943),.PCURVE_S1.);
#7932 = LINE('',#7933,#7934);
#7933 = CARTESIAN_POINT('',(-198.5,-102.,-92.5));
#7934 = VECTOR('',#7935,1.);
#7935 = DIRECTION('',(0.,1.,0.));
#7936 = PCURVE('',#4146,#7937);
#7937 = DEFINITIONAL_REPRESENTATION('',(#7938),#7942);
#7938 = LINE('',#7939,#7940);
#7939 = CARTESIAN_POINT('',(0.,0.));
#7940 = VECTOR('',#7941,1.);
#7941 = DIRECTION('',(0.,1.));
#7942 = ( GEOMETRIC_REPRESENTATION_CONTEXT(2) 
PARAMETRIC_REPRESENTATION_CONTEXT() REPRESENTATION_CONTEXT('2D SPACE',''
  ) );
#7943 = PCURVE('',#4172,#7944);
#7944 = DEFINITIONAL_REPRESENTATION('',(#7945),#7949);
#7945 = LINE('',#7946,#7947);
#7946 = CARTESIAN_POINT('',(5.,0.));
#7947 = VECTOR('',#7948,1.);
#7948 = DIRECTION('',(0.,-1.));
#7949 = ( GEOMETRIC_REPRESENTATION_CONTEXT(2) 
PARAMETRIC_REPRESENTATION_CONTEXT() REPRESENTATION_CONTEXT('2D SPACE',''
  ) );
#7950 = ORIENTED_EDGE('',*,*,#4129,.T.);
#7951 = ORIENTED_EDGE('',*,*,#7952,.T.);
#7952 = EDGE_CURVE('',#4132,#6044,#7953,.T.);
#7953 = SURFACE_CURVE('',#7954,(#7958,#7965),.PCURVE_S1.);
#7954 = LINE('',#7955,#7956);
#7955 = CARTESIAN_POINT('',(198.5,-102.,-92.5));
#7956 = VECTOR('',#7957,1.);
#7957 = DIRECTION('',(0.,1.,0.));
#7958 = PCURVE('',#4146,#7959);
#7959 = DEFINITIONAL_REPRESENTATION('',(#7960),#7964);
#7960 = LINE('',#7961,#7962);
#7961 = CARTESIAN_POINT('',(397.,0.));
#7962 = VECTOR('',#7963,1.);
#7963 = DIRECTION('',(0.,1.));
#7964 = ( GEOMETRIC_REPRESENTATION_CONTEXT(2) 
PARAMETRIC_REPRESENTATION_CONTEXT() REPRESENTATION_CONTEXT('2D SPACE',''
  ) );
#7965 = PCURVE('',#4222,#7966);
#7966 = DEFINITIONAL_REPRESENTATION('',(#7967),#7971);
#7967 = LINE('',#7968,#7969);
#7968 = CARTESIAN_POINT('',(5.,0.));
#7969 = VECTOR('',#7970,1.);
#7970 = DIRECTION('',(0.,-1.));
#7971 = ( GEOMETRIC_REPRESENTATION_CONTEXT(2) 
PARAMETRIC_REPRESENTATION_CONTEXT() REPRESENTATION_CONTEXT('2D SPACE',''
  ) );
#7972 = ORIENTED_EDGE('',*,*,#6041,.F.);
#7973 = ADVANCED_FACE('',(#7974),#4172,.T.);
#7974 = FACE_BOUND('',#7975,.T.);
#7975 = EDGE_LOOP('',(#7976,#7977,#7978,#7999));
#7976 = ORIENTED_EDGE('',*,*,#7930,.F.);
#7977 = ORIENTED_EDGE('',*,*,#4157,.T.);
#7978 = ORIENTED_EDGE('',*,*,#7979,.T.);
#7979 = EDGE_CURVE('',#4158,#6065,#7980,.T.);
#7980 = SURFACE_CURVE('',#7981,(#7985,#7992),.PCURVE_S1.);
#7981 = LINE('',#7982,#7983);
#7982 = CARTESIAN_POINT('',(-198.5,-102.,-97.5));
#7983 = VECTOR('',#7984,1.);
#7984 = DIRECTION('',(0.,1.,0.));
#7985 = PCURVE('',#4172,#7986);
#7986 = DEFINITIONAL_REPRESENTATION('',(#7987),#7991);
#7987 = LINE('',#7988,#7989);
#7988 = CARTESIAN_POINT('',(0.,0.));
#7989 = VECTOR('',#7990,1.);
#7990 = DIRECTION('',(0.,-1.));
#7991 = ( GEOMETRIC_REPRESENTATION_CONTEXT(2) 
PARAMETRIC_REPRESENTATION_CONTEXT() REPRESENTATION_CONTEXT('2D SPACE',''
  ) );
#7992 = PCURVE('',#4198,#7993);
#7993 = DEFINITIONAL_REPRESENTATION('',(#7994),#7998);
#7994 = LINE('',#7995,#7996);
#7995 = CARTESIAN_POINT('',(0.,0.));
#7996 = VECTOR('',#7997,1.);
#7997 = DIRECTION('',(0.,1.));
#7998 = ( GEOMETRIC_REPRESENTATION_CONTEXT(2) 
PARAMETRIC_REPRESENTATION_CONTEXT() REPRESENTATION_CONTEXT('2D SPACE',''
  ) );
#7999 = ORIENTED_EDGE('',*,*,#6064,.F.);
#8000 = ADVANCED_FACE('',(#8001),#4222,.F.);
#8001 = FACE_BOUND('',#8002,.F.);
#8002 = EDGE_LOOP('',(#8003,#8004,#8005,#8026));
#8003 = ORIENTED_EDGE('',*,*,#7952,.F.);
#8004 = ORIENTED_EDGE('',*,*,#4209,.T.);
#8005 = ORIENTED_EDGE('',*,*,#8006,.T.);
#8006 = EDGE_CURVE('',#4184,#6086,#8007,.T.);
#8007 = SURFACE_CURVE('',#8008,(#8012,#8019),.PCURVE_S1.);
#8008 = LINE('',#8009,#8010);
#8009 = CARTESIAN_POINT('',(198.5,-102.,-97.5));
#8010 = VECTOR('',#8011,1.);
#8011 = DIRECTION('',(0.,1.,0.));
#8012 = PCURVE('',#4222,#8013);
#8013 = DEFINITIONAL_REPRESENTATION('',(#8014),#8018);
#8014 = LINE('',#8015,#8016);
#8015 = CARTESIAN_POINT('',(0.,0.));
#8016 = VECTOR('',#8017,1.);
#8017 = DIRECTION('',(0.,-1.));
#8018 = ( GEOMETRIC_REPRESENTATION_CONTEXT(2) 
PARAMETRIC_REPRESENTATION_CONTEXT() REPRESENTATION_CONTEXT('2D SPACE',''
  ) );
#8019 = PCURVE('',#4198,#8020);
#8020 = DEFINITIONAL_REPRESENTATION('',(#8021),#8025);
#8021 = LINE('',#8022,#8023);
#8022 = CARTESIAN_POINT('',(397.,0.));
#8023 = VECTOR('',#8024,1.);
#8024 = DIRECTION('',(0.,1.));
#8025 = ( GEOMETRIC_REPRESENTATION_CONTEXT(2) 
PARAMETRIC_REPRESENTATION_CONTEXT() REPRESENTATION_CONTEXT('2D SPACE',''
  ) );
#8026 = ORIENTED_EDGE('',*,*,#6106,.F.);
#8027 = ADVANCED_FACE('',(#8028),#4198,.T.);
#8028 = FACE_BOUND('',#8029,.T.);
#8029 = EDGE_LOOP('',(#8030,#8031,#8032,#8033));
#8030 = ORIENTED_EDGE('',*,*,#7979,.F.);
#8031 = ORIENTED_EDGE('',*,*,#4183,.T.);
#8032 = ORIENTED_EDGE('',*,*,#8006,.T.);
#8033 = ORIENTED_EDGE('',*,*,#6085,.F.);
#8034 = ADVANCED_FACE('',(#8035),#4252,.F.);
#8035 = FACE_BOUND('',#8036,.F.);
#8036 = EDGE_LOOP('',(#8037,#8058,#8059,#8080));
#8037 = ORIENTED_EDGE('',*,*,#8038,.F.);
#8038 = EDGE_CURVE('',#4236,#6128,#8039,.T.);
#8039 = SURFACE_CURVE('',#8040,(#8044,#8051),.PCURVE_S1.);
#8040 = LINE('',#8041,#8042);
#8041 = CARTESIAN_POINT('',(-198.5,-102.,-31.));
#8042 = VECTOR('',#8043,1.);
#8043 = DIRECTION('',(0.,1.,0.));
#8044 = PCURVE('',#4252,#8045);
#8045 = DEFINITIONAL_REPRESENTATION('',(#8046),#8050);
#8046 = LINE('',#8047,#8048);
#8047 = CARTESIAN_POINT('',(0.,0.));
#8048 = VECTOR('',#8049,1.);
#8049 = DIRECTION('',(0.,1.));
#8050 = ( GEOMETRIC_REPRESENTATION_CONTEXT(2) 
PARAMETRIC_REPRESENTATION_CONTEXT() REPRESENTATION_CONTEXT('2D SPACE',''
  ) );
#8051 = PCURVE('',#4278,#8052);
#8052 = DEFINITIONAL_REPRESENTATION('',(#8053),#8057);
#8053 = LINE('',#8054,#8055);
#8054 = CARTESIAN_POINT('',(5.,0.));
#8055 = VECTOR('',#8056,1.);
#8056 = DIRECTION('',(0.,-1.));
#8057 = ( GEOMETRIC_REPRESENTATION_CONTEXT(2) 
PARAMETRIC_REPRESENTATION_CONTEXT() REPRESENTATION_CONTEXT('2D SPACE',''
  ) );
#8058 = ORIENTED_EDGE('',*,*,#4235,.T.);
#8059 = ORIENTED_EDGE('',*,*,#8060,.T.);
#8060 = EDGE_CURVE('',#4238,#6130,#8061,.T.);
#8061 = SURFACE_CURVE('',#8062,(#8066,#8073),.PCURVE_S1.);
#8062 = LINE('',#8063,#8064);
#8063 = CARTESIAN_POINT('',(198.5,-102.,-31.));
#8064 = VECTOR('',#8065,1.);
#8065 = DIRECTION('',(0.,1.,0.));
#8066 = PCURVE('',#4252,#8067);
#8067 = DEFINITIONAL_REPRESENTATION('',(#8068),#8072);
#8068 = LINE('',#8069,#8070);
#8069 = CARTESIAN_POINT('',(397.,0.));
#8070 = VECTOR('',#8071,1.);
#8071 = DIRECTION('',(0.,1.));
#8072 = ( GEOMETRIC_REPRESENTATION_CONTEXT(2) 
PARAMETRIC_REPRESENTATION_CONTEXT() REPRESENTATION_CONTEXT('2D SPACE',''
  ) );
#8073 = PCURVE('',#4328,#8074);
#8074 = DEFINITIONAL_REPRESENTATION('',(#8075),#8079);
#8075 = LINE('',#8076,#8077);
#8076 = CARTESIAN_POINT('',(5.,0.));
#8077 = VECTOR('',#8078,1.);
#8078 = DIRECTION('',(0.,-1.));
#8079 = ( GEOMETRIC_REPRESENTATION_CONTEXT(2) 
PARAMETRIC_REPRESENTATION_CONTEXT() REPRESENTATION_CONTEXT('2D SPACE',''
  ) );
#8080 = ORIENTED_EDGE('',*,*,#6127,.F.);
#8081 = ADVANCED_FACE('',(#8082),#4278,.T.);
#8082 = FACE_BOUND('',#8083,.T.);
#8083 = EDGE_LOOP('',(#8084,#8085,#8086,#8107));
#8084 = ORIENTED_EDGE('',*,*,#8038,.F.);
#8085 = ORIENTED_EDGE('',*,*,#4263,.T.);
#8086 = ORIENTED_EDGE('',*,*,#8087,.T.);
#8087 = EDGE_CURVE('',#4264,#6151,#8088,.T.);
#8088 = SURFACE_CURVE('',#8089,(#8093,#8100),.PCURVE_S1.);
#8089 = LINE('',#8090,#8091);
#8090 = CARTESIAN_POINT('',(-198.5,-102.,-36.));
#8091 = VECTOR('',#8092,1.);
#8092 = DIRECTION('',(0.,1.,0.));
#8093 = PCURVE('',#4278,#8094);
#8094 = DEFINITIONAL_REPRESENTATION('',(#8095),#8099);
#8095 = LINE('',#8096,#8097);
#8096 = CARTESIAN_POINT('',(0.,0.));
#8097 = VECTOR('',#8098,1.);
#8098 = DIRECTION('',(0.,-1.));
#8099 = ( GEOMETRIC_REPRESENTATION_CONTEXT(2) 
PARAMETRIC_REPRESENTATION_CONTEXT() REPRESENTATION_CONTEXT('2D SPACE',''
  ) );
#8100 = PCURVE('',#4304,#8101);
#8101 = DEFINITIONAL_REPRESENTATION('',(#8102),#8106);
#8102 = LINE('',#8103,#8104);
#8103 = CARTESIAN_POINT('',(0.,0.));
#8104 = VECTOR('',#8105,1.);
#8105 = DIRECTION('',(0.,1.));
#8106 = ( GEOMETRIC_REPRESENTATION_CONTEXT(2) 
PARAMETRIC_REPRESENTATION_CONTEXT() REPRESENTATION_CONTEXT('2D SPACE',''
  ) );
#8107 = ORIENTED_EDGE('',*,*,#6150,.F.);
#8108 = ADVANCED_FACE('',(#8109),#4328,.F.);
#8109 = FACE_BOUND('',#8110,.F.);
#8110 = EDGE_LOOP('',(#8111,#8112,#8113,#8134));
#8111 = ORIENTED_EDGE('',*,*,#8060,.F.);
#8112 = ORIENTED_EDGE('',*,*,#4315,.T.);
#8113 = ORIENTED_EDGE('',*,*,#8114,.T.);
#8114 = EDGE_CURVE('',#4290,#6172,#8115,.T.);
#8115 = SURFACE_CURVE('',#8116,(#8120,#8127),.PCURVE_S1.);
#8116 = LINE('',#8117,#8118);
#8117 = CARTESIAN_POINT('',(198.5,-102.,-36.));
#8118 = VECTOR('',#8119,1.);
#8119 = DIRECTION('',(0.,1.,0.));
#8120 = PCURVE('',#4328,#8121);
#8121 = DEFINITIONAL_REPRESENTATION('',(#8122),#8126);
#8122 = LINE('',#8123,#8124);
#8123 = CARTESIAN_POINT('',(0.,0.));
#8124 = VECTOR('',#8125,1.);
#8125 = DIRECTION('',(0.,-1.));
#8126 = ( GEOMETRIC_REPRESENTATION_CONTEXT(2) 
PARAMETRIC_REPRESENTATION_CONTEXT() REPRESENTATION_CONTEXT('2D SPACE',''
  ) );
#8127 = PCURVE('',#4304,#8128);
#8128 = DEFINITIONAL_REPRESENTATION('',(#8129),#8133);
#8129 = LINE('',#8130,#8131);
#8130 = CARTESIAN_POINT('',(397.,0.));
#8131 = VECTOR('',#8132,1.);
#8132 = DIRECTION('',(0.,1.));
#8133 = ( GEOMETRIC_REPRESENTATION_CONTEXT(2) 
PARAMETRIC_REPRESENTATION_CONTEXT() REPRESENTATION_CONTEXT('2D SPACE',''
  ) );
#8134 = ORIENTED_EDGE('',*,*,#6192,.F.);
#8135 = ADVANCED_FACE('',(#8136),#4304,.T.);
#8136 = FACE_BOUND('',#8137,.T.);
#8137 = EDGE_LOOP('',(#8138,#8139,#8140,#8141));
#8138 = ORIENTED_EDGE('',*,*,#8087,.F.);
#8139 = ORIENTED_EDGE('',*,*,#4289,.T.);
#8140 = ORIENTED_EDGE('',*,*,#8114,.T.);
#8141 = ORIENTED_EDGE('',*,*,#6171,.F.);
#8142 = ADVANCED_FACE('',(#8143),#4358,.F.);
#8143 = FACE_BOUND('',#8144,.F.);
#8144 = EDGE_LOOP('',(#8145,#8166,#8167,#8188));
#8145 = ORIENTED_EDGE('',*,*,#8146,.F.);
#8146 = EDGE_CURVE('',#4342,#6214,#8147,.T.);
#8147 = SURFACE_CURVE('',#8148,(#8152,#8159),.PCURVE_S1.);
#8148 = LINE('',#8149,#8150);
#8149 = CARTESIAN_POINT('',(-198.5,-102.,30.5));
#8150 = VECTOR('',#8151,1.);
#8151 = DIRECTION('',(0.,1.,0.));
#8152 = PCURVE('',#4358,#8153);
#8153 = DEFINITIONAL_REPRESENTATION('',(#8154),#8158);
#8154 = LINE('',#8155,#8156);
#8155 = CARTESIAN_POINT('',(0.,0.));
#8156 = VECTOR('',#8157,1.);
#8157 = DIRECTION('',(0.,1.));
#8158 = ( GEOMETRIC_REPRESENTATION_CONTEXT(2) 
PARAMETRIC_REPRESENTATION_CONTEXT() REPRESENTATION_CONTEXT('2D SPACE',''
  ) );
#8159 = PCURVE('',#4384,#8160);
#8160 = DEFINITIONAL_REPRESENTATION('',(#8161),#8165);
#8161 = LINE('',#8162,#8163);
#8162 = CARTESIAN_POINT('',(5.,0.));
#8163 = VECTOR('',#8164,1.);
#8164 = DIRECTION('',(0.,-1.));
#8165 = ( GEOMETRIC_REPRESENTATION_CONTEXT(2) 
PARAMETRIC_REPRESENTATION_CONTEXT() REPRESENTATION_CONTEXT('2D SPACE',''
  ) );
#8166 = ORIENTED_EDGE('',*,*,#4341,.T.);
#8167 = ORIENTED_EDGE('',*,*,#8168,.T.);
#8168 = EDGE_CURVE('',#4344,#6216,#8169,.T.);
#8169 = SURFACE_CURVE('',#8170,(#8174,#8181),.PCURVE_S1.);
#8170 = LINE('',#8171,#8172);
#8171 = CARTESIAN_POINT('',(198.5,-102.,30.5));
#8172 = VECTOR('',#8173,1.);
#8173 = DIRECTION('',(0.,1.,0.));
#8174 = PCURVE('',#4358,#8175);
#8175 = DEFINITIONAL_REPRESENTATION('',(#8176),#8180);
#8176 = LINE('',#8177,#8178);
#8177 = CARTESIAN_POINT('',(397.,0.));
#8178 = VECTOR('',#8179,1.);
#8179 = DIRECTION('',(0.,1.));
#8180 = ( GEOMETRIC_REPRESENTATION_CONTEXT(2) 
PARAMETRIC_REPRESENTATION_CONTEXT() REPRESENTATION_CONTEXT('2D SPACE',''
  ) );
#8181 = PCURVE('',#4434,#8182);
#8182 = DEFINITIONAL_REPRESENTATION('',(#8183),#8187);
#8183 = LINE('',#8184,#8185);
#8184 = CARTESIAN_POINT('',(5.,0.));
#8185 = VECTOR('',#8186,1.);
#8186 = DIRECTION('',(0.,-1.));
#8187 = ( GEOMETRIC_REPRESENTATION_CONTEXT(2) 
PARAMETRIC_REPRESENTATION_CONTEXT() REPRESENTATION_CONTEXT('2D SPACE',''
  ) );
#8188 = ORIENTED_EDGE('',*,*,#6213,.F.);
#8189 = ADVANCED_FACE('',(#8190),#4384,.T.);
#8190 = FACE_BOUND('',#8191,.T.);
#8191 = EDGE_LOOP('',(#8192,#8193,#8194,#8215));
#8192 = ORIENTED_EDGE('',*,*,#8146,.F.);
#8193 = ORIENTED_EDGE('',*,*,#4369,.T.);
#8194 = ORIENTED_EDGE('',*,*,#8195,.T.);
#8195 = EDGE_CURVE('',#4370,#6237,#8196,.T.);
#8196 = SURFACE_CURVE('',#8197,(#8201,#8208),.PCURVE_S1.);
#8197 = LINE('',#8198,#8199);
#8198 = CARTESIAN_POINT('',(-198.5,-102.,25.5));
#8199 = VECTOR('',#8200,1.);
#8200 = DIRECTION('',(0.,1.,0.));
#8201 = PCURVE('',#4384,#8202);
#8202 = DEFINITIONAL_REPRESENTATION('',(#8203),#8207);
#8203 = LINE('',#8204,#8205);
#8204 = CARTESIAN_POINT('',(0.,0.));
#8205 = VECTOR('',#8206,1.);
#8206 = DIRECTION('',(0.,-1.));
#8207 = ( GEOMETRIC_REPRESENTATION_CONTEXT(2) 
PARAMETRIC_REPRESENTATION_CONTEXT() REPRESENTATION_CONTEXT('2D SPACE',''
  ) );
#8208 = PCURVE('',#4410,#8209);
#8209 = DEFINITIONAL_REPRESENTATION('',(#8210),#8214);
#8210 = LINE('',#8211,#8212);
#8211 = CARTESIAN_POINT('',(0.,0.));
#8212 = VECTOR('',#8213,1.);
#8213 = DIRECTION('',(0.,1.));
#8214 = ( GEOMETRIC_REPRESENTATION_CONTEXT(2) 
PARAMETRIC_REPRESENTATION_CONTEXT() REPRESENTATION_CONTEXT('2D SPACE',''
  ) );
#8215 = ORIENTED_EDGE('',*,*,#6236,.F.);
#8216 = ADVANCED_FACE('',(#8217),#4434,.F.);
#8217 = FACE_BOUND('',#8218,.F.);
#8218 = EDGE_LOOP('',(#8219,#8220,#8221,#8242));
#8219 = ORIENTED_EDGE('',*,*,#8168,.F.);
#8220 = ORIENTED_EDGE('',*,*,#4421,.T.);
#8221 = ORIENTED_EDGE('',*,*,#8222,.T.);
#8222 = EDGE_CURVE('',#4396,#6258,#8223,.T.);
#8223 = SURFACE_CURVE('',#8224,(#8228,#8235),.PCURVE_S1.);
#8224 = LINE('',#8225,#8226);
#8225 = CARTESIAN_POINT('',(198.5,-102.,25.5));
#8226 = VECTOR('',#8227,1.);
#8227 = DIRECTION('',(0.,1.,0.));
#8228 = PCURVE('',#4434,#8229);
#8229 = DEFINITIONAL_REPRESENTATION('',(#8230),#8234);
#8230 = LINE('',#8231,#8232);
#8231 = CARTESIAN_POINT('',(0.,0.));
#8232 = VECTOR('',#8233,1.);
#8233 = DIRECTION('',(0.,-1.));
#8234 = ( GEOMETRIC_REPRESENTATION_CONTEXT(2) 
PARAMETRIC_REPRESENTATION_CONTEXT() REPRESENTATION_CONTEXT('2D SPACE',''
  ) );
#8235 = PCURVE('',#4410,#8236);
#8236 = DEFINITIONAL_REPRESENTATION('',(#8237),#8241);
#8237 = LINE('',#8238,#8239);
#8238 = CARTESIAN_POINT('',(397.,0.));
#8239 = VECTOR('',#8240,1.);
#8240 = DIRECTION('',(0.,1.));
#8241 = ( GEOMETRIC_REPRESENTATION_CONTEXT(2) 
PARAMETRIC_REPRESENTATION_CONTEXT() REPRESENTATION_CONTEXT('2D SPACE',''
  ) );
#8242 = ORIENTED_EDGE('',*,*,#6278,.F.);
#8243 = ADVANCED_FACE('',(#8244),#4410,.T.);
#8244 = FACE_BOUND('',#8245,.T.);
#8245 = EDGE_LOOP('',(#8246,#8247,#8248,#8249));
#8246 = ORIENTED_EDGE('',*,*,#8195,.F.);
#8247 = ORIENTED_EDGE('',*,*,#4395,.T.);
#8248 = ORIENTED_EDGE('',*,*,#8222,.T.);
#8249 = ORIENTED_EDGE('',*,*,#6257,.F.);
#8250 = ADVANCED_FACE('',(#8251),#4464,.F.);
#8251 = FACE_BOUND('',#8252,.F.);
#8252 = EDGE_LOOP('',(#8253,#8274,#8275,#8296));
#8253 = ORIENTED_EDGE('',*,*,#8254,.F.);
#8254 = EDGE_CURVE('',#4448,#6300,#8255,.T.);
#8255 = SURFACE_CURVE('',#8256,(#8260,#8267),.PCURVE_S1.);
#8256 = LINE('',#8257,#8258);
#8257 = CARTESIAN_POINT('',(-198.5,-102.,92.));
#8258 = VECTOR('',#8259,1.);
#8259 = DIRECTION('',(0.,1.,0.));
#8260 = PCURVE('',#4464,#8261);
#8261 = DEFINITIONAL_REPRESENTATION('',(#8262),#8266);
#8262 = LINE('',#8263,#8264);
#8263 = CARTESIAN_POINT('',(0.,0.));
#8264 = VECTOR('',#8265,1.);
#8265 = DIRECTION('',(0.,1.));
#8266 = ( GEOMETRIC_REPRESENTATION_CONTEXT(2) 
PARAMETRIC_REPRESENTATION_CONTEXT() REPRESENTATION_CONTEXT('2D SPACE',''
  ) );
#8267 = PCURVE('',#4490,#8268);
#8268 = DEFINITIONAL_REPRESENTATION('',(#8269),#8273);
#8269 = LINE('',#8270,#8271);
#8270 = CARTESIAN_POINT('',(5.,0.));
#8271 = VECTOR('',#8272,1.);
#8272 = DIRECTION('',(0.,-1.));
#8273 = ( GEOMETRIC_REPRESENTATION_CONTEXT(2) 
PARAMETRIC_REPRESENTATION_CONTEXT() REPRESENTATION_CONTEXT('2D SPACE',''
  ) );
#8274 = ORIENTED_EDGE('',*,*,#4447,.T.);
#8275 = ORIENTED_EDGE('',*,*,#8276,.T.);
#8276 = EDGE_CURVE('',#4450,#6302,#8277,.T.);
#8277 = SURFACE_CURVE('',#8278,(#8282,#8289),.PCURVE_S1.);
#8278 = LINE('',#8279,#8280);
#8279 = CARTESIAN_POINT('',(198.5,-102.,92.));
#8280 = VECTOR('',#8281,1.);
#8281 = DIRECTION('',(0.,1.,0.));
#8282 = PCURVE('',#4464,#8283);
#8283 = DEFINITIONAL_REPRESENTATION('',(#8284),#8288);
#8284 = LINE('',#8285,#8286);
#8285 = CARTESIAN_POINT('',(397.,0.));
#8286 = VECTOR('',#8287,1.);
#8287 = DIRECTION('',(0.,1.));
#8288 = ( GEOMETRIC_REPRESENTATION_CONTEXT(2) 
PARAMETRIC_REPRESENTATION_CONTEXT() REPRESENTATION_CONTEXT('2D SPACE',''
  ) );
#8289 = PCURVE('',#4540,#8290);
#8290 = DEFINITIONAL_REPRESENTATION('',(#8291),#8295);
#8291 = LINE('',#8292,#8293);
#8292 = CARTESIAN_POINT('',(5.,0.));
#8293 = VECTOR('',#8294,1.);
#8294 = DIRECTION('',(0.,-1.));
#8295 = ( GEOMETRIC_REPRESENTATION_CONTEXT(2) 
PARAMETRIC_REPRESENTATION_CONTEXT() REPRESENTATION_CONTEXT('2D SPACE',''
  ) );
#8296 = ORIENTED_EDGE('',*,*,#6299,.F.);
#8297 = ADVANCED_FACE('',(#8298),#4490,.T.);
#8298 = FACE_BOUND('',#8299,.T.);
#8299 = EDGE_LOOP('',(#8300,#8301,#8302,#8323));
#8300 = ORIENTED_EDGE('',*,*,#8254,.F.);
#8301 = ORIENTED_EDGE('',*,*,#4475,.T.);
#8302 = ORIENTED_EDGE('',*,*,#8303,.T.);
#8303 = EDGE_CURVE('',#4476,#6323,#8304,.T.);
#8304 = SURFACE_CURVE('',#8305,(#8309,#8316),.PCURVE_S1.);
#8305 = LINE('',#8306,#8307);
#8306 = CARTESIAN_POINT('',(-198.5,-102.,87.));
#8307 = VECTOR('',#8308,1.);
#8308 = DIRECTION('',(0.,1.,0.));
#8309 = PCURVE('',#4490,#8310);
#8310 = DEFINITIONAL_REPRESENTATION('',(#8311),#8315);
#8311 = LINE('',#8312,#8313);
#8312 = CARTESIAN_POINT('',(0.,0.));
#8313 = VECTOR('',#8314,1.);
#8314 = DIRECTION('',(0.,-1.));
#8315 = ( GEOMETRIC_REPRESENTATION_CONTEXT(2) 
PARAMETRIC_REPRESENTATION_CONTEXT() REPRESENTATION_CONTEXT('2D SPACE',''
  ) );
#8316 = PCURVE('',#4516,#8317);
#8317 = DEFINITIONAL_REPRESENTATION('',(#8318),#8322);
#8318 = LINE('',#8319,#8320);
#8319 = CARTESIAN_POINT('',(0.,0.));
#8320 = VECTOR('',#8321,1.);
#8321 = DIRECTION('',(0.,1.));
#8322 = ( GEOMETRIC_REPRESENTATION_CONTEXT(2) 
PARAMETRIC_REPRESENTATION_CONTEXT() REPRESENTATION_CONTEXT('2D SPACE',''
  ) );
#8323 = ORIENTED_EDGE('',*,*,#6322,.F.);
#8324 = ADVANCED_FACE('',(#8325),#4540,.F.);
#8325 = FACE_BOUND('',#8326,.F.);
#8326 = EDGE_LOOP('',(#8327,#8328,#8329,#8350));
#8327 = ORIENTED_EDGE('',*,*,#8276,.F.);
#8328 = ORIENTED_EDGE('',*,*,#4527,.T.);
#8329 = ORIENTED_EDGE('',*,*,#8330,.T.);
#8330 = EDGE_CURVE('',#4502,#6344,#8331,.T.);
#8331 = SURFACE_CURVE('',#8332,(#8336,#8343),.PCURVE_S1.);
#8332 = LINE('',#8333,#8334);
#8333 = CARTESIAN_POINT('',(198.5,-102.,87.));
#8334 = VECTOR('',#8335,1.);
#8335 = DIRECTION('',(0.,1.,0.));
#8336 = PCURVE('',#4540,#8337);
#8337 = DEFINITIONAL_REPRESENTATION('',(#8338),#8342);
#8338 = LINE('',#8339,#8340);
#8339 = CARTESIAN_POINT('',(0.,0.));
#8340 = VECTOR('',#8341,1.);
#8341 = DIRECTION('',(0.,-1.));
#8342 = ( GEOMETRIC_REPRESENTATION_CONTEXT(2) 
PARAMETRIC_REPRESENTATION_CONTEXT() REPRESENTATION_CONTEXT('2D SPACE',''
  ) );
#8343 = PCURVE('',#4516,#8344);
#8344 = DEFINITIONAL_REPRESENTATION('',(#8345),#8349);
#8345 = LINE('',#8346,#8347);
#8346 = CARTESIAN_POINT('',(397.,0.));
#8347 = VECTOR('',#8348,1.);
#8348 = DIRECTION('',(0.,1.));
#8349 = ( GEOMETRIC_REPRESENTATION_CONTEXT(2) 
PARAMETRIC_REPRESENTATION_CONTEXT() REPRESENTATION_CONTEXT('2D SPACE',''
  ) );
#8350 = ORIENTED_EDGE('',*,*,#6364,.F.);
#8351 = ADVANCED_FACE('',(#8352),#4516,.T.);
#8352 = FACE_BOUND('',#8353,.T.);
#8353 = EDGE_LOOP('',(#8354,#8355,#8356,#8357));
#8354 = ORIENTED_EDGE('',*,*,#8303,.F.);
#8355 = ORIENTED_EDGE('',*,*,#4501,.T.);
#8356 = ORIENTED_EDGE('',*,*,#8330,.T.);
#8357 = ORIENTED_EDGE('',*,*,#6343,.F.);
#8358 = ADVANCED_FACE('',(#8359),#4570,.F.);
#8359 = FACE_BOUND('',#8360,.F.);
#8360 = EDGE_LOOP('',(#8361,#8382,#8383,#8404));
#8361 = ORIENTED_EDGE('',*,*,#8362,.F.);
#8362 = EDGE_CURVE('',#4554,#6386,#8363,.T.);
#8363 = SURFACE_CURVE('',#8364,(#8368,#8375),.PCURVE_S1.);
#8364 = LINE('',#8365,#8366);
#8365 = CARTESIAN_POINT('',(-198.5,-102.,153.5));
#8366 = VECTOR('',#8367,1.);
#8367 = DIRECTION('',(0.,1.,0.));
#8368 = PCURVE('',#4570,#8369);
#8369 = DEFINITIONAL_REPRESENTATION('',(#8370),#8374);
#8370 = LINE('',#8371,#8372);
#8371 = CARTESIAN_POINT('',(0.,0.));
#8372 = VECTOR('',#8373,1.);
#8373 = DIRECTION('',(0.,1.));
#8374 = ( GEOMETRIC_REPRESENTATION_CONTEXT(2) 
PARAMETRIC_REPRESENTATION_CONTEXT() REPRESENTATION_CONTEXT('2D SPACE',''
  ) );
#8375 = PCURVE('',#4596,#8376);
#8376 = DEFINITIONAL_REPRESENTATION('',(#8377),#8381);
#8377 = LINE('',#8378,#8379);
#8378 = CARTESIAN_POINT('',(5.,0.));
#8379 = VECTOR('',#8380,1.);
#8380 = DIRECTION('',(0.,-1.));
#8381 = ( GEOMETRIC_REPRESENTATION_CONTEXT(2) 
PARAMETRIC_REPRESENTATION_CONTEXT() REPRESENTATION_CONTEXT('2D SPACE',''
  ) );
#8382 = ORIENTED_EDGE('',*,*,#4553,.T.);
#8383 = ORIENTED_EDGE('',*,*,#8384,.T.);
#8384 = EDGE_CURVE('',#4556,#6388,#8385,.T.);
#8385 = SURFACE_CURVE('',#8386,(#8390,#8397),.PCURVE_S1.);
#8386 = LINE('',#8387,#8388);
#8387 = CARTESIAN_POINT('',(198.5,-102.,153.5));
#8388 = VECTOR('',#8389,1.);
#8389 = DIRECTION('',(0.,1.,0.));
#8390 = PCURVE('',#4570,#8391);
#8391 = DEFINITIONAL_REPRESENTATION('',(#8392),#8396);
#8392 = LINE('',#8393,#8394);
#8393 = CARTESIAN_POINT('',(397.,0.));
#8394 = VECTOR('',#8395,1.);
#8395 = DIRECTION('',(0.,1.));
#8396 = ( GEOMETRIC_REPRESENTATION_CONTEXT(2) 
PARAMETRIC_REPRESENTATION_CONTEXT() REPRESENTATION_CONTEXT('2D SPACE',''
  ) );
#8397 = PCURVE('',#4646,#8398);
#8398 = DEFINITIONAL_REPRESENTATION('',(#8399),#8403);
#8399 = LINE('',#8400,#8401);
#8400 = CARTESIAN_POINT('',(5.,0.));
#8401 = VECTOR('',#8402,1.);
#8402 = DIRECTION('',(0.,-1.));
#8403 = ( GEOMETRIC_REPRESENTATION_CONTEXT(2) 
PARAMETRIC_REPRESENTATION_CONTEXT() REPRESENTATION_CONTEXT('2D SPACE',''
  ) );
#8404 = ORIENTED_EDGE('',*,*,#6385,.F.);
#8405 = ADVANCED_FACE('',(#8406),#4596,.T.);
#8406 = FACE_BOUND('',#8407,.T.);
#8407 = EDGE_LOOP('',(#8408,#8409,#8410,#8431));
#8408 = ORIENTED_EDGE('',*,*,#8362,.F.);
#8409 = ORIENTED_EDGE('',*,*,#4581,.T.);
#8410 = ORIENTED_EDGE('',*,*,#8411,.T.);
#8411 = EDGE_CURVE('',#4582,#6409,#8412,.T.);
#8412 = SURFACE_CURVE('',#8413,(#8417,#8424),.PCURVE_S1.);
#8413 = LINE('',#8414,#8415);
#8414 = CARTESIAN_POINT('',(-198.5,-102.,148.5));
#8415 = VECTOR('',#8416,1.);
#8416 = DIRECTION('',(0.,1.,0.));
#8417 = PCURVE('',#4596,#8418);
#8418 = DEFINITIONAL_REPRESENTATION('',(#8419),#8423);
#8419 = LINE('',#8420,#8421);
#8420 = CARTESIAN_POINT('',(0.,0.));
#8421 = VECTOR('',#8422,1.);
#8422 = DIRECTION('',(0.,-1.));
#8423 = ( GEOMETRIC_REPRESENTATION_CONTEXT(2) 
PARAMETRIC_REPRESENTATION_CONTEXT() REPRESENTATION_CONTEXT('2D SPACE',''
  ) );
#8424 = PCURVE('',#4622,#8425);
#8425 = DEFINITIONAL_REPRESENTATION('',(#8426),#8430);
#8426 = LINE('',#8427,#8428);
#8427 = CARTESIAN_POINT('',(0.,0.));
#8428 = VECTOR('',#8429,1.);
#8429 = DIRECTION('',(0.,1.));
#8430 = ( GEOMETRIC_REPRESENTATION_CONTEXT(2) 
PARAMETRIC_REPRESENTATION_CONTEXT() REPRESENTATION_CONTEXT('2D SPACE',''
  ) );
#8431 = ORIENTED_EDGE('',*,*,#6408,.F.);
#8432 = ADVANCED_FACE('',(#8433),#4646,.F.);
#8433 = FACE_BOUND('',#8434,.F.);
#8434 = EDGE_LOOP('',(#8435,#8436,#8437,#8458));
#8435 = ORIENTED_EDGE('',*,*,#8384,.F.);
#8436 = ORIENTED_EDGE('',*,*,#4633,.T.);
#8437 = ORIENTED_EDGE('',*,*,#8438,.T.);
#8438 = EDGE_CURVE('',#4608,#6430,#8439,.T.);
#8439 = SURFACE_CURVE('',#8440,(#8444,#8451),.PCURVE_S1.);
#8440 = LINE('',#8441,#8442);
#8441 = CARTESIAN_POINT('',(198.5,-102.,148.5));
#8442 = VECTOR('',#8443,1.);
#8443 = DIRECTION('',(0.,1.,0.));
#8444 = PCURVE('',#4646,#8445);
#8445 = DEFINITIONAL_REPRESENTATION('',(#8446),#8450);
#8446 = LINE('',#8447,#8448);
#8447 = CARTESIAN_POINT('',(0.,0.));
#8448 = VECTOR('',#8449,1.);
#8449 = DIRECTION('',(0.,-1.));
#8450 = ( GEOMETRIC_REPRESENTATION_CONTEXT(2) 
PARAMETRIC_REPRESENTATION_CONTEXT() REPRESENTATION_CONTEXT('2D SPACE',''
  ) );
#8451 = PCURVE('',#4622,#8452);
#8452 = DEFINITIONAL_REPRESENTATION('',(#8453),#8457);
#8453 = LINE('',#8454,#8455);
#8454 = CARTESIAN_POINT('',(397.,0.));
#8455 = VECTOR('',#8456,1.);
#8456 = DIRECTION('',(0.,1.));
#8457 = ( GEOMETRIC_REPRESENTATION_CONTEXT(2) 
PARAMETRIC_REPRESENTATION_CONTEXT() REPRESENTATION_CONTEXT('2D SPACE',''
  ) );
#8458 = ORIENTED_EDGE('',*,*,#6450,.F.);
#8459 = ADVANCED_FACE('',(#8460),#4622,.T.);
#8460 = FACE_BOUND('',#8461,.T.);
#8461 = EDGE_LOOP('',(#8462,#8463,#8464,#8465));
#8462 = ORIENTED_EDGE('',*,*,#8411,.F.);
#8463 = ORIENTED_EDGE('',*,*,#4607,.T.);
#8464 = ORIENTED_EDGE('',*,*,#8438,.T.);
#8465 = ORIENTED_EDGE('',*,*,#6429,.F.);
#8466 = ADVANCED_FACE('',(#8467),#4676,.F.);
#8467 = FACE_BOUND('',#8468,.F.);
#8468 = EDGE_LOOP('',(#8469,#8490,#8491,#8512));
#8469 = ORIENTED_EDGE('',*,*,#8470,.F.);
#8470 = EDGE_CURVE('',#4660,#6472,#8471,.T.);
#8471 = SURFACE_CURVE('',#8472,(#8476,#8483),.PCURVE_S1.);
#8472 = LINE('',#8473,#8474);
#8473 = CARTESIAN_POINT('',(-198.5,-102.,215.));
#8474 = VECTOR('',#8475,1.);
#8475 = DIRECTION('',(0.,1.,0.));
#8476 = PCURVE('',#4676,#8477);
#8477 = DEFINITIONAL_REPRESENTATION('',(#8478),#8482);
#8478 = LINE('',#8479,#8480);
#8479 = CARTESIAN_POINT('',(0.,0.));
#8480 = VECTOR('',#8481,1.);
#8481 = DIRECTION('',(0.,1.));
#8482 = ( GEOMETRIC_REPRESENTATION_CONTEXT(2) 
PARAMETRIC_REPRESENTATION_CONTEXT() REPRESENTATION_CONTEXT('2D SPACE',''
  ) );
#8483 = PCURVE('',#4702,#8484);
#8484 = DEFINITIONAL_REPRESENTATION('',(#8485),#8489);
#8485 = LINE('',#8486,#8487);
#8486 = CARTESIAN_POINT('',(5.,0.));
#8487 = VECTOR('',#8488,1.);
#8488 = DIRECTION('',(0.,-1.));
#8489 = ( GEOMETRIC_REPRESENTATION_CONTEXT(2) 
PARAMETRIC_REPRESENTATION_CONTEXT() REPRESENTATION_CONTEXT('2D SPACE',''
  ) );
#8490 = ORIENTED_EDGE('',*,*,#4659,.T.);
#8491 = ORIENTED_EDGE('',*,*,#8492,.T.);
#8492 = EDGE_CURVE('',#4662,#6474,#8493,.T.);
#8493 = SURFACE_CURVE('',#8494,(#8498,#8505),.PCURVE_S1.);
#8494 = LINE('',#8495,#8496);
#8495 = CARTESIAN_POINT('',(198.5,-102.,215.));
#8496 = VECTOR('',#8497,1.);
#8497 = DIRECTION('',(0.,1.,0.));
#8498 = PCURVE('',#4676,#8499);
#8499 = DEFINITIONAL_REPRESENTATION('',(#8500),#8504);
#8500 = LINE('',#8501,#8502);
#8501 = CARTESIAN_POINT('',(397.,0.));
#8502 = VECTOR('',#8503,1.);
#8503 = DIRECTION('',(0.,1.));
#8504 = ( GEOMETRIC_REPRESENTATION_CONTEXT(2) 
PARAMETRIC_REPRESENTATION_CONTEXT() REPRESENTATION_CONTEXT('2D SPACE',''
  ) );
#8505 = PCURVE('',#4752,#8506);
#8506 = DEFINITIONAL_REPRESENTATION('',(#8507),#8511);
#8507 = LINE('',#8508,#8509);
#8508 = CARTESIAN_POINT('',(5.,0.));
#8509 = VECTOR('',#8510,1.);
#8510 = DIRECTION('',(0.,-1.));
#8511 = ( GEOMETRIC_REPRESENTATION_CONTEXT(2) 
PARAMETRIC_REPRESENTATION_CONTEXT() REPRESENTATION_CONTEXT('2D SPACE',''
  ) );
#8512 = ORIENTED_EDGE('',*,*,#6471,.F.);
#8513 = ADVANCED_FACE('',(#8514),#4702,.T.);
#8514 = FACE_BOUND('',#8515,.T.);
#8515 = EDGE_LOOP('',(#8516,#8517,#8518,#8539));
#8516 = ORIENTED_EDGE('',*,*,#8470,.F.);
#8517 = ORIENTED_EDGE('',*,*,#4687,.T.);
#8518 = ORIENTED_EDGE('',*,*,#8519,.T.);
#8519 = EDGE_CURVE('',#4688,#6495,#8520,.T.);
#8520 = SURFACE_CURVE('',#8521,(#8525,#8532),.PCURVE_S1.);
#8521 = LINE('',#8522,#8523);
#8522 = CARTESIAN_POINT('',(-198.5,-102.,210.));
#8523 = VECTOR('',#8524,1.);
#8524 = DIRECTION('',(0.,1.,0.));
#8525 = PCURVE('',#4702,#8526);
#8526 = DEFINITIONAL_REPRESENTATION('',(#8527),#8531);
#8527 = LINE('',#8528,#8529);
#8528 = CARTESIAN_POINT('',(0.,0.));
#8529 = VECTOR('',#8530,1.);
#8530 = DIRECTION('',(0.,-1.));
#8531 = ( GEOMETRIC_REPRESENTATION_CONTEXT(2) 
PARAMETRIC_REPRESENTATION_CONTEXT() REPRESENTATION_CONTEXT('2D SPACE',''
  ) );
#8532 = PCURVE('',#4728,#8533);
#8533 = DEFINITIONAL_REPRESENTATION('',(#8534),#8538);
#8534 = LINE('',#8535,#8536);
#8535 = CARTESIAN_POINT('',(0.,0.));
#8536 = VECTOR('',#8537,1.);
#8537 = DIRECTION('',(0.,1.));
#8538 = ( GEOMETRIC_REPRESENTATION_CONTEXT(2) 
PARAMETRIC_REPRESENTATION_CONTEXT() REPRESENTATION_CONTEXT('2D SPACE',''
  ) );
#8539 = ORIENTED_EDGE('',*,*,#6494,.F.);
#8540 = ADVANCED_FACE('',(#8541),#4752,.F.);
#8541 = FACE_BOUND('',#8542,.F.);
#8542 = EDGE_LOOP('',(#8543,#8544,#8545,#8566));
#8543 = ORIENTED_EDGE('',*,*,#8492,.F.);
#8544 = ORIENTED_EDGE('',*,*,#4739,.T.);
#8545 = ORIENTED_EDGE('',*,*,#8546,.T.);
#8546 = EDGE_CURVE('',#4714,#6516,#8547,.T.);
#8547 = SURFACE_CURVE('',#8548,(#8552,#8559),.PCURVE_S1.);
#8548 = LINE('',#8549,#8550);
#8549 = CARTESIAN_POINT('',(198.5,-102.,210.));
#8550 = VECTOR('',#8551,1.);
#8551 = DIRECTION('',(0.,1.,0.));
#8552 = PCURVE('',#4752,#8553);
#8553 = DEFINITIONAL_REPRESENTATION('',(#8554),#8558);
#8554 = LINE('',#8555,#8556);
#8555 = CARTESIAN_POINT('',(0.,0.));
#8556 = VECTOR('',#8557,1.);
#8557 = DIRECTION('',(0.,-1.));
#8558 = ( GEOMETRIC_REPRESENTATION_CONTEXT(2) 
PARAMETRIC_REPRESENTATION_CONTEXT() REPRESENTATION_CONTEXT('2D SPACE',''
  ) );
#8559 = PCURVE('',#4728,#8560);
#8560 = DEFINITIONAL_REPRESENTATION('',(#8561),#8565);
#8561 = LINE('',#8562,#8563);
#8562 = CARTESIAN_POINT('',(397.,0.));
#8563 = VECTOR('',#8564,1.);
#8564 = DIRECTION('',(0.,1.));
#8565 = ( GEOMETRIC_REPRESENTATION_CONTEXT(2) 
PARAMETRIC_REPRESENTATION_CONTEXT() REPRESENTATION_CONTEXT('2D SPACE',''
  ) );
#8566 = ORIENTED_EDGE('',*,*,#6536,.F.);
#8567 = ADVANCED_FACE('',(#8568),#4728,.T.);
#8568 = FACE_BOUND('',#8569,.T.);
#8569 = EDGE_LOOP('',(#8570,#8571,#8572,#8573));
#8570 = ORIENTED_EDGE('',*,*,#8519,.F.);
#8571 = ORIENTED_EDGE('',*,*,#4713,.T.);
#8572 = ORIENTED_EDGE('',*,*,#8546,.T.);
#8573 = ORIENTED_EDGE('',*,*,#6515,.F.);
#8574 = ADVANCED_FACE('',(#8575),#4782,.F.);
#8575 = FACE_BOUND('',#8576,.F.);
#8576 = EDGE_LOOP('',(#8577,#8598,#8599,#8620));
#8577 = ORIENTED_EDGE('',*,*,#8578,.F.);
#8578 = EDGE_CURVE('',#4766,#6558,#8579,.T.);
#8579 = SURFACE_CURVE('',#8580,(#8584,#8591),.PCURVE_S1.);
#8580 = LINE('',#8581,#8582);
#8581 = CARTESIAN_POINT('',(-198.5,-102.,276.5));
#8582 = VECTOR('',#8583,1.);
#8583 = DIRECTION('',(0.,1.,0.));
#8584 = PCURVE('',#4782,#8585);
#8585 = DEFINITIONAL_REPRESENTATION('',(#8586),#8590);
#8586 = LINE('',#8587,#8588);
#8587 = CARTESIAN_POINT('',(0.,0.));
#8588 = VECTOR('',#8589,1.);
#8589 = DIRECTION('',(0.,1.));
#8590 = ( GEOMETRIC_REPRESENTATION_CONTEXT(2) 
PARAMETRIC_REPRESENTATION_CONTEXT() REPRESENTATION_CONTEXT('2D SPACE',''
  ) );
#8591 = PCURVE('',#4808,#8592);
#8592 = DEFINITIONAL_REPRESENTATION('',(#8593),#8597);
#8593 = LINE('',#8594,#8595);
#8594 = CARTESIAN_POINT('',(5.,0.));
#8595 = VECTOR('',#8596,1.);
#8596 = DIRECTION('',(0.,-1.));
#8597 = ( GEOMETRIC_REPRESENTATION_CONTEXT(2) 
PARAMETRIC_REPRESENTATION_CONTEXT() REPRESENTATION_CONTEXT('2D SPACE',''
  ) );
#8598 = ORIENTED_EDGE('',*,*,#4765,.T.);
#8599 = ORIENTED_EDGE('',*,*,#8600,.T.);
#8600 = EDGE_CURVE('',#4768,#6560,#8601,.T.);
#8601 = SURFACE_CURVE('',#8602,(#8606,#8613),.PCURVE_S1.);
#8602 = LINE('',#8603,#8604);
#8603 = CARTESIAN_POINT('',(198.5,-102.,276.5));
#8604 = VECTOR('',#8605,1.);
#8605 = DIRECTION('',(0.,1.,0.));
#8606 = PCURVE('',#4782,#8607);
#8607 = DEFINITIONAL_REPRESENTATION('',(#8608),#8612);
#8608 = LINE('',#8609,#8610);
#8609 = CARTESIAN_POINT('',(397.,0.));
#8610 = VECTOR('',#8611,1.);
#8611 = DIRECTION('',(0.,1.));
#8612 = ( GEOMETRIC_REPRESENTATION_CONTEXT(2) 
PARAMETRIC_REPRESENTATION_CONTEXT() REPRESENTATION_CONTEXT('2D SPACE',''
  ) );
#8613 = PCURVE('',#4858,#8614);
#8614 = DEFINITIONAL_REPRESENTATION('',(#8615),#8619);
#8615 = LINE('',#8616,#8617);
#8616 = CARTESIAN_POINT('',(5.,0.));
#8617 = VECTOR('',#8618,1.);
#8618 = DIRECTION('',(0.,-1.));
#8619 = ( GEOMETRIC_REPRESENTATION_CONTEXT(2) 
PARAMETRIC_REPRESENTATION_CONTEXT() REPRESENTATION_CONTEXT('2D SPACE',''
  ) );
#8620 = ORIENTED_EDGE('',*,*,#6557,.F.);
#8621 = ADVANCED_FACE('',(#8622),#4808,.T.);
#8622 = FACE_BOUND('',#8623,.T.);
#8623 = EDGE_LOOP('',(#8624,#8625,#8626,#8647));
#8624 = ORIENTED_EDGE('',*,*,#8578,.F.);
#8625 = ORIENTED_EDGE('',*,*,#4793,.T.);
#8626 = ORIENTED_EDGE('',*,*,#8627,.T.);
#8627 = EDGE_CURVE('',#4794,#6581,#8628,.T.);
#8628 = SURFACE_CURVE('',#8629,(#8633,#8640),.PCURVE_S1.);
#8629 = LINE('',#8630,#8631);
#8630 = CARTESIAN_POINT('',(-198.5,-102.,271.5));
#8631 = VECTOR('',#8632,1.);
#8632 = DIRECTION('',(0.,1.,0.));
#8633 = PCURVE('',#4808,#8634);
#8634 = DEFINITIONAL_REPRESENTATION('',(#8635),#8639);
#8635 = LINE('',#8636,#8637);
#8636 = CARTESIAN_POINT('',(0.,0.));
#8637 = VECTOR('',#8638,1.);
#8638 = DIRECTION('',(0.,-1.));
#8639 = ( GEOMETRIC_REPRESENTATION_CONTEXT(2) 
PARAMETRIC_REPRESENTATION_CONTEXT() REPRESENTATION_CONTEXT('2D SPACE',''
  ) );
#8640 = PCURVE('',#4834,#8641);
#8641 = DEFINITIONAL_REPRESENTATION('',(#8642),#8646);
#8642 = LINE('',#8643,#8644);
#8643 = CARTESIAN_POINT('',(0.,0.));
#8644 = VECTOR('',#8645,1.);
#8645 = DIRECTION('',(0.,1.));
#8646 = ( GEOMETRIC_REPRESENTATION_CONTEXT(2) 
PARAMETRIC_REPRESENTATION_CONTEXT() REPRESENTATION_CONTEXT('2D SPACE',''
  ) );
#8647 = ORIENTED_EDGE('',*,*,#6580,.F.);
#8648 = ADVANCED_FACE('',(#8649),#4858,.F.);
#8649 = FACE_BOUND('',#8650,.F.);
#8650 = EDGE_LOOP('',(#8651,#8652,#8653,#8674));
#8651 = ORIENTED_EDGE('',*,*,#8600,.F.);
#8652 = ORIENTED_EDGE('',*,*,#4845,.T.);
#8653 = ORIENTED_EDGE('',*,*,#8654,.T.);
#8654 = EDGE_CURVE('',#4820,#6602,#8655,.T.);
#8655 = SURFACE_CURVE('',#8656,(#8660,#8667),.PCURVE_S1.);
#8656 = LINE('',#8657,#8658);
#8657 = CARTESIAN_POINT('',(198.5,-102.,271.5));
#8658 = VECTOR('',#8659,1.);
#8659 = DIRECTION('',(0.,1.,0.));
#8660 = PCURVE('',#4858,#8661);
#8661 = DEFINITIONAL_REPRESENTATION('',(#8662),#8666);
#8662 = LINE('',#8663,#8664);
#8663 = CARTESIAN_POINT('',(0.,0.));
#8664 = VECTOR('',#8665,1.);
#8665 = DIRECTION('',(0.,-1.));
#8666 = ( GEOMETRIC_REPRESENTATION_CONTEXT(2) 
PARAMETRIC_REPRESENTATION_CONTEXT() REPRESENTATION_CONTEXT('2D SPACE',''
  ) );
#8667 = PCURVE('',#4834,#8668);
#8668 = DEFINITIONAL_REPRESENTATION('',(#8669),#8673);
#8669 = LINE('',#8670,#8671);
#8670 = CARTESIAN_POINT('',(397.,0.));
#8671 = VECTOR('',#8672,1.);
#8672 = DIRECTION('',(0.,1.));
#8673 = ( GEOMETRIC_REPRESENTATION_CONTEXT(2) 
PARAMETRIC_REPRESENTATION_CONTEXT() REPRESENTATION_CONTEXT('2D SPACE',''
  ) );
#8674 = ORIENTED_EDGE('',*,*,#6622,.F.);
#8675 = ADVANCED_FACE('',(#8676),#4834,.T.);
#8676 = FACE_BOUND('',#8677,.T.);
#8677 = EDGE_LOOP('',(#8678,#8679,#8680,#8681));
#8678 = ORIENTED_EDGE('',*,*,#8627,.F.);
#8679 = ORIENTED_EDGE('',*,*,#4819,.T.);
#8680 = ORIENTED_EDGE('',*,*,#8654,.T.);
#8681 = ORIENTED_EDGE('',*,*,#6601,.F.);
#8682 = ADVANCED_FACE('',(#8683),#4888,.F.);
#8683 = FACE_BOUND('',#8684,.F.);
#8684 = EDGE_LOOP('',(#8685,#8706,#8707,#8728));
#8685 = ORIENTED_EDGE('',*,*,#8686,.F.);
#8686 = EDGE_CURVE('',#4872,#6644,#8687,.T.);
#8687 = SURFACE_CURVE('',#8688,(#8692,#8699),.PCURVE_S1.);
#8688 = LINE('',#8689,#8690);
#8689 = CARTESIAN_POINT('',(-198.5,-102.,338.));
#8690 = VECTOR('',#8691,1.);
#8691 = DIRECTION('',(0.,1.,0.));
#8692 = PCURVE('',#4888,#8693);
#8693 = DEFINITIONAL_REPRESENTATION('',(#8694),#8698);
#8694 = LINE('',#8695,#8696);
#8695 = CARTESIAN_POINT('',(0.,0.));
#8696 = VECTOR('',#8697,1.);
#8697 = DIRECTION('',(0.,1.));
#8698 = ( GEOMETRIC_REPRESENTATION_CONTEXT(2) 
PARAMETRIC_REPRESENTATION_CONTEXT() REPRESENTATION_CONTEXT('2D SPACE',''
  ) );
#8699 = PCURVE('',#4914,#8700);
#8700 = DEFINITIONAL_REPRESENTATION('',(#8701),#8705);
#8701 = LINE('',#8702,#8703);
#8702 = CARTESIAN_POINT('',(5.,0.));
#8703 = VECTOR('',#8704,1.);
#8704 = DIRECTION('',(0.,-1.));
#8705 = ( GEOMETRIC_REPRESENTATION_CONTEXT(2) 
PARAMETRIC_REPRESENTATION_CONTEXT() REPRESENTATION_CONTEXT('2D SPACE',''
  ) );
#8706 = ORIENTED_EDGE('',*,*,#4871,.T.);
#8707 = ORIENTED_EDGE('',*,*,#8708,.T.);
#8708 = EDGE_CURVE('',#4874,#6646,#8709,.T.);
#8709 = SURFACE_CURVE('',#8710,(#8714,#8721),.PCURVE_S1.);
#8710 = LINE('',#8711,#8712);
#8711 = CARTESIAN_POINT('',(198.5,-102.,338.));
#8712 = VECTOR('',#8713,1.);
#8713 = DIRECTION('',(0.,1.,0.));
#8714 = PCURVE('',#4888,#8715);
#8715 = DEFINITIONAL_REPRESENTATION('',(#8716),#8720);
#8716 = LINE('',#8717,#8718);
#8717 = CARTESIAN_POINT('',(397.,0.));
#8718 = VECTOR('',#8719,1.);
#8719 = DIRECTION('',(0.,1.));
#8720 = ( GEOMETRIC_REPRESENTATION_CONTEXT(2) 
PARAMETRIC_REPRESENTATION_CONTEXT() REPRESENTATION_CONTEXT('2D SPACE',''
  ) );
#8721 = PCURVE('',#4964,#8722);
#8722 = DEFINITIONAL_REPRESENTATION('',(#8723),#8727);
#8723 = LINE('',#8724,#8725);
#8724 = CARTESIAN_POINT('',(5.,0.));
#8725 = VECTOR('',#8726,1.);
#8726 = DIRECTION('',(0.,-1.));
#8727 = ( GEOMETRIC_REPRESENTATION_CONTEXT(2) 
PARAMETRIC_REPRESENTATION_CONTEXT() REPRESENTATION_CONTEXT('2D SPACE',''
  ) );
#8728 = ORIENTED_EDGE('',*,*,#6643,.F.);
#8729 = ADVANCED_FACE('',(#8730),#4914,.T.);
#8730 = FACE_BOUND('',#8731,.T.);
#8731 = EDGE_LOOP('',(#8732,#8733,#8734,#8755));
#8732 = ORIENTED_EDGE('',*,*,#8686,.F.);
#8733 = ORIENTED_EDGE('',*,*,#4899,.T.);
#8734 = ORIENTED_EDGE('',*,*,#8735,.T.);
#8735 = EDGE_CURVE('',#4900,#6667,#8736,.T.);
#8736 = SURFACE_CURVE('',#8737,(#8741,#8748),.PCURVE_S1.);
#8737 = LINE('',#8738,#8739);
#8738 = CARTESIAN_POINT('',(-198.5,-102.,333.));
#8739 = VECTOR('',#8740,1.);
#8740 = DIRECTION('',(0.,1.,0.));
#8741 = PCURVE('',#4914,#8742);
#8742 = DEFINITIONAL_REPRESENTATION('',(#8743),#8747);
#8743 = LINE('',#8744,#8745);
#8744 = CARTESIAN_POINT('',(0.,0.));
#8745 = VECTOR('',#8746,1.);
#8746 = DIRECTION('',(0.,-1.));
#8747 = ( GEOMETRIC_REPRESENTATION_CONTEXT(2) 
PARAMETRIC_REPRESENTATION_CONTEXT() REPRESENTATION_CONTEXT('2D SPACE',''
  ) );
#8748 = PCURVE('',#4940,#8749);
#8749 = DEFINITIONAL_REPRESENTATION('',(#8750),#8754);
#8750 = LINE('',#8751,#8752);
#8751 = CARTESIAN_POINT('',(0.,0.));
#8752 = VECTOR('',#8753,1.);
#8753 = DIRECTION('',(0.,1.));
#8754 = ( GEOMETRIC_REPRESENTATION_CONTEXT(2) 
PARAMETRIC_REPRESENTATION_CONTEXT() REPRESENTATION_CONTEXT('2D SPACE',''
  ) );
#8755 = ORIENTED_EDGE('',*,*,#6666,.F.);
#8756 = ADVANCED_FACE('',(#8757),#4964,.F.);
#8757 = FACE_BOUND('',#8758,.F.);
#8758 = EDGE_LOOP('',(#8759,#8760,#8761,#8782));
#8759 = ORIENTED_EDGE('',*,*,#8708,.F.);
#8760 = ORIENTED_EDGE('',*,*,#4951,.T.);
#8761 = ORIENTED_EDGE('',*,*,#8762,.T.);
#8762 = EDGE_CURVE('',#4926,#6688,#8763,.T.);
#8763 = SURFACE_CURVE('',#8764,(#8768,#8775),.PCURVE_S1.);
#8764 = LINE('',#8765,#8766);
#8765 = CARTESIAN_POINT('',(198.5,-102.,333.));
#8766 = VECTOR('',#8767,1.);
#8767 = DIRECTION('',(0.,1.,0.));
#8768 = PCURVE('',#4964,#8769);
#8769 = DEFINITIONAL_REPRESENTATION('',(#8770),#8774);
#8770 = LINE('',#8771,#8772);
#8771 = CARTESIAN_POINT('',(0.,0.));
#8772 = VECTOR('',#8773,1.);
#8773 = DIRECTION('',(0.,-1.));
#8774 = ( GEOMETRIC_REPRESENTATION_CONTEXT(2) 
PARAMETRIC_REPRESENTATION_CONTEXT() REPRESENTATION_CONTEXT('2D SPACE',''
  ) );
#8775 = PCURVE('',#4940,#8776);
#8776 = DEFINITIONAL_REPRESENTATION('',(#8777),#8781);
#8777 = LINE('',#8778,#8779);
#8778 = CARTESIAN_POINT('',(397.,0.));
#8779 = VECTOR('',#8780,1.);
#8780 = DIRECTION('',(0.,1.));
#8781 = ( GEOMETRIC_REPRESENTATION_CONTEXT(2) 
PARAMETRIC_REPRESENTATION_CONTEXT() REPRESENTATION_CONTEXT('2D SPACE',''
  ) );
#8782 = ORIENTED_EDGE('',*,*,#6708,.F.);
#8783 = ADVANCED_FACE('',(#8784),#4940,.T.);
#8784 = FACE_BOUND('',#8785,.T.);
#8785 = EDGE_LOOP('',(#8786,#8787,#8788,#8789));
#8786 = ORIENTED_EDGE('',*,*,#8735,.F.);
#8787 = ORIENTED_EDGE('',*,*,#4925,.T.);
#8788 = ORIENTED_EDGE('',*,*,#8762,.T.);
#8789 = ORIENTED_EDGE('',*,*,#6687,.F.);
#8790 = ADVANCED_FACE('',(#8791),#4994,.F.);
#8791 = FACE_BOUND('',#8792,.F.);
#8792 = EDGE_LOOP('',(#8793,#8814,#8815,#8836));
#8793 = ORIENTED_EDGE('',*,*,#8794,.F.);
#8794 = EDGE_CURVE('',#4978,#6730,#8795,.T.);
#8795 = SURFACE_CURVE('',#8796,(#8800,#8807),.PCURVE_S1.);
#8796 = LINE('',#8797,#8798);
#8797 = CARTESIAN_POINT('',(-198.5,-102.,399.5));
#8798 = VECTOR('',#8799,1.);
#8799 = DIRECTION('',(0.,1.,0.));
#8800 = PCURVE('',#4994,#8801);
#8801 = DEFINITIONAL_REPRESENTATION('',(#8802),#8806);
#8802 = LINE('',#8803,#8804);
#8803 = CARTESIAN_POINT('',(0.,0.));
#8804 = VECTOR('',#8805,1.);
#8805 = DIRECTION('',(0.,1.));
#8806 = ( GEOMETRIC_REPRESENTATION_CONTEXT(2) 
PARAMETRIC_REPRESENTATION_CONTEXT() REPRESENTATION_CONTEXT('2D SPACE',''
  ) );
#8807 = PCURVE('',#5020,#8808);
#8808 = DEFINITIONAL_REPRESENTATION('',(#8809),#8813);
#8809 = LINE('',#8810,#8811);
#8810 = CARTESIAN_POINT('',(5.,0.));
#8811 = VECTOR('',#8812,1.);
#8812 = DIRECTION('',(0.,-1.));
#8813 = ( GEOMETRIC_REPRESENTATION_CONTEXT(2) 
PARAMETRIC_REPRESENTATION_CONTEXT() REPRESENTATION_CONTEXT('2D SPACE',''
  ) );
#8814 = ORIENTED_EDGE('',*,*,#4977,.T.);
#8815 = ORIENTED_EDGE('',*,*,#8816,.T.);
#8816 = EDGE_CURVE('',#4980,#6732,#8817,.T.);
#8817 = SURFACE_CURVE('',#8818,(#8822,#8829),.PCURVE_S1.);
#8818 = LINE('',#8819,#8820);
#8819 = CARTESIAN_POINT('',(198.5,-102.,399.5));
#8820 = VECTOR('',#8821,1.);
#8821 = DIRECTION('',(0.,1.,0.));
#8822 = PCURVE('',#4994,#8823);
#8823 = DEFINITIONAL_REPRESENTATION('',(#8824),#8828);
#8824 = LINE('',#8825,#8826);
#8825 = CARTESIAN_POINT('',(397.,0.));
#8826 = VECTOR('',#8827,1.);
#8827 = DIRECTION('',(0.,1.));
#8828 = ( GEOMETRIC_REPRESENTATION_CONTEXT(2) 
PARAMETRIC_REPRESENTATION_CONTEXT() REPRESENTATION_CONTEXT('2D SPACE',''
  ) );
#8829 = PCURVE('',#5070,#8830);
#8830 = DEFINITIONAL_REPRESENTATION('',(#8831),#8835);
#8831 = LINE('',#8832,#8833);
#8832 = CARTESIAN_POINT('',(5.,0.));
#8833 = VECTOR('',#8834,1.);
#8834 = DIRECTION('',(0.,-1.));
#8835 = ( GEOMETRIC_REPRESENTATION_CONTEXT(2) 
PARAMETRIC_REPRESENTATION_CONTEXT() REPRESENTATION_CONTEXT('2D SPACE',''
  ) );
#8836 = ORIENTED_EDGE('',*,*,#6729,.F.);
#8837 = ADVANCED_FACE('',(#8838),#5070,.F.);
#8838 = FACE_BOUND('',#8839,.F.);
#8839 = EDGE_LOOP('',(#8840,#8841,#8842,#8863));
#8840 = ORIENTED_EDGE('',*,*,#8816,.F.);
#8841 = ORIENTED_EDGE('',*,*,#5057,.T.);
#8842 = ORIENTED_EDGE('',*,*,#8843,.T.);
#8843 = EDGE_CURVE('',#5032,#6774,#8844,.T.);
#8844 = SURFACE_CURVE('',#8845,(#8849,#8856),.PCURVE_S1.);
#8845 = LINE('',#8846,#8847);
#8846 = CARTESIAN_POINT('',(198.5,-102.,394.5));
#8847 = VECTOR('',#8848,1.);
#8848 = DIRECTION('',(0.,1.,0.));
#8849 = PCURVE('',#5070,#8850);
#8850 = DEFINITIONAL_REPRESENTATION('',(#8851),#8855);
#8851 = LINE('',#8852,#8853);
#8852 = CARTESIAN_POINT('',(0.,0.));
#8853 = VECTOR('',#8854,1.);
#8854 = DIRECTION('',(0.,-1.));
#8855 = ( GEOMETRIC_REPRESENTATION_CONTEXT(2) 
PARAMETRIC_REPRESENTATION_CONTEXT() REPRESENTATION_CONTEXT('2D SPACE',''
  ) );
#8856 = PCURVE('',#5046,#8857);
#8857 = DEFINITIONAL_REPRESENTATION('',(#8858),#8862);
#8858 = LINE('',#8859,#8860);
#8859 = CARTESIAN_POINT('',(397.,0.));
#8860 = VECTOR('',#8861,1.);
#8861 = DIRECTION('',(0.,1.));
#8862 = ( GEOMETRIC_REPRESENTATION_CONTEXT(2) 
PARAMETRIC_REPRESENTATION_CONTEXT() REPRESENTATION_CONTEXT('2D SPACE',''
  ) );
#8863 = ORIENTED_EDGE('',*,*,#6794,.F.);
#8864 = ADVANCED_FACE('',(#8865),#5046,.T.);
#8865 = FACE_BOUND('',#8866,.T.);
#8866 = EDGE_LOOP('',(#8867,#8888,#8889,#8890));
#8867 = ORIENTED_EDGE('',*,*,#8868,.F.);
#8868 = EDGE_CURVE('',#5006,#6753,#8869,.T.);
#8869 = SURFACE_CURVE('',#8870,(#8874,#8881),.PCURVE_S1.);
#8870 = LINE('',#8871,#8872);
#8871 = CARTESIAN_POINT('',(-198.5,-102.,394.5));
#8872 = VECTOR('',#8873,1.);
#8873 = DIRECTION('',(0.,1.,0.));
#8874 = PCURVE('',#5046,#8875);
#8875 = DEFINITIONAL_REPRESENTATION('',(#8876),#8880);
#8876 = LINE('',#8877,#8878);
#8877 = CARTESIAN_POINT('',(0.,0.));
#8878 = VECTOR('',#8879,1.);
#8879 = DIRECTION('',(0.,1.));
#8880 = ( GEOMETRIC_REPRESENTATION_CONTEXT(2) 
PARAMETRIC_REPRESENTATION_CONTEXT() REPRESENTATION_CONTEXT('2D SPACE',''
  ) );
#8881 = PCURVE('',#5020,#8882);
#8882 = DEFINITIONAL_REPRESENTATION('',(#8883),#8887);
#8883 = LINE('',#8884,#8885);
#8884 = CARTESIAN_POINT('',(0.,0.));
#8885 = VECTOR('',#8886,1.);
#8886 = DIRECTION('',(0.,-1.));
#8887 = ( GEOMETRIC_REPRESENTATION_CONTEXT(2) 
PARAMETRIC_REPRESENTATION_CONTEXT() REPRESENTATION_CONTEXT('2D SPACE',''
  ) );
#8888 = ORIENTED_EDGE('',*,*,#5031,.T.);
#8889 = ORIENTED_EDGE('',*,*,#8843,.T.);
#8890 = ORIENTED_EDGE('',*,*,#6773,.F.);
#8891 = ADVANCED_FACE('',(#8892),#5020,.T.);
#8892 = FACE_BOUND('',#8893,.T.);
#8893 = EDGE_LOOP('',(#8894,#8895,#8896,#8897));
#8894 = ORIENTED_EDGE('',*,*,#8794,.F.);
#8895 = ORIENTED_EDGE('',*,*,#5005,.T.);
#8896 = ORIENTED_EDGE('',*,*,#8868,.T.);
#8897 = ORIENTED_EDGE('',*,*,#6752,.F.);
#8898 = ( GEOMETRIC_REPRESENTATION_CONTEXT(3) 
GLOBAL_UNCERTAINTY_ASSIGNED_CONTEXT((#8902)) 
GLOBAL_UNIT_ASSIGNED_CONTEXT((#8899,#8900,#8901)) REPRESENTATION_CONTEXT
('Context #1','3D Context with UNIT and UNCERTAINTY') );
#8899 = ( LENGTH_UNIT() NAMED_UNIT(*) SI_UNIT(.MILLI.,.METRE.) );
#8900 = ( NAMED_UNIT(*) PLANE_ANGLE_UNIT() SI_UNIT($,.RADIAN.) );
#8901 = ( NAMED_UNIT(*) SI_UNIT($,.STERADIAN.) SOLID_ANGLE_UNIT() );
#8902 = UNCERTAINTY_MEASURE_WITH_UNIT(LENGTH_MEASURE(2.E-07),#8899,
  'distance_accuracy_value','confusion accuracy');
#8903 = CONTEXT_DEPENDENT_SHAPE_REPRESENTATION(#8904,#8906);
#8904 = ( REPRESENTATION_RELATIONSHIP('','',#2867,#10) 
REPRESENTATION_RELATIONSHIP_WITH_TRANSFORMATION(#8905) 
SHAPE_REPRESENTATION_RELATIONSHIP() );
#8905 = ITEM_DEFINED_TRANSFORMATION('','',#11,#27);
#8906 = PRODUCT_DEFINITION_SHAPE('Placement','Placement of an item',
  #8907);
#8907 = NEXT_ASSEMBLY_USAGE_OCCURRENCE('4','solid_false_wall_5mm_slots',
  '',#5,#2862,$);
#8908 = PRODUCT_RELATED_PRODUCT_CATEGORY('part',$,(#2864));
#8909 = SHAPE_DEFINITION_REPRESENTATION(#8910,#8916);
#8910 = PRODUCT_DEFINITION_SHAPE('','',#8911);
#8911 = PRODUCT_DEFINITION('design','',#8912,#8915);
#8912 = PRODUCT_DEFINITION_FORMATION('','',#8913);
#8913 = PRODUCT('porous_diffuser_40pct','porous_diffuser_40pct','',(
    #8914));
#8914 = PRODUCT_CONTEXT('',#2,'mechanical');
#8915 = PRODUCT_DEFINITION_CONTEXT('part definition',#2,'design');
#8916 = ADVANCED_BREP_SHAPE_REPRESENTATION('',(#11,#8917),#9547);
#8917 = MANIFOLD_SOLID_BREP('',#8918);
#8918 = CLOSED_SHELL('',(#8919,#9039,#9221,#9270,#9405,#9432,#9439,#9486
    ,#9513,#9540));
#8919 = ADVANCED_FACE('',(#8920),#8934,.F.);
#8920 = FACE_BOUND('',#8921,.F.);
#8921 = EDGE_LOOP('',(#8922,#8957,#8985,#9013));
#8922 = ORIENTED_EDGE('',*,*,#8923,.F.);
#8923 = EDGE_CURVE('',#8924,#8926,#8928,.T.);
#8924 = VERTEX_POINT('',#8925);
#8925 = CARTESIAN_POINT('',(-242.,-152.,-752.5));
#8926 = VERTEX_POINT('',#8927);
#8927 = CARTESIAN_POINT('',(-242.,-152.,452.5));
#8928 = SURFACE_CURVE('',#8929,(#8933,#8945),.PCURVE_S1.);
#8929 = LINE('',#8930,#8931);
#8930 = CARTESIAN_POINT('',(-242.,-152.,-752.5));
#8931 = VECTOR('',#8932,1.);
#8932 = DIRECTION('',(0.,0.,1.));
#8933 = PCURVE('',#8934,#8939);
#8934 = PLANE('',#8935);
#8935 = AXIS2_PLACEMENT_3D('',#8936,#8937,#8938);
#8936 = CARTESIAN_POINT('',(-242.,-152.,-752.5));
#8937 = DIRECTION('',(1.,0.,0.));
#8938 = DIRECTION('',(0.,0.,1.));
#8939 = DEFINITIONAL_REPRESENTATION('',(#8940),#8944);
#8940 = LINE('',#8941,#8942);
#8941 = CARTESIAN_POINT('',(0.,0.));
#8942 = VECTOR('',#8943,1.);
#8943 = DIRECTION('',(1.,0.));
#8944 = ( GEOMETRIC_REPRESENTATION_CONTEXT(2) 
PARAMETRIC_REPRESENTATION_CONTEXT() REPRESENTATION_CONTEXT('2D SPACE',''
  ) );
#8945 = PCURVE('',#8946,#8951);
#8946 = PLANE('',#8947);
#8947 = AXIS2_PLACEMENT_3D('',#8948,#8949,#8950);
#8948 = CARTESIAN_POINT('',(-242.,-152.,-752.5));
#8949 = DIRECTION('',(0.,1.,0.));
#8950 = DIRECTION('',(0.,0.,1.));
#8951 = DEFINITIONAL_REPRESENTATION('',(#8952),#8956);
#8952 = LINE('',#8953,#8954);
#8953 = CARTESIAN_POINT('',(0.,0.));
#8954 = VECTOR('',#8955,1.);
#8955 = DIRECTION('',(1.,0.));
#8956 = ( GEOMETRIC_REPRESENTATION_CONTEXT(2) 
PARAMETRIC_REPRESENTATION_CONTEXT() REPRESENTATION_CONTEXT('2D SPACE',''
  ) );
#8957 = ORIENTED_EDGE('',*,*,#8958,.T.);
#8958 = EDGE_CURVE('',#8924,#8959,#8961,.T.);
#8959 = VERTEX_POINT('',#8960);
#8960 = CARTESIAN_POINT('',(-242.,-150.,-752.5));
#8961 = SURFACE_CURVE('',#8962,(#8966,#8973),.PCURVE_S1.);
#8962 = LINE('',#8963,#8964);
#8963 = CARTESIAN_POINT('',(-242.,-152.,-752.5));
#8964 = VECTOR('',#8965,1.);
#8965 = DIRECTION('',(0.,1.,0.));
#8966 = PCURVE('',#8934,#8967);
#8967 = DEFINITIONAL_REPRESENTATION('',(#8968),#8972);
#8968 = LINE('',#8969,#8970);
#8969 = CARTESIAN_POINT('',(0.,0.));
#8970 = VECTOR('',#8971,1.);
#8971 = DIRECTION('',(0.,-1.));
#8972 = ( GEOMETRIC_REPRESENTATION_CONTEXT(2) 
PARAMETRIC_REPRESENTATION_CONTEXT() REPRESENTATION_CONTEXT('2D SPACE',''
  ) );
#8973 = PCURVE('',#8974,#8979);
#8974 = PLANE('',#8975);
#8975 = AXIS2_PLACEMENT_3D('',#8976,#8977,#8978);
#8976 = CARTESIAN_POINT('',(-242.,-152.,-752.5));
#8977 = DIRECTION('',(0.,0.,1.));
#8978 = DIRECTION('',(1.,0.,0.));
#8979 = DEFINITIONAL_REPRESENTATION('',(#8980),#8984);
#8980 = LINE('',#8981,#8982);
#8981 = CARTESIAN_POINT('',(0.,0.));
#8982 = VECTOR('',#8983,1.);
#8983 = DIRECTION('',(0.,1.));
#8984 = ( GEOMETRIC_REPRESENTATION_CONTEXT(2) 
PARAMETRIC_REPRESENTATION_CONTEXT() REPRESENTATION_CONTEXT('2D SPACE',''
  ) );
#8985 = ORIENTED_EDGE('',*,*,#8986,.T.);
#8986 = EDGE_CURVE('',#8959,#8987,#8989,.T.);
#8987 = VERTEX_POINT('',#8988);
#8988 = CARTESIAN_POINT('',(-242.,-150.,452.5));
#8989 = SURFACE_CURVE('',#8990,(#8994,#9001),.PCURVE_S1.);
#8990 = LINE('',#8991,#8992);
#8991 = CARTESIAN_POINT('',(-242.,-150.,-752.5));
#8992 = VECTOR('',#8993,1.);
#8993 = DIRECTION('',(0.,0.,1.));
#8994 = PCURVE('',#8934,#8995);
#8995 = DEFINITIONAL_REPRESENTATION('',(#8996),#9000);
#8996 = LINE('',#8997,#8998);
#8997 = CARTESIAN_POINT('',(0.,-2.));
#8998 = VECTOR('',#8999,1.);
#8999 = DIRECTION('',(1.,0.));
#9000 = ( GEOMETRIC_REPRESENTATION_CONTEXT(2) 
PARAMETRIC_REPRESENTATION_CONTEXT() REPRESENTATION_CONTEXT('2D SPACE',''
  ) );
#9001 = PCURVE('',#9002,#9007);
#9002 = PLANE('',#9003);
#9003 = AXIS2_PLACEMENT_3D('',#9004,#9005,#9006);
#9004 = CARTESIAN_POINT('',(-242.,-150.,-752.5));
#9005 = DIRECTION('',(0.,1.,0.));
#9006 = DIRECTION('',(0.,0.,1.));
#9007 = DEFINITIONAL_REPRESENTATION('',(#9008),#9012);
#9008 = LINE('',#9009,#9010);
#9009 = CARTESIAN_POINT('',(0.,0.));
#9010 = VECTOR('',#9011,1.);
#9011 = DIRECTION('',(1.,0.));
#9012 = ( GEOMETRIC_REPRESENTATION_CONTEXT(2) 
PARAMETRIC_REPRESENTATION_CONTEXT() REPRESENTATION_CONTEXT('2D SPACE',''
  ) );
#9013 = ORIENTED_EDGE('',*,*,#9014,.F.);
#9014 = EDGE_CURVE('',#8926,#8987,#9015,.T.);
#9015 = SURFACE_CURVE('',#9016,(#9020,#9027),.PCURVE_S1.);
#9016 = LINE('',#9017,#9018);
#9017 = CARTESIAN_POINT('',(-242.,-152.,452.5));
#9018 = VECTOR('',#9019,1.);
#9019 = DIRECTION('',(0.,1.,0.));
#9020 = PCURVE('',#8934,#9021);
#9021 = DEFINITIONAL_REPRESENTATION('',(#9022),#9026);
#9022 = LINE('',#9023,#9024);
#9023 = CARTESIAN_POINT('',(1.205E+03,0.));
#9024 = VECTOR('',#9025,1.);
#9025 = DIRECTION('',(0.,-1.));
#9026 = ( GEOMETRIC_REPRESENTATION_CONTEXT(2) 
PARAMETRIC_REPRESENTATION_CONTEXT() REPRESENTATION_CONTEXT('2D SPACE',''
  ) );
#9027 = PCURVE('',#9028,#9033);
#9028 = PLANE('',#9029);
#9029 = AXIS2_PLACEMENT_3D('',#9030,#9031,#9032);
#9030 = CARTESIAN_POINT('',(-242.,-152.,452.5));
#9031 = DIRECTION('',(0.,0.,1.));
#9032 = DIRECTION('',(1.,0.,0.));
#9033 = DEFINITIONAL_REPRESENTATION('',(#9034),#9038);
#9034 = LINE('',#9035,#9036);
#9035 = CARTESIAN_POINT('',(0.,0.));
#9036 = VECTOR('',#9037,1.);
#9037 = DIRECTION('',(0.,1.));
#9038 = ( GEOMETRIC_REPRESENTATION_CONTEXT(2) 
PARAMETRIC_REPRESENTATION_CONTEXT() REPRESENTATION_CONTEXT('2D SPACE',''
  ) );
#9039 = ADVANCED_FACE('',(#9040,#9115),#8946,.F.);
#9040 = FACE_BOUND('',#9041,.F.);
#9041 = EDGE_LOOP('',(#9042,#9065,#9066,#9089));
#9042 = ORIENTED_EDGE('',*,*,#9043,.F.);
#9043 = EDGE_CURVE('',#8924,#9044,#9046,.T.);
#9044 = VERTEX_POINT('',#9045);
#9045 = CARTESIAN_POINT('',(242.,-152.,-752.5));
#9046 = SURFACE_CURVE('',#9047,(#9051,#9058),.PCURVE_S1.);
#9047 = LINE('',#9048,#9049);
#9048 = CARTESIAN_POINT('',(-242.,-152.,-752.5));
#9049 = VECTOR('',#9050,1.);
#9050 = DIRECTION('',(1.,0.,0.));
#9051 = PCURVE('',#8946,#9052);
#9052 = DEFINITIONAL_REPRESENTATION('',(#9053),#9057);
#9053 = LINE('',#9054,#9055);
#9054 = CARTESIAN_POINT('',(0.,0.));
#9055 = VECTOR('',#9056,1.);
#9056 = DIRECTION('',(0.,1.));
#9057 = ( GEOMETRIC_REPRESENTATION_CONTEXT(2) 
PARAMETRIC_REPRESENTATION_CONTEXT() REPRESENTATION_CONTEXT('2D SPACE',''
  ) );
#9058 = PCURVE('',#8974,#9059);
#9059 = DEFINITIONAL_REPRESENTATION('',(#9060),#9064);
#9060 = LINE('',#9061,#9062);
#9061 = CARTESIAN_POINT('',(0.,0.));
#9062 = VECTOR('',#9063,1.);
#9063 = DIRECTION('',(1.,0.));
#9064 = ( GEOMETRIC_REPRESENTATION_CONTEXT(2) 
PARAMETRIC_REPRESENTATION_CONTEXT() REPRESENTATION_CONTEXT('2D SPACE',''
  ) );
#9065 = ORIENTED_EDGE('',*,*,#8923,.T.);
#9066 = ORIENTED_EDGE('',*,*,#9067,.T.);
#9067 = EDGE_CURVE('',#8926,#9068,#9070,.T.);
#9068 = VERTEX_POINT('',#9069);
#9069 = CARTESIAN_POINT('',(242.,-152.,452.5));
#9070 = SURFACE_CURVE('',#9071,(#9075,#9082),.PCURVE_S1.);
#9071 = LINE('',#9072,#9073);
#9072 = CARTESIAN_POINT('',(-242.,-152.,452.5));
#9073 = VECTOR('',#9074,1.);
#9074 = DIRECTION('',(1.,0.,0.));
#9075 = PCURVE('',#8946,#9076);
#9076 = DEFINITIONAL_REPRESENTATION('',(#9077),#9081);
#9077 = LINE('',#9078,#9079);
#9078 = CARTESIAN_POINT('',(1.205E+03,0.));
#9079 = VECTOR('',#9080,1.);
#9080 = DIRECTION('',(0.,1.));
#9081 = ( GEOMETRIC_REPRESENTATION_CONTEXT(2) 
PARAMETRIC_REPRESENTATION_CONTEXT() REPRESENTATION_CONTEXT('2D SPACE',''
  ) );
#9082 = PCURVE('',#9028,#9083);
#9083 = DEFINITIONAL_REPRESENTATION('',(#9084),#9088);
#9084 = LINE('',#9085,#9086);
#9085 = CARTESIAN_POINT('',(0.,0.));
#9086 = VECTOR('',#9087,1.);
#9087 = DIRECTION('',(1.,0.));
#9088 = ( GEOMETRIC_REPRESENTATION_CONTEXT(2) 
PARAMETRIC_REPRESENTATION_CONTEXT() REPRESENTATION_CONTEXT('2D SPACE',''
  ) );
#9089 = ORIENTED_EDGE('',*,*,#9090,.F.);
#9090 = EDGE_CURVE('',#9044,#9068,#9091,.T.);
#9091 = SURFACE_CURVE('',#9092,(#9096,#9103),.PCURVE_S1.);
#9092 = LINE('',#9093,#9094);
#9093 = CARTESIAN_POINT('',(242.,-152.,-752.5));
#9094 = VECTOR('',#9095,1.);
#9095 = DIRECTION('',(0.,0.,1.));
#9096 = PCURVE('',#8946,#9097);
#9097 = DEFINITIONAL_REPRESENTATION('',(#9098),#9102);
#9098 = LINE('',#9099,#9100);
#9099 = CARTESIAN_POINT('',(0.,484.));
#9100 = VECTOR('',#9101,1.);
#9101 = DIRECTION('',(1.,0.));
#9102 = ( GEOMETRIC_REPRESENTATION_CONTEXT(2) 
PARAMETRIC_REPRESENTATION_CONTEXT() REPRESENTATION_CONTEXT('2D SPACE',''
  ) );
#9103 = PCURVE('',#9104,#9109);
#9104 = PLANE('',#9105);
#9105 = AXIS2_PLACEMENT_3D('',#9106,#9107,#9108);
#9106 = CARTESIAN_POINT('',(242.,-152.,-752.5));
#9107 = DIRECTION('',(1.,0.,0.));
#9108 = DIRECTION('',(0.,0.,1.));
#9109 = DEFINITIONAL_REPRESENTATION('',(#9110),#9114);
#9110 = LINE('',#9111,#9112);
#9111 = CARTESIAN_POINT('',(0.,0.));
#9112 = VECTOR('',#9113,1.);
#9113 = DIRECTION('',(1.,0.));
#9114 = ( GEOMETRIC_REPRESENTATION_CONTEXT(2) 
PARAMETRIC_REPRESENTATION_CONTEXT() REPRESENTATION_CONTEXT('2D SPACE',''
  ) );
#9115 = FACE_BOUND('',#9116,.F.);
#9116 = EDGE_LOOP('',(#9117,#9145,#9171,#9197));
#9117 = ORIENTED_EDGE('',*,*,#9118,.F.);
#9118 = EDGE_CURVE('',#9119,#9121,#9123,.T.);
#9119 = VERTEX_POINT('',#9120);
#9120 = CARTESIAN_POINT('',(-222.,-152.,422.5));
#9121 = VERTEX_POINT('',#9122);
#9122 = CARTESIAN_POINT('',(222.,-152.,422.5));
#9123 = SURFACE_CURVE('',#9124,(#9128,#9134),.PCURVE_S1.);
#9124 = LINE('',#9125,#9126);
#9125 = CARTESIAN_POINT('',(-232.,-152.,422.5));
#9126 = VECTOR('',#9127,1.);
#9127 = DIRECTION('',(1.,0.,0.));
#9128 = PCURVE('',#8946,#9129);
#9129 = DEFINITIONAL_REPRESENTATION('',(#9130),#9133);
#9130 = B_SPLINE_CURVE_WITH_KNOTS('',1,(#9131,#9132),.UNSPECIFIED.,.F.,
  .F.,(2,2),(10.,454.),.PIECEWISE_BEZIER_KNOTS.);
#9131 = CARTESIAN_POINT('',(1.175E+03,20.));
#9132 = CARTESIAN_POINT('',(1.175E+03,464.));
#9133 = ( GEOMETRIC_REPRESENTATION_CONTEXT(2) 
PARAMETRIC_REPRESENTATION_CONTEXT() REPRESENTATION_CONTEXT('2D SPACE',''
  ) );
#9134 = PCURVE('',#9135,#9140);
#9135 = PLANE('',#9136);
#9136 = AXIS2_PLACEMENT_3D('',#9137,#9138,#9139);
#9137 = CARTESIAN_POINT('',(-222.,-154.,422.5));
#9138 = DIRECTION('',(0.,0.,1.));
#9139 = DIRECTION('',(1.,0.,0.));
#9140 = DEFINITIONAL_REPRESENTATION('',(#9141),#9144);
#9141 = B_SPLINE_CURVE_WITH_KNOTS('',1,(#9142,#9143),.UNSPECIFIED.,.F.,
  .F.,(2,2),(10.,454.),.PIECEWISE_BEZIER_KNOTS.);
#9142 = CARTESIAN_POINT('',(0.,2.));
#9143 = CARTESIAN_POINT('',(444.,2.));
#9144 = ( GEOMETRIC_REPRESENTATION_CONTEXT(2) 
PARAMETRIC_REPRESENTATION_CONTEXT() REPRESENTATION_CONTEXT('2D SPACE',''
  ) );
#9145 = ORIENTED_EDGE('',*,*,#9146,.T.);
#9146 = EDGE_CURVE('',#9119,#9147,#9149,.T.);
#9147 = VERTEX_POINT('',#9148);
#9148 = CARTESIAN_POINT('',(-222.,-152.,-722.5));
#9149 = SURFACE_CURVE('',#9150,(#9154,#9160),.PCURVE_S1.);
#9150 = LINE('',#9151,#9152);
#9151 = CARTESIAN_POINT('',(-222.,-152.,-737.5));
#9152 = VECTOR('',#9153,1.);
#9153 = DIRECTION('',(0.,0.,-1.));
#9154 = PCURVE('',#8946,#9155);
#9155 = DEFINITIONAL_REPRESENTATION('',(#9156),#9159);
#9156 = B_SPLINE_CURVE_WITH_KNOTS('',1,(#9157,#9158),.UNSPECIFIED.,.F.,
  .F.,(2,2),(-1.16E+03,-15.),.PIECEWISE_BEZIER_KNOTS.);
#9157 = CARTESIAN_POINT('',(1.175E+03,20.));
#9158 = CARTESIAN_POINT('',(30.,20.));
#9159 = ( GEOMETRIC_REPRESENTATION_CONTEXT(2) 
PARAMETRIC_REPRESENTATION_CONTEXT() REPRESENTATION_CONTEXT('2D SPACE',''
  ) );
#9160 = PCURVE('',#9161,#9166);
#9161 = PLANE('',#9162);
#9162 = AXIS2_PLACEMENT_3D('',#9163,#9164,#9165);
#9163 = CARTESIAN_POINT('',(-222.,-154.,-722.5));
#9164 = DIRECTION('',(1.,0.,0.));
#9165 = DIRECTION('',(0.,0.,1.));
#9166 = DEFINITIONAL_REPRESENTATION('',(#9167),#9170);
#9167 = B_SPLINE_CURVE_WITH_KNOTS('',1,(#9168,#9169),.UNSPECIFIED.,.F.,
  .F.,(2,2),(-1.16E+03,-15.),.PIECEWISE_BEZIER_KNOTS.);
#9168 = CARTESIAN_POINT('',(1.145E+03,-2.));
#9169 = CARTESIAN_POINT('',(0.,-2.));
#9170 = ( GEOMETRIC_REPRESENTATION_CONTEXT(2) 
PARAMETRIC_REPRESENTATION_CONTEXT() REPRESENTATION_CONTEXT('2D SPACE',''
  ) );
#9171 = ORIENTED_EDGE('',*,*,#9172,.T.);
#9172 = EDGE_CURVE('',#9147,#9173,#9175,.T.);
#9173 = VERTEX_POINT('',#9174);
#9174 = CARTESIAN_POINT('',(222.,-152.,-722.5));
#9175 = SURFACE_CURVE('',#9176,(#9180,#9186),.PCURVE_S1.);
#9176 = LINE('',#9177,#9178);
#9177 = CARTESIAN_POINT('',(-232.,-152.,-722.5));
#9178 = VECTOR('',#9179,1.);
#9179 = DIRECTION('',(1.,0.,0.));
#9180 = PCURVE('',#8946,#9181);
#9181 = DEFINITIONAL_REPRESENTATION('',(#9182),#9185);
#9182 = B_SPLINE_CURVE_WITH_KNOTS('',1,(#9183,#9184),.UNSPECIFIED.,.F.,
  .F.,(2,2),(10.,454.),.PIECEWISE_BEZIER_KNOTS.);
#9183 = CARTESIAN_POINT('',(30.,20.));
#9184 = CARTESIAN_POINT('',(30.,464.));
#9185 = ( GEOMETRIC_REPRESENTATION_CONTEXT(2) 
PARAMETRIC_REPRESENTATION_CONTEXT() REPRESENTATION_CONTEXT('2D SPACE',''
  ) );
#9186 = PCURVE('',#9187,#9192);
#9187 = PLANE('',#9188);
#9188 = AXIS2_PLACEMENT_3D('',#9189,#9190,#9191);
#9189 = CARTESIAN_POINT('',(-222.,-154.,-722.5));
#9190 = DIRECTION('',(0.,0.,1.));
#9191 = DIRECTION('',(1.,0.,0.));
#9192 = DEFINITIONAL_REPRESENTATION('',(#9193),#9196);
#9193 = B_SPLINE_CURVE_WITH_KNOTS('',1,(#9194,#9195),.UNSPECIFIED.,.F.,
  .F.,(2,2),(10.,454.),.PIECEWISE_BEZIER_KNOTS.);
#9194 = CARTESIAN_POINT('',(0.,2.));
#9195 = CARTESIAN_POINT('',(444.,2.));
#9196 = ( GEOMETRIC_REPRESENTATION_CONTEXT(2) 
PARAMETRIC_REPRESENTATION_CONTEXT() REPRESENTATION_CONTEXT('2D SPACE',''
  ) );
#9197 = ORIENTED_EDGE('',*,*,#9198,.F.);
#9198 = EDGE_CURVE('',#9121,#9173,#9199,.T.);
#9199 = SURFACE_CURVE('',#9200,(#9204,#9210),.PCURVE_S1.);
#9200 = LINE('',#9201,#9202);
#9201 = CARTESIAN_POINT('',(222.,-152.,-737.5));
#9202 = VECTOR('',#9203,1.);
#9203 = DIRECTION('',(0.,0.,-1.));
#9204 = PCURVE('',#8946,#9205);
#9205 = DEFINITIONAL_REPRESENTATION('',(#9206),#9209);
#9206 = B_SPLINE_CURVE_WITH_KNOTS('',1,(#9207,#9208),.UNSPECIFIED.,.F.,
  .F.,(2,2),(-1.16E+03,-15.),.PIECEWISE_BEZIER_KNOTS.);
#9207 = CARTESIAN_POINT('',(1.175E+03,464.));
#9208 = CARTESIAN_POINT('',(30.,464.));
#9209 = ( GEOMETRIC_REPRESENTATION_CONTEXT(2) 
PARAMETRIC_REPRESENTATION_CONTEXT() REPRESENTATION_CONTEXT('2D SPACE',''
  ) );
#9210 = PCURVE('',#9211,#9216);
#9211 = PLANE('',#9212);
#9212 = AXIS2_PLACEMENT_3D('',#9213,#9214,#9215);
#9213 = CARTESIAN_POINT('',(222.,-154.,-722.5));
#9214 = DIRECTION('',(1.,0.,0.));
#9215 = DIRECTION('',(0.,0.,1.));
#9216 = DEFINITIONAL_REPRESENTATION('',(#9217),#9220);
#9217 = B_SPLINE_CURVE_WITH_KNOTS('',1,(#9218,#9219),.UNSPECIFIED.,.F.,
  .F.,(2,2),(-1.16E+03,-15.),.PIECEWISE_BEZIER_KNOTS.);
#9218 = CARTESIAN_POINT('',(1.145E+03,-2.));
#9219 = CARTESIAN_POINT('',(0.,-2.));
#9220 = ( GEOMETRIC_REPRESENTATION_CONTEXT(2) 
PARAMETRIC_REPRESENTATION_CONTEXT() REPRESENTATION_CONTEXT('2D SPACE',''
  ) );
#9221 = ADVANCED_FACE('',(#9222),#9028,.T.);
#9222 = FACE_BOUND('',#9223,.T.);
#9223 = EDGE_LOOP('',(#9224,#9225,#9226,#9249));
#9224 = ORIENTED_EDGE('',*,*,#9014,.F.);
#9225 = ORIENTED_EDGE('',*,*,#9067,.T.);
#9226 = ORIENTED_EDGE('',*,*,#9227,.T.);
#9227 = EDGE_CURVE('',#9068,#9228,#9230,.T.);
#9228 = VERTEX_POINT('',#9229);
#9229 = CARTESIAN_POINT('',(242.,-150.,452.5));
#9230 = SURFACE_CURVE('',#9231,(#9235,#9242),.PCURVE_S1.);
#9231 = LINE('',#9232,#9233);
#9232 = CARTESIAN_POINT('',(242.,-152.,452.5));
#9233 = VECTOR('',#9234,1.);
#9234 = DIRECTION('',(0.,1.,0.));
#9235 = PCURVE('',#9028,#9236);
#9236 = DEFINITIONAL_REPRESENTATION('',(#9237),#9241);
#9237 = LINE('',#9238,#9239);
#9238 = CARTESIAN_POINT('',(484.,0.));
#9239 = VECTOR('',#9240,1.);
#9240 = DIRECTION('',(0.,1.));
#9241 = ( GEOMETRIC_REPRESENTATION_CONTEXT(2) 
PARAMETRIC_REPRESENTATION_CONTEXT() REPRESENTATION_CONTEXT('2D SPACE',''
  ) );
#9242 = PCURVE('',#9104,#9243);
#9243 = DEFINITIONAL_REPRESENTATION('',(#9244),#9248);
#9244 = LINE('',#9245,#9246);
#9245 = CARTESIAN_POINT('',(1.205E+03,0.));
#9246 = VECTOR('',#9247,1.);
#9247 = DIRECTION('',(0.,-1.));
#9248 = ( GEOMETRIC_REPRESENTATION_CONTEXT(2) 
PARAMETRIC_REPRESENTATION_CONTEXT() REPRESENTATION_CONTEXT('2D SPACE',''
  ) );
#9249 = ORIENTED_EDGE('',*,*,#9250,.F.);
#9250 = EDGE_CURVE('',#8987,#9228,#9251,.T.);
#9251 = SURFACE_CURVE('',#9252,(#9256,#9263),.PCURVE_S1.);
#9252 = LINE('',#9253,#9254);
#9253 = CARTESIAN_POINT('',(-242.,-150.,452.5));
#9254 = VECTOR('',#9255,1.);
#9255 = DIRECTION('',(1.,0.,0.));
#9256 = PCURVE('',#9028,#9257);
#9257 = DEFINITIONAL_REPRESENTATION('',(#9258),#9262);
#9258 = LINE('',#9259,#9260);
#9259 = CARTESIAN_POINT('',(0.,2.));
#9260 = VECTOR('',#9261,1.);
#9261 = DIRECTION('',(1.,0.));
#9262 = ( GEOMETRIC_REPRESENTATION_CONTEXT(2) 
PARAMETRIC_REPRESENTATION_CONTEXT() REPRESENTATION_CONTEXT('2D SPACE',''
  ) );
#9263 = PCURVE('',#9002,#9264);
#9264 = DEFINITIONAL_REPRESENTATION('',(#9265),#9269);
#9265 = LINE('',#9266,#9267);
#9266 = CARTESIAN_POINT('',(1.205E+03,0.));
#9267 = VECTOR('',#9268,1.);
#9268 = DIRECTION('',(0.,1.));
#9269 = ( GEOMETRIC_REPRESENTATION_CONTEXT(2) 
PARAMETRIC_REPRESENTATION_CONTEXT() REPRESENTATION_CONTEXT('2D SPACE',''
  ) );
#9270 = ADVANCED_FACE('',(#9271,#9319),#9002,.T.);
#9271 = FACE_BOUND('',#9272,.T.);
#9272 = EDGE_LOOP('',(#9273,#9296,#9297,#9298));
#9273 = ORIENTED_EDGE('',*,*,#9274,.F.);
#9274 = EDGE_CURVE('',#8959,#9275,#9277,.T.);
#9275 = VERTEX_POINT('',#9276);
#9276 = CARTESIAN_POINT('',(242.,-150.,-752.5));
#9277 = SURFACE_CURVE('',#9278,(#9282,#9289),.PCURVE_S1.);
#9278 = LINE('',#9279,#9280);
#9279 = CARTESIAN_POINT('',(-242.,-150.,-752.5));
#9280 = VECTOR('',#9281,1.);
#9281 = DIRECTION('',(1.,0.,0.));
#9282 = PCURVE('',#9002,#9283);
#9283 = DEFINITIONAL_REPRESENTATION('',(#9284),#9288);
#9284 = LINE('',#9285,#9286);
#9285 = CARTESIAN_POINT('',(0.,0.));
#9286 = VECTOR('',#9287,1.);
#9287 = DIRECTION('',(0.,1.));
#9288 = ( GEOMETRIC_REPRESENTATION_CONTEXT(2) 
PARAMETRIC_REPRESENTATION_CONTEXT() REPRESENTATION_CONTEXT('2D SPACE',''
  ) );
#9289 = PCURVE('',#8974,#9290);
#9290 = DEFINITIONAL_REPRESENTATION('',(#9291),#9295);
#9291 = LINE('',#9292,#9293);
#9292 = CARTESIAN_POINT('',(0.,2.));
#9293 = VECTOR('',#9294,1.);
#9294 = DIRECTION('',(1.,0.));
#9295 = ( GEOMETRIC_REPRESENTATION_CONTEXT(2) 
PARAMETRIC_REPRESENTATION_CONTEXT() REPRESENTATION_CONTEXT('2D SPACE',''
  ) );
#9296 = ORIENTED_EDGE('',*,*,#8986,.T.);
#9297 = ORIENTED_EDGE('',*,*,#9250,.T.);
#9298 = ORIENTED_EDGE('',*,*,#9299,.F.);
#9299 = EDGE_CURVE('',#9275,#9228,#9300,.T.);
#9300 = SURFACE_CURVE('',#9301,(#9305,#9312),.PCURVE_S1.);
#9301 = LINE('',#9302,#9303);
#9302 = CARTESIAN_POINT('',(242.,-150.,-752.5));
#9303 = VECTOR('',#9304,1.);
#9304 = DIRECTION('',(0.,0.,1.));
#9305 = PCURVE('',#9002,#9306);
#9306 = DEFINITIONAL_REPRESENTATION('',(#9307),#9311);
#9307 = LINE('',#9308,#9309);
#9308 = CARTESIAN_POINT('',(0.,484.));
#9309 = VECTOR('',#9310,1.);
#9310 = DIRECTION('',(1.,0.));
#9311 = ( GEOMETRIC_REPRESENTATION_CONTEXT(2) 
PARAMETRIC_REPRESENTATION_CONTEXT() REPRESENTATION_CONTEXT('2D SPACE',''
  ) );
#9312 = PCURVE('',#9104,#9313);
#9313 = DEFINITIONAL_REPRESENTATION('',(#9314),#9318);
#9314 = LINE('',#9315,#9316);
#9315 = CARTESIAN_POINT('',(0.,-2.));
#9316 = VECTOR('',#9317,1.);
#9317 = DIRECTION('',(1.,0.));
#9318 = ( GEOMETRIC_REPRESENTATION_CONTEXT(2) 
PARAMETRIC_REPRESENTATION_CONTEXT() REPRESENTATION_CONTEXT('2D SPACE',''
  ) );
#9319 = FACE_BOUND('',#9320,.T.);
#9320 = EDGE_LOOP('',(#9321,#9344,#9365,#9386));
#9321 = ORIENTED_EDGE('',*,*,#9322,.F.);
#9322 = EDGE_CURVE('',#9323,#9325,#9327,.T.);
#9323 = VERTEX_POINT('',#9324);
#9324 = CARTESIAN_POINT('',(-222.,-150.,422.5));
#9325 = VERTEX_POINT('',#9326);
#9326 = CARTESIAN_POINT('',(222.,-150.,422.5));
#9327 = SURFACE_CURVE('',#9328,(#9332,#9338),.PCURVE_S1.);
#9328 = LINE('',#9329,#9330);
#9329 = CARTESIAN_POINT('',(-232.,-150.,422.5));
#9330 = VECTOR('',#9331,1.);
#9331 = DIRECTION('',(1.,0.,0.));
#9332 = PCURVE('',#9002,#9333);
#9333 = DEFINITIONAL_REPRESENTATION('',(#9334),#9337);
#9334 = B_SPLINE_CURVE_WITH_KNOTS('',1,(#9335,#9336),.UNSPECIFIED.,.F.,
  .F.,(2,2),(10.,454.),.PIECEWISE_BEZIER_KNOTS.);
#9335 = CARTESIAN_POINT('',(1.175E+03,20.));
#9336 = CARTESIAN_POINT('',(1.175E+03,464.));
#9337 = ( GEOMETRIC_REPRESENTATION_CONTEXT(2) 
PARAMETRIC_REPRESENTATION_CONTEXT() REPRESENTATION_CONTEXT('2D SPACE',''
  ) );
#9338 = PCURVE('',#9135,#9339);
#9339 = DEFINITIONAL_REPRESENTATION('',(#9340),#9343);
#9340 = B_SPLINE_CURVE_WITH_KNOTS('',1,(#9341,#9342),.UNSPECIFIED.,.F.,
  .F.,(2,2),(10.,454.),.PIECEWISE_BEZIER_KNOTS.);
#9341 = CARTESIAN_POINT('',(0.,4.));
#9342 = CARTESIAN_POINT('',(444.,4.));
#9343 = ( GEOMETRIC_REPRESENTATION_CONTEXT(2) 
PARAMETRIC_REPRESENTATION_CONTEXT() REPRESENTATION_CONTEXT('2D SPACE',''
  ) );
#9344 = ORIENTED_EDGE('',*,*,#9345,.T.);
#9345 = EDGE_CURVE('',#9323,#9346,#9348,.T.);
#9346 = VERTEX_POINT('',#9347);
#9347 = CARTESIAN_POINT('',(-222.,-150.,-722.5));
#9348 = SURFACE_CURVE('',#9349,(#9353,#9359),.PCURVE_S1.);
#9349 = LINE('',#9350,#9351);
#9350 = CARTESIAN_POINT('',(-222.,-150.,-737.5));
#9351 = VECTOR('',#9352,1.);
#9352 = DIRECTION('',(0.,0.,-1.));
#9353 = PCURVE('',#9002,#9354);
#9354 = DEFINITIONAL_REPRESENTATION('',(#9355),#9358);
#9355 = B_SPLINE_CURVE_WITH_KNOTS('',1,(#9356,#9357),.UNSPECIFIED.,.F.,
  .F.,(2,2),(-1.16E+03,-15.),.PIECEWISE_BEZIER_KNOTS.);
#9356 = CARTESIAN_POINT('',(1.175E+03,20.));
#9357 = CARTESIAN_POINT('',(30.,20.));
#9358 = ( GEOMETRIC_REPRESENTATION_CONTEXT(2) 
PARAMETRIC_REPRESENTATION_CONTEXT() REPRESENTATION_CONTEXT('2D SPACE',''
  ) );
#9359 = PCURVE('',#9161,#9360);
#9360 = DEFINITIONAL_REPRESENTATION('',(#9361),#9364);
#9361 = B_SPLINE_CURVE_WITH_KNOTS('',1,(#9362,#9363),.UNSPECIFIED.,.F.,
  .F.,(2,2),(-1.16E+03,-15.),.PIECEWISE_BEZIER_KNOTS.);
#9362 = CARTESIAN_POINT('',(1.145E+03,-4.));
#9363 = CARTESIAN_POINT('',(0.,-4.));
#9364 = ( GEOMETRIC_REPRESENTATION_CONTEXT(2) 
PARAMETRIC_REPRESENTATION_CONTEXT() REPRESENTATION_CONTEXT('2D SPACE',''
  ) );
#9365 = ORIENTED_EDGE('',*,*,#9366,.T.);
#9366 = EDGE_CURVE('',#9346,#9367,#9369,.T.);
#9367 = VERTEX_POINT('',#9368);
#9368 = CARTESIAN_POINT('',(222.,-150.,-722.5));
#9369 = SURFACE_CURVE('',#9370,(#9374,#9380),.PCURVE_S1.);
#9370 = LINE('',#9371,#9372);
#9371 = CARTESIAN_POINT('',(-232.,-150.,-722.5));
#9372 = VECTOR('',#9373,1.);
#9373 = DIRECTION('',(1.,0.,0.));
#9374 = PCURVE('',#9002,#9375);
#9375 = DEFINITIONAL_REPRESENTATION('',(#9376),#9379);
#9376 = B_SPLINE_CURVE_WITH_KNOTS('',1,(#9377,#9378),.UNSPECIFIED.,.F.,
  .F.,(2,2),(10.,454.),.PIECEWISE_BEZIER_KNOTS.);
#9377 = CARTESIAN_POINT('',(30.,20.));
#9378 = CARTESIAN_POINT('',(30.,464.));
#9379 = ( GEOMETRIC_REPRESENTATION_CONTEXT(2) 
PARAMETRIC_REPRESENTATION_CONTEXT() REPRESENTATION_CONTEXT('2D SPACE',''
  ) );
#9380 = PCURVE('',#9187,#9381);
#9381 = DEFINITIONAL_REPRESENTATION('',(#9382),#9385);
#9382 = B_SPLINE_CURVE_WITH_KNOTS('',1,(#9383,#9384),.UNSPECIFIED.,.F.,
  .F.,(2,2),(10.,454.),.PIECEWISE_BEZIER_KNOTS.);
#9383 = CARTESIAN_POINT('',(0.,4.));
#9384 = CARTESIAN_POINT('',(444.,4.));
#9385 = ( GEOMETRIC_REPRESENTATION_CONTEXT(2) 
PARAMETRIC_REPRESENTATION_CONTEXT() REPRESENTATION_CONTEXT('2D SPACE',''
  ) );
#9386 = ORIENTED_EDGE('',*,*,#9387,.F.);
#9387 = EDGE_CURVE('',#9325,#9367,#9388,.T.);
#9388 = SURFACE_CURVE('',#9389,(#9393,#9399),.PCURVE_S1.);
#9389 = LINE('',#9390,#9391);
#9390 = CARTESIAN_POINT('',(222.,-150.,-737.5));
#9391 = VECTOR('',#9392,1.);
#9392 = DIRECTION('',(0.,0.,-1.));
#9393 = PCURVE('',#9002,#9394);
#9394 = DEFINITIONAL_REPRESENTATION('',(#9395),#9398);
#9395 = B_SPLINE_CURVE_WITH_KNOTS('',1,(#9396,#9397),.UNSPECIFIED.,.F.,
  .F.,(2,2),(-1.16E+03,-15.),.PIECEWISE_BEZIER_KNOTS.);
#9396 = CARTESIAN_POINT('',(1.175E+03,464.));
#9397 = CARTESIAN_POINT('',(30.,464.));
#9398 = ( GEOMETRIC_REPRESENTATION_CONTEXT(2) 
PARAMETRIC_REPRESENTATION_CONTEXT() REPRESENTATION_CONTEXT('2D SPACE',''
  ) );
#9399 = PCURVE('',#9211,#9400);
#9400 = DEFINITIONAL_REPRESENTATION('',(#9401),#9404);
#9401 = B_SPLINE_CURVE_WITH_KNOTS('',1,(#9402,#9403),.UNSPECIFIED.,.F.,
  .F.,(2,2),(-1.16E+03,-15.),.PIECEWISE_BEZIER_KNOTS.);
#9402 = CARTESIAN_POINT('',(1.145E+03,-4.));
#9403 = CARTESIAN_POINT('',(0.,-4.));
#9404 = ( GEOMETRIC_REPRESENTATION_CONTEXT(2) 
PARAMETRIC_REPRESENTATION_CONTEXT() REPRESENTATION_CONTEXT('2D SPACE',''
  ) );
#9405 = ADVANCED_FACE('',(#9406),#8974,.F.);
#9406 = FACE_BOUND('',#9407,.F.);
#9407 = EDGE_LOOP('',(#9408,#9409,#9410,#9431));
#9408 = ORIENTED_EDGE('',*,*,#8958,.F.);
#9409 = ORIENTED_EDGE('',*,*,#9043,.T.);
#9410 = ORIENTED_EDGE('',*,*,#9411,.T.);
#9411 = EDGE_CURVE('',#9044,#9275,#9412,.T.);
#9412 = SURFACE_CURVE('',#9413,(#9417,#9424),.PCURVE_S1.);
#9413 = LINE('',#9414,#9415);
#9414 = CARTESIAN_POINT('',(242.,-152.,-752.5));
#9415 = VECTOR('',#9416,1.);
#9416 = DIRECTION('',(0.,1.,0.));
#9417 = PCURVE('',#8974,#9418);
#9418 = DEFINITIONAL_REPRESENTATION('',(#9419),#9423);
#9419 = LINE('',#9420,#9421);
#9420 = CARTESIAN_POINT('',(484.,0.));
#9421 = VECTOR('',#9422,1.);
#9422 = DIRECTION('',(0.,1.));
#9423 = ( GEOMETRIC_REPRESENTATION_CONTEXT(2) 
PARAMETRIC_REPRESENTATION_CONTEXT() REPRESENTATION_CONTEXT('2D SPACE',''
  ) );
#9424 = PCURVE('',#9104,#9425);
#9425 = DEFINITIONAL_REPRESENTATION('',(#9426),#9430);
#9426 = LINE('',#9427,#9428);
#9427 = CARTESIAN_POINT('',(0.,0.));
#9428 = VECTOR('',#9429,1.);
#9429 = DIRECTION('',(0.,-1.));
#9430 = ( GEOMETRIC_REPRESENTATION_CONTEXT(2) 
PARAMETRIC_REPRESENTATION_CONTEXT() REPRESENTATION_CONTEXT('2D SPACE',''
  ) );
#9431 = ORIENTED_EDGE('',*,*,#9274,.F.);
#9432 = ADVANCED_FACE('',(#9433),#9104,.T.);
#9433 = FACE_BOUND('',#9434,.T.);
#9434 = EDGE_LOOP('',(#9435,#9436,#9437,#9438));
#9435 = ORIENTED_EDGE('',*,*,#9090,.F.);
#9436 = ORIENTED_EDGE('',*,*,#9411,.T.);
#9437 = ORIENTED_EDGE('',*,*,#9299,.T.);
#9438 = ORIENTED_EDGE('',*,*,#9227,.F.);
#9439 = ADVANCED_FACE('',(#9440),#9135,.F.);
#9440 = FACE_BOUND('',#9441,.F.);
#9441 = EDGE_LOOP('',(#9442,#9463,#9464,#9485));
#9442 = ORIENTED_EDGE('',*,*,#9443,.F.);
#9443 = EDGE_CURVE('',#9119,#9323,#9444,.T.);
#9444 = SURFACE_CURVE('',#9445,(#9449,#9456),.PCURVE_S1.);
#9445 = LINE('',#9446,#9447);
#9446 = CARTESIAN_POINT('',(-222.,-154.,422.5));
#9447 = VECTOR('',#9448,1.);
#9448 = DIRECTION('',(0.,1.,0.));
#9449 = PCURVE('',#9135,#9450);
#9450 = DEFINITIONAL_REPRESENTATION('',(#9451),#9455);
#9451 = LINE('',#9452,#9453);
#9452 = CARTESIAN_POINT('',(0.,0.));
#9453 = VECTOR('',#9454,1.);
#9454 = DIRECTION('',(0.,1.));
#9455 = ( GEOMETRIC_REPRESENTATION_CONTEXT(2) 
PARAMETRIC_REPRESENTATION_CONTEXT() REPRESENTATION_CONTEXT('2D SPACE',''
  ) );
#9456 = PCURVE('',#9161,#9457);
#9457 = DEFINITIONAL_REPRESENTATION('',(#9458),#9462);
#9458 = LINE('',#9459,#9460);
#9459 = CARTESIAN_POINT('',(1.145E+03,0.));
#9460 = VECTOR('',#9461,1.);
#9461 = DIRECTION('',(0.,-1.));
#9462 = ( GEOMETRIC_REPRESENTATION_CONTEXT(2) 
PARAMETRIC_REPRESENTATION_CONTEXT() REPRESENTATION_CONTEXT('2D SPACE',''
  ) );
#9463 = ORIENTED_EDGE('',*,*,#9118,.T.);
#9464 = ORIENTED_EDGE('',*,*,#9465,.T.);
#9465 = EDGE_CURVE('',#9121,#9325,#9466,.T.);
#9466 = SURFACE_CURVE('',#9467,(#9471,#9478),.PCURVE_S1.);
#9467 = LINE('',#9468,#9469);
#9468 = CARTESIAN_POINT('',(222.,-154.,422.5));
#9469 = VECTOR('',#9470,1.);
#9470 = DIRECTION('',(0.,1.,0.));
#9471 = PCURVE('',#9135,#9472);
#9472 = DEFINITIONAL_REPRESENTATION('',(#9473),#9477);
#9473 = LINE('',#9474,#9475);
#9474 = CARTESIAN_POINT('',(444.,0.));
#9475 = VECTOR('',#9476,1.);
#9476 = DIRECTION('',(0.,1.));
#9477 = ( GEOMETRIC_REPRESENTATION_CONTEXT(2) 
PARAMETRIC_REPRESENTATION_CONTEXT() REPRESENTATION_CONTEXT('2D SPACE',''
  ) );
#9478 = PCURVE('',#9211,#9479);
#9479 = DEFINITIONAL_REPRESENTATION('',(#9480),#9484);
#9480 = LINE('',#9481,#9482);
#9481 = CARTESIAN_POINT('',(1.145E+03,0.));
#9482 = VECTOR('',#9483,1.);
#9483 = DIRECTION('',(0.,-1.));
#9484 = ( GEOMETRIC_REPRESENTATION_CONTEXT(2) 
PARAMETRIC_REPRESENTATION_CONTEXT() REPRESENTATION_CONTEXT('2D SPACE',''
  ) );
#9485 = ORIENTED_EDGE('',*,*,#9322,.F.);
#9486 = ADVANCED_FACE('',(#9487),#9211,.F.);
#9487 = FACE_BOUND('',#9488,.F.);
#9488 = EDGE_LOOP('',(#9489,#9490,#9491,#9512));
#9489 = ORIENTED_EDGE('',*,*,#9465,.F.);
#9490 = ORIENTED_EDGE('',*,*,#9198,.T.);
#9491 = ORIENTED_EDGE('',*,*,#9492,.T.);
#9492 = EDGE_CURVE('',#9173,#9367,#9493,.T.);
#9493 = SURFACE_CURVE('',#9494,(#9498,#9505),.PCURVE_S1.);
#9494 = LINE('',#9495,#9496);
#9495 = CARTESIAN_POINT('',(222.,-154.,-722.5));
#9496 = VECTOR('',#9497,1.);
#9497 = DIRECTION('',(0.,1.,0.));
#9498 = PCURVE('',#9211,#9499);
#9499 = DEFINITIONAL_REPRESENTATION('',(#9500),#9504);
#9500 = LINE('',#9501,#9502);
#9501 = CARTESIAN_POINT('',(0.,0.));
#9502 = VECTOR('',#9503,1.);
#9503 = DIRECTION('',(0.,-1.));
#9504 = ( GEOMETRIC_REPRESENTATION_CONTEXT(2) 
PARAMETRIC_REPRESENTATION_CONTEXT() REPRESENTATION_CONTEXT('2D SPACE',''
  ) );
#9505 = PCURVE('',#9187,#9506);
#9506 = DEFINITIONAL_REPRESENTATION('',(#9507),#9511);
#9507 = LINE('',#9508,#9509);
#9508 = CARTESIAN_POINT('',(444.,0.));
#9509 = VECTOR('',#9510,1.);
#9510 = DIRECTION('',(0.,1.));
#9511 = ( GEOMETRIC_REPRESENTATION_CONTEXT(2) 
PARAMETRIC_REPRESENTATION_CONTEXT() REPRESENTATION_CONTEXT('2D SPACE',''
  ) );
#9512 = ORIENTED_EDGE('',*,*,#9387,.F.);
#9513 = ADVANCED_FACE('',(#9514),#9187,.T.);
#9514 = FACE_BOUND('',#9515,.T.);
#9515 = EDGE_LOOP('',(#9516,#9537,#9538,#9539));
#9516 = ORIENTED_EDGE('',*,*,#9517,.F.);
#9517 = EDGE_CURVE('',#9147,#9346,#9518,.T.);
#9518 = SURFACE_CURVE('',#9519,(#9523,#9530),.PCURVE_S1.);
#9519 = LINE('',#9520,#9521);
#9520 = CARTESIAN_POINT('',(-222.,-154.,-722.5));
#9521 = VECTOR('',#9522,1.);
#9522 = DIRECTION('',(0.,1.,0.));
#9523 = PCURVE('',#9187,#9524);
#9524 = DEFINITIONAL_REPRESENTATION('',(#9525),#9529);
#9525 = LINE('',#9526,#9527);
#9526 = CARTESIAN_POINT('',(0.,0.));
#9527 = VECTOR('',#9528,1.);
#9528 = DIRECTION('',(0.,1.));
#9529 = ( GEOMETRIC_REPRESENTATION_CONTEXT(2) 
PARAMETRIC_REPRESENTATION_CONTEXT() REPRESENTATION_CONTEXT('2D SPACE',''
  ) );
#9530 = PCURVE('',#9161,#9531);
#9531 = DEFINITIONAL_REPRESENTATION('',(#9532),#9536);
#9532 = LINE('',#9533,#9534);
#9533 = CARTESIAN_POINT('',(0.,0.));
#9534 = VECTOR('',#9535,1.);
#9535 = DIRECTION('',(0.,-1.));
#9536 = ( GEOMETRIC_REPRESENTATION_CONTEXT(2) 
PARAMETRIC_REPRESENTATION_CONTEXT() REPRESENTATION_CONTEXT('2D SPACE',''
  ) );
#9537 = ORIENTED_EDGE('',*,*,#9172,.T.);
#9538 = ORIENTED_EDGE('',*,*,#9492,.T.);
#9539 = ORIENTED_EDGE('',*,*,#9366,.F.);
#9540 = ADVANCED_FACE('',(#9541),#9161,.T.);
#9541 = FACE_BOUND('',#9542,.T.);
#9542 = EDGE_LOOP('',(#9543,#9544,#9545,#9546));
#9543 = ORIENTED_EDGE('',*,*,#9443,.F.);
#9544 = ORIENTED_EDGE('',*,*,#9146,.T.);
#9545 = ORIENTED_EDGE('',*,*,#9517,.T.);
#9546 = ORIENTED_EDGE('',*,*,#9345,.F.);
#9547 = ( GEOMETRIC_REPRESENTATION_CONTEXT(3) 
GLOBAL_UNCERTAINTY_ASSIGNED_CONTEXT((#9551)) 
GLOBAL_UNIT_ASSIGNED_CONTEXT((#9548,#9549,#9550)) REPRESENTATION_CONTEXT
('Context #1','3D Context with UNIT and UNCERTAINTY') );
#9548 = ( LENGTH_UNIT() NAMED_UNIT(*) SI_UNIT(.MILLI.,.METRE.) );
#9549 = ( NAMED_UNIT(*) PLANE_ANGLE_UNIT() SI_UNIT($,.RADIAN.) );
#9550 = ( NAMED_UNIT(*) SI_UNIT($,.STERADIAN.) SOLID_ANGLE_UNIT() );
#9551 = UNCERTAINTY_MEASURE_WITH_UNIT(LENGTH_MEASURE(1.E-07),#9548,
  'distance_accuracy_value','confusion accuracy');
#9552 = CONTEXT_DEPENDENT_SHAPE_REPRESENTATION(#9553,#9555);
#9553 = ( REPRESENTATION_RELATIONSHIP('','',#8916,#10) 
REPRESENTATION_RELATIONSHIP_WITH_TRANSFORMATION(#9554) 
SHAPE_REPRESENTATION_RELATIONSHIP() );
#9554 = ITEM_DEFINED_TRANSFORMATION('','',#11,#31);
#9555 = PRODUCT_DEFINITION_SHAPE('Placement','Placement of an item',
  #9556);
#9556 = NEXT_ASSEMBLY_USAGE_OCCURRENCE('5','porous_diffuser_40pct','',#5
  ,#8911,$);
#9557 = PRODUCT_RELATED_PRODUCT_CATEGORY('part',$,(#8913));
#9558 = SHAPE_DEFINITION_REPRESENTATION(#9559,#9565);
#9559 = PRODUCT_DEFINITION_SHAPE('','',#9560);
#9560 = PRODUCT_DEFINITION('design','',#9561,#9564);
#9561 = PRODUCT_DEFINITION_FORMATION('','',#9562);
#9562 = PRODUCT('dummy_315mm_plug_fan','dummy_315mm_plug_fan','',(#9563)
  );
#9563 = PRODUCT_CONTEXT('',#2,'mechanical');
#9564 = PRODUCT_DEFINITION_CONTEXT('part definition',#2,'design');
#9565 = ADVANCED_BREP_SHAPE_REPRESENTATION('',(#11,#9566),#9664);
#9566 = MANIFOLD_SOLID_BREP('',#9567);
#9567 = CLOSED_SHELL('',(#9568,#9656,#9660));
#9568 = ADVANCED_FACE('',(#9569),#9582,.T.);
#9569 = FACE_BOUND('',#9570,.T.);
#9570 = EDGE_LOOP('',(#9571,#9605,#9628,#9655));
#9571 = ORIENTED_EDGE('',*,*,#9572,.F.);
#9572 = EDGE_CURVE('',#9573,#9573,#9575,.T.);
#9573 = VERTEX_POINT('',#9574);
#9574 = CARTESIAN_POINT('',(157.5,-131.,627.5));
#9575 = SURFACE_CURVE('',#9576,(#9581,#9593),.PCURVE_S1.);
#9576 = CIRCLE('',#9577,157.5);
#9577 = AXIS2_PLACEMENT_3D('',#9578,#9579,#9580);
#9578 = CARTESIAN_POINT('',(0.,-131.,627.5));
#9579 = DIRECTION('',(0.,-1.,0.));
#9580 = DIRECTION('',(1.,0.,0.));
#9581 = PCURVE('',#9582,#9587);
#9582 = CYLINDRICAL_SURFACE('',#9583,157.5);
#9583 = AXIS2_PLACEMENT_3D('',#9584,#9585,#9586);
#9584 = CARTESIAN_POINT('',(0.,-11.,627.5));
#9585 = DIRECTION('',(0.,-1.,0.));
#9586 = DIRECTION('',(1.,0.,0.));
#9587 = DEFINITIONAL_REPRESENTATION('',(#9588),#9592);
#9588 = LINE('',#9589,#9590);
#9589 = CARTESIAN_POINT('',(0.,120.));
#9590 = VECTOR('',#9591,1.);
#9591 = DIRECTION('',(1.,0.));
#9592 = ( GEOMETRIC_REPRESENTATION_CONTEXT(2) 
PARAMETRIC_REPRESENTATION_CONTEXT() REPRESENTATION_CONTEXT('2D SPACE',''
  ) );
#9593 = PCURVE('',#9594,#9599);
#9594 = PLANE('',#9595);
#9595 = AXIS2_PLACEMENT_3D('',#9596,#9597,#9598);
#9596 = CARTESIAN_POINT('',(0.,-131.,627.5));
#9597 = DIRECTION('',(0.,-1.,0.));
#9598 = DIRECTION('',(1.,0.,0.));
#9599 = DEFINITIONAL_REPRESENTATION('',(#9600),#9604);
#9600 = CIRCLE('',#9601,157.5);
#9601 = AXIS2_PLACEMENT_2D('',#9602,#9603);
#9602 = CARTESIAN_POINT('',(0.,0.));
#9603 = DIRECTION('',(1.,0.));
#9604 = ( GEOMETRIC_REPRESENTATION_CONTEXT(2) 
PARAMETRIC_REPRESENTATION_CONTEXT() REPRESENTATION_CONTEXT('2D SPACE',''
  ) );
#9605 = ORIENTED_EDGE('',*,*,#9606,.F.);
#9606 = EDGE_CURVE('',#9607,#9573,#9609,.T.);
#9607 = VERTEX_POINT('',#9608);
#9608 = CARTESIAN_POINT('',(157.5,-11.,627.5));
#9609 = SEAM_CURVE('',#9610,(#9614,#9621),.PCURVE_S1.);
#9610 = LINE('',#9611,#9612);
#9611 = CARTESIAN_POINT('',(157.5,-11.,627.5));
#9612 = VECTOR('',#9613,1.);
#9613 = DIRECTION('',(0.,-1.,0.));
#9614 = PCURVE('',#9582,#9615);
#9615 = DEFINITIONAL_REPRESENTATION('',(#9616),#9620);
#9616 = LINE('',#9617,#9618);
#9617 = CARTESIAN_POINT('',(6.28318530718,-0.));
#9618 = VECTOR('',#9619,1.);
#9619 = DIRECTION('',(0.,1.));
#9620 = ( GEOMETRIC_REPRESENTATION_CONTEXT(2) 
PARAMETRIC_REPRESENTATION_CONTEXT() REPRESENTATION_CONTEXT('2D SPACE',''
  ) );
#9621 = PCURVE('',#9582,#9622);
#9622 = DEFINITIONAL_REPRESENTATION('',(#9623),#9627);
#9623 = LINE('',#9624,#9625);
#9624 = CARTESIAN_POINT('',(0.,-0.));
#9625 = VECTOR('',#9626,1.);
#9626 = DIRECTION('',(0.,1.));
#9627 = ( GEOMETRIC_REPRESENTATION_CONTEXT(2) 
PARAMETRIC_REPRESENTATION_CONTEXT() REPRESENTATION_CONTEXT('2D SPACE',''
  ) );
#9628 = ORIENTED_EDGE('',*,*,#9629,.T.);
#9629 = EDGE_CURVE('',#9607,#9607,#9630,.T.);
#9630 = SURFACE_CURVE('',#9631,(#9636,#9643),.PCURVE_S1.);
#9631 = CIRCLE('',#9632,157.5);
#9632 = AXIS2_PLACEMENT_3D('',#9633,#9634,#9635);
#9633 = CARTESIAN_POINT('',(0.,-11.,627.5));
#9634 = DIRECTION('',(0.,-1.,0.));
#9635 = DIRECTION('',(1.,0.,0.));
#9636 = PCURVE('',#9582,#9637);
#9637 = DEFINITIONAL_REPRESENTATION('',(#9638),#9642);
#9638 = LINE('',#9639,#9640);
#9639 = CARTESIAN_POINT('',(0.,0.));
#9640 = VECTOR('',#9641,1.);
#9641 = DIRECTION('',(1.,0.));
#9642 = ( GEOMETRIC_REPRESENTATION_CONTEXT(2) 
PARAMETRIC_REPRESENTATION_CONTEXT() REPRESENTATION_CONTEXT('2D SPACE',''
  ) );
#9643 = PCURVE('',#9644,#9649);
#9644 = PLANE('',#9645);
#9645 = AXIS2_PLACEMENT_3D('',#9646,#9647,#9648);
#9646 = CARTESIAN_POINT('',(0.,-11.,627.5));
#9647 = DIRECTION('',(0.,-1.,0.));
#9648 = DIRECTION('',(1.,0.,0.));
#9649 = DEFINITIONAL_REPRESENTATION('',(#9650),#9654);
#9650 = CIRCLE('',#9651,157.5);
#9651 = AXIS2_PLACEMENT_2D('',#9652,#9653);
#9652 = CARTESIAN_POINT('',(0.,0.));
#9653 = DIRECTION('',(1.,0.));
#9654 = ( GEOMETRIC_REPRESENTATION_CONTEXT(2) 
PARAMETRIC_REPRESENTATION_CONTEXT() REPRESENTATION_CONTEXT('2D SPACE',''
  ) );
#9655 = ORIENTED_EDGE('',*,*,#9606,.T.);
#9656 = ADVANCED_FACE('',(#9657),#9594,.T.);
#9657 = FACE_BOUND('',#9658,.T.);
#9658 = EDGE_LOOP('',(#9659));
#9659 = ORIENTED_EDGE('',*,*,#9572,.T.);
#9660 = ADVANCED_FACE('',(#9661),#9644,.F.);
#9661 = FACE_BOUND('',#9662,.T.);
#9662 = EDGE_LOOP('',(#9663));
#9663 = ORIENTED_EDGE('',*,*,#9629,.F.);
#9664 = ( GEOMETRIC_REPRESENTATION_CONTEXT(3) 
GLOBAL_UNCERTAINTY_ASSIGNED_CONTEXT((#9668)) 
GLOBAL_UNIT_ASSIGNED_CONTEXT((#9665,#9666,#9667)) REPRESENTATION_CONTEXT
('Context #1','3D Context with UNIT and UNCERTAINTY') );
#9665 = ( LENGTH_UNIT() NAMED_UNIT(*) SI_UNIT(.MILLI.,.METRE.) );
#9666 = ( NAMED_UNIT(*) PLANE_ANGLE_UNIT() SI_UNIT($,.RADIAN.) );
#9667 = ( NAMED_UNIT(*) SI_UNIT($,.STERADIAN.) SOLID_ANGLE_UNIT() );
#9668 = UNCERTAINTY_MEASURE_WITH_UNIT(LENGTH_MEASURE(1.E-07),#9665,
  'distance_accuracy_value','confusion accuracy');
#9669 = CONTEXT_DEPENDENT_SHAPE_REPRESENTATION(#9670,#9672);
#9670 = ( REPRESENTATION_RELATIONSHIP('','',#9565,#10) 
REPRESENTATION_RELATIONSHIP_WITH_TRANSFORMATION(#9671) 
SHAPE_REPRESENTATION_RELATIONSHIP() );
#9671 = ITEM_DEFINED_TRANSFORMATION('','',#11,#35);
#9672 = PRODUCT_DEFINITION_SHAPE('Placement','Placement of an item',
  #9673);
#9673 = NEXT_ASSEMBLY_USAGE_OCCURRENCE('6','dummy_315mm_plug_fan','',#5,
  #9560,$);
#9674 = PRODUCT_RELATED_PRODUCT_CATEGORY('part',$,(#9562));
#9675 = SHAPE_DEFINITION_REPRESENTATION(#9676,#9682);
#9676 = PRODUCT_DEFINITION_SHAPE('','',#9677);
#9677 = PRODUCT_DEFINITION('design','',#9678,#9681);
#9678 = PRODUCT_DEFINITION_FORMATION('','',#9679);
#9679 = PRODUCT('lid_inlet','lid_inlet','',(#9680));
#9680 = PRODUCT_CONTEXT('',#2,'mechanical');
#9681 = PRODUCT_DEFINITION_CONTEXT('part definition',#2,'design');
#9682 = ADVANCED_BREP_SHAPE_REPRESENTATION('',(#11,#9683),#9781);
#9683 = MANIFOLD_SOLID_BREP('',#9684);
#9684 = CLOSED_SHELL('',(#9685,#9773,#9777));
#9685 = ADVANCED_FACE('',(#9686),#9699,.T.);
#9686 = FACE_BOUND('',#9687,.T.);
#9687 = EDGE_LOOP('',(#9688,#9722,#9745,#9772));
#9688 = ORIENTED_EDGE('',*,*,#9689,.F.);
#9689 = EDGE_CURVE('',#9690,#9690,#9692,.T.);
#9690 = VERTEX_POINT('',#9691);
#9691 = CARTESIAN_POINT('',(77.,-401.,627.5));
#9692 = SURFACE_CURVE('',#9693,(#9698,#9710),.PCURVE_S1.);
#9693 = CIRCLE('',#9694,77.);
#9694 = AXIS2_PLACEMENT_3D('',#9695,#9696,#9697);
#9695 = CARTESIAN_POINT('',(0.,-401.,627.5));
#9696 = DIRECTION('',(0.,-1.,0.));
#9697 = DIRECTION('',(1.,0.,0.));
#9698 = PCURVE('',#9699,#9704);
#9699 = CYLINDRICAL_SURFACE('',#9700,77.);
#9700 = AXIS2_PLACEMENT_3D('',#9701,#9702,#9703);
#9701 = CARTESIAN_POINT('',(0.,-399.,627.5));
#9702 = DIRECTION('',(0.,-1.,0.));
#9703 = DIRECTION('',(1.,0.,0.));
#9704 = DEFINITIONAL_REPRESENTATION('',(#9705),#9709);
#9705 = LINE('',#9706,#9707);
#9706 = CARTESIAN_POINT('',(0.,2.));
#9707 = VECTOR('',#9708,1.);
#9708 = DIRECTION('',(1.,0.));
#9709 = ( GEOMETRIC_REPRESENTATION_CONTEXT(2) 
PARAMETRIC_REPRESENTATION_CONTEXT() REPRESENTATION_CONTEXT('2D SPACE',''
  ) );
#9710 = PCURVE('',#9711,#9716);
#9711 = PLANE('',#9712);
#9712 = AXIS2_PLACEMENT_3D('',#9713,#9714,#9715);
#9713 = CARTESIAN_POINT('',(0.,-401.,627.5));
#9714 = DIRECTION('',(0.,-1.,0.));
#9715 = DIRECTION('',(1.,0.,0.));
#9716 = DEFINITIONAL_REPRESENTATION('',(#9717),#9721);
#9717 = CIRCLE('',#9718,77.);
#9718 = AXIS2_PLACEMENT_2D('',#9719,#9720);
#9719 = CARTESIAN_POINT('',(0.,0.));
#9720 = DIRECTION('',(1.,0.));
#9721 = ( GEOMETRIC_REPRESENTATION_CONTEXT(2) 
PARAMETRIC_REPRESENTATION_CONTEXT() REPRESENTATION_CONTEXT('2D SPACE',''
  ) );
#9722 = ORIENTED_EDGE('',*,*,#9723,.F.);
#9723 = EDGE_CURVE('',#9724,#9690,#9726,.T.);
#9724 = VERTEX_POINT('',#9725);
#9725 = CARTESIAN_POINT('',(77.,-399.,627.5));
#9726 = SEAM_CURVE('',#9727,(#9731,#9738),.PCURVE_S1.);
#9727 = LINE('',#9728,#9729);
#9728 = CARTESIAN_POINT('',(77.,-399.,627.5));
#9729 = VECTOR('',#9730,1.);
#9730 = DIRECTION('',(0.,-1.,0.));
#9731 = PCURVE('',#9699,#9732);
#9732 = DEFINITIONAL_REPRESENTATION('',(#9733),#9737);
#9733 = LINE('',#9734,#9735);
#9734 = CARTESIAN_POINT('',(6.28318530718,-0.));
#9735 = VECTOR('',#9736,1.);
#9736 = DIRECTION('',(0.,1.));
#9737 = ( GEOMETRIC_REPRESENTATION_CONTEXT(2) 
PARAMETRIC_REPRESENTATION_CONTEXT() REPRESENTATION_CONTEXT('2D SPACE',''
  ) );
#9738 = PCURVE('',#9699,#9739);
#9739 = DEFINITIONAL_REPRESENTATION('',(#9740),#9744);
#9740 = LINE('',#9741,#9742);
#9741 = CARTESIAN_POINT('',(0.,-0.));
#9742 = VECTOR('',#9743,1.);
#9743 = DIRECTION('',(0.,1.));
#9744 = ( GEOMETRIC_REPRESENTATION_CONTEXT(2) 
PARAMETRIC_REPRESENTATION_CONTEXT() REPRESENTATION_CONTEXT('2D SPACE',''
  ) );
#9745 = ORIENTED_EDGE('',*,*,#9746,.T.);
#9746 = EDGE_CURVE('',#9724,#9724,#9747,.T.);
#9747 = SURFACE_CURVE('',#9748,(#9753,#9760),.PCURVE_S1.);
#9748 = CIRCLE('',#9749,77.);
#9749 = AXIS2_PLACEMENT_3D('',#9750,#9751,#9752);
#9750 = CARTESIAN_POINT('',(0.,-399.,627.5));
#9751 = DIRECTION('',(0.,-1.,0.));
#9752 = DIRECTION('',(1.,0.,0.));
#9753 = PCURVE('',#9699,#9754);
#9754 = DEFINITIONAL_REPRESENTATION('',(#9755),#9759);
#9755 = LINE('',#9756,#9757);
#9756 = CARTESIAN_POINT('',(0.,0.));
#9757 = VECTOR('',#9758,1.);
#9758 = DIRECTION('',(1.,0.));
#9759 = ( GEOMETRIC_REPRESENTATION_CONTEXT(2) 
PARAMETRIC_REPRESENTATION_CONTEXT() REPRESENTATION_CONTEXT('2D SPACE',''
  ) );
#9760 = PCURVE('',#9761,#9766);
#9761 = PLANE('',#9762);
#9762 = AXIS2_PLACEMENT_3D('',#9763,#9764,#9765);
#9763 = CARTESIAN_POINT('',(0.,-399.,627.5));
#9764 = DIRECTION('',(0.,-1.,0.));
#9765 = DIRECTION('',(1.,0.,0.));
#9766 = DEFINITIONAL_REPRESENTATION('',(#9767),#9771);
#9767 = CIRCLE('',#9768,77.);
#9768 = AXIS2_PLACEMENT_2D('',#9769,#9770);
#9769 = CARTESIAN_POINT('',(0.,0.));
#9770 = DIRECTION('',(1.,0.));
#9771 = ( GEOMETRIC_REPRESENTATION_CONTEXT(2) 
PARAMETRIC_REPRESENTATION_CONTEXT() REPRESENTATION_CONTEXT('2D SPACE',''
  ) );
#9772 = ORIENTED_EDGE('',*,*,#9723,.T.);
#9773 = ADVANCED_FACE('',(#9774),#9711,.T.);
#9774 = FACE_BOUND('',#9775,.T.);
#9775 = EDGE_LOOP('',(#9776));
#9776 = ORIENTED_EDGE('',*,*,#9689,.T.);
#9777 = ADVANCED_FACE('',(#9778),#9761,.F.);
#9778 = FACE_BOUND('',#9779,.T.);
#9779 = EDGE_LOOP('',(#9780));
#9780 = ORIENTED_EDGE('',*,*,#9746,.F.);
#9781 = ( GEOMETRIC_REPRESENTATION_CONTEXT(3) 
GLOBAL_UNCERTAINTY_ASSIGNED_CONTEXT((#9785)) 
GLOBAL_UNIT_ASSIGNED_CONTEXT((#9782,#9783,#9784)) REPRESENTATION_CONTEXT
('Context #1','3D Context with UNIT and UNCERTAINTY') );
#9782 = ( LENGTH_UNIT() NAMED_UNIT(*) SI_UNIT(.MILLI.,.METRE.) );
#9783 = ( NAMED_UNIT(*) PLANE_ANGLE_UNIT() SI_UNIT($,.RADIAN.) );
#9784 = ( NAMED_UNIT(*) SI_UNIT($,.STERADIAN.) SOLID_ANGLE_UNIT() );
#9785 = UNCERTAINTY_MEASURE_WITH_UNIT(LENGTH_MEASURE(1.E-07),#9782,
  'distance_accuracy_value','confusion accuracy');
#9786 = CONTEXT_DEPENDENT_SHAPE_REPRESENTATION(#9787,#9789);
#9787 = ( REPRESENTATION_RELATIONSHIP('','',#9682,#10) 
REPRESENTATION_RELATIONSHIP_WITH_TRANSFORMATION(#9788) 
SHAPE_REPRESENTATION_RELATIONSHIP() );
#9788 = ITEM_DEFINED_TRANSFORMATION('','',#11,#39);
#9789 = PRODUCT_DEFINITION_SHAPE('Placement','Placement of an item',
  #9790);
#9790 = NEXT_ASSEMBLY_USAGE_OCCURRENCE('7','lid_inlet','',#5,#9677,$);
#9791 = PRODUCT_RELATED_PRODUCT_CATEGORY('part',$,(#9679));
#9792 = SHAPE_DEFINITION_REPRESENTATION(#9793,#9799);
#9793 = PRODUCT_DEFINITION_SHAPE('','',#9794);
#9794 = PRODUCT_DEFINITION('design','',#9795,#9798);
#9795 = PRODUCT_DEFINITION_FORMATION('','',#9796);
#9796 = PRODUCT('lid_outlet','lid_outlet','',(#9797));
#9797 = PRODUCT_CONTEXT('',#2,'mechanical');
#9798 = PRODUCT_DEFINITION_CONTEXT('part definition',#2,'design');
#9799 = ADVANCED_BREP_SHAPE_REPRESENTATION('',(#11,#9800),#9898);
#9800 = MANIFOLD_SOLID_BREP('',#9801);
#9801 = CLOSED_SHELL('',(#9802,#9890,#9894));
#9802 = ADVANCED_FACE('',(#9803),#9816,.T.);
#9803 = FACE_BOUND('',#9804,.T.);
#9804 = EDGE_LOOP('',(#9805,#9839,#9862,#9889));
#9805 = ORIENTED_EDGE('',*,*,#9806,.F.);
#9806 = EDGE_CURVE('',#9807,#9807,#9809,.T.);
#9807 = VERTEX_POINT('',#9808);
#9808 = CARTESIAN_POINT('',(52.,251.,854.5));
#9809 = SURFACE_CURVE('',#9810,(#9815,#9827),.PCURVE_S1.);
#9810 = CIRCLE('',#9811,52.);
#9811 = AXIS2_PLACEMENT_3D('',#9812,#9813,#9814);
#9812 = CARTESIAN_POINT('',(0.,251.,854.5));
#9813 = DIRECTION('',(0.,0.,1.));
#9814 = DIRECTION('',(1.,0.,0.));
#9815 = PCURVE('',#9816,#9821);
#9816 = CYLINDRICAL_SURFACE('',#9817,52.);
#9817 = AXIS2_PLACEMENT_3D('',#9818,#9819,#9820);
#9818 = CARTESIAN_POINT('',(0.,251.,852.5));
#9819 = DIRECTION('',(0.,0.,1.));
#9820 = DIRECTION('',(1.,0.,0.));
#9821 = DEFINITIONAL_REPRESENTATION('',(#9822),#9826);
#9822 = LINE('',#9823,#9824);
#9823 = CARTESIAN_POINT('',(0.,2.));
#9824 = VECTOR('',#9825,1.);
#9825 = DIRECTION('',(1.,0.));
#9826 = ( GEOMETRIC_REPRESENTATION_CONTEXT(2) 
PARAMETRIC_REPRESENTATION_CONTEXT() REPRESENTATION_CONTEXT('2D SPACE',''
  ) );
#9827 = PCURVE('',#9828,#9833);
#9828 = PLANE('',#9829);
#9829 = AXIS2_PLACEMENT_3D('',#9830,#9831,#9832);
#9830 = CARTESIAN_POINT('',(0.,251.,854.5));
#9831 = DIRECTION('',(0.,0.,1.));
#9832 = DIRECTION('',(1.,0.,0.));
#9833 = DEFINITIONAL_REPRESENTATION('',(#9834),#9838);
#9834 = CIRCLE('',#9835,52.);
#9835 = AXIS2_PLACEMENT_2D('',#9836,#9837);
#9836 = CARTESIAN_POINT('',(0.,0.));
#9837 = DIRECTION('',(1.,0.));
#9838 = ( GEOMETRIC_REPRESENTATION_CONTEXT(2) 
PARAMETRIC_REPRESENTATION_CONTEXT() REPRESENTATION_CONTEXT('2D SPACE',''
  ) );
#9839 = ORIENTED_EDGE('',*,*,#9840,.F.);
#9840 = EDGE_CURVE('',#9841,#9807,#9843,.T.);
#9841 = VERTEX_POINT('',#9842);
#9842 = CARTESIAN_POINT('',(52.,251.,852.5));
#9843 = SEAM_CURVE('',#9844,(#9848,#9855),.PCURVE_S1.);
#9844 = LINE('',#9845,#9846);
#9845 = CARTESIAN_POINT('',(52.,251.,852.5));
#9846 = VECTOR('',#9847,1.);
#9847 = DIRECTION('',(0.,0.,1.));
#9848 = PCURVE('',#9816,#9849);
#9849 = DEFINITIONAL_REPRESENTATION('',(#9850),#9854);
#9850 = LINE('',#9851,#9852);
#9851 = CARTESIAN_POINT('',(6.28318530718,-0.));
#9852 = VECTOR('',#9853,1.);
#9853 = DIRECTION('',(0.,1.));
#9854 = ( GEOMETRIC_REPRESENTATION_CONTEXT(2) 
PARAMETRIC_REPRESENTATION_CONTEXT() REPRESENTATION_CONTEXT('2D SPACE',''
  ) );
#9855 = PCURVE('',#9816,#9856);
#9856 = DEFINITIONAL_REPRESENTATION('',(#9857),#9861);
#9857 = LINE('',#9858,#9859);
#9858 = CARTESIAN_POINT('',(0.,-0.));
#9859 = VECTOR('',#9860,1.);
#9860 = DIRECTION('',(0.,1.));
#9861 = ( GEOMETRIC_REPRESENTATION_CONTEXT(2) 
PARAMETRIC_REPRESENTATION_CONTEXT() REPRESENTATION_CONTEXT('2D SPACE',''
  ) );
#9862 = ORIENTED_EDGE('',*,*,#9863,.T.);
#9863 = EDGE_CURVE('',#9841,#9841,#9864,.T.);
#9864 = SURFACE_CURVE('',#9865,(#9870,#9877),.PCURVE_S1.);
#9865 = CIRCLE('',#9866,52.);
#9866 = AXIS2_PLACEMENT_3D('',#9867,#9868,#9869);
#9867 = CARTESIAN_POINT('',(0.,251.,852.5));
#9868 = DIRECTION('',(0.,0.,1.));
#9869 = DIRECTION('',(1.,0.,0.));
#9870 = PCURVE('',#9816,#9871);
#9871 = DEFINITIONAL_REPRESENTATION('',(#9872),#9876);
#9872 = LINE('',#9873,#9874);
#9873 = CARTESIAN_POINT('',(0.,0.));
#9874 = VECTOR('',#9875,1.);
#9875 = DIRECTION('',(1.,0.));
#9876 = ( GEOMETRIC_REPRESENTATION_CONTEXT(2) 
PARAMETRIC_REPRESENTATION_CONTEXT() REPRESENTATION_CONTEXT('2D SPACE',''
  ) );
#9877 = PCURVE('',#9878,#9883);
#9878 = PLANE('',#9879);
#9879 = AXIS2_PLACEMENT_3D('',#9880,#9881,#9882);
#9880 = CARTESIAN_POINT('',(0.,251.,852.5));
#9881 = DIRECTION('',(0.,0.,1.));
#9882 = DIRECTION('',(1.,0.,0.));
#9883 = DEFINITIONAL_REPRESENTATION('',(#9884),#9888);
#9884 = CIRCLE('',#9885,52.);
#9885 = AXIS2_PLACEMENT_2D('',#9886,#9887);
#9886 = CARTESIAN_POINT('',(0.,0.));
#9887 = DIRECTION('',(1.,0.));
#9888 = ( GEOMETRIC_REPRESENTATION_CONTEXT(2) 
PARAMETRIC_REPRESENTATION_CONTEXT() REPRESENTATION_CONTEXT('2D SPACE',''
  ) );
#9889 = ORIENTED_EDGE('',*,*,#9840,.T.);
#9890 = ADVANCED_FACE('',(#9891),#9828,.T.);
#9891 = FACE_BOUND('',#9892,.T.);
#9892 = EDGE_LOOP('',(#9893));
#9893 = ORIENTED_EDGE('',*,*,#9806,.T.);
#9894 = ADVANCED_FACE('',(#9895),#9878,.F.);
#9895 = FACE_BOUND('',#9896,.T.);
#9896 = EDGE_LOOP('',(#9897));
#9897 = ORIENTED_EDGE('',*,*,#9863,.F.);
#9898 = ( GEOMETRIC_REPRESENTATION_CONTEXT(3) 
GLOBAL_UNCERTAINTY_ASSIGNED_CONTEXT((#9902)) 
GLOBAL_UNIT_ASSIGNED_CONTEXT((#9899,#9900,#9901)) REPRESENTATION_CONTEXT
('Context #1','3D Context with UNIT and UNCERTAINTY') );
#9899 = ( LENGTH_UNIT() NAMED_UNIT(*) SI_UNIT(.MILLI.,.METRE.) );
#9900 = ( NAMED_UNIT(*) PLANE_ANGLE_UNIT() SI_UNIT($,.RADIAN.) );
#9901 = ( NAMED_UNIT(*) SI_UNIT($,.STERADIAN.) SOLID_ANGLE_UNIT() );
#9902 = UNCERTAINTY_MEASURE_WITH_UNIT(LENGTH_MEASURE(1.E-07),#9899,
  'distance_accuracy_value','confusion accuracy');
#9903 = CONTEXT_DEPENDENT_SHAPE_REPRESENTATION(#9904,#9906);
#9904 = ( REPRESENTATION_RELATIONSHIP('','',#9799,#10) 
REPRESENTATION_RELATIONSHIP_WITH_TRANSFORMATION(#9905) 
SHAPE_REPRESENTATION_RELATIONSHIP() );
#9905 = ITEM_DEFINED_TRANSFORMATION('','',#11,#43);
#9906 = PRODUCT_DEFINITION_SHAPE('Placement','Placement of an item',
  #9907);
#9907 = NEXT_ASSEMBLY_USAGE_OCCURRENCE('8','lid_outlet','',#5,#9794,$);
#9908 = PRODUCT_RELATED_PRODUCT_CATEGORY('part',$,(#9796));
#9909 = SHAPE_DEFINITION_REPRESENTATION(#9910,#9916);
#9910 = PRODUCT_DEFINITION_SHAPE('','',#9911);
#9911 = PRODUCT_DEFINITION('design','',#9912,#9915);
#9912 = PRODUCT_DEFINITION_FORMATION('','',#9913);
#9913 = PRODUCT('solid_tray_wall_20','solid_tray_wall_20','',(#9914));
#9914 = PRODUCT_CONTEXT('',#2,'mechanical');
#9915 = PRODUCT_DEFINITION_CONTEXT('part definition',#2,'design');
#9916 = ADVANCED_BREP_SHAPE_REPRESENTATION('',(#11,#9917),#10875);
#9917 = MANIFOLD_SOLID_BREP('',#9918);
#9918 = CLOSED_SHELL('',(#9919,#10151,#10341,#10412,#10461,#10510,#10537
    ,#10700,#10727,#10754,#10781,#10814,#10841,#10868));
#9919 = ADVANCED_FACE('',(#9920),#9934,.F.);
#9920 = FACE_BOUND('',#9921,.F.);
#9921 = EDGE_LOOP('',(#9922,#9957,#9985,#10013,#10041,#10069,#10097,
    #10125));
#9922 = ORIENTED_EDGE('',*,*,#9923,.F.);
#9923 = EDGE_CURVE('',#9924,#9926,#9928,.T.);
#9924 = VERTEX_POINT('',#9925);
#9925 = CARTESIAN_POINT('',(240.,-150.,35.));
#9926 = VERTEX_POINT('',#9927);
#9927 = CARTESIAN_POINT('',(240.,-150.,36.5));
#9928 = SURFACE_CURVE('',#9929,(#9933,#9945),.PCURVE_S1.);
#9929 = LINE('',#9930,#9931);
#9930 = CARTESIAN_POINT('',(240.,-150.,35.));
#9931 = VECTOR('',#9932,1.);
#9932 = DIRECTION('',(0.,0.,1.));
#9933 = PCURVE('',#9934,#9939);
#9934 = PLANE('',#9935);
#9935 = AXIS2_PLACEMENT_3D('',#9936,#9937,#9938);
#9936 = CARTESIAN_POINT('',(200.,-150.,35.));
#9937 = DIRECTION('',(0.,1.,0.));
#9938 = DIRECTION('',(1.,0.,0.));
#9939 = DEFINITIONAL_REPRESENTATION('',(#9940),#9944);
#9940 = LINE('',#9941,#9942);
#9941 = CARTESIAN_POINT('',(40.,0.));
#9942 = VECTOR('',#9943,1.);
#9943 = DIRECTION('',(0.,-1.));
#9944 = ( GEOMETRIC_REPRESENTATION_CONTEXT(2) 
PARAMETRIC_REPRESENTATION_CONTEXT() REPRESENTATION_CONTEXT('2D SPACE',''
  ) );
#9945 = PCURVE('',#9946,#9951);
#9946 = PLANE('',#9947);
#9947 = AXIS2_PLACEMENT_3D('',#9948,#9949,#9950);
#9948 = CARTESIAN_POINT('',(240.,-150.,35.));
#9949 = DIRECTION('',(-1.,0.,0.));
#9950 = DIRECTION('',(0.,1.,0.));
#9951 = DEFINITIONAL_REPRESENTATION('',(#9952),#9956);
#9952 = LINE('',#9953,#9954);
#9953 = CARTESIAN_POINT('',(0.,0.));
#9954 = VECTOR('',#9955,1.);
#9955 = DIRECTION('',(0.,-1.));
#9956 = ( GEOMETRIC_REPRESENTATION_CONTEXT(2) 
PARAMETRIC_REPRESENTATION_CONTEXT() REPRESENTATION_CONTEXT('2D SPACE',''
  ) );
#9957 = ORIENTED_EDGE('',*,*,#9958,.F.);
#9958 = EDGE_CURVE('',#9959,#9924,#9961,.T.);
#9959 = VERTEX_POINT('',#9960);
#9960 = CARTESIAN_POINT('',(200.,-150.,35.));
#9961 = SURFACE_CURVE('',#9962,(#9966,#9973),.PCURVE_S1.);
#9962 = LINE('',#9963,#9964);
#9963 = CARTESIAN_POINT('',(220.,-150.,35.));
#9964 = VECTOR('',#9965,1.);
#9965 = DIRECTION('',(1.,0.,0.));
#9966 = PCURVE('',#9934,#9967);
#9967 = DEFINITIONAL_REPRESENTATION('',(#9968),#9972);
#9968 = LINE('',#9969,#9970);
#9969 = CARTESIAN_POINT('',(20.,0.));
#9970 = VECTOR('',#9971,1.);
#9971 = DIRECTION('',(1.,0.));
#9972 = ( GEOMETRIC_REPRESENTATION_CONTEXT(2) 
PARAMETRIC_REPRESENTATION_CONTEXT() REPRESENTATION_CONTEXT('2D SPACE',''
  ) );
#9973 = PCURVE('',#9974,#9979);
#9974 = PLANE('',#9975);
#9975 = AXIS2_PLACEMENT_3D('',#9976,#9977,#9978);
#9976 = CARTESIAN_POINT('',(220.,0.,35.));
#9977 = DIRECTION('',(0.,0.,1.));
#9978 = DIRECTION('',(1.,0.,0.));
#9979 = DEFINITIONAL_REPRESENTATION('',(#9980),#9984);
#9980 = LINE('',#9981,#9982);
#9981 = CARTESIAN_POINT('',(0.,-150.));
#9982 = VECTOR('',#9983,1.);
#9983 = DIRECTION('',(1.,0.));
#9984 = ( GEOMETRIC_REPRESENTATION_CONTEXT(2) 
PARAMETRIC_REPRESENTATION_CONTEXT() REPRESENTATION_CONTEXT('2D SPACE',''
  ) );
#9985 = ORIENTED_EDGE('',*,*,#9986,.F.);
#9986 = EDGE_CURVE('',#9987,#9959,#9989,.T.);
#9987 = VERTEX_POINT('',#9988);
#9988 = CARTESIAN_POINT('',(200.,-150.,0.));
#9989 = SURFACE_CURVE('',#9990,(#9994,#10001),.PCURVE_S1.);
#9990 = LINE('',#9991,#9992);
#9991 = CARTESIAN_POINT('',(200.,-150.,0.));
#9992 = VECTOR('',#9993,1.);
#9993 = DIRECTION('',(0.,0.,1.));
#9994 = PCURVE('',#9934,#9995);
#9995 = DEFINITIONAL_REPRESENTATION('',(#9996),#10000);
#9996 = LINE('',#9997,#9998);
#9997 = CARTESIAN_POINT('',(0.,35.));
#9998 = VECTOR('',#9999,1.);
#9999 = DIRECTION('',(0.,-1.));
#10000 = ( GEOMETRIC_REPRESENTATION_CONTEXT(2) 
PARAMETRIC_REPRESENTATION_CONTEXT() REPRESENTATION_CONTEXT('2D SPACE',''
  ) );
#10001 = PCURVE('',#10002,#10007);
#10002 = PLANE('',#10003);
#10003 = AXIS2_PLACEMENT_3D('',#10004,#10005,#10006);
#10004 = CARTESIAN_POINT('',(200.,-150.,0.));
#10005 = DIRECTION('',(-1.,0.,0.));
#10006 = DIRECTION('',(0.,1.,0.));
#10007 = DEFINITIONAL_REPRESENTATION('',(#10008),#10012);
#10008 = LINE('',#10009,#10010);
#10009 = CARTESIAN_POINT('',(0.,0.));
#10010 = VECTOR('',#10011,1.);
#10011 = DIRECTION('',(0.,-1.));
#10012 = ( GEOMETRIC_REPRESENTATION_CONTEXT(2) 
PARAMETRIC_REPRESENTATION_CONTEXT() REPRESENTATION_CONTEXT('2D SPACE',''
  ) );
#10013 = ORIENTED_EDGE('',*,*,#10014,.F.);
#10014 = EDGE_CURVE('',#10015,#9987,#10017,.T.);
#10015 = VERTEX_POINT('',#10016);
#10016 = CARTESIAN_POINT('',(-200.,-150.,0.));
#10017 = SURFACE_CURVE('',#10018,(#10022,#10029),.PCURVE_S1.);
#10018 = LINE('',#10019,#10020);
#10019 = CARTESIAN_POINT('',(0.,-150.,0.));
#10020 = VECTOR('',#10021,1.);
#10021 = DIRECTION('',(1.,0.,0.));
#10022 = PCURVE('',#9934,#10023);
#10023 = DEFINITIONAL_REPRESENTATION('',(#10024),#10028);
#10024 = LINE('',#10025,#10026);
#10025 = CARTESIAN_POINT('',(-200.,35.));
#10026 = VECTOR('',#10027,1.);
#10027 = DIRECTION('',(1.,0.));
#10028 = ( GEOMETRIC_REPRESENTATION_CONTEXT(2) 
PARAMETRIC_REPRESENTATION_CONTEXT() REPRESENTATION_CONTEXT('2D SPACE',''
  ) );
#10029 = PCURVE('',#10030,#10035);
#10030 = PLANE('',#10031);
#10031 = AXIS2_PLACEMENT_3D('',#10032,#10033,#10034);
#10032 = CARTESIAN_POINT('',(0.,0.,0.));
#10033 = DIRECTION('',(0.,0.,1.));
#10034 = DIRECTION('',(1.,0.,0.));
#10035 = DEFINITIONAL_REPRESENTATION('',(#10036),#10040);
#10036 = LINE('',#10037,#10038);
#10037 = CARTESIAN_POINT('',(0.,-150.));
#10038 = VECTOR('',#10039,1.);
#10039 = DIRECTION('',(1.,0.));
#10040 = ( GEOMETRIC_REPRESENTATION_CONTEXT(2) 
PARAMETRIC_REPRESENTATION_CONTEXT() REPRESENTATION_CONTEXT('2D SPACE',''
  ) );
#10041 = ORIENTED_EDGE('',*,*,#10042,.T.);
#10042 = EDGE_CURVE('',#10015,#10043,#10045,.T.);
#10043 = VERTEX_POINT('',#10044);
#10044 = CARTESIAN_POINT('',(-200.,-150.,35.));
#10045 = SURFACE_CURVE('',#10046,(#10050,#10057),.PCURVE_S1.);
#10046 = LINE('',#10047,#10048);
#10047 = CARTESIAN_POINT('',(-200.,-150.,0.));
#10048 = VECTOR('',#10049,1.);
#10049 = DIRECTION('',(0.,0.,1.));
#10050 = PCURVE('',#9934,#10051);
#10051 = DEFINITIONAL_REPRESENTATION('',(#10052),#10056);
#10052 = LINE('',#10053,#10054);
#10053 = CARTESIAN_POINT('',(-400.,35.));
#10054 = VECTOR('',#10055,1.);
#10055 = DIRECTION('',(0.,-1.));
#10056 = ( GEOMETRIC_REPRESENTATION_CONTEXT(2) 
PARAMETRIC_REPRESENTATION_CONTEXT() REPRESENTATION_CONTEXT('2D SPACE',''
  ) );
#10057 = PCURVE('',#10058,#10063);
#10058 = PLANE('',#10059);
#10059 = AXIS2_PLACEMENT_3D('',#10060,#10061,#10062);
#10060 = CARTESIAN_POINT('',(-200.,-150.,0.));
#10061 = DIRECTION('',(-1.,0.,0.));
#10062 = DIRECTION('',(0.,1.,0.));
#10063 = DEFINITIONAL_REPRESENTATION('',(#10064),#10068);
#10064 = LINE('',#10065,#10066);
#10065 = CARTESIAN_POINT('',(0.,0.));
#10066 = VECTOR('',#10067,1.);
#10067 = DIRECTION('',(0.,-1.));
#10068 = ( GEOMETRIC_REPRESENTATION_CONTEXT(2) 
PARAMETRIC_REPRESENTATION_CONTEXT() REPRESENTATION_CONTEXT('2D SPACE',''
  ) );
#10069 = ORIENTED_EDGE('',*,*,#10070,.F.);
#10070 = EDGE_CURVE('',#10071,#10043,#10073,.T.);
#10071 = VERTEX_POINT('',#10072);
#10072 = CARTESIAN_POINT('',(-240.,-150.,35.));
#10073 = SURFACE_CURVE('',#10074,(#10078,#10085),.PCURVE_S1.);
#10074 = LINE('',#10075,#10076);
#10075 = CARTESIAN_POINT('',(-220.,-150.,35.));
#10076 = VECTOR('',#10077,1.);
#10077 = DIRECTION('',(1.,0.,0.));
#10078 = PCURVE('',#9934,#10079);
#10079 = DEFINITIONAL_REPRESENTATION('',(#10080),#10084);
#10080 = LINE('',#10081,#10082);
#10081 = CARTESIAN_POINT('',(-420.,0.));
#10082 = VECTOR('',#10083,1.);
#10083 = DIRECTION('',(1.,0.));
#10084 = ( GEOMETRIC_REPRESENTATION_CONTEXT(2) 
PARAMETRIC_REPRESENTATION_CONTEXT() REPRESENTATION_CONTEXT('2D SPACE',''
  ) );
#10085 = PCURVE('',#10086,#10091);
#10086 = PLANE('',#10087);
#10087 = AXIS2_PLACEMENT_3D('',#10088,#10089,#10090);
#10088 = CARTESIAN_POINT('',(-220.,0.,35.));
#10089 = DIRECTION('',(0.,0.,1.));
#10090 = DIRECTION('',(1.,0.,0.));
#10091 = DEFINITIONAL_REPRESENTATION('',(#10092),#10096);
#10092 = LINE('',#10093,#10094);
#10093 = CARTESIAN_POINT('',(0.,-150.));
#10094 = VECTOR('',#10095,1.);
#10095 = DIRECTION('',(1.,0.));
#10096 = ( GEOMETRIC_REPRESENTATION_CONTEXT(2) 
PARAMETRIC_REPRESENTATION_CONTEXT() REPRESENTATION_CONTEXT('2D SPACE',''
  ) );
#10097 = ORIENTED_EDGE('',*,*,#10098,.T.);
#10098 = EDGE_CURVE('',#10071,#10099,#10101,.T.);
#10099 = VERTEX_POINT('',#10100);
#10100 = CARTESIAN_POINT('',(-240.,-150.,36.5));
#10101 = SURFACE_CURVE('',#10102,(#10106,#10113),.PCURVE_S1.);
#10102 = LINE('',#10103,#10104);
#10103 = CARTESIAN_POINT('',(-240.,-150.,35.));
#10104 = VECTOR('',#10105,1.);
#10105 = DIRECTION('',(0.,0.,1.));
#10106 = PCURVE('',#9934,#10107);
#10107 = DEFINITIONAL_REPRESENTATION('',(#10108),#10112);
#10108 = LINE('',#10109,#10110);
#10109 = CARTESIAN_POINT('',(-440.,0.));
#10110 = VECTOR('',#10111,1.);
#10111 = DIRECTION('',(0.,-1.));
#10112 = ( GEOMETRIC_REPRESENTATION_CONTEXT(2) 
PARAMETRIC_REPRESENTATION_CONTEXT() REPRESENTATION_CONTEXT('2D SPACE',''
  ) );
#10113 = PCURVE('',#10114,#10119);
#10114 = PLANE('',#10115);
#10115 = AXIS2_PLACEMENT_3D('',#10116,#10117,#10118);
#10116 = CARTESIAN_POINT('',(-240.,-150.,35.));
#10117 = DIRECTION('',(-1.,0.,0.));
#10118 = DIRECTION('',(0.,1.,0.));
#10119 = DEFINITIONAL_REPRESENTATION('',(#10120),#10124);
#10120 = LINE('',#10121,#10122);
#10121 = CARTESIAN_POINT('',(0.,0.));
#10122 = VECTOR('',#10123,1.);
#10123 = DIRECTION('',(0.,-1.));
#10124 = ( GEOMETRIC_REPRESENTATION_CONTEXT(2) 
PARAMETRIC_REPRESENTATION_CONTEXT() REPRESENTATION_CONTEXT('2D SPACE',''
  ) );
#10125 = ORIENTED_EDGE('',*,*,#10126,.F.);
#10126 = EDGE_CURVE('',#9926,#10099,#10127,.T.);
#10127 = SURFACE_CURVE('',#10128,(#10132,#10139),.PCURVE_S1.);
#10128 = LINE('',#10129,#10130);
#10129 = CARTESIAN_POINT('',(240.,-150.,36.5));
#10130 = VECTOR('',#10131,1.);
#10131 = DIRECTION('',(-1.,0.,0.));
#10132 = PCURVE('',#9934,#10133);
#10133 = DEFINITIONAL_REPRESENTATION('',(#10134),#10138);
#10134 = LINE('',#10135,#10136);
#10135 = CARTESIAN_POINT('',(40.,-1.5));
#10136 = VECTOR('',#10137,1.);
#10137 = DIRECTION('',(-1.,0.));
#10138 = ( GEOMETRIC_REPRESENTATION_CONTEXT(2) 
PARAMETRIC_REPRESENTATION_CONTEXT() REPRESENTATION_CONTEXT('2D SPACE',''
  ) );
#10139 = PCURVE('',#10140,#10145);
#10140 = PLANE('',#10141);
#10141 = AXIS2_PLACEMENT_3D('',#10142,#10143,#10144);
#10142 = CARTESIAN_POINT('',(220.,0.,36.5));
#10143 = DIRECTION('',(0.,0.,1.));
#10144 = DIRECTION('',(1.,0.,0.));
#10145 = DEFINITIONAL_REPRESENTATION('',(#10146),#10150);
#10146 = LINE('',#10147,#10148);
#10147 = CARTESIAN_POINT('',(20.,-150.));
#10148 = VECTOR('',#10149,1.);
#10149 = DIRECTION('',(-1.,0.));
#10150 = ( GEOMETRIC_REPRESENTATION_CONTEXT(2) 
PARAMETRIC_REPRESENTATION_CONTEXT() REPRESENTATION_CONTEXT('2D SPACE',''
  ) );
#10151 = ADVANCED_FACE('',(#10152,#10227),#10140,.T.);
#10152 = FACE_BOUND('',#10153,.T.);
#10153 = EDGE_LOOP('',(#10154,#10155,#10178,#10206));
#10154 = ORIENTED_EDGE('',*,*,#10126,.F.);
#10155 = ORIENTED_EDGE('',*,*,#10156,.T.);
#10156 = EDGE_CURVE('',#9926,#10157,#10159,.T.);
#10157 = VERTEX_POINT('',#10158);
#10158 = CARTESIAN_POINT('',(240.,150.,36.5));
#10159 = SURFACE_CURVE('',#10160,(#10164,#10171),.PCURVE_S1.);
#10160 = LINE('',#10161,#10162);
#10161 = CARTESIAN_POINT('',(240.,0.,36.5));
#10162 = VECTOR('',#10163,1.);
#10163 = DIRECTION('',(0.,1.,0.));
#10164 = PCURVE('',#10140,#10165);
#10165 = DEFINITIONAL_REPRESENTATION('',(#10166),#10170);
#10166 = LINE('',#10167,#10168);
#10167 = CARTESIAN_POINT('',(20.,0.));
#10168 = VECTOR('',#10169,1.);
#10169 = DIRECTION('',(0.,1.));
#10170 = ( GEOMETRIC_REPRESENTATION_CONTEXT(2) 
PARAMETRIC_REPRESENTATION_CONTEXT() REPRESENTATION_CONTEXT('2D SPACE',''
  ) );
#10171 = PCURVE('',#9946,#10172);
#10172 = DEFINITIONAL_REPRESENTATION('',(#10173),#10177);
#10173 = LINE('',#10174,#10175);
#10174 = CARTESIAN_POINT('',(150.,-1.5));
#10175 = VECTOR('',#10176,1.);
#10176 = DIRECTION('',(1.,0.));
#10177 = ( GEOMETRIC_REPRESENTATION_CONTEXT(2) 
PARAMETRIC_REPRESENTATION_CONTEXT() REPRESENTATION_CONTEXT('2D SPACE',''
  ) );
#10178 = ORIENTED_EDGE('',*,*,#10179,.T.);
#10179 = EDGE_CURVE('',#10157,#10180,#10182,.T.);
#10180 = VERTEX_POINT('',#10181);
#10181 = CARTESIAN_POINT('',(-240.,150.,36.5));
#10182 = SURFACE_CURVE('',#10183,(#10187,#10194),.PCURVE_S1.);
#10183 = LINE('',#10184,#10185);
#10184 = CARTESIAN_POINT('',(240.,150.,36.5));
#10185 = VECTOR('',#10186,1.);
#10186 = DIRECTION('',(-1.,0.,0.));
#10187 = PCURVE('',#10140,#10188);
#10188 = DEFINITIONAL_REPRESENTATION('',(#10189),#10193);
#10189 = LINE('',#10190,#10191);
#10190 = CARTESIAN_POINT('',(20.,150.));
#10191 = VECTOR('',#10192,1.);
#10192 = DIRECTION('',(-1.,0.));
#10193 = ( GEOMETRIC_REPRESENTATION_CONTEXT(2) 
PARAMETRIC_REPRESENTATION_CONTEXT() REPRESENTATION_CONTEXT('2D SPACE',''
  ) );
#10194 = PCURVE('',#10195,#10200);
#10195 = PLANE('',#10196);
#10196 = AXIS2_PLACEMENT_3D('',#10197,#10198,#10199);
#10197 = CARTESIAN_POINT('',(200.,150.,35.));
#10198 = DIRECTION('',(0.,1.,0.));
#10199 = DIRECTION('',(1.,0.,0.));
#10200 = DEFINITIONAL_REPRESENTATION('',(#10201),#10205);
#10201 = LINE('',#10202,#10203);
#10202 = CARTESIAN_POINT('',(40.,-1.5));
#10203 = VECTOR('',#10204,1.);
#10204 = DIRECTION('',(-1.,0.));
#10205 = ( GEOMETRIC_REPRESENTATION_CONTEXT(2) 
PARAMETRIC_REPRESENTATION_CONTEXT() REPRESENTATION_CONTEXT('2D SPACE',''
  ) );
#10206 = ORIENTED_EDGE('',*,*,#10207,.F.);
#10207 = EDGE_CURVE('',#10099,#10180,#10208,.T.);
#10208 = SURFACE_CURVE('',#10209,(#10213,#10220),.PCURVE_S1.);
#10209 = LINE('',#10210,#10211);
#10210 = CARTESIAN_POINT('',(-240.,0.,36.5));
#10211 = VECTOR('',#10212,1.);
#10212 = DIRECTION('',(0.,1.,0.));
#10213 = PCURVE('',#10140,#10214);
#10214 = DEFINITIONAL_REPRESENTATION('',(#10215),#10219);
#10215 = LINE('',#10216,#10217);
#10216 = CARTESIAN_POINT('',(-460.,0.));
#10217 = VECTOR('',#10218,1.);
#10218 = DIRECTION('',(0.,1.));
#10219 = ( GEOMETRIC_REPRESENTATION_CONTEXT(2) 
PARAMETRIC_REPRESENTATION_CONTEXT() REPRESENTATION_CONTEXT('2D SPACE',''
  ) );
#10220 = PCURVE('',#10114,#10221);
#10221 = DEFINITIONAL_REPRESENTATION('',(#10222),#10226);
#10222 = LINE('',#10223,#10224);
#10223 = CARTESIAN_POINT('',(150.,-1.5));
#10224 = VECTOR('',#10225,1.);
#10225 = DIRECTION('',(1.,0.));
#10226 = ( GEOMETRIC_REPRESENTATION_CONTEXT(2) 
PARAMETRIC_REPRESENTATION_CONTEXT() REPRESENTATION_CONTEXT('2D SPACE',''
  ) );
#10227 = FACE_BOUND('',#10228,.T.);
#10228 = EDGE_LOOP('',(#10229,#10259,#10287,#10315));
#10229 = ORIENTED_EDGE('',*,*,#10230,.T.);
#10230 = EDGE_CURVE('',#10231,#10233,#10235,.T.);
#10231 = VERTEX_POINT('',#10232);
#10232 = CARTESIAN_POINT('',(-198.5,-148.5,36.5));
#10233 = VERTEX_POINT('',#10234);
#10234 = CARTESIAN_POINT('',(-198.5,148.5,36.5));
#10235 = SURFACE_CURVE('',#10236,(#10240,#10247),.PCURVE_S1.);
#10236 = LINE('',#10237,#10238);
#10237 = CARTESIAN_POINT('',(-198.5,0.,36.5));
#10238 = VECTOR('',#10239,1.);
#10239 = DIRECTION('',(0.,1.,0.));
#10240 = PCURVE('',#10140,#10241);
#10241 = DEFINITIONAL_REPRESENTATION('',(#10242),#10246);
#10242 = LINE('',#10243,#10244);
#10243 = CARTESIAN_POINT('',(-418.5,0.));
#10244 = VECTOR('',#10245,1.);
#10245 = DIRECTION('',(0.,1.));
#10246 = ( GEOMETRIC_REPRESENTATION_CONTEXT(2) 
PARAMETRIC_REPRESENTATION_CONTEXT() REPRESENTATION_CONTEXT('2D SPACE',''
  ) );
#10247 = PCURVE('',#10248,#10253);
#10248 = PLANE('',#10249);
#10249 = AXIS2_PLACEMENT_3D('',#10250,#10251,#10252);
#10250 = CARTESIAN_POINT('',(-198.5,-148.5,0.));
#10251 = DIRECTION('',(-1.,0.,0.));
#10252 = DIRECTION('',(0.,1.,0.));
#10253 = DEFINITIONAL_REPRESENTATION('',(#10254),#10258);
#10254 = LINE('',#10255,#10256);
#10255 = CARTESIAN_POINT('',(148.5,-36.5));
#10256 = VECTOR('',#10257,1.);
#10257 = DIRECTION('',(1.,0.));
#10258 = ( GEOMETRIC_REPRESENTATION_CONTEXT(2) 
PARAMETRIC_REPRESENTATION_CONTEXT() REPRESENTATION_CONTEXT('2D SPACE',''
  ) );
#10259 = ORIENTED_EDGE('',*,*,#10260,.T.);
#10260 = EDGE_CURVE('',#10233,#10261,#10263,.T.);
#10261 = VERTEX_POINT('',#10262);
#10262 = CARTESIAN_POINT('',(198.5,148.5,36.5));
#10263 = SURFACE_CURVE('',#10264,(#10268,#10275),.PCURVE_S1.);
#10264 = LINE('',#10265,#10266);
#10265 = CARTESIAN_POINT('',(0.,148.5,36.5));
#10266 = VECTOR('',#10267,1.);
#10267 = DIRECTION('',(1.,0.,0.));
#10268 = PCURVE('',#10140,#10269);
#10269 = DEFINITIONAL_REPRESENTATION('',(#10270),#10274);
#10270 = LINE('',#10271,#10272);
#10271 = CARTESIAN_POINT('',(-220.,148.5));
#10272 = VECTOR('',#10273,1.);
#10273 = DIRECTION('',(1.,0.));
#10274 = ( GEOMETRIC_REPRESENTATION_CONTEXT(2) 
PARAMETRIC_REPRESENTATION_CONTEXT() REPRESENTATION_CONTEXT('2D SPACE',''
  ) );
#10275 = PCURVE('',#10276,#10281);
#10276 = PLANE('',#10277);
#10277 = AXIS2_PLACEMENT_3D('',#10278,#10279,#10280);
#10278 = CARTESIAN_POINT('',(-198.5,148.5,0.));
#10279 = DIRECTION('',(0.,1.,0.));
#10280 = DIRECTION('',(1.,0.,0.));
#10281 = DEFINITIONAL_REPRESENTATION('',(#10282),#10286);
#10282 = LINE('',#10283,#10284);
#10283 = CARTESIAN_POINT('',(198.5,-36.5));
#10284 = VECTOR('',#10285,1.);
#10285 = DIRECTION('',(1.,0.));
#10286 = ( GEOMETRIC_REPRESENTATION_CONTEXT(2) 
PARAMETRIC_REPRESENTATION_CONTEXT() REPRESENTATION_CONTEXT('2D SPACE',''
  ) );
#10287 = ORIENTED_EDGE('',*,*,#10288,.F.);
#10288 = EDGE_CURVE('',#10289,#10261,#10291,.T.);
#10289 = VERTEX_POINT('',#10290);
#10290 = CARTESIAN_POINT('',(198.5,-148.5,36.5));
#10291 = SURFACE_CURVE('',#10292,(#10296,#10303),.PCURVE_S1.);
#10292 = LINE('',#10293,#10294);
#10293 = CARTESIAN_POINT('',(198.5,0.,36.5));
#10294 = VECTOR('',#10295,1.);
#10295 = DIRECTION('',(0.,1.,0.));
#10296 = PCURVE('',#10140,#10297);
#10297 = DEFINITIONAL_REPRESENTATION('',(#10298),#10302);
#10298 = LINE('',#10299,#10300);
#10299 = CARTESIAN_POINT('',(-21.5,0.));
#10300 = VECTOR('',#10301,1.);
#10301 = DIRECTION('',(0.,1.));
#10302 = ( GEOMETRIC_REPRESENTATION_CONTEXT(2) 
PARAMETRIC_REPRESENTATION_CONTEXT() REPRESENTATION_CONTEXT('2D SPACE',''
  ) );
#10303 = PCURVE('',#10304,#10309);
#10304 = PLANE('',#10305);
#10305 = AXIS2_PLACEMENT_3D('',#10306,#10307,#10308);
#10306 = CARTESIAN_POINT('',(198.5,-148.5,0.));
#10307 = DIRECTION('',(-1.,0.,0.));
#10308 = DIRECTION('',(0.,1.,0.));
#10309 = DEFINITIONAL_REPRESENTATION('',(#10310),#10314);
#10310 = LINE('',#10311,#10312);
#10311 = CARTESIAN_POINT('',(148.5,-36.5));
#10312 = VECTOR('',#10313,1.);
#10313 = DIRECTION('',(1.,0.));
#10314 = ( GEOMETRIC_REPRESENTATION_CONTEXT(2) 
PARAMETRIC_REPRESENTATION_CONTEXT() REPRESENTATION_CONTEXT('2D SPACE',''
  ) );
#10315 = ORIENTED_EDGE('',*,*,#10316,.F.);
#10316 = EDGE_CURVE('',#10231,#10289,#10317,.T.);
#10317 = SURFACE_CURVE('',#10318,(#10322,#10329),.PCURVE_S1.);
#10318 = LINE('',#10319,#10320);
#10319 = CARTESIAN_POINT('',(0.,-148.5,36.5));
#10320 = VECTOR('',#10321,1.);
#10321 = DIRECTION('',(1.,0.,0.));
#10322 = PCURVE('',#10140,#10323);
#10323 = DEFINITIONAL_REPRESENTATION('',(#10324),#10328);
#10324 = LINE('',#10325,#10326);
#10325 = CARTESIAN_POINT('',(-220.,-148.5));
#10326 = VECTOR('',#10327,1.);
#10327 = DIRECTION('',(1.,0.));
#10328 = ( GEOMETRIC_REPRESENTATION_CONTEXT(2) 
PARAMETRIC_REPRESENTATION_CONTEXT() REPRESENTATION_CONTEXT('2D SPACE',''
  ) );
#10329 = PCURVE('',#10330,#10335);
#10330 = PLANE('',#10331);
#10331 = AXIS2_PLACEMENT_3D('',#10332,#10333,#10334);
#10332 = CARTESIAN_POINT('',(-198.5,-148.5,0.));
#10333 = DIRECTION('',(0.,1.,0.));
#10334 = DIRECTION('',(1.,0.,0.));
#10335 = DEFINITIONAL_REPRESENTATION('',(#10336),#10340);
#10336 = LINE('',#10337,#10338);
#10337 = CARTESIAN_POINT('',(198.5,-36.5));
#10338 = VECTOR('',#10339,1.);
#10339 = DIRECTION('',(1.,0.));
#10340 = ( GEOMETRIC_REPRESENTATION_CONTEXT(2) 
PARAMETRIC_REPRESENTATION_CONTEXT() REPRESENTATION_CONTEXT('2D SPACE',''
  ) );
#10341 = ADVANCED_FACE('',(#10342),#10330,.T.);
#10342 = FACE_BOUND('',#10343,.T.);
#10343 = EDGE_LOOP('',(#10344,#10367,#10368,#10391));
#10344 = ORIENTED_EDGE('',*,*,#10345,.T.);
#10345 = EDGE_CURVE('',#10346,#10231,#10348,.T.);
#10346 = VERTEX_POINT('',#10347);
#10347 = CARTESIAN_POINT('',(-198.5,-148.5,0.));
#10348 = SURFACE_CURVE('',#10349,(#10353,#10360),.PCURVE_S1.);
#10349 = LINE('',#10350,#10351);
#10350 = CARTESIAN_POINT('',(-198.5,-148.5,0.));
#10351 = VECTOR('',#10352,1.);
#10352 = DIRECTION('',(0.,0.,1.));
#10353 = PCURVE('',#10330,#10354);
#10354 = DEFINITIONAL_REPRESENTATION('',(#10355),#10359);
#10355 = LINE('',#10356,#10357);
#10356 = CARTESIAN_POINT('',(0.,0.));
#10357 = VECTOR('',#10358,1.);
#10358 = DIRECTION('',(0.,-1.));
#10359 = ( GEOMETRIC_REPRESENTATION_CONTEXT(2) 
PARAMETRIC_REPRESENTATION_CONTEXT() REPRESENTATION_CONTEXT('2D SPACE',''
  ) );
#10360 = PCURVE('',#10248,#10361);
#10361 = DEFINITIONAL_REPRESENTATION('',(#10362),#10366);
#10362 = LINE('',#10363,#10364);
#10363 = CARTESIAN_POINT('',(0.,0.));
#10364 = VECTOR('',#10365,1.);
#10365 = DIRECTION('',(0.,-1.));
#10366 = ( GEOMETRIC_REPRESENTATION_CONTEXT(2) 
PARAMETRIC_REPRESENTATION_CONTEXT() REPRESENTATION_CONTEXT('2D SPACE',''
  ) );
#10367 = ORIENTED_EDGE('',*,*,#10316,.T.);
#10368 = ORIENTED_EDGE('',*,*,#10369,.F.);
#10369 = EDGE_CURVE('',#10370,#10289,#10372,.T.);
#10370 = VERTEX_POINT('',#10371);
#10371 = CARTESIAN_POINT('',(198.5,-148.5,0.));
#10372 = SURFACE_CURVE('',#10373,(#10377,#10384),.PCURVE_S1.);
#10373 = LINE('',#10374,#10375);
#10374 = CARTESIAN_POINT('',(198.5,-148.5,0.));
#10375 = VECTOR('',#10376,1.);
#10376 = DIRECTION('',(0.,0.,1.));
#10377 = PCURVE('',#10330,#10378);
#10378 = DEFINITIONAL_REPRESENTATION('',(#10379),#10383);
#10379 = LINE('',#10380,#10381);
#10380 = CARTESIAN_POINT('',(397.,0.));
#10381 = VECTOR('',#10382,1.);
#10382 = DIRECTION('',(0.,-1.));
#10383 = ( GEOMETRIC_REPRESENTATION_CONTEXT(2) 
PARAMETRIC_REPRESENTATION_CONTEXT() REPRESENTATION_CONTEXT('2D SPACE',''
  ) );
#10384 = PCURVE('',#10304,#10385);
#10385 = DEFINITIONAL_REPRESENTATION('',(#10386),#10390);
#10386 = LINE('',#10387,#10388);
#10387 = CARTESIAN_POINT('',(0.,0.));
#10388 = VECTOR('',#10389,1.);
#10389 = DIRECTION('',(0.,-1.));
#10390 = ( GEOMETRIC_REPRESENTATION_CONTEXT(2) 
PARAMETRIC_REPRESENTATION_CONTEXT() REPRESENTATION_CONTEXT('2D SPACE',''
  ) );
#10391 = ORIENTED_EDGE('',*,*,#10392,.F.);
#10392 = EDGE_CURVE('',#10346,#10370,#10393,.T.);
#10393 = SURFACE_CURVE('',#10394,(#10398,#10405),.PCURVE_S1.);
#10394 = LINE('',#10395,#10396);
#10395 = CARTESIAN_POINT('',(0.,-148.5,0.));
#10396 = VECTOR('',#10397,1.);
#10397 = DIRECTION('',(1.,0.,0.));
#10398 = PCURVE('',#10330,#10399);
#10399 = DEFINITIONAL_REPRESENTATION('',(#10400),#10404);
#10400 = LINE('',#10401,#10402);
#10401 = CARTESIAN_POINT('',(198.5,0.));
#10402 = VECTOR('',#10403,1.);
#10403 = DIRECTION('',(1.,0.));
#10404 = ( GEOMETRIC_REPRESENTATION_CONTEXT(2) 
PARAMETRIC_REPRESENTATION_CONTEXT() REPRESENTATION_CONTEXT('2D SPACE',''
  ) );
#10405 = PCURVE('',#10030,#10406);
#10406 = DEFINITIONAL_REPRESENTATION('',(#10407),#10411);
#10407 = LINE('',#10408,#10409);
#10408 = CARTESIAN_POINT('',(0.,-148.5));
#10409 = VECTOR('',#10410,1.);
#10410 = DIRECTION('',(1.,0.));
#10411 = ( GEOMETRIC_REPRESENTATION_CONTEXT(2) 
PARAMETRIC_REPRESENTATION_CONTEXT() REPRESENTATION_CONTEXT('2D SPACE',''
  ) );
#10412 = ADVANCED_FACE('',(#10413),#10304,.T.);
#10413 = FACE_BOUND('',#10414,.T.);
#10414 = EDGE_LOOP('',(#10415,#10416,#10417,#10440));
#10415 = ORIENTED_EDGE('',*,*,#10369,.T.);
#10416 = ORIENTED_EDGE('',*,*,#10288,.T.);
#10417 = ORIENTED_EDGE('',*,*,#10418,.F.);
#10418 = EDGE_CURVE('',#10419,#10261,#10421,.T.);
#10419 = VERTEX_POINT('',#10420);
#10420 = CARTESIAN_POINT('',(198.5,148.5,0.));
#10421 = SURFACE_CURVE('',#10422,(#10426,#10433),.PCURVE_S1.);
#10422 = LINE('',#10423,#10424);
#10423 = CARTESIAN_POINT('',(198.5,148.5,0.));
#10424 = VECTOR('',#10425,1.);
#10425 = DIRECTION('',(0.,0.,1.));
#10426 = PCURVE('',#10304,#10427);
#10427 = DEFINITIONAL_REPRESENTATION('',(#10428),#10432);
#10428 = LINE('',#10429,#10430);
#10429 = CARTESIAN_POINT('',(297.,0.));
#10430 = VECTOR('',#10431,1.);
#10431 = DIRECTION('',(0.,-1.));
#10432 = ( GEOMETRIC_REPRESENTATION_CONTEXT(2) 
PARAMETRIC_REPRESENTATION_CONTEXT() REPRESENTATION_CONTEXT('2D SPACE',''
  ) );
#10433 = PCURVE('',#10276,#10434);
#10434 = DEFINITIONAL_REPRESENTATION('',(#10435),#10439);
#10435 = LINE('',#10436,#10437);
#10436 = CARTESIAN_POINT('',(397.,0.));
#10437 = VECTOR('',#10438,1.);
#10438 = DIRECTION('',(0.,-1.));
#10439 = ( GEOMETRIC_REPRESENTATION_CONTEXT(2) 
PARAMETRIC_REPRESENTATION_CONTEXT() REPRESENTATION_CONTEXT('2D SPACE',''
  ) );
#10440 = ORIENTED_EDGE('',*,*,#10441,.F.);
#10441 = EDGE_CURVE('',#10370,#10419,#10442,.T.);
#10442 = SURFACE_CURVE('',#10443,(#10447,#10454),.PCURVE_S1.);
#10443 = LINE('',#10444,#10445);
#10444 = CARTESIAN_POINT('',(198.5,0.,0.));
#10445 = VECTOR('',#10446,1.);
#10446 = DIRECTION('',(0.,1.,0.));
#10447 = PCURVE('',#10304,#10448);
#10448 = DEFINITIONAL_REPRESENTATION('',(#10449),#10453);
#10449 = LINE('',#10450,#10451);
#10450 = CARTESIAN_POINT('',(148.5,0.));
#10451 = VECTOR('',#10452,1.);
#10452 = DIRECTION('',(1.,0.));
#10453 = ( GEOMETRIC_REPRESENTATION_CONTEXT(2) 
PARAMETRIC_REPRESENTATION_CONTEXT() REPRESENTATION_CONTEXT('2D SPACE',''
  ) );
#10454 = PCURVE('',#10030,#10455);
#10455 = DEFINITIONAL_REPRESENTATION('',(#10456),#10460);
#10456 = LINE('',#10457,#10458);
#10457 = CARTESIAN_POINT('',(198.5,0.));
#10458 = VECTOR('',#10459,1.);
#10459 = DIRECTION('',(0.,1.));
#10460 = ( GEOMETRIC_REPRESENTATION_CONTEXT(2) 
PARAMETRIC_REPRESENTATION_CONTEXT() REPRESENTATION_CONTEXT('2D SPACE',''
  ) );
#10461 = ADVANCED_FACE('',(#10462),#10276,.F.);
#10462 = FACE_BOUND('',#10463,.F.);
#10463 = EDGE_LOOP('',(#10464,#10487,#10488,#10489));
#10464 = ORIENTED_EDGE('',*,*,#10465,.T.);
#10465 = EDGE_CURVE('',#10466,#10233,#10468,.T.);
#10466 = VERTEX_POINT('',#10467);
#10467 = CARTESIAN_POINT('',(-198.5,148.5,0.));
#10468 = SURFACE_CURVE('',#10469,(#10473,#10480),.PCURVE_S1.);
#10469 = LINE('',#10470,#10471);
#10470 = CARTESIAN_POINT('',(-198.5,148.5,0.));
#10471 = VECTOR('',#10472,1.);
#10472 = DIRECTION('',(0.,0.,1.));
#10473 = PCURVE('',#10276,#10474);
#10474 = DEFINITIONAL_REPRESENTATION('',(#10475),#10479);
#10475 = LINE('',#10476,#10477);
#10476 = CARTESIAN_POINT('',(0.,0.));
#10477 = VECTOR('',#10478,1.);
#10478 = DIRECTION('',(0.,-1.));
#10479 = ( GEOMETRIC_REPRESENTATION_CONTEXT(2) 
PARAMETRIC_REPRESENTATION_CONTEXT() REPRESENTATION_CONTEXT('2D SPACE',''
  ) );
#10480 = PCURVE('',#10248,#10481);
#10481 = DEFINITIONAL_REPRESENTATION('',(#10482),#10486);
#10482 = LINE('',#10483,#10484);
#10483 = CARTESIAN_POINT('',(297.,0.));
#10484 = VECTOR('',#10485,1.);
#10485 = DIRECTION('',(0.,-1.));
#10486 = ( GEOMETRIC_REPRESENTATION_CONTEXT(2) 
PARAMETRIC_REPRESENTATION_CONTEXT() REPRESENTATION_CONTEXT('2D SPACE',''
  ) );
#10487 = ORIENTED_EDGE('',*,*,#10260,.T.);
#10488 = ORIENTED_EDGE('',*,*,#10418,.F.);
#10489 = ORIENTED_EDGE('',*,*,#10490,.F.);
#10490 = EDGE_CURVE('',#10466,#10419,#10491,.T.);
#10491 = SURFACE_CURVE('',#10492,(#10496,#10503),.PCURVE_S1.);
#10492 = LINE('',#10493,#10494);
#10493 = CARTESIAN_POINT('',(0.,148.5,0.));
#10494 = VECTOR('',#10495,1.);
#10495 = DIRECTION('',(1.,0.,0.));
#10496 = PCURVE('',#10276,#10497);
#10497 = DEFINITIONAL_REPRESENTATION('',(#10498),#10502);
#10498 = LINE('',#10499,#10500);
#10499 = CARTESIAN_POINT('',(198.5,0.));
#10500 = VECTOR('',#10501,1.);
#10501 = DIRECTION('',(1.,0.));
#10502 = ( GEOMETRIC_REPRESENTATION_CONTEXT(2) 
PARAMETRIC_REPRESENTATION_CONTEXT() REPRESENTATION_CONTEXT('2D SPACE',''
  ) );
#10503 = PCURVE('',#10030,#10504);
#10504 = DEFINITIONAL_REPRESENTATION('',(#10505),#10509);
#10505 = LINE('',#10506,#10507);
#10506 = CARTESIAN_POINT('',(0.,148.5));
#10507 = VECTOR('',#10508,1.);
#10508 = DIRECTION('',(1.,0.));
#10509 = ( GEOMETRIC_REPRESENTATION_CONTEXT(2) 
PARAMETRIC_REPRESENTATION_CONTEXT() REPRESENTATION_CONTEXT('2D SPACE',''
  ) );
#10510 = ADVANCED_FACE('',(#10511),#10248,.F.);
#10511 = FACE_BOUND('',#10512,.F.);
#10512 = EDGE_LOOP('',(#10513,#10514,#10515,#10516));
#10513 = ORIENTED_EDGE('',*,*,#10345,.T.);
#10514 = ORIENTED_EDGE('',*,*,#10230,.T.);
#10515 = ORIENTED_EDGE('',*,*,#10465,.F.);
#10516 = ORIENTED_EDGE('',*,*,#10517,.F.);
#10517 = EDGE_CURVE('',#10346,#10466,#10518,.T.);
#10518 = SURFACE_CURVE('',#10519,(#10523,#10530),.PCURVE_S1.);
#10519 = LINE('',#10520,#10521);
#10520 = CARTESIAN_POINT('',(-198.5,0.,0.));
#10521 = VECTOR('',#10522,1.);
#10522 = DIRECTION('',(0.,1.,0.));
#10523 = PCURVE('',#10248,#10524);
#10524 = DEFINITIONAL_REPRESENTATION('',(#10525),#10529);
#10525 = LINE('',#10526,#10527);
#10526 = CARTESIAN_POINT('',(148.5,0.));
#10527 = VECTOR('',#10528,1.);
#10528 = DIRECTION('',(1.,0.));
#10529 = ( GEOMETRIC_REPRESENTATION_CONTEXT(2) 
PARAMETRIC_REPRESENTATION_CONTEXT() REPRESENTATION_CONTEXT('2D SPACE',''
  ) );
#10530 = PCURVE('',#10030,#10531);
#10531 = DEFINITIONAL_REPRESENTATION('',(#10532),#10536);
#10532 = LINE('',#10533,#10534);
#10533 = CARTESIAN_POINT('',(-198.5,0.));
#10534 = VECTOR('',#10535,1.);
#10535 = DIRECTION('',(0.,1.));
#10536 = ( GEOMETRIC_REPRESENTATION_CONTEXT(2) 
PARAMETRIC_REPRESENTATION_CONTEXT() REPRESENTATION_CONTEXT('2D SPACE',''
  ) );
#10537 = ADVANCED_FACE('',(#10538),#10195,.T.);
#10538 = FACE_BOUND('',#10539,.T.);
#10539 = EDGE_LOOP('',(#10540,#10563,#10586,#10609,#10632,#10655,#10678,
    #10699));
#10540 = ORIENTED_EDGE('',*,*,#10541,.F.);
#10541 = EDGE_CURVE('',#10542,#10157,#10544,.T.);
#10542 = VERTEX_POINT('',#10543);
#10543 = CARTESIAN_POINT('',(240.,150.,35.));
#10544 = SURFACE_CURVE('',#10545,(#10549,#10556),.PCURVE_S1.);
#10545 = LINE('',#10546,#10547);
#10546 = CARTESIAN_POINT('',(240.,150.,35.));
#10547 = VECTOR('',#10548,1.);
#10548 = DIRECTION('',(0.,0.,1.));
#10549 = PCURVE('',#10195,#10550);
#10550 = DEFINITIONAL_REPRESENTATION('',(#10551),#10555);
#10551 = LINE('',#10552,#10553);
#10552 = CARTESIAN_POINT('',(40.,0.));
#10553 = VECTOR('',#10554,1.);
#10554 = DIRECTION('',(0.,-1.));
#10555 = ( GEOMETRIC_REPRESENTATION_CONTEXT(2) 
PARAMETRIC_REPRESENTATION_CONTEXT() REPRESENTATION_CONTEXT('2D SPACE',''
  ) );
#10556 = PCURVE('',#9946,#10557);
#10557 = DEFINITIONAL_REPRESENTATION('',(#10558),#10562);
#10558 = LINE('',#10559,#10560);
#10559 = CARTESIAN_POINT('',(300.,0.));
#10560 = VECTOR('',#10561,1.);
#10561 = DIRECTION('',(0.,-1.));
#10562 = ( GEOMETRIC_REPRESENTATION_CONTEXT(2) 
PARAMETRIC_REPRESENTATION_CONTEXT() REPRESENTATION_CONTEXT('2D SPACE',''
  ) );
#10563 = ORIENTED_EDGE('',*,*,#10564,.F.);
#10564 = EDGE_CURVE('',#10565,#10542,#10567,.T.);
#10565 = VERTEX_POINT('',#10566);
#10566 = CARTESIAN_POINT('',(200.,150.,35.));
#10567 = SURFACE_CURVE('',#10568,(#10572,#10579),.PCURVE_S1.);
#10568 = LINE('',#10569,#10570);
#10569 = CARTESIAN_POINT('',(220.,150.,35.));
#10570 = VECTOR('',#10571,1.);
#10571 = DIRECTION('',(1.,0.,0.));
#10572 = PCURVE('',#10195,#10573);
#10573 = DEFINITIONAL_REPRESENTATION('',(#10574),#10578);
#10574 = LINE('',#10575,#10576);
#10575 = CARTESIAN_POINT('',(20.,0.));
#10576 = VECTOR('',#10577,1.);
#10577 = DIRECTION('',(1.,0.));
#10578 = ( GEOMETRIC_REPRESENTATION_CONTEXT(2) 
PARAMETRIC_REPRESENTATION_CONTEXT() REPRESENTATION_CONTEXT('2D SPACE',''
  ) );
#10579 = PCURVE('',#9974,#10580);
#10580 = DEFINITIONAL_REPRESENTATION('',(#10581),#10585);
#10581 = LINE('',#10582,#10583);
#10582 = CARTESIAN_POINT('',(0.,150.));
#10583 = VECTOR('',#10584,1.);
#10584 = DIRECTION('',(1.,0.));
#10585 = ( GEOMETRIC_REPRESENTATION_CONTEXT(2) 
PARAMETRIC_REPRESENTATION_CONTEXT() REPRESENTATION_CONTEXT('2D SPACE',''
  ) );
#10586 = ORIENTED_EDGE('',*,*,#10587,.F.);
#10587 = EDGE_CURVE('',#10588,#10565,#10590,.T.);
#10588 = VERTEX_POINT('',#10589);
#10589 = CARTESIAN_POINT('',(200.,150.,0.));
#10590 = SURFACE_CURVE('',#10591,(#10595,#10602),.PCURVE_S1.);
#10591 = LINE('',#10592,#10593);
#10592 = CARTESIAN_POINT('',(200.,150.,0.));
#10593 = VECTOR('',#10594,1.);
#10594 = DIRECTION('',(0.,0.,1.));
#10595 = PCURVE('',#10195,#10596);
#10596 = DEFINITIONAL_REPRESENTATION('',(#10597),#10601);
#10597 = LINE('',#10598,#10599);
#10598 = CARTESIAN_POINT('',(0.,35.));
#10599 = VECTOR('',#10600,1.);
#10600 = DIRECTION('',(0.,-1.));
#10601 = ( GEOMETRIC_REPRESENTATION_CONTEXT(2) 
PARAMETRIC_REPRESENTATION_CONTEXT() REPRESENTATION_CONTEXT('2D SPACE',''
  ) );
#10602 = PCURVE('',#10002,#10603);
#10603 = DEFINITIONAL_REPRESENTATION('',(#10604),#10608);
#10604 = LINE('',#10605,#10606);
#10605 = CARTESIAN_POINT('',(300.,0.));
#10606 = VECTOR('',#10607,1.);
#10607 = DIRECTION('',(0.,-1.));
#10608 = ( GEOMETRIC_REPRESENTATION_CONTEXT(2) 
PARAMETRIC_REPRESENTATION_CONTEXT() REPRESENTATION_CONTEXT('2D SPACE',''
  ) );
#10609 = ORIENTED_EDGE('',*,*,#10610,.F.);
#10610 = EDGE_CURVE('',#10611,#10588,#10613,.T.);
#10611 = VERTEX_POINT('',#10612);
#10612 = CARTESIAN_POINT('',(-200.,150.,0.));
#10613 = SURFACE_CURVE('',#10614,(#10618,#10625),.PCURVE_S1.);
#10614 = LINE('',#10615,#10616);
#10615 = CARTESIAN_POINT('',(0.,150.,0.));
#10616 = VECTOR('',#10617,1.);
#10617 = DIRECTION('',(1.,0.,0.));
#10618 = PCURVE('',#10195,#10619);
#10619 = DEFINITIONAL_REPRESENTATION('',(#10620),#10624);
#10620 = LINE('',#10621,#10622);
#10621 = CARTESIAN_POINT('',(-200.,35.));
#10622 = VECTOR('',#10623,1.);
#10623 = DIRECTION('',(1.,0.));
#10624 = ( GEOMETRIC_REPRESENTATION_CONTEXT(2) 
PARAMETRIC_REPRESENTATION_CONTEXT() REPRESENTATION_CONTEXT('2D SPACE',''
  ) );
#10625 = PCURVE('',#10030,#10626);
#10626 = DEFINITIONAL_REPRESENTATION('',(#10627),#10631);
#10627 = LINE('',#10628,#10629);
#10628 = CARTESIAN_POINT('',(0.,150.));
#10629 = VECTOR('',#10630,1.);
#10630 = DIRECTION('',(1.,0.));
#10631 = ( GEOMETRIC_REPRESENTATION_CONTEXT(2) 
PARAMETRIC_REPRESENTATION_CONTEXT() REPRESENTATION_CONTEXT('2D SPACE',''
  ) );
#10632 = ORIENTED_EDGE('',*,*,#10633,.T.);
#10633 = EDGE_CURVE('',#10611,#10634,#10636,.T.);
#10634 = VERTEX_POINT('',#10635);
#10635 = CARTESIAN_POINT('',(-200.,150.,35.));
#10636 = SURFACE_CURVE('',#10637,(#10641,#10648),.PCURVE_S1.);
#10637 = LINE('',#10638,#10639);
#10638 = CARTESIAN_POINT('',(-200.,150.,0.));
#10639 = VECTOR('',#10640,1.);
#10640 = DIRECTION('',(0.,0.,1.));
#10641 = PCURVE('',#10195,#10642);
#10642 = DEFINITIONAL_REPRESENTATION('',(#10643),#10647);
#10643 = LINE('',#10644,#10645);
#10644 = CARTESIAN_POINT('',(-400.,35.));
#10645 = VECTOR('',#10646,1.);
#10646 = DIRECTION('',(0.,-1.));
#10647 = ( GEOMETRIC_REPRESENTATION_CONTEXT(2) 
PARAMETRIC_REPRESENTATION_CONTEXT() REPRESENTATION_CONTEXT('2D SPACE',''
  ) );
#10648 = PCURVE('',#10058,#10649);
#10649 = DEFINITIONAL_REPRESENTATION('',(#10650),#10654);
#10650 = LINE('',#10651,#10652);
#10651 = CARTESIAN_POINT('',(300.,0.));
#10652 = VECTOR('',#10653,1.);
#10653 = DIRECTION('',(0.,-1.));
#10654 = ( GEOMETRIC_REPRESENTATION_CONTEXT(2) 
PARAMETRIC_REPRESENTATION_CONTEXT() REPRESENTATION_CONTEXT('2D SPACE',''
  ) );
#10655 = ORIENTED_EDGE('',*,*,#10656,.F.);
#10656 = EDGE_CURVE('',#10657,#10634,#10659,.T.);
#10657 = VERTEX_POINT('',#10658);
#10658 = CARTESIAN_POINT('',(-240.,150.,35.));
#10659 = SURFACE_CURVE('',#10660,(#10664,#10671),.PCURVE_S1.);
#10660 = LINE('',#10661,#10662);
#10661 = CARTESIAN_POINT('',(-220.,150.,35.));
#10662 = VECTOR('',#10663,1.);
#10663 = DIRECTION('',(1.,0.,0.));
#10664 = PCURVE('',#10195,#10665);
#10665 = DEFINITIONAL_REPRESENTATION('',(#10666),#10670);
#10666 = LINE('',#10667,#10668);
#10667 = CARTESIAN_POINT('',(-420.,0.));
#10668 = VECTOR('',#10669,1.);
#10669 = DIRECTION('',(1.,0.));
#10670 = ( GEOMETRIC_REPRESENTATION_CONTEXT(2) 
PARAMETRIC_REPRESENTATION_CONTEXT() REPRESENTATION_CONTEXT('2D SPACE',''
  ) );
#10671 = PCURVE('',#10086,#10672);
#10672 = DEFINITIONAL_REPRESENTATION('',(#10673),#10677);
#10673 = LINE('',#10674,#10675);
#10674 = CARTESIAN_POINT('',(0.,150.));
#10675 = VECTOR('',#10676,1.);
#10676 = DIRECTION('',(1.,0.));
#10677 = ( GEOMETRIC_REPRESENTATION_CONTEXT(2) 
PARAMETRIC_REPRESENTATION_CONTEXT() REPRESENTATION_CONTEXT('2D SPACE',''
  ) );
#10678 = ORIENTED_EDGE('',*,*,#10679,.T.);
#10679 = EDGE_CURVE('',#10657,#10180,#10680,.T.);
#10680 = SURFACE_CURVE('',#10681,(#10685,#10692),.PCURVE_S1.);
#10681 = LINE('',#10682,#10683);
#10682 = CARTESIAN_POINT('',(-240.,150.,35.));
#10683 = VECTOR('',#10684,1.);
#10684 = DIRECTION('',(0.,0.,1.));
#10685 = PCURVE('',#10195,#10686);
#10686 = DEFINITIONAL_REPRESENTATION('',(#10687),#10691);
#10687 = LINE('',#10688,#10689);
#10688 = CARTESIAN_POINT('',(-440.,0.));
#10689 = VECTOR('',#10690,1.);
#10690 = DIRECTION('',(0.,-1.));
#10691 = ( GEOMETRIC_REPRESENTATION_CONTEXT(2) 
PARAMETRIC_REPRESENTATION_CONTEXT() REPRESENTATION_CONTEXT('2D SPACE',''
  ) );
#10692 = PCURVE('',#10114,#10693);
#10693 = DEFINITIONAL_REPRESENTATION('',(#10694),#10698);
#10694 = LINE('',#10695,#10696);
#10695 = CARTESIAN_POINT('',(300.,0.));
#10696 = VECTOR('',#10697,1.);
#10697 = DIRECTION('',(0.,-1.));
#10698 = ( GEOMETRIC_REPRESENTATION_CONTEXT(2) 
PARAMETRIC_REPRESENTATION_CONTEXT() REPRESENTATION_CONTEXT('2D SPACE',''
  ) );
#10699 = ORIENTED_EDGE('',*,*,#10179,.F.);
#10700 = ADVANCED_FACE('',(#10701),#10114,.T.);
#10701 = FACE_BOUND('',#10702,.T.);
#10702 = EDGE_LOOP('',(#10703,#10704,#10705,#10706));
#10703 = ORIENTED_EDGE('',*,*,#10098,.T.);
#10704 = ORIENTED_EDGE('',*,*,#10207,.T.);
#10705 = ORIENTED_EDGE('',*,*,#10679,.F.);
#10706 = ORIENTED_EDGE('',*,*,#10707,.F.);
#10707 = EDGE_CURVE('',#10071,#10657,#10708,.T.);
#10708 = SURFACE_CURVE('',#10709,(#10713,#10720),.PCURVE_S1.);
#10709 = LINE('',#10710,#10711);
#10710 = CARTESIAN_POINT('',(-240.,0.,35.));
#10711 = VECTOR('',#10712,1.);
#10712 = DIRECTION('',(0.,1.,0.));
#10713 = PCURVE('',#10114,#10714);
#10714 = DEFINITIONAL_REPRESENTATION('',(#10715),#10719);
#10715 = LINE('',#10716,#10717);
#10716 = CARTESIAN_POINT('',(150.,0.));
#10717 = VECTOR('',#10718,1.);
#10718 = DIRECTION('',(1.,0.));
#10719 = ( GEOMETRIC_REPRESENTATION_CONTEXT(2) 
PARAMETRIC_REPRESENTATION_CONTEXT() REPRESENTATION_CONTEXT('2D SPACE',''
  ) );
#10720 = PCURVE('',#10086,#10721);
#10721 = DEFINITIONAL_REPRESENTATION('',(#10722),#10726);
#10722 = LINE('',#10723,#10724);
#10723 = CARTESIAN_POINT('',(-20.,0.));
#10724 = VECTOR('',#10725,1.);
#10725 = DIRECTION('',(0.,1.));
#10726 = ( GEOMETRIC_REPRESENTATION_CONTEXT(2) 
PARAMETRIC_REPRESENTATION_CONTEXT() REPRESENTATION_CONTEXT('2D SPACE',''
  ) );
#10727 = ADVANCED_FACE('',(#10728),#10086,.F.);
#10728 = FACE_BOUND('',#10729,.F.);
#10729 = EDGE_LOOP('',(#10730,#10731,#10732,#10753));
#10730 = ORIENTED_EDGE('',*,*,#10707,.F.);
#10731 = ORIENTED_EDGE('',*,*,#10070,.T.);
#10732 = ORIENTED_EDGE('',*,*,#10733,.T.);
#10733 = EDGE_CURVE('',#10043,#10634,#10734,.T.);
#10734 = SURFACE_CURVE('',#10735,(#10739,#10746),.PCURVE_S1.);
#10735 = LINE('',#10736,#10737);
#10736 = CARTESIAN_POINT('',(-200.,0.,35.));
#10737 = VECTOR('',#10738,1.);
#10738 = DIRECTION('',(0.,1.,0.));
#10739 = PCURVE('',#10086,#10740);
#10740 = DEFINITIONAL_REPRESENTATION('',(#10741),#10745);
#10741 = LINE('',#10742,#10743);
#10742 = CARTESIAN_POINT('',(20.,0.));
#10743 = VECTOR('',#10744,1.);
#10744 = DIRECTION('',(0.,1.));
#10745 = ( GEOMETRIC_REPRESENTATION_CONTEXT(2) 
PARAMETRIC_REPRESENTATION_CONTEXT() REPRESENTATION_CONTEXT('2D SPACE',''
  ) );
#10746 = PCURVE('',#10058,#10747);
#10747 = DEFINITIONAL_REPRESENTATION('',(#10748),#10752);
#10748 = LINE('',#10749,#10750);
#10749 = CARTESIAN_POINT('',(150.,-35.));
#10750 = VECTOR('',#10751,1.);
#10751 = DIRECTION('',(1.,0.));
#10752 = ( GEOMETRIC_REPRESENTATION_CONTEXT(2) 
PARAMETRIC_REPRESENTATION_CONTEXT() REPRESENTATION_CONTEXT('2D SPACE',''
  ) );
#10753 = ORIENTED_EDGE('',*,*,#10656,.F.);
#10754 = ADVANCED_FACE('',(#10755),#10058,.T.);
#10755 = FACE_BOUND('',#10756,.T.);
#10756 = EDGE_LOOP('',(#10757,#10778,#10779,#10780));
#10757 = ORIENTED_EDGE('',*,*,#10758,.F.);
#10758 = EDGE_CURVE('',#10015,#10611,#10759,.T.);
#10759 = SURFACE_CURVE('',#10760,(#10764,#10771),.PCURVE_S1.);
#10760 = LINE('',#10761,#10762);
#10761 = CARTESIAN_POINT('',(-200.,0.,0.));
#10762 = VECTOR('',#10763,1.);
#10763 = DIRECTION('',(0.,1.,0.));
#10764 = PCURVE('',#10058,#10765);
#10765 = DEFINITIONAL_REPRESENTATION('',(#10766),#10770);
#10766 = LINE('',#10767,#10768);
#10767 = CARTESIAN_POINT('',(150.,0.));
#10768 = VECTOR('',#10769,1.);
#10769 = DIRECTION('',(1.,0.));
#10770 = ( GEOMETRIC_REPRESENTATION_CONTEXT(2) 
PARAMETRIC_REPRESENTATION_CONTEXT() REPRESENTATION_CONTEXT('2D SPACE',''
  ) );
#10771 = PCURVE('',#10030,#10772);
#10772 = DEFINITIONAL_REPRESENTATION('',(#10773),#10777);
#10773 = LINE('',#10774,#10775);
#10774 = CARTESIAN_POINT('',(-200.,0.));
#10775 = VECTOR('',#10776,1.);
#10776 = DIRECTION('',(0.,1.));
#10777 = ( GEOMETRIC_REPRESENTATION_CONTEXT(2) 
PARAMETRIC_REPRESENTATION_CONTEXT() REPRESENTATION_CONTEXT('2D SPACE',''
  ) );
#10778 = ORIENTED_EDGE('',*,*,#10042,.T.);
#10779 = ORIENTED_EDGE('',*,*,#10733,.T.);
#10780 = ORIENTED_EDGE('',*,*,#10633,.F.);
#10781 = ADVANCED_FACE('',(#10782,#10808),#10030,.F.);
#10782 = FACE_BOUND('',#10783,.F.);
#10783 = EDGE_LOOP('',(#10784,#10785,#10786,#10807));
#10784 = ORIENTED_EDGE('',*,*,#10758,.F.);
#10785 = ORIENTED_EDGE('',*,*,#10014,.T.);
#10786 = ORIENTED_EDGE('',*,*,#10787,.T.);
#10787 = EDGE_CURVE('',#9987,#10588,#10788,.T.);
#10788 = SURFACE_CURVE('',#10789,(#10793,#10800),.PCURVE_S1.);
#10789 = LINE('',#10790,#10791);
#10790 = CARTESIAN_POINT('',(200.,0.,0.));
#10791 = VECTOR('',#10792,1.);
#10792 = DIRECTION('',(0.,1.,0.));
#10793 = PCURVE('',#10030,#10794);
#10794 = DEFINITIONAL_REPRESENTATION('',(#10795),#10799);
#10795 = LINE('',#10796,#10797);
#10796 = CARTESIAN_POINT('',(200.,0.));
#10797 = VECTOR('',#10798,1.);
#10798 = DIRECTION('',(0.,1.));
#10799 = ( GEOMETRIC_REPRESENTATION_CONTEXT(2) 
PARAMETRIC_REPRESENTATION_CONTEXT() REPRESENTATION_CONTEXT('2D SPACE',''
  ) );
#10800 = PCURVE('',#10002,#10801);
#10801 = DEFINITIONAL_REPRESENTATION('',(#10802),#10806);
#10802 = LINE('',#10803,#10804);
#10803 = CARTESIAN_POINT('',(150.,0.));
#10804 = VECTOR('',#10805,1.);
#10805 = DIRECTION('',(1.,0.));
#10806 = ( GEOMETRIC_REPRESENTATION_CONTEXT(2) 
PARAMETRIC_REPRESENTATION_CONTEXT() REPRESENTATION_CONTEXT('2D SPACE',''
  ) );
#10807 = ORIENTED_EDGE('',*,*,#10610,.F.);
#10808 = FACE_BOUND('',#10809,.F.);
#10809 = EDGE_LOOP('',(#10810,#10811,#10812,#10813));
#10810 = ORIENTED_EDGE('',*,*,#10392,.F.);
#10811 = ORIENTED_EDGE('',*,*,#10517,.T.);
#10812 = ORIENTED_EDGE('',*,*,#10490,.T.);
#10813 = ORIENTED_EDGE('',*,*,#10441,.F.);
#10814 = ADVANCED_FACE('',(#10815),#10002,.F.);
#10815 = FACE_BOUND('',#10816,.F.);
#10816 = EDGE_LOOP('',(#10817,#10818,#10819,#10840));
#10817 = ORIENTED_EDGE('',*,*,#10787,.F.);
#10818 = ORIENTED_EDGE('',*,*,#9986,.T.);
#10819 = ORIENTED_EDGE('',*,*,#10820,.T.);
#10820 = EDGE_CURVE('',#9959,#10565,#10821,.T.);
#10821 = SURFACE_CURVE('',#10822,(#10826,#10833),.PCURVE_S1.);
#10822 = LINE('',#10823,#10824);
#10823 = CARTESIAN_POINT('',(200.,0.,35.));
#10824 = VECTOR('',#10825,1.);
#10825 = DIRECTION('',(0.,1.,0.));
#10826 = PCURVE('',#10002,#10827);
#10827 = DEFINITIONAL_REPRESENTATION('',(#10828),#10832);
#10828 = LINE('',#10829,#10830);
#10829 = CARTESIAN_POINT('',(150.,-35.));
#10830 = VECTOR('',#10831,1.);
#10831 = DIRECTION('',(1.,0.));
#10832 = ( GEOMETRIC_REPRESENTATION_CONTEXT(2) 
PARAMETRIC_REPRESENTATION_CONTEXT() REPRESENTATION_CONTEXT('2D SPACE',''
  ) );
#10833 = PCURVE('',#9974,#10834);
#10834 = DEFINITIONAL_REPRESENTATION('',(#10835),#10839);
#10835 = LINE('',#10836,#10837);
#10836 = CARTESIAN_POINT('',(-20.,0.));
#10837 = VECTOR('',#10838,1.);
#10838 = DIRECTION('',(0.,1.));
#10839 = ( GEOMETRIC_REPRESENTATION_CONTEXT(2) 
PARAMETRIC_REPRESENTATION_CONTEXT() REPRESENTATION_CONTEXT('2D SPACE',''
  ) );
#10840 = ORIENTED_EDGE('',*,*,#10587,.F.);
#10841 = ADVANCED_FACE('',(#10842),#9974,.F.);
#10842 = FACE_BOUND('',#10843,.F.);
#10843 = EDGE_LOOP('',(#10844,#10845,#10846,#10867));
#10844 = ORIENTED_EDGE('',*,*,#10820,.F.);
#10845 = ORIENTED_EDGE('',*,*,#9958,.T.);
#10846 = ORIENTED_EDGE('',*,*,#10847,.T.);
#10847 = EDGE_CURVE('',#9924,#10542,#10848,.T.);
#10848 = SURFACE_CURVE('',#10849,(#10853,#10860),.PCURVE_S1.);
#10849 = LINE('',#10850,#10851);
#10850 = CARTESIAN_POINT('',(240.,0.,35.));
#10851 = VECTOR('',#10852,1.);
#10852 = DIRECTION('',(0.,1.,0.));
#10853 = PCURVE('',#9974,#10854);
#10854 = DEFINITIONAL_REPRESENTATION('',(#10855),#10859);
#10855 = LINE('',#10856,#10857);
#10856 = CARTESIAN_POINT('',(20.,0.));
#10857 = VECTOR('',#10858,1.);
#10858 = DIRECTION('',(0.,1.));
#10859 = ( GEOMETRIC_REPRESENTATION_CONTEXT(2) 
PARAMETRIC_REPRESENTATION_CONTEXT() REPRESENTATION_CONTEXT('2D SPACE',''
  ) );
#10860 = PCURVE('',#9946,#10861);
#10861 = DEFINITIONAL_REPRESENTATION('',(#10862),#10866);
#10862 = LINE('',#10863,#10864);
#10863 = CARTESIAN_POINT('',(150.,0.));
#10864 = VECTOR('',#10865,1.);
#10865 = DIRECTION('',(1.,0.));
#10866 = ( GEOMETRIC_REPRESENTATION_CONTEXT(2) 
PARAMETRIC_REPRESENTATION_CONTEXT() REPRESENTATION_CONTEXT('2D SPACE',''
  ) );
#10867 = ORIENTED_EDGE('',*,*,#10564,.F.);
#10868 = ADVANCED_FACE('',(#10869),#9946,.F.);
#10869 = FACE_BOUND('',#10870,.F.);
#10870 = EDGE_LOOP('',(#10871,#10872,#10873,#10874));
#10871 = ORIENTED_EDGE('',*,*,#9923,.T.);
#10872 = ORIENTED_EDGE('',*,*,#10156,.T.);
#10873 = ORIENTED_EDGE('',*,*,#10541,.F.);
#10874 = ORIENTED_EDGE('',*,*,#10847,.F.);
#10875 = ( GEOMETRIC_REPRESENTATION_CONTEXT(3) 
GLOBAL_UNCERTAINTY_ASSIGNED_CONTEXT((#10879)) 
GLOBAL_UNIT_ASSIGNED_CONTEXT((#10876,#10877,#10878)) 
REPRESENTATION_CONTEXT('Context #1',
  '3D Context with UNIT and UNCERTAINTY') );
#10876 = ( LENGTH_UNIT() NAMED_UNIT(*) SI_UNIT(.MILLI.,.METRE.) );
#10877 = ( NAMED_UNIT(*) PLANE_ANGLE_UNIT() SI_UNIT($,.RADIAN.) );
#10878 = ( NAMED_UNIT(*) SI_UNIT($,.STERADIAN.) SOLID_ANGLE_UNIT() );
#10879 = UNCERTAINTY_MEASURE_WITH_UNIT(LENGTH_MEASURE(1.E-07),#10876,
  'distance_accuracy_value','confusion accuracy');
#10880 = CONTEXT_DEPENDENT_SHAPE_REPRESENTATION(#10881,#10883);
#10881 = ( REPRESENTATION_RELATIONSHIP('','',#9916,#10) 
REPRESENTATION_RELATIONSHIP_WITH_TRANSFORMATION(#10882) 
SHAPE_REPRESENTATION_RELATIONSHIP() );
#10882 = ITEM_DEFINED_TRANSFORMATION('','',#11,#47);
#10883 = PRODUCT_DEFINITION_SHAPE('Placement','Placement of an item',
  #10884);
#10884 = NEXT_ASSEMBLY_USAGE_OCCURRENCE('9','solid_tray_wall_1','',#5,
  #9911,$);
#10885 = PRODUCT_RELATED_PRODUCT_CATEGORY('part',$,(#9913));
#10886 = CONTEXT_DEPENDENT_SHAPE_REPRESENTATION(#10887,#10889);
#10887 = ( REPRESENTATION_RELATIONSHIP('','',#9916,#10) 
REPRESENTATION_RELATIONSHIP_WITH_TRANSFORMATION(#10888) 
SHAPE_REPRESENTATION_RELATIONSHIP() );
#10888 = ITEM_DEFINED_TRANSFORMATION('','',#11,#51);
#10889 = PRODUCT_DEFINITION_SHAPE('Placement','Placement of an item',
  #10890);
#10890 = NEXT_ASSEMBLY_USAGE_OCCURRENCE('10','solid_tray_wall_2','',#5,
  #9911,$);
#10891 = CONTEXT_DEPENDENT_SHAPE_REPRESENTATION(#10892,#10894);
#10892 = ( REPRESENTATION_RELATIONSHIP('','',#9916,#10) 
REPRESENTATION_RELATIONSHIP_WITH_TRANSFORMATION(#10893) 
SHAPE_REPRESENTATION_RELATIONSHIP() );
#10893 = ITEM_DEFINED_TRANSFORMATION('','',#11,#55);
#10894 = PRODUCT_DEFINITION_SHAPE('Placement','Placement of an item',
  #10895);
#10895 = NEXT_ASSEMBLY_USAGE_OCCURRENCE('11','solid_tray_wall_3','',#5,
  #9911,$);
#10896 = CONTEXT_DEPENDENT_SHAPE_REPRESENTATION(#10897,#10899);
#10897 = ( REPRESENTATION_RELATIONSHIP('','',#9916,#10) 
REPRESENTATION_RELATIONSHIP_WITH_TRANSFORMATION(#10898) 
SHAPE_REPRESENTATION_RELATIONSHIP() );
#10898 = ITEM_DEFINED_TRANSFORMATION('','',#11,#59);
#10899 = PRODUCT_DEFINITION_SHAPE('Placement','Placement of an item',
  #10900);
#10900 = NEXT_ASSEMBLY_USAGE_OCCURRENCE('12','solid_tray_wall_4','',#5,
  #9911,$);
#10901 = CONTEXT_DEPENDENT_SHAPE_REPRESENTATION(#10902,#10904);
#10902 = ( REPRESENTATION_RELATIONSHIP('','',#9916,#10) 
REPRESENTATION_RELATIONSHIP_WITH_TRANSFORMATION(#10903) 
SHAPE_REPRESENTATION_RELATIONSHIP() );
#10903 = ITEM_DEFINED_TRANSFORMATION('','',#11,#63);
#10904 = PRODUCT_DEFINITION_SHAPE('Placement','Placement of an item',
  #10905);
#10905 = NEXT_ASSEMBLY_USAGE_OCCURRENCE('13','solid_tray_wall_5','',#5,
  #9911,$);
#10906 = CONTEXT_DEPENDENT_SHAPE_REPRESENTATION(#10907,#10909);
#10907 = ( REPRESENTATION_RELATIONSHIP('','',#9916,#10) 
REPRESENTATION_RELATIONSHIP_WITH_TRANSFORMATION(#10908) 
SHAPE_REPRESENTATION_RELATIONSHIP() );
#10908 = ITEM_DEFINED_TRANSFORMATION('','',#11,#67);
#10909 = PRODUCT_DEFINITION_SHAPE('Placement','Placement of an item',
  #10910);
#10910 = NEXT_ASSEMBLY_USAGE_OCCURRENCE('14','solid_tray_wall_6','',#5,
  #9911,$);
#10911 = CONTEXT_DEPENDENT_SHAPE_REPRESENTATION(#10912,#10914);
#10912 = ( REPRESENTATION_RELATIONSHIP('','',#9916,#10) 
REPRESENTATION_RELATIONSHIP_WITH_TRANSFORMATION(#10913) 
SHAPE_REPRESENTATION_RELATIONSHIP() );
#10913 = ITEM_DEFINED_TRANSFORMATION('','',#11,#71);
#10914 = PRODUCT_DEFINITION_SHAPE('Placement','Placement of an item',
  #10915);
#10915 = NEXT_ASSEMBLY_USAGE_OCCURRENCE('15','solid_tray_wall_7','',#5,
  #9911,$);
#10916 = CONTEXT_DEPENDENT_SHAPE_REPRESENTATION(#10917,#10919);
#10917 = ( REPRESENTATION_RELATIONSHIP('','',#9916,#10) 
REPRESENTATION_RELATIONSHIP_WITH_TRANSFORMATION(#10918) 
SHAPE_REPRESENTATION_RELATIONSHIP() );
#10918 = ITEM_DEFINED_TRANSFORMATION('','',#11,#75);
#10919 = PRODUCT_DEFINITION_SHAPE('Placement','Placement of an item',
  #10920);
#10920 = NEXT_ASSEMBLY_USAGE_OCCURRENCE('16','solid_tray_wall_8','',#5,
  #9911,$);
#10921 = CONTEXT_DEPENDENT_SHAPE_REPRESENTATION(#10922,#10924);
#10922 = ( REPRESENTATION_RELATIONSHIP('','',#9916,#10) 
REPRESENTATION_RELATIONSHIP_WITH_TRANSFORMATION(#10923) 
SHAPE_REPRESENTATION_RELATIONSHIP() );
#10923 = ITEM_DEFINED_TRANSFORMATION('','',#11,#79);
#10924 = PRODUCT_DEFINITION_SHAPE('Placement','Placement of an item',
  #10925);
#10925 = NEXT_ASSEMBLY_USAGE_OCCURRENCE('17','solid_tray_wall_9','',#5,
  #9911,$);
#10926 = CONTEXT_DEPENDENT_SHAPE_REPRESENTATION(#10927,#10929);
#10927 = ( REPRESENTATION_RELATIONSHIP('','',#9916,#10) 
REPRESENTATION_RELATIONSHIP_WITH_TRANSFORMATION(#10928) 
SHAPE_REPRESENTATION_RELATIONSHIP() );
#10928 = ITEM_DEFINED_TRANSFORMATION('','',#11,#83);
#10929 = PRODUCT_DEFINITION_SHAPE('Placement','Placement of an item',
  #10930);
#10930 = NEXT_ASSEMBLY_USAGE_OCCURRENCE('18','solid_tray_wall_10','',#5,
  #9911,$);
#10931 = CONTEXT_DEPENDENT_SHAPE_REPRESENTATION(#10932,#10934);
#10932 = ( REPRESENTATION_RELATIONSHIP('','',#9916,#10) 
REPRESENTATION_RELATIONSHIP_WITH_TRANSFORMATION(#10933) 
SHAPE_REPRESENTATION_RELATIONSHIP() );
#10933 = ITEM_DEFINED_TRANSFORMATION('','',#11,#87);
#10934 = PRODUCT_DEFINITION_SHAPE('Placement','Placement of an item',
  #10935);
#10935 = NEXT_ASSEMBLY_USAGE_OCCURRENCE('19','solid_tray_wall_11','',#5,
  #9911,$);
#10936 = CONTEXT_DEPENDENT_SHAPE_REPRESENTATION(#10937,#10939);
#10937 = ( REPRESENTATION_RELATIONSHIP('','',#9916,#10) 
REPRESENTATION_RELATIONSHIP_WITH_TRANSFORMATION(#10938) 
SHAPE_REPRESENTATION_RELATIONSHIP() );
#10938 = ITEM_DEFINED_TRANSFORMATION('','',#11,#91);
#10939 = PRODUCT_DEFINITION_SHAPE('Placement','Placement of an item',
  #10940);
#10940 = NEXT_ASSEMBLY_USAGE_OCCURRENCE('20','solid_tray_wall_12','',#5,
  #9911,$);
#10941 = CONTEXT_DEPENDENT_SHAPE_REPRESENTATION(#10942,#10944);
#10942 = ( REPRESENTATION_RELATIONSHIP('','',#9916,#10) 
REPRESENTATION_RELATIONSHIP_WITH_TRANSFORMATION(#10943) 
SHAPE_REPRESENTATION_RELATIONSHIP() );
#10943 = ITEM_DEFINED_TRANSFORMATION('','',#11,#95);
#10944 = PRODUCT_DEFINITION_SHAPE('Placement','Placement of an item',
  #10945);
#10945 = NEXT_ASSEMBLY_USAGE_OCCURRENCE('21','solid_tray_wall_13','',#5,
  #9911,$);
#10946 = CONTEXT_DEPENDENT_SHAPE_REPRESENTATION(#10947,#10949);
#10947 = ( REPRESENTATION_RELATIONSHIP('','',#9916,#10) 
REPRESENTATION_RELATIONSHIP_WITH_TRANSFORMATION(#10948) 
SHAPE_REPRESENTATION_RELATIONSHIP() );
#10948 = ITEM_DEFINED_TRANSFORMATION('','',#11,#99);
#10949 = PRODUCT_DEFINITION_SHAPE('Placement','Placement of an item',
  #10950);
#10950 = NEXT_ASSEMBLY_USAGE_OCCURRENCE('22','solid_tray_wall_14','',#5,
  #9911,$);
#10951 = CONTEXT_DEPENDENT_SHAPE_REPRESENTATION(#10952,#10954);
#10952 = ( REPRESENTATION_RELATIONSHIP('','',#9916,#10) 
REPRESENTATION_RELATIONSHIP_WITH_TRANSFORMATION(#10953) 
SHAPE_REPRESENTATION_RELATIONSHIP() );
#10953 = ITEM_DEFINED_TRANSFORMATION('','',#11,#103);
#10954 = PRODUCT_DEFINITION_SHAPE('Placement','Placement of an item',
  #10955);
#10955 = NEXT_ASSEMBLY_USAGE_OCCURRENCE('23','solid_tray_wall_15','',#5,
  #9911,$);
#10956 = CONTEXT_DEPENDENT_SHAPE_REPRESENTATION(#10957,#10959);
#10957 = ( REPRESENTATION_RELATIONSHIP('','',#9916,#10) 
REPRESENTATION_RELATIONSHIP_WITH_TRANSFORMATION(#10958) 
SHAPE_REPRESENTATION_RELATIONSHIP() );
#10958 = ITEM_DEFINED_TRANSFORMATION('','',#11,#107);
#10959 = PRODUCT_DEFINITION_SHAPE('Placement','Placement of an item',
  #10960);
#10960 = NEXT_ASSEMBLY_USAGE_OCCURRENCE('24','solid_tray_wall_16','',#5,
  #9911,$);
#10961 = CONTEXT_DEPENDENT_SHAPE_REPRESENTATION(#10962,#10964);
#10962 = ( REPRESENTATION_RELATIONSHIP('','',#9916,#10) 
REPRESENTATION_RELATIONSHIP_WITH_TRANSFORMATION(#10963) 
SHAPE_REPRESENTATION_RELATIONSHIP() );
#10963 = ITEM_DEFINED_TRANSFORMATION('','',#11,#111);
#10964 = PRODUCT_DEFINITION_SHAPE('Placement','Placement of an item',
  #10965);
#10965 = NEXT_ASSEMBLY_USAGE_OCCURRENCE('25','solid_tray_wall_17','',#5,
  #9911,$);
#10966 = CONTEXT_DEPENDENT_SHAPE_REPRESENTATION(#10967,#10969);
#10967 = ( REPRESENTATION_RELATIONSHIP('','',#9916,#10) 
REPRESENTATION_RELATIONSHIP_WITH_TRANSFORMATION(#10968) 
SHAPE_REPRESENTATION_RELATIONSHIP() );
#10968 = ITEM_DEFINED_TRANSFORMATION('','',#11,#115);
#10969 = PRODUCT_DEFINITION_SHAPE('Placement','Placement of an item',
  #10970);
#10970 = NEXT_ASSEMBLY_USAGE_OCCURRENCE('26','solid_tray_wall_18','',#5,
  #9911,$);
#10971 = CONTEXT_DEPENDENT_SHAPE_REPRESENTATION(#10972,#10974);
#10972 = ( REPRESENTATION_RELATIONSHIP('','',#9916,#10) 
REPRESENTATION_RELATIONSHIP_WITH_TRANSFORMATION(#10973) 
SHAPE_REPRESENTATION_RELATIONSHIP() );
#10973 = ITEM_DEFINED_TRANSFORMATION('','',#11,#119);
#10974 = PRODUCT_DEFINITION_SHAPE('Placement','Placement of an item',
  #10975);
#10975 = NEXT_ASSEMBLY_USAGE_OCCURRENCE('27','solid_tray_wall_19','',#5,
  #9911,$);
#10976 = CONTEXT_DEPENDENT_SHAPE_REPRESENTATION(#10977,#10979);
#10977 = ( REPRESENTATION_RELATIONSHIP('','',#9916,#10) 
REPRESENTATION_RELATIONSHIP_WITH_TRANSFORMATION(#10978) 
SHAPE_REPRESENTATION_RELATIONSHIP() );
#10978 = ITEM_DEFINED_TRANSFORMATION('','',#11,#123);
#10979 = PRODUCT_DEFINITION_SHAPE('Placement','Placement of an item',
  #10980);
#10980 = NEXT_ASSEMBLY_USAGE_OCCURRENCE('28','solid_tray_wall_20','',#5,
  #9911,$);
#10981 = SHAPE_DEFINITION_REPRESENTATION(#10982,#10988);
#10982 = PRODUCT_DEFINITION_SHAPE('','',#10983);
#10983 = PRODUCT_DEFINITION('design','',#10984,#10987);
#10984 = PRODUCT_DEFINITION_FORMATION('','',#10985);
#10985 = PRODUCT('porous_tray_floor_20','porous_tray_floor_20','',(
    #10986));
#10986 = PRODUCT_CONTEXT('',#2,'mechanical');
#10987 = PRODUCT_DEFINITION_CONTEXT('part definition',#2,'design');
#10988 = ADVANCED_BREP_SHAPE_REPRESENTATION('',(#11,#10989),#11319);
#10989 = MANIFOLD_SOLID_BREP('',#10990);
#10990 = CLOSED_SHELL('',(#10991,#11111,#11187,#11258,#11305,#11312));
#10991 = ADVANCED_FACE('',(#10992),#11006,.T.);
#10992 = FACE_BOUND('',#10993,.T.);
#10993 = EDGE_LOOP('',(#10994,#11029,#11057,#11085));
#10994 = ORIENTED_EDGE('',*,*,#10995,.T.);
#10995 = EDGE_CURVE('',#10996,#10998,#11000,.T.);
#10996 = VERTEX_POINT('',#10997);
#10997 = CARTESIAN_POINT('',(-200.,-150.,0.));
#10998 = VERTEX_POINT('',#10999);
#10999 = CARTESIAN_POINT('',(-200.,-150.,1.5));
#11000 = SURFACE_CURVE('',#11001,(#11005,#11017),.PCURVE_S1.);
#11001 = LINE('',#11002,#11003);
#11002 = CARTESIAN_POINT('',(-200.,-150.,0.));
#11003 = VECTOR('',#11004,1.);
#11004 = DIRECTION('',(0.,0.,1.));
#11005 = PCURVE('',#11006,#11011);
#11006 = PLANE('',#11007);
#11007 = AXIS2_PLACEMENT_3D('',#11008,#11009,#11010);
#11008 = CARTESIAN_POINT('',(-200.,-150.,0.));
#11009 = DIRECTION('',(-1.,0.,0.));
#11010 = DIRECTION('',(0.,1.,0.));
#11011 = DEFINITIONAL_REPRESENTATION('',(#11012),#11016);
#11012 = LINE('',#11013,#11014);
#11013 = CARTESIAN_POINT('',(0.,0.));
#11014 = VECTOR('',#11015,1.);
#11015 = DIRECTION('',(0.,-1.));
#11016 = ( GEOMETRIC_REPRESENTATION_CONTEXT(2) 
PARAMETRIC_REPRESENTATION_CONTEXT() REPRESENTATION_CONTEXT('2D SPACE',''
  ) );
#11017 = PCURVE('',#11018,#11023);
#11018 = PLANE('',#11019);
#11019 = AXIS2_PLACEMENT_3D('',#11020,#11021,#11022);
#11020 = CARTESIAN_POINT('',(-200.,-150.,0.));
#11021 = DIRECTION('',(0.,1.,0.));
#11022 = DIRECTION('',(1.,0.,0.));
#11023 = DEFINITIONAL_REPRESENTATION('',(#11024),#11028);
#11024 = LINE('',#11025,#11026);
#11025 = CARTESIAN_POINT('',(0.,0.));
#11026 = VECTOR('',#11027,1.);
#11027 = DIRECTION('',(0.,-1.));
#11028 = ( GEOMETRIC_REPRESENTATION_CONTEXT(2) 
PARAMETRIC_REPRESENTATION_CONTEXT() REPRESENTATION_CONTEXT('2D SPACE',''
  ) );
#11029 = ORIENTED_EDGE('',*,*,#11030,.T.);
#11030 = EDGE_CURVE('',#10998,#11031,#11033,.T.);
#11031 = VERTEX_POINT('',#11032);
#11032 = CARTESIAN_POINT('',(-200.,150.,1.5));
#11033 = SURFACE_CURVE('',#11034,(#11038,#11045),.PCURVE_S1.);
#11034 = LINE('',#11035,#11036);
#11035 = CARTESIAN_POINT('',(-200.,0.,1.5));
#11036 = VECTOR('',#11037,1.);
#11037 = DIRECTION('',(0.,1.,0.));
#11038 = PCURVE('',#11006,#11039);
#11039 = DEFINITIONAL_REPRESENTATION('',(#11040),#11044);
#11040 = LINE('',#11041,#11042);
#11041 = CARTESIAN_POINT('',(150.,-1.5));
#11042 = VECTOR('',#11043,1.);
#11043 = DIRECTION('',(1.,0.));
#11044 = ( GEOMETRIC_REPRESENTATION_CONTEXT(2) 
PARAMETRIC_REPRESENTATION_CONTEXT() REPRESENTATION_CONTEXT('2D SPACE',''
  ) );
#11045 = PCURVE('',#11046,#11051);
#11046 = PLANE('',#11047);
#11047 = AXIS2_PLACEMENT_3D('',#11048,#11049,#11050);
#11048 = CARTESIAN_POINT('',(0.,0.,1.5));
#11049 = DIRECTION('',(0.,0.,1.));
#11050 = DIRECTION('',(1.,0.,0.));
#11051 = DEFINITIONAL_REPRESENTATION('',(#11052),#11056);
#11052 = LINE('',#11053,#11054);
#11053 = CARTESIAN_POINT('',(-200.,0.));
#11054 = VECTOR('',#11055,1.);
#11055 = DIRECTION('',(0.,1.));
#11056 = ( GEOMETRIC_REPRESENTATION_CONTEXT(2) 
PARAMETRIC_REPRESENTATION_CONTEXT() REPRESENTATION_CONTEXT('2D SPACE',''
  ) );
#11057 = ORIENTED_EDGE('',*,*,#11058,.F.);
#11058 = EDGE_CURVE('',#11059,#11031,#11061,.T.);
#11059 = VERTEX_POINT('',#11060);
#11060 = CARTESIAN_POINT('',(-200.,150.,0.));
#11061 = SURFACE_CURVE('',#11062,(#11066,#11073),.PCURVE_S1.);
#11062 = LINE('',#11063,#11064);
#11063 = CARTESIAN_POINT('',(-200.,150.,0.));
#11064 = VECTOR('',#11065,1.);
#11065 = DIRECTION('',(0.,0.,1.));
#11066 = PCURVE('',#11006,#11067);
#11067 = DEFINITIONAL_REPRESENTATION('',(#11068),#11072);
#11068 = LINE('',#11069,#11070);
#11069 = CARTESIAN_POINT('',(300.,0.));
#11070 = VECTOR('',#11071,1.);
#11071 = DIRECTION('',(0.,-1.));
#11072 = ( GEOMETRIC_REPRESENTATION_CONTEXT(2) 
PARAMETRIC_REPRESENTATION_CONTEXT() REPRESENTATION_CONTEXT('2D SPACE',''
  ) );
#11073 = PCURVE('',#11074,#11079);
#11074 = PLANE('',#11075);
#11075 = AXIS2_PLACEMENT_3D('',#11076,#11077,#11078);
#11076 = CARTESIAN_POINT('',(-200.,150.,0.));
#11077 = DIRECTION('',(0.,1.,0.));
#11078 = DIRECTION('',(1.,0.,0.));
#11079 = DEFINITIONAL_REPRESENTATION('',(#11080),#11084);
#11080 = LINE('',#11081,#11082);
#11081 = CARTESIAN_POINT('',(0.,0.));
#11082 = VECTOR('',#11083,1.);
#11083 = DIRECTION('',(0.,-1.));
#11084 = ( GEOMETRIC_REPRESENTATION_CONTEXT(2) 
PARAMETRIC_REPRESENTATION_CONTEXT() REPRESENTATION_CONTEXT('2D SPACE',''
  ) );
#11085 = ORIENTED_EDGE('',*,*,#11086,.F.);
#11086 = EDGE_CURVE('',#10996,#11059,#11087,.T.);
#11087 = SURFACE_CURVE('',#11088,(#11092,#11099),.PCURVE_S1.);
#11088 = LINE('',#11089,#11090);
#11089 = CARTESIAN_POINT('',(-200.,0.,0.));
#11090 = VECTOR('',#11091,1.);
#11091 = DIRECTION('',(0.,1.,0.));
#11092 = PCURVE('',#11006,#11093);
#11093 = DEFINITIONAL_REPRESENTATION('',(#11094),#11098);
#11094 = LINE('',#11095,#11096);
#11095 = CARTESIAN_POINT('',(150.,0.));
#11096 = VECTOR('',#11097,1.);
#11097 = DIRECTION('',(1.,0.));
#11098 = ( GEOMETRIC_REPRESENTATION_CONTEXT(2) 
PARAMETRIC_REPRESENTATION_CONTEXT() REPRESENTATION_CONTEXT('2D SPACE',''
  ) );
#11099 = PCURVE('',#11100,#11105);
#11100 = PLANE('',#11101);
#11101 = AXIS2_PLACEMENT_3D('',#11102,#11103,#11104);
#11102 = CARTESIAN_POINT('',(0.,0.,0.));
#11103 = DIRECTION('',(0.,0.,1.));
#11104 = DIRECTION('',(1.,0.,0.));
#11105 = DEFINITIONAL_REPRESENTATION('',(#11106),#11110);
#11106 = LINE('',#11107,#11108);
#11107 = CARTESIAN_POINT('',(-200.,0.));
#11108 = VECTOR('',#11109,1.);
#11109 = DIRECTION('',(0.,1.));
#11110 = ( GEOMETRIC_REPRESENTATION_CONTEXT(2) 
PARAMETRIC_REPRESENTATION_CONTEXT() REPRESENTATION_CONTEXT('2D SPACE',''
  ) );
#11111 = ADVANCED_FACE('',(#11112),#11018,.F.);
#11112 = FACE_BOUND('',#11113,.F.);
#11113 = EDGE_LOOP('',(#11114,#11115,#11138,#11166));
#11114 = ORIENTED_EDGE('',*,*,#10995,.T.);
#11115 = ORIENTED_EDGE('',*,*,#11116,.T.);
#11116 = EDGE_CURVE('',#10998,#11117,#11119,.T.);
#11117 = VERTEX_POINT('',#11118);
#11118 = CARTESIAN_POINT('',(200.,-150.,1.5));
#11119 = SURFACE_CURVE('',#11120,(#11124,#11131),.PCURVE_S1.);
#11120 = LINE('',#11121,#11122);
#11121 = CARTESIAN_POINT('',(0.,-150.,1.5));
#11122 = VECTOR('',#11123,1.);
#11123 = DIRECTION('',(1.,0.,0.));
#11124 = PCURVE('',#11018,#11125);
#11125 = DEFINITIONAL_REPRESENTATION('',(#11126),#11130);
#11126 = LINE('',#11127,#11128);
#11127 = CARTESIAN_POINT('',(200.,-1.5));
#11128 = VECTOR('',#11129,1.);
#11129 = DIRECTION('',(1.,0.));
#11130 = ( GEOMETRIC_REPRESENTATION_CONTEXT(2) 
PARAMETRIC_REPRESENTATION_CONTEXT() REPRESENTATION_CONTEXT('2D SPACE',''
  ) );
#11131 = PCURVE('',#11046,#11132);
#11132 = DEFINITIONAL_REPRESENTATION('',(#11133),#11137);
#11133 = LINE('',#11134,#11135);
#11134 = CARTESIAN_POINT('',(0.,-150.));
#11135 = VECTOR('',#11136,1.);
#11136 = DIRECTION('',(1.,0.));
#11137 = ( GEOMETRIC_REPRESENTATION_CONTEXT(2) 
PARAMETRIC_REPRESENTATION_CONTEXT() REPRESENTATION_CONTEXT('2D SPACE',''
  ) );
#11138 = ORIENTED_EDGE('',*,*,#11139,.F.);
#11139 = EDGE_CURVE('',#11140,#11117,#11142,.T.);
#11140 = VERTEX_POINT('',#11141);
#11141 = CARTESIAN_POINT('',(200.,-150.,0.));
#11142 = SURFACE_CURVE('',#11143,(#11147,#11154),.PCURVE_S1.);
#11143 = LINE('',#11144,#11145);
#11144 = CARTESIAN_POINT('',(200.,-150.,0.));
#11145 = VECTOR('',#11146,1.);
#11146 = DIRECTION('',(0.,0.,1.));
#11147 = PCURVE('',#11018,#11148);
#11148 = DEFINITIONAL_REPRESENTATION('',(#11149),#11153);
#11149 = LINE('',#11150,#11151);
#11150 = CARTESIAN_POINT('',(400.,0.));
#11151 = VECTOR('',#11152,1.);
#11152 = DIRECTION('',(0.,-1.));
#11153 = ( GEOMETRIC_REPRESENTATION_CONTEXT(2) 
PARAMETRIC_REPRESENTATION_CONTEXT() REPRESENTATION_CONTEXT('2D SPACE',''
  ) );
#11154 = PCURVE('',#11155,#11160);
#11155 = PLANE('',#11156);
#11156 = AXIS2_PLACEMENT_3D('',#11157,#11158,#11159);
#11157 = CARTESIAN_POINT('',(200.,-150.,0.));
#11158 = DIRECTION('',(-1.,0.,0.));
#11159 = DIRECTION('',(0.,1.,0.));
#11160 = DEFINITIONAL_REPRESENTATION('',(#11161),#11165);
#11161 = LINE('',#11162,#11163);
#11162 = CARTESIAN_POINT('',(0.,0.));
#11163 = VECTOR('',#11164,1.);
#11164 = DIRECTION('',(0.,-1.));
#11165 = ( GEOMETRIC_REPRESENTATION_CONTEXT(2) 
PARAMETRIC_REPRESENTATION_CONTEXT() REPRESENTATION_CONTEXT('2D SPACE',''
  ) );
#11166 = ORIENTED_EDGE('',*,*,#11167,.F.);
#11167 = EDGE_CURVE('',#10996,#11140,#11168,.T.);
#11168 = SURFACE_CURVE('',#11169,(#11173,#11180),.PCURVE_S1.);
#11169 = LINE('',#11170,#11171);
#11170 = CARTESIAN_POINT('',(0.,-150.,0.));
#11171 = VECTOR('',#11172,1.);
#11172 = DIRECTION('',(1.,0.,0.));
#11173 = PCURVE('',#11018,#11174);
#11174 = DEFINITIONAL_REPRESENTATION('',(#11175),#11179);
#11175 = LINE('',#11176,#11177);
#11176 = CARTESIAN_POINT('',(200.,0.));
#11177 = VECTOR('',#11178,1.);
#11178 = DIRECTION('',(1.,0.));
#11179 = ( GEOMETRIC_REPRESENTATION_CONTEXT(2) 
PARAMETRIC_REPRESENTATION_CONTEXT() REPRESENTATION_CONTEXT('2D SPACE',''
  ) );
#11180 = PCURVE('',#11100,#11181);
#11181 = DEFINITIONAL_REPRESENTATION('',(#11182),#11186);
#11182 = LINE('',#11183,#11184);
#11183 = CARTESIAN_POINT('',(0.,-150.));
#11184 = VECTOR('',#11185,1.);
#11185 = DIRECTION('',(1.,0.));
#11186 = ( GEOMETRIC_REPRESENTATION_CONTEXT(2) 
PARAMETRIC_REPRESENTATION_CONTEXT() REPRESENTATION_CONTEXT('2D SPACE',''
  ) );
#11187 = ADVANCED_FACE('',(#11188),#11155,.F.);
#11188 = FACE_BOUND('',#11189,.F.);
#11189 = EDGE_LOOP('',(#11190,#11191,#11214,#11237));
#11190 = ORIENTED_EDGE('',*,*,#11139,.T.);
#11191 = ORIENTED_EDGE('',*,*,#11192,.T.);
#11192 = EDGE_CURVE('',#11117,#11193,#11195,.T.);
#11193 = VERTEX_POINT('',#11194);
#11194 = CARTESIAN_POINT('',(200.,150.,1.5));
#11195 = SURFACE_CURVE('',#11196,(#11200,#11207),.PCURVE_S1.);
#11196 = LINE('',#11197,#11198);
#11197 = CARTESIAN_POINT('',(200.,0.,1.5));
#11198 = VECTOR('',#11199,1.);
#11199 = DIRECTION('',(0.,1.,0.));
#11200 = PCURVE('',#11155,#11201);
#11201 = DEFINITIONAL_REPRESENTATION('',(#11202),#11206);
#11202 = LINE('',#11203,#11204);
#11203 = CARTESIAN_POINT('',(150.,-1.5));
#11204 = VECTOR('',#11205,1.);
#11205 = DIRECTION('',(1.,0.));
#11206 = ( GEOMETRIC_REPRESENTATION_CONTEXT(2) 
PARAMETRIC_REPRESENTATION_CONTEXT() REPRESENTATION_CONTEXT('2D SPACE',''
  ) );
#11207 = PCURVE('',#11046,#11208);
#11208 = DEFINITIONAL_REPRESENTATION('',(#11209),#11213);
#11209 = LINE('',#11210,#11211);
#11210 = CARTESIAN_POINT('',(200.,0.));
#11211 = VECTOR('',#11212,1.);
#11212 = DIRECTION('',(0.,1.));
#11213 = ( GEOMETRIC_REPRESENTATION_CONTEXT(2) 
PARAMETRIC_REPRESENTATION_CONTEXT() REPRESENTATION_CONTEXT('2D SPACE',''
  ) );
#11214 = ORIENTED_EDGE('',*,*,#11215,.F.);
#11215 = EDGE_CURVE('',#11216,#11193,#11218,.T.);
#11216 = VERTEX_POINT('',#11217);
#11217 = CARTESIAN_POINT('',(200.,150.,0.));
#11218 = SURFACE_CURVE('',#11219,(#11223,#11230),.PCURVE_S1.);
#11219 = LINE('',#11220,#11221);
#11220 = CARTESIAN_POINT('',(200.,150.,0.));
#11221 = VECTOR('',#11222,1.);
#11222 = DIRECTION('',(0.,0.,1.));
#11223 = PCURVE('',#11155,#11224);
#11224 = DEFINITIONAL_REPRESENTATION('',(#11225),#11229);
#11225 = LINE('',#11226,#11227);
#11226 = CARTESIAN_POINT('',(300.,0.));
#11227 = VECTOR('',#11228,1.);
#11228 = DIRECTION('',(0.,-1.));
#11229 = ( GEOMETRIC_REPRESENTATION_CONTEXT(2) 
PARAMETRIC_REPRESENTATION_CONTEXT() REPRESENTATION_CONTEXT('2D SPACE',''
  ) );
#11230 = PCURVE('',#11074,#11231);
#11231 = DEFINITIONAL_REPRESENTATION('',(#11232),#11236);
#11232 = LINE('',#11233,#11234);
#11233 = CARTESIAN_POINT('',(400.,0.));
#11234 = VECTOR('',#11235,1.);
#11235 = DIRECTION('',(0.,-1.));
#11236 = ( GEOMETRIC_REPRESENTATION_CONTEXT(2) 
PARAMETRIC_REPRESENTATION_CONTEXT() REPRESENTATION_CONTEXT('2D SPACE',''
  ) );
#11237 = ORIENTED_EDGE('',*,*,#11238,.F.);
#11238 = EDGE_CURVE('',#11140,#11216,#11239,.T.);
#11239 = SURFACE_CURVE('',#11240,(#11244,#11251),.PCURVE_S1.);
#11240 = LINE('',#11241,#11242);
#11241 = CARTESIAN_POINT('',(200.,0.,0.));
#11242 = VECTOR('',#11243,1.);
#11243 = DIRECTION('',(0.,1.,0.));
#11244 = PCURVE('',#11155,#11245);
#11245 = DEFINITIONAL_REPRESENTATION('',(#11246),#11250);
#11246 = LINE('',#11247,#11248);
#11247 = CARTESIAN_POINT('',(150.,0.));
#11248 = VECTOR('',#11249,1.);
#11249 = DIRECTION('',(1.,0.));
#11250 = ( GEOMETRIC_REPRESENTATION_CONTEXT(2) 
PARAMETRIC_REPRESENTATION_CONTEXT() REPRESENTATION_CONTEXT('2D SPACE',''
  ) );
#11251 = PCURVE('',#11100,#11252);
#11252 = DEFINITIONAL_REPRESENTATION('',(#11253),#11257);
#11253 = LINE('',#11254,#11255);
#11254 = CARTESIAN_POINT('',(200.,0.));
#11255 = VECTOR('',#11256,1.);
#11256 = DIRECTION('',(0.,1.));
#11257 = ( GEOMETRIC_REPRESENTATION_CONTEXT(2) 
PARAMETRIC_REPRESENTATION_CONTEXT() REPRESENTATION_CONTEXT('2D SPACE',''
  ) );
#11258 = ADVANCED_FACE('',(#11259),#11074,.T.);
#11259 = FACE_BOUND('',#11260,.T.);
#11260 = EDGE_LOOP('',(#11261,#11262,#11283,#11284));
#11261 = ORIENTED_EDGE('',*,*,#11058,.T.);
#11262 = ORIENTED_EDGE('',*,*,#11263,.T.);
#11263 = EDGE_CURVE('',#11031,#11193,#11264,.T.);
#11264 = SURFACE_CURVE('',#11265,(#11269,#11276),.PCURVE_S1.);
#11265 = LINE('',#11266,#11267);
#11266 = CARTESIAN_POINT('',(0.,150.,1.5));
#11267 = VECTOR('',#11268,1.);
#11268 = DIRECTION('',(1.,0.,0.));
#11269 = PCURVE('',#11074,#11270);
#11270 = DEFINITIONAL_REPRESENTATION('',(#11271),#11275);
#11271 = LINE('',#11272,#11273);
#11272 = CARTESIAN_POINT('',(200.,-1.5));
#11273 = VECTOR('',#11274,1.);
#11274 = DIRECTION('',(1.,0.));
#11275 = ( GEOMETRIC_REPRESENTATION_CONTEXT(2) 
PARAMETRIC_REPRESENTATION_CONTEXT() REPRESENTATION_CONTEXT('2D SPACE',''
  ) );
#11276 = PCURVE('',#11046,#11277);
#11277 = DEFINITIONAL_REPRESENTATION('',(#11278),#11282);
#11278 = LINE('',#11279,#11280);
#11279 = CARTESIAN_POINT('',(0.,150.));
#11280 = VECTOR('',#11281,1.);
#11281 = DIRECTION('',(1.,0.));
#11282 = ( GEOMETRIC_REPRESENTATION_CONTEXT(2) 
PARAMETRIC_REPRESENTATION_CONTEXT() REPRESENTATION_CONTEXT('2D SPACE',''
  ) );
#11283 = ORIENTED_EDGE('',*,*,#11215,.F.);
#11284 = ORIENTED_EDGE('',*,*,#11285,.F.);
#11285 = EDGE_CURVE('',#11059,#11216,#11286,.T.);
#11286 = SURFACE_CURVE('',#11287,(#11291,#11298),.PCURVE_S1.);
#11287 = LINE('',#11288,#11289);
#11288 = CARTESIAN_POINT('',(0.,150.,0.));
#11289 = VECTOR('',#11290,1.);
#11290 = DIRECTION('',(1.,0.,0.));
#11291 = PCURVE('',#11074,#11292);
#11292 = DEFINITIONAL_REPRESENTATION('',(#11293),#11297);
#11293 = LINE('',#11294,#11295);
#11294 = CARTESIAN_POINT('',(200.,0.));
#11295 = VECTOR('',#11296,1.);
#11296 = DIRECTION('',(1.,0.));
#11297 = ( GEOMETRIC_REPRESENTATION_CONTEXT(2) 
PARAMETRIC_REPRESENTATION_CONTEXT() REPRESENTATION_CONTEXT('2D SPACE',''
  ) );
#11298 = PCURVE('',#11100,#11299);
#11299 = DEFINITIONAL_REPRESENTATION('',(#11300),#11304);
#11300 = LINE('',#11301,#11302);
#11301 = CARTESIAN_POINT('',(0.,150.));
#11302 = VECTOR('',#11303,1.);
#11303 = DIRECTION('',(1.,0.));
#11304 = ( GEOMETRIC_REPRESENTATION_CONTEXT(2) 
PARAMETRIC_REPRESENTATION_CONTEXT() REPRESENTATION_CONTEXT('2D SPACE',''
  ) );
#11305 = ADVANCED_FACE('',(#11306),#11100,.F.);
#11306 = FACE_BOUND('',#11307,.F.);
#11307 = EDGE_LOOP('',(#11308,#11309,#11310,#11311));
#11308 = ORIENTED_EDGE('',*,*,#11086,.F.);
#11309 = ORIENTED_EDGE('',*,*,#11167,.T.);
#11310 = ORIENTED_EDGE('',*,*,#11238,.T.);
#11311 = ORIENTED_EDGE('',*,*,#11285,.F.);
#11312 = ADVANCED_FACE('',(#11313),#11046,.T.);
#11313 = FACE_BOUND('',#11314,.T.);
#11314 = EDGE_LOOP('',(#11315,#11316,#11317,#11318));
#11315 = ORIENTED_EDGE('',*,*,#11030,.F.);
#11316 = ORIENTED_EDGE('',*,*,#11116,.T.);
#11317 = ORIENTED_EDGE('',*,*,#11192,.T.);
#11318 = ORIENTED_EDGE('',*,*,#11263,.F.);
#11319 = ( GEOMETRIC_REPRESENTATION_CONTEXT(3) 
GLOBAL_UNCERTAINTY_ASSIGNED_CONTEXT((#11323)) 
GLOBAL_UNIT_ASSIGNED_CONTEXT((#11320,#11321,#11322)) 
REPRESENTATION_CONTEXT('Context #1',
  '3D Context with UNIT and UNCERTAINTY') );
#11320 = ( LENGTH_UNIT() NAMED_UNIT(*) SI_UNIT(.MILLI.,.METRE.) );
#11321 = ( NAMED_UNIT(*) PLANE_ANGLE_UNIT() SI_UNIT($,.RADIAN.) );
#11322 = ( NAMED_UNIT(*) SI_UNIT($,.STERADIAN.) SOLID_ANGLE_UNIT() );
#11323 = UNCERTAINTY_MEASURE_WITH_UNIT(LENGTH_MEASURE(1.E-07),#11320,
  'distance_accuracy_value','confusion accuracy');
#11324 = CONTEXT_DEPENDENT_SHAPE_REPRESENTATION(#11325,#11327);
#11325 = ( REPRESENTATION_RELATIONSHIP('','',#10988,#10) 
REPRESENTATION_RELATIONSHIP_WITH_TRANSFORMATION(#11326) 
SHAPE_REPRESENTATION_RELATIONSHIP() );
#11326 = ITEM_DEFINED_TRANSFORMATION('','',#11,#127);
#11327 = PRODUCT_DEFINITION_SHAPE('Placement','Placement of an item',
  #11328);
#11328 = NEXT_ASSEMBLY_USAGE_OCCURRENCE('29','porous_tray_floor_1','',#5
  ,#10983,$);
#11329 = PRODUCT_RELATED_PRODUCT_CATEGORY('part',$,(#10985));
#11330 = CONTEXT_DEPENDENT_SHAPE_REPRESENTATION(#11331,#11333);
#11331 = ( REPRESENTATION_RELATIONSHIP('','',#10988,#10) 
REPRESENTATION_RELATIONSHIP_WITH_TRANSFORMATION(#11332) 
SHAPE_REPRESENTATION_RELATIONSHIP() );
#11332 = ITEM_DEFINED_TRANSFORMATION('','',#11,#131);
#11333 = PRODUCT_DEFINITION_SHAPE('Placement','Placement of an item',
  #11334);
#11334 = NEXT_ASSEMBLY_USAGE_OCCURRENCE('30','porous_tray_floor_2','',#5
  ,#10983,$);
#11335 = CONTEXT_DEPENDENT_SHAPE_REPRESENTATION(#11336,#11338);
#11336 = ( REPRESENTATION_RELATIONSHIP('','',#10988,#10) 
REPRESENTATION_RELATIONSHIP_WITH_TRANSFORMATION(#11337) 
SHAPE_REPRESENTATION_RELATIONSHIP() );
#11337 = ITEM_DEFINED_TRANSFORMATION('','',#11,#135);
#11338 = PRODUCT_DEFINITION_SHAPE('Placement','Placement of an item',
  #11339);
#11339 = NEXT_ASSEMBLY_USAGE_OCCURRENCE('31','porous_tray_floor_3','',#5
  ,#10983,$);
#11340 = CONTEXT_DEPENDENT_SHAPE_REPRESENTATION(#11341,#11343);
#11341 = ( REPRESENTATION_RELATIONSHIP('','',#10988,#10) 
REPRESENTATION_RELATIONSHIP_WITH_TRANSFORMATION(#11342) 
SHAPE_REPRESENTATION_RELATIONSHIP() );
#11342 = ITEM_DEFINED_TRANSFORMATION('','',#11,#139);
#11343 = PRODUCT_DEFINITION_SHAPE('Placement','Placement of an item',
  #11344);
#11344 = NEXT_ASSEMBLY_USAGE_OCCURRENCE('32','porous_tray_floor_4','',#5
  ,#10983,$);
#11345 = CONTEXT_DEPENDENT_SHAPE_REPRESENTATION(#11346,#11348);
#11346 = ( REPRESENTATION_RELATIONSHIP('','',#10988,#10) 
REPRESENTATION_RELATIONSHIP_WITH_TRANSFORMATION(#11347) 
SHAPE_REPRESENTATION_RELATIONSHIP() );
#11347 = ITEM_DEFINED_TRANSFORMATION('','',#11,#143);
#11348 = PRODUCT_DEFINITION_SHAPE('Placement','Placement of an item',
  #11349);
#11349 = NEXT_ASSEMBLY_USAGE_OCCURRENCE('33','porous_tray_floor_5','',#5
  ,#10983,$);
#11350 = CONTEXT_DEPENDENT_SHAPE_REPRESENTATION(#11351,#11353);
#11351 = ( REPRESENTATION_RELATIONSHIP('','',#10988,#10) 
REPRESENTATION_RELATIONSHIP_WITH_TRANSFORMATION(#11352) 
SHAPE_REPRESENTATION_RELATIONSHIP() );
#11352 = ITEM_DEFINED_TRANSFORMATION('','',#11,#147);
#11353 = PRODUCT_DEFINITION_SHAPE('Placement','Placement of an item',
  #11354);
#11354 = NEXT_ASSEMBLY_USAGE_OCCURRENCE('34','porous_tray_floor_6','',#5
  ,#10983,$);
#11355 = CONTEXT_DEPENDENT_SHAPE_REPRESENTATION(#11356,#11358);
#11356 = ( REPRESENTATION_RELATIONSHIP('','',#10988,#10) 
REPRESENTATION_RELATIONSHIP_WITH_TRANSFORMATION(#11357) 
SHAPE_REPRESENTATION_RELATIONSHIP() );
#11357 = ITEM_DEFINED_TRANSFORMATION('','',#11,#151);
#11358 = PRODUCT_DEFINITION_SHAPE('Placement','Placement of an item',
  #11359);
#11359 = NEXT_ASSEMBLY_USAGE_OCCURRENCE('35','porous_tray_floor_7','',#5
  ,#10983,$);
#11360 = CONTEXT_DEPENDENT_SHAPE_REPRESENTATION(#11361,#11363);
#11361 = ( REPRESENTATION_RELATIONSHIP('','',#10988,#10) 
REPRESENTATION_RELATIONSHIP_WITH_TRANSFORMATION(#11362) 
SHAPE_REPRESENTATION_RELATIONSHIP() );
#11362 = ITEM_DEFINED_TRANSFORMATION('','',#11,#155);
#11363 = PRODUCT_DEFINITION_SHAPE('Placement','Placement of an item',
  #11364);
#11364 = NEXT_ASSEMBLY_USAGE_OCCURRENCE('36','porous_tray_floor_8','',#5
  ,#10983,$);
#11365 = CONTEXT_DEPENDENT_SHAPE_REPRESENTATION(#11366,#11368);
#11366 = ( REPRESENTATION_RELATIONSHIP('','',#10988,#10) 
REPRESENTATION_RELATIONSHIP_WITH_TRANSFORMATION(#11367) 
SHAPE_REPRESENTATION_RELATIONSHIP() );
#11367 = ITEM_DEFINED_TRANSFORMATION('','',#11,#159);
#11368 = PRODUCT_DEFINITION_SHAPE('Placement','Placement of an item',
  #11369);
#11369 = NEXT_ASSEMBLY_USAGE_OCCURRENCE('37','porous_tray_floor_9','',#5
  ,#10983,$);
#11370 = CONTEXT_DEPENDENT_SHAPE_REPRESENTATION(#11371,#11373);
#11371 = ( REPRESENTATION_RELATIONSHIP('','',#10988,#10) 
REPRESENTATION_RELATIONSHIP_WITH_TRANSFORMATION(#11372) 
SHAPE_REPRESENTATION_RELATIONSHIP() );
#11372 = ITEM_DEFINED_TRANSFORMATION('','',#11,#163);
#11373 = PRODUCT_DEFINITION_SHAPE('Placement','Placement of an item',
  #11374);
#11374 = NEXT_ASSEMBLY_USAGE_OCCURRENCE('38','porous_tray_floor_10','',
  #5,#10983,$);
#11375 = CONTEXT_DEPENDENT_SHAPE_REPRESENTATION(#11376,#11378);
#11376 = ( REPRESENTATION_RELATIONSHIP('','',#10988,#10) 
REPRESENTATION_RELATIONSHIP_WITH_TRANSFORMATION(#11377) 
SHAPE_REPRESENTATION_RELATIONSHIP() );
#11377 = ITEM_DEFINED_TRANSFORMATION('','',#11,#167);
#11378 = PRODUCT_DEFINITION_SHAPE('Placement','Placement of an item',
  #11379);
#11379 = NEXT_ASSEMBLY_USAGE_OCCURRENCE('39','porous_tray_floor_11','',
  #5,#10983,$);
#11380 = CONTEXT_DEPENDENT_SHAPE_REPRESENTATION(#11381,#11383);
#11381 = ( REPRESENTATION_RELATIONSHIP('','',#10988,#10) 
REPRESENTATION_RELATIONSHIP_WITH_TRANSFORMATION(#11382) 
SHAPE_REPRESENTATION_RELATIONSHIP() );
#11382 = ITEM_DEFINED_TRANSFORMATION('','',#11,#171);
#11383 = PRODUCT_DEFINITION_SHAPE('Placement','Placement of an item',
  #11384);
#11384 = NEXT_ASSEMBLY_USAGE_OCCURRENCE('40','porous_tray_floor_12','',
  #5,#10983,$);
#11385 = CONTEXT_DEPENDENT_SHAPE_REPRESENTATION(#11386,#11388);
#11386 = ( REPRESENTATION_RELATIONSHIP('','',#10988,#10) 
REPRESENTATION_RELATIONSHIP_WITH_TRANSFORMATION(#11387) 
SHAPE_REPRESENTATION_RELATIONSHIP() );
#11387 = ITEM_DEFINED_TRANSFORMATION('','',#11,#175);
#11388 = PRODUCT_DEFINITION_SHAPE('Placement','Placement of an item',
  #11389);
#11389 = NEXT_ASSEMBLY_USAGE_OCCURRENCE('41','porous_tray_floor_13','',
  #5,#10983,$);
#11390 = CONTEXT_DEPENDENT_SHAPE_REPRESENTATION(#11391,#11393);
#11391 = ( REPRESENTATION_RELATIONSHIP('','',#10988,#10) 
REPRESENTATION_RELATIONSHIP_WITH_TRANSFORMATION(#11392) 
SHAPE_REPRESENTATION_RELATIONSHIP() );
#11392 = ITEM_DEFINED_TRANSFORMATION('','',#11,#179);
#11393 = PRODUCT_DEFINITION_SHAPE('Placement','Placement of an item',
  #11394);
#11394 = NEXT_ASSEMBLY_USAGE_OCCURRENCE('42','porous_tray_floor_14','',
  #5,#10983,$);
#11395 = CONTEXT_DEPENDENT_SHAPE_REPRESENTATION(#11396,#11398);
#11396 = ( REPRESENTATION_RELATIONSHIP('','',#10988,#10) 
REPRESENTATION_RELATIONSHIP_WITH_TRANSFORMATION(#11397) 
SHAPE_REPRESENTATION_RELATIONSHIP() );
#11397 = ITEM_DEFINED_TRANSFORMATION('','',#11,#183);
#11398 = PRODUCT_DEFINITION_SHAPE('Placement','Placement of an item',
  #11399);
#11399 = NEXT_ASSEMBLY_USAGE_OCCURRENCE('43','porous_tray_floor_15','',
  #5,#10983,$);
#11400 = CONTEXT_DEPENDENT_SHAPE_REPRESENTATION(#11401,#11403);
#11401 = ( REPRESENTATION_RELATIONSHIP('','',#10988,#10) 
REPRESENTATION_RELATIONSHIP_WITH_TRANSFORMATION(#11402) 
SHAPE_REPRESENTATION_RELATIONSHIP() );
#11402 = ITEM_DEFINED_TRANSFORMATION('','',#11,#187);
#11403 = PRODUCT_DEFINITION_SHAPE('Placement','Placement of an item',
  #11404);
#11404 = NEXT_ASSEMBLY_USAGE_OCCURRENCE('44','porous_tray_floor_16','',
  #5,#10983,$);
#11405 = CONTEXT_DEPENDENT_SHAPE_REPRESENTATION(#11406,#11408);
#11406 = ( REPRESENTATION_RELATIONSHIP('','',#10988,#10) 
REPRESENTATION_RELATIONSHIP_WITH_TRANSFORMATION(#11407) 
SHAPE_REPRESENTATION_RELATIONSHIP() );
#11407 = ITEM_DEFINED_TRANSFORMATION('','',#11,#191);
#11408 = PRODUCT_DEFINITION_SHAPE('Placement','Placement of an item',
  #11409);
#11409 = NEXT_ASSEMBLY_USAGE_OCCURRENCE('45','porous_tray_floor_17','',
  #5,#10983,$);
#11410 = CONTEXT_DEPENDENT_SHAPE_REPRESENTATION(#11411,#11413);
#11411 = ( REPRESENTATION_RELATIONSHIP('','',#10988,#10) 
REPRESENTATION_RELATIONSHIP_WITH_TRANSFORMATION(#11412) 
SHAPE_REPRESENTATION_RELATIONSHIP() );
#11412 = ITEM_DEFINED_TRANSFORMATION('','',#11,#195);
#11413 = PRODUCT_DEFINITION_SHAPE('Placement','Placement of an item',
  #11414);
#11414 = NEXT_ASSEMBLY_USAGE_OCCURRENCE('46','porous_tray_floor_18','',
  #5,#10983,$);
#11415 = CONTEXT_DEPENDENT_SHAPE_REPRESENTATION(#11416,#11418);
#11416 = ( REPRESENTATION_RELATIONSHIP('','',#10988,#10) 
REPRESENTATION_RELATIONSHIP_WITH_TRANSFORMATION(#11417) 
SHAPE_REPRESENTATION_RELATIONSHIP() );
#11417 = ITEM_DEFINED_TRANSFORMATION('','',#11,#199);
#11418 = PRODUCT_DEFINITION_SHAPE('Placement','Placement of an item',
  #11419);
#11419 = NEXT_ASSEMBLY_USAGE_OCCURRENCE('47','porous_tray_floor_19','',
  #5,#10983,$);
#11420 = CONTEXT_DEPENDENT_SHAPE_REPRESENTATION(#11421,#11423);
#11421 = ( REPRESENTATION_RELATIONSHIP('','',#10988,#10) 
REPRESENTATION_RELATIONSHIP_WITH_TRANSFORMATION(#11422) 
SHAPE_REPRESENTATION_RELATIONSHIP() );
#11422 = ITEM_DEFINED_TRANSFORMATION('','',#11,#203);
#11423 = PRODUCT_DEFINITION_SHAPE('Placement','Placement of an item',
  #11424);
#11424 = NEXT_ASSEMBLY_USAGE_OCCURRENCE('48','porous_tray_floor_20','',
  #5,#10983,$);
ENDSEC;
END-ISO-10303-21;
