ISO-10303-21;
HEADER;
FILE_DESCRIPTION(('Open CASCADE Model'),'2;1');
FILE_NAME('Open CASCADE Shape Model','2026-08-12T20:30:49',('Author'),(
    'Open CASCADE'),'Open CASCADE STEP processor 7.9','build123d',
  'Unknown');
FILE_SCHEMA(('AUTOMOTIVE_DESIGN { 1 0 10303 214 1 1 1 1 }'));
ENDSEC;
DATA;
#1 = APPLICATION_PROTOCOL_DEFINITION('international standard',
  'automotive_design',2000,#2);
#2 = APPLICATION_CONTEXT(
  'core data for automotive mechanical design processes');
#3 = SHAPE_DEFINITION_REPRESENTATION(#4,#10);
#4 = PRODUCT_DEFINITION_SHAPE('','',#5);
#5 = PRODUCT_DEFINITION('design','',#6,#9);
#6 = PRODUCT_DEFINITION_FORMATION('','',#7);
#7 = PRODUCT('COMPOUND','COMPOUND','',(#8));
#8 = PRODUCT_CONTEXT('',#2,'mechanical');
#9 = PRODUCT_DEFINITION_CONTEXT('part definition',#2,'design');
#10 = SHAPE_REPRESENTATION('',(#11,#15,#19,#23,#27,#31,#35,#39,#43,#47,
    #51,#55,#59,#63,#67,#71,#75,#79,#83,#87,#91,#95,#99,#103,#107,#111,
    #115,#119,#123,#127,#131,#135,#139,#143,#147,#151,#155,#159,#163,
    #167,#171,#175,#179,#183,#187,#191,#195,#199,#203,#207),#211);
#11 = AXIS2_PLACEMENT_3D('',#12,#13,#14);
#12 = CARTESIAN_POINT('',(0.,0.,0.));
#13 = DIRECTION('',(0.,0.,1.));
#14 = DIRECTION('',(1.,0.,-0.));
#15 = AXIS2_PLACEMENT_3D('',#16,#17,#18);
#16 = CARTESIAN_POINT('',(0.,0.,0.));
#17 = DIRECTION('',(0.,0.,1.));
#18 = DIRECTION('',(1.,0.,-0.));
#19 = AXIS2_PLACEMENT_3D('',#20,#21,#22);
#20 = CARTESIAN_POINT('',(0.,0.,0.));
#21 = DIRECTION('',(0.,0.,1.));
#22 = DIRECTION('',(1.,0.,-0.));
#23 = AXIS2_PLACEMENT_3D('',#24,#25,#26);
#24 = CARTESIAN_POINT('',(0.,-151.,0.));
#25 = DIRECTION('',(0.,0.,1.));
#26 = DIRECTION('',(1.,0.,0.));
#27 = AXIS2_PLACEMENT_3D('',#28,#29,#30);
#28 = CARTESIAN_POINT('',(0.,0.,0.));
#29 = DIRECTION('',(0.,0.,1.));
#30 = DIRECTION('',(1.,0.,-0.));
#31 = AXIS2_PLACEMENT_3D('',#32,#33,#34);
#32 = CARTESIAN_POINT('',(0.,0.,0.));
#33 = DIRECTION('',(0.,0.,1.));
#34 = DIRECTION('',(1.,0.,-0.));
#35 = AXIS2_PLACEMENT_3D('',#36,#37,#38);
#36 = CARTESIAN_POINT('',(0.,0.,0.));
#37 = DIRECTION('',(0.,0.,1.));
#38 = DIRECTION('',(1.,0.,-0.));
#39 = AXIS2_PLACEMENT_3D('',#40,#41,#42);
#40 = CARTESIAN_POINT('',(0.,0.,0.));
#41 = DIRECTION('',(0.,0.,1.));
#42 = DIRECTION('',(1.,0.,-0.));
#43 = AXIS2_PLACEMENT_3D('',#44,#45,#46);
#44 = CARTESIAN_POINT('',(0.,0.,0.));
#45 = DIRECTION('',(0.,0.,1.));
#46 = DIRECTION('',(1.,0.,-0.));
#47 = AXIS2_PLACEMENT_3D('',#48,#49,#50);
#48 = CARTESIAN_POINT('',(0.,0.,0.));
#49 = DIRECTION('',(0.,0.,1.));
#50 = DIRECTION('',(1.,0.,-0.));
#51 = AXIS2_PLACEMENT_3D('',#52,#53,#54);
#52 = CARTESIAN_POINT('',(0.,51.,-752.5));
#53 = DIRECTION('',(0.,0.,1.));
#54 = DIRECTION('',(1.,0.,-0.));
#55 = AXIS2_PLACEMENT_3D('',#56,#57,#58);
#56 = CARTESIAN_POINT('',(0.,51.,-691.));
#57 = DIRECTION('',(0.,0.,1.));
#58 = DIRECTION('',(1.,0.,-0.));
#59 = AXIS2_PLACEMENT_3D('',#60,#61,#62);
#60 = CARTESIAN_POINT('',(0.,51.,-629.5));
#61 = DIRECTION('',(0.,0.,1.));
#62 = DIRECTION('',(1.,0.,-0.));
#63 = AXIS2_PLACEMENT_3D('',#64,#65,#66);
#64 = CARTESIAN_POINT('',(0.,51.,-568.));
#65 = DIRECTION('',(0.,0.,1.));
#66 = DIRECTION('',(1.,0.,-0.));
#67 = AXIS2_PLACEMENT_3D('',#68,#69,#70);
#68 = CARTESIAN_POINT('',(0.,51.,-506.5));
#69 = DIRECTION('',(0.,0.,1.));
#70 = DIRECTION('',(1.,0.,-0.));
#71 = AXIS2_PLACEMENT_3D('',#72,#73,#74);
#72 = CARTESIAN_POINT('',(0.,51.,-445.));
#73 = DIRECTION('',(0.,0.,1.));
#74 = DIRECTION('',(1.,0.,-0.));
#75 = AXIS2_PLACEMENT_3D('',#76,#77,#78);
#76 = CARTESIAN_POINT('',(0.,51.,-383.5));
#77 = DIRECTION('',(0.,0.,1.));
#78 = DIRECTION('',(1.,0.,-0.));
#79 = AXIS2_PLACEMENT_3D('',#80,#81,#82);
#80 = CARTESIAN_POINT('',(0.,51.,-322.));
#81 = DIRECTION('',(0.,0.,1.));
#82 = DIRECTION('',(1.,0.,-0.));
#83 = AXIS2_PLACEMENT_3D('',#84,#85,#86);
#84 = CARTESIAN_POINT('',(0.,51.,-260.5));
#85 = DIRECTION('',(0.,0.,1.));
#86 = DIRECTION('',(1.,0.,-0.));
#87 = AXIS2_PLACEMENT_3D('',#88,#89,#90);
#88 = CARTESIAN_POINT('',(0.,51.,-199.));
#89 = DIRECTION('',(0.,0.,1.));
#90 = DIRECTION('',(1.,0.,-0.));
#91 = AXIS2_PLACEMENT_3D('',#92,#93,#94);
#92 = CARTESIAN_POINT('',(0.,51.,-137.5));
#93 = DIRECTION('',(0.,0.,1.));
#94 = DIRECTION('',(1.,0.,-0.));
#95 = AXIS2_PLACEMENT_3D('',#96,#97,#98);
#96 = CARTESIAN_POINT('',(0.,51.,-76.));
#97 = DIRECTION('',(0.,0.,1.));
#98 = DIRECTION('',(1.,0.,-0.));
#99 = AXIS2_PLACEMENT_3D('',#100,#101,#102);
#100 = CARTESIAN_POINT('',(0.,51.,-14.5));
#101 = DIRECTION('',(0.,0.,1.));
#102 = DIRECTION('',(1.,0.,-0.));
#103 = AXIS2_PLACEMENT_3D('',#104,#105,#106);
#104 = CARTESIAN_POINT('',(0.,51.,47.));
#105 = DIRECTION('',(0.,0.,1.));
#106 = DIRECTION('',(1.,0.,-0.));
#107 = AXIS2_PLACEMENT_3D('',#108,#109,#110);
#108 = CARTESIAN_POINT('',(0.,51.,108.5));
#109 = DIRECTION('',(0.,0.,1.));
#110 = DIRECTION('',(1.,0.,-0.));
#111 = AXIS2_PLACEMENT_3D('',#112,#113,#114);
#112 = CARTESIAN_POINT('',(0.,51.,170.));
#113 = DIRECTION('',(0.,0.,1.));
#114 = DIRECTION('',(1.,0.,-0.));
#115 = AXIS2_PLACEMENT_3D('',#116,#117,#118);
#116 = CARTESIAN_POINT('',(0.,51.,231.5));
#117 = DIRECTION('',(0.,0.,1.));
#118 = DIRECTION('',(1.,0.,-0.));
#119 = AXIS2_PLACEMENT_3D('',#120,#121,#122);
#120 = CARTESIAN_POINT('',(0.,51.,293.));
#121 = DIRECTION('',(0.,0.,1.));
#122 = DIRECTION('',(1.,0.,-0.));
#123 = AXIS2_PLACEMENT_3D('',#124,#125,#126);
#124 = CARTESIAN_POINT('',(0.,51.,354.5));
#125 = DIRECTION('',(0.,0.,1.));
#126 = DIRECTION('',(1.,0.,-0.));
#127 = AXIS2_PLACEMENT_3D('',#128,#129,#130);
#128 = CARTESIAN_POINT('',(0.,51.,416.));
#129 = DIRECTION('',(0.,0.,1.));
#130 = DIRECTION('',(1.,0.,-0.));
#131 = AXIS2_PLACEMENT_3D('',#132,#133,#134);
#132 = CARTESIAN_POINT('',(0.,51.,-752.5));
#133 = DIRECTION('',(0.,0.,1.));
#134 = DIRECTION('',(1.,0.,-0.));
#135 = AXIS2_PLACEMENT_3D('',#136,#137,#138);
#136 = CARTESIAN_POINT('',(0.,51.,-691.));
#137 = DIRECTION('',(0.,0.,1.));
#138 = DIRECTION('',(1.,0.,-0.));
#139 = AXIS2_PLACEMENT_3D('',#140,#141,#142);
#140 = CARTESIAN_POINT('',(0.,51.,-629.5));
#141 = DIRECTION('',(0.,0.,1.));
#142 = DIRECTION('',(1.,0.,-0.));
#143 = AXIS2_PLACEMENT_3D('',#144,#145,#146);
#144 = CARTESIAN_POINT('',(0.,51.,-568.));
#145 = DIRECTION('',(0.,0.,1.));
#146 = DIRECTION('',(1.,0.,-0.));
#147 = AXIS2_PLACEMENT_3D('',#148,#149,#150);
#148 = CARTESIAN_POINT('',(0.,51.,-506.5));
#149 = DIRECTION('',(0.,0.,1.));
#150 = DIRECTION('',(1.,0.,-0.));
#151 = AXIS2_PLACEMENT_3D('',#152,#153,#154);
#152 = CARTESIAN_POINT('',(0.,51.,-445.));
#153 = DIRECTION('',(0.,0.,1.));
#154 = DIRECTION('',(1.,0.,-0.));
#155 = AXIS2_PLACEMENT_3D('',#156,#157,#158);
#156 = CARTESIAN_POINT('',(0.,51.,-383.5));
#157 = DIRECTION('',(0.,0.,1.));
#158 = DIRECTION('',(1.,0.,-0.));
#159 = AXIS2_PLACEMENT_3D('',#160,#161,#162);
#160 = CARTESIAN_POINT('',(0.,51.,-322.));
#161 = DIRECTION('',(0.,0.,1.));
#162 = DIRECTION('',(1.,0.,-0.));
#163 = AXIS2_PLACEMENT_3D('',#164,#165,#166);
#164 = CARTESIAN_POINT('',(0.,51.,-260.5));
#165 = DIRECTION('',(0.,0.,1.));
#166 = DIRECTION('',(1.,0.,-0.));
#167 = AXIS2_PLACEMENT_3D('',#168,#169,#170);
#168 = CARTESIAN_POINT('',(0.,51.,-199.));
#169 = DIRECTION('',(0.,0.,1.));
#170 = DIRECTION('',(1.,0.,-0.));
#171 = AXIS2_PLACEMENT_3D('',#172,#173,#174);
#172 = CARTESIAN_POINT('',(0.,51.,-137.5));
#173 = DIRECTION('',(0.,0.,1.));
#174 = DIRECTION('',(1.,0.,-0.));
#175 = AXIS2_PLACEMENT_3D('',#176,#177,#178);
#176 = CARTESIAN_POINT('',(0.,51.,-76.));
#177 = DIRECTION('',(0.,0.,1.));
#178 = DIRECTION('',(1.,0.,-0.));
#179 = AXIS2_PLACEMENT_3D('',#180,#181,#182);
#180 = CARTESIAN_POINT('',(0.,51.,-14.5));
#181 = DIRECTION('',(0.,0.,1.));
#182 = DIRECTION('',(1.,0.,-0.));
#183 = AXIS2_PLACEMENT_3D('',#184,#185,#186);
#184 = CARTESIAN_POINT('',(0.,51.,47.));
#185 = DIRECTION('',(0.,0.,1.));
#186 = DIRECTION('',(1.,0.,-0.));
#187 = AXIS2_PLACEMENT_3D('',#188,#189,#190);
#188 = CARTESIAN_POINT('',(0.,51.,108.5));
#189 = DIRECTION('',(0.,0.,1.));
#190 = DIRECTION('',(1.,0.,-0.));
#191 = AXIS2_PLACEMENT_3D('',#192,#193,#194);
#192 = CARTESIAN_POINT('',(0.,51.,170.));
#193 = DIRECTION('',(0.,0.,1.));
#194 = DIRECTION('',(1.,0.,-0.));
#195 = AXIS2_PLACEMENT_3D('',#196,#197,#198);
#196 = CARTESIAN_POINT('',(0.,51.,231.5));
#197 = DIRECTION('',(0.,0.,1.));
#198 = DIRECTION('',(1.,0.,-0.));
#199 = AXIS2_PLACEMENT_3D('',#200,#201,#202);
#200 = CARTESIAN_POINT('',(0.,51.,293.));
#201 = DIRECTION('',(0.,0.,1.));
#202 = DIRECTION('',(1.,0.,-0.));
#203 = AXIS2_PLACEMENT_3D('',#204,#205,#206);
#204 = CARTESIAN_POINT('',(0.,51.,354.5));
#205 = DIRECTION('',(0.,0.,1.));
#206 = DIRECTION('',(1.,0.,-0.));
#207 = AXIS2_PLACEMENT_3D('',#208,#209,#210);
#208 = CARTESIAN_POINT('',(0.,51.,416.));
#209 = DIRECTION('',(0.,0.,1.));
#210 = DIRECTION('',(1.,0.,-0.));
#211 = ( GEOMETRIC_REPRESENTATION_CONTEXT(3) 
GLOBAL_UNCERTAINTY_ASSIGNED_CONTEXT((#215)) GLOBAL_UNIT_ASSIGNED_CONTEXT
((#212,#213,#214)) REPRESENTATION_CONTEXT('Context #1',
  '3D Context with UNIT and UNCERTAINTY') );
#212 = ( LENGTH_UNIT() NAMED_UNIT(*) SI_UNIT(.MILLI.,.METRE.) );
#213 = ( NAMED_UNIT(*) PLANE_ANGLE_UNIT() SI_UNIT($,.RADIAN.) );
#214 = ( NAMED_UNIT(*) SI_UNIT($,.STERADIAN.) SOLID_ANGLE_UNIT() );
#215 = UNCERTAINTY_MEASURE_WITH_UNIT(LENGTH_MEASURE(1.E-07),#212,
  'distance_accuracy_value','confusion accuracy');
#216 = PRODUCT_RELATED_PRODUCT_CATEGORY('part',$,(#7));
#217 = SHAPE_DEFINITION_REPRESENTATION(#218,#224);
#218 = PRODUCT_DEFINITION_SHAPE('','',#219);
#219 = PRODUCT_DEFINITION('design','',#220,#223);
#220 = PRODUCT_DEFINITION_FORMATION('','',#221);
#221 = PRODUCT('COMPOUND','COMPOUND','',(#222));
#222 = PRODUCT_CONTEXT('',#2,'mechanical');
#223 = PRODUCT_DEFINITION_CONTEXT('part definition',#2,'design');
#224 = ADVANCED_BREP_SHAPE_REPRESENTATION('',(#11,#225),#1341);
#225 = MANIFOLD_SOLID_BREP('',#226);
#226 = CLOSED_SHELL('',(#227,#382,#458,#507,#587,#614,#673,#680,#735,
    #770,#809,#868,#927,#1045,#1080,#1156,#1205,#1280,#1307,#1334));
#227 = ADVANCED_FACE('',(#228,#347),#242,.F.);
#228 = FACE_BOUND('',#229,.F.);
#229 = EDGE_LOOP('',(#230,#265,#293,#321));
#230 = ORIENTED_EDGE('',*,*,#231,.F.);
#231 = EDGE_CURVE('',#232,#234,#236,.T.);
#232 = VERTEX_POINT('',#233);
#233 = CARTESIAN_POINT('',(-242.,-351.,800.5));
#234 = VERTEX_POINT('',#235);
#235 = CARTESIAN_POINT('',(-242.,351.,800.5));
#236 = SURFACE_CURVE('',#237,(#241,#253),.PCURVE_S1.);
#237 = LINE('',#238,#239);
#238 = CARTESIAN_POINT('',(-242.,-351.,800.5));
#239 = VECTOR('',#240,1.);
#240 = DIRECTION('',(-0.,1.,0.));
#241 = PCURVE('',#242,#247);
#242 = PLANE('',#243);
#243 = AXIS2_PLACEMENT_3D('',#244,#245,#246);
#244 = CARTESIAN_POINT('',(-1.683003240049E-15,251.,800.5));
#245 = DIRECTION('',(0.,0.,1.));
#246 = DIRECTION('',(1.,0.,0.));
#247 = DEFINITIONAL_REPRESENTATION('',(#248),#252);
#248 = LINE('',#249,#250);
#249 = CARTESIAN_POINT('',(-242.,-602.));
#250 = VECTOR('',#251,1.);
#251 = DIRECTION('',(0.,1.));
#252 = ( GEOMETRIC_REPRESENTATION_CONTEXT(2) 
PARAMETRIC_REPRESENTATION_CONTEXT() REPRESENTATION_CONTEXT('2D SPACE',''
  ) );
#253 = PCURVE('',#254,#259);
#254 = PLANE('',#255);
#255 = AXIS2_PLACEMENT_3D('',#256,#257,#258);
#256 = CARTESIAN_POINT('',(-242.,-351.,-800.5));
#257 = DIRECTION('',(1.,0.,-0.));
#258 = DIRECTION('',(0.,0.,1.));
#259 = DEFINITIONAL_REPRESENTATION('',(#260),#264);
#260 = LINE('',#261,#262);
#261 = CARTESIAN_POINT('',(1.601E+03,0.));
#262 = VECTOR('',#263,1.);
#263 = DIRECTION('',(0.,-1.));
#264 = ( GEOMETRIC_REPRESENTATION_CONTEXT(2) 
PARAMETRIC_REPRESENTATION_CONTEXT() REPRESENTATION_CONTEXT('2D SPACE',''
  ) );
#265 = ORIENTED_EDGE('',*,*,#266,.T.);
#266 = EDGE_CURVE('',#232,#267,#269,.T.);
#267 = VERTEX_POINT('',#268);
#268 = CARTESIAN_POINT('',(242.,-351.,800.5));
#269 = SURFACE_CURVE('',#270,(#274,#281),.PCURVE_S1.);
#270 = LINE('',#271,#272);
#271 = CARTESIAN_POINT('',(-242.,-351.,800.5));
#272 = VECTOR('',#273,1.);
#273 = DIRECTION('',(1.,0.,-0.));
#274 = PCURVE('',#242,#275);
#275 = DEFINITIONAL_REPRESENTATION('',(#276),#280);
#276 = LINE('',#277,#278);
#277 = CARTESIAN_POINT('',(-242.,-602.));
#278 = VECTOR('',#279,1.);
#279 = DIRECTION('',(1.,0.));
#280 = ( GEOMETRIC_REPRESENTATION_CONTEXT(2) 
PARAMETRIC_REPRESENTATION_CONTEXT() REPRESENTATION_CONTEXT('2D SPACE',''
  ) );
#281 = PCURVE('',#282,#287);
#282 = PLANE('',#283);
#283 = AXIS2_PLACEMENT_3D('',#284,#285,#286);
#284 = CARTESIAN_POINT('',(-242.,-351.,-800.5));
#285 = DIRECTION('',(-0.,1.,0.));
#286 = DIRECTION('',(0.,0.,1.));
#287 = DEFINITIONAL_REPRESENTATION('',(#288),#292);
#288 = LINE('',#289,#290);
#289 = CARTESIAN_POINT('',(1.601E+03,0.));
#290 = VECTOR('',#291,1.);
#291 = DIRECTION('',(0.,1.));
#292 = ( GEOMETRIC_REPRESENTATION_CONTEXT(2) 
PARAMETRIC_REPRESENTATION_CONTEXT() REPRESENTATION_CONTEXT('2D SPACE',''
  ) );
#293 = ORIENTED_EDGE('',*,*,#294,.T.);
#294 = EDGE_CURVE('',#267,#295,#297,.T.);
#295 = VERTEX_POINT('',#296);
#296 = CARTESIAN_POINT('',(242.,351.,800.5));
#297 = SURFACE_CURVE('',#298,(#302,#309),.PCURVE_S1.);
#298 = LINE('',#299,#300);
#299 = CARTESIAN_POINT('',(242.,-351.,800.5));
#300 = VECTOR('',#301,1.);
#301 = DIRECTION('',(-0.,1.,0.));
#302 = PCURVE('',#242,#303);
#303 = DEFINITIONAL_REPRESENTATION('',(#304),#308);
#304 = LINE('',#305,#306);
#305 = CARTESIAN_POINT('',(242.,-602.));
#306 = VECTOR('',#307,1.);
#307 = DIRECTION('',(0.,1.));
#308 = ( GEOMETRIC_REPRESENTATION_CONTEXT(2) 
PARAMETRIC_REPRESENTATION_CONTEXT() REPRESENTATION_CONTEXT('2D SPACE',''
  ) );
#309 = PCURVE('',#310,#315);
#310 = PLANE('',#311);
#311 = AXIS2_PLACEMENT_3D('',#312,#313,#314);
#312 = CARTESIAN_POINT('',(242.,-351.,-800.5));
#313 = DIRECTION('',(1.,0.,-0.));
#314 = DIRECTION('',(0.,0.,1.));
#315 = DEFINITIONAL_REPRESENTATION('',(#316),#320);
#316 = LINE('',#317,#318);
#317 = CARTESIAN_POINT('',(1.601E+03,0.));
#318 = VECTOR('',#319,1.);
#319 = DIRECTION('',(0.,-1.));
#320 = ( GEOMETRIC_REPRESENTATION_CONTEXT(2) 
PARAMETRIC_REPRESENTATION_CONTEXT() REPRESENTATION_CONTEXT('2D SPACE',''
  ) );
#321 = ORIENTED_EDGE('',*,*,#322,.F.);
#322 = EDGE_CURVE('',#234,#295,#323,.T.);
#323 = SURFACE_CURVE('',#324,(#328,#335),.PCURVE_S1.);
#324 = LINE('',#325,#326);
#325 = CARTESIAN_POINT('',(-242.,351.,800.5));
#326 = VECTOR('',#327,1.);
#327 = DIRECTION('',(1.,0.,-0.));
#328 = PCURVE('',#242,#329);
#329 = DEFINITIONAL_REPRESENTATION('',(#330),#334);
#330 = LINE('',#331,#332);
#331 = CARTESIAN_POINT('',(-242.,100.));
#332 = VECTOR('',#333,1.);
#333 = DIRECTION('',(1.,0.));
#334 = ( GEOMETRIC_REPRESENTATION_CONTEXT(2) 
PARAMETRIC_REPRESENTATION_CONTEXT() REPRESENTATION_CONTEXT('2D SPACE',''
  ) );
#335 = PCURVE('',#336,#341);
#336 = PLANE('',#337);
#337 = AXIS2_PLACEMENT_3D('',#338,#339,#340);
#338 = CARTESIAN_POINT('',(-242.,351.,-800.5));
#339 = DIRECTION('',(-0.,1.,0.));
#340 = DIRECTION('',(0.,0.,1.));
#341 = DEFINITIONAL_REPRESENTATION('',(#342),#346);
#342 = LINE('',#343,#344);
#343 = CARTESIAN_POINT('',(1.601E+03,0.));
#344 = VECTOR('',#345,1.);
#345 = DIRECTION('',(0.,1.));
#346 = ( GEOMETRIC_REPRESENTATION_CONTEXT(2) 
PARAMETRIC_REPRESENTATION_CONTEXT() REPRESENTATION_CONTEXT('2D SPACE',''
  ) );
#347 = FACE_BOUND('',#348,.F.);
#348 = EDGE_LOOP('',(#349));
#349 = ORIENTED_EDGE('',*,*,#350,.T.);
#350 = EDGE_CURVE('',#351,#351,#353,.T.);
#351 = VERTEX_POINT('',#352);
#352 = CARTESIAN_POINT('',(50.,251.,800.5));
#353 = SURFACE_CURVE('',#354,(#359,#370),.PCURVE_S1.);
#354 = CIRCLE('',#355,50.);
#355 = AXIS2_PLACEMENT_3D('',#356,#357,#358);
#356 = CARTESIAN_POINT('',(0.,251.,800.5));
#357 = DIRECTION('',(0.,0.,-1.));
#358 = DIRECTION('',(1.,0.,0.));
#359 = PCURVE('',#242,#360);
#360 = DEFINITIONAL_REPRESENTATION('',(#361),#369);
#361 = ( BOUNDED_CURVE() B_SPLINE_CURVE(2,(#362,#363,#364,#365,#366,#367
,#368),.UNSPECIFIED.,.T.,.F.) B_SPLINE_CURVE_WITH_KNOTS((1,2,2,2,2,1),(
    -2.094395102393,0.,2.094395102393,4.188790204786,6.28318530718,
8.377580409573),.UNSPECIFIED.) CURVE() GEOMETRIC_REPRESENTATION_ITEM() 
RATIONAL_B_SPLINE_CURVE((1.,0.5,1.,0.5,1.,0.5,1.)) REPRESENTATION_ITEM(
  '') );
#362 = CARTESIAN_POINT('',(50.,0.));
#363 = CARTESIAN_POINT('',(50.,-86.60254037844));
#364 = CARTESIAN_POINT('',(-25.,-43.30127018922));
#365 = CARTESIAN_POINT('',(-100.,-1.224646799147E-14));
#366 = CARTESIAN_POINT('',(-25.,43.301270189222));
#367 = CARTESIAN_POINT('',(50.,86.602540378444));
#368 = CARTESIAN_POINT('',(50.,0.));
#369 = ( GEOMETRIC_REPRESENTATION_CONTEXT(2) 
PARAMETRIC_REPRESENTATION_CONTEXT() REPRESENTATION_CONTEXT('2D SPACE',''
  ) );
#370 = PCURVE('',#371,#376);
#371 = CYLINDRICAL_SURFACE('',#372,50.);
#372 = AXIS2_PLACEMENT_3D('',#373,#374,#375);
#373 = CARTESIAN_POINT('',(0.,251.,792.5));
#374 = DIRECTION('',(-0.,-0.,-1.));
#375 = DIRECTION('',(1.,0.,0.));
#376 = DEFINITIONAL_REPRESENTATION('',(#377),#381);
#377 = LINE('',#378,#379);
#378 = CARTESIAN_POINT('',(-6.28318530718,-8.));
#379 = VECTOR('',#380,1.);
#380 = DIRECTION('',(1.,-0.));
#381 = ( GEOMETRIC_REPRESENTATION_CONTEXT(2) 
PARAMETRIC_REPRESENTATION_CONTEXT() REPRESENTATION_CONTEXT('2D SPACE',''
  ) );
#382 = ADVANCED_FACE('',(#383),#254,.T.);
#383 = FACE_BOUND('',#384,.T.);
#384 = EDGE_LOOP('',(#385,#408,#436,#457));
#385 = ORIENTED_EDGE('',*,*,#386,.F.);
#386 = EDGE_CURVE('',#387,#232,#389,.T.);
#387 = VERTEX_POINT('',#388);
#388 = CARTESIAN_POINT('',(-242.,-351.,-800.5));
#389 = SURFACE_CURVE('',#390,(#394,#401),.PCURVE_S1.);
#390 = LINE('',#391,#392);
#391 = CARTESIAN_POINT('',(-242.,-351.,-800.5));
#392 = VECTOR('',#393,1.);
#393 = DIRECTION('',(0.,0.,1.));
#394 = PCURVE('',#254,#395);
#395 = DEFINITIONAL_REPRESENTATION('',(#396),#400);
#396 = LINE('',#397,#398);
#397 = CARTESIAN_POINT('',(0.,0.));
#398 = VECTOR('',#399,1.);
#399 = DIRECTION('',(1.,0.));
#400 = ( GEOMETRIC_REPRESENTATION_CONTEXT(2) 
PARAMETRIC_REPRESENTATION_CONTEXT() REPRESENTATION_CONTEXT('2D SPACE',''
  ) );
#401 = PCURVE('',#282,#402);
#402 = DEFINITIONAL_REPRESENTATION('',(#403),#407);
#403 = LINE('',#404,#405);
#404 = CARTESIAN_POINT('',(0.,0.));
#405 = VECTOR('',#406,1.);
#406 = DIRECTION('',(1.,0.));
#407 = ( GEOMETRIC_REPRESENTATION_CONTEXT(2) 
PARAMETRIC_REPRESENTATION_CONTEXT() REPRESENTATION_CONTEXT('2D SPACE',''
  ) );
#408 = ORIENTED_EDGE('',*,*,#409,.T.);
#409 = EDGE_CURVE('',#387,#410,#412,.T.);
#410 = VERTEX_POINT('',#411);
#411 = CARTESIAN_POINT('',(-242.,351.,-800.5));
#412 = SURFACE_CURVE('',#413,(#417,#424),.PCURVE_S1.);
#413 = LINE('',#414,#415);
#414 = CARTESIAN_POINT('',(-242.,-351.,-800.5));
#415 = VECTOR('',#416,1.);
#416 = DIRECTION('',(-0.,1.,0.));
#417 = PCURVE('',#254,#418);
#418 = DEFINITIONAL_REPRESENTATION('',(#419),#423);
#419 = LINE('',#420,#421);
#420 = CARTESIAN_POINT('',(0.,0.));
#421 = VECTOR('',#422,1.);
#422 = DIRECTION('',(0.,-1.));
#423 = ( GEOMETRIC_REPRESENTATION_CONTEXT(2) 
PARAMETRIC_REPRESENTATION_CONTEXT() REPRESENTATION_CONTEXT('2D SPACE',''
  ) );
#424 = PCURVE('',#425,#430);
#425 = PLANE('',#426);
#426 = AXIS2_PLACEMENT_3D('',#427,#428,#429);
#427 = CARTESIAN_POINT('',(-242.,-351.,-800.5));
#428 = DIRECTION('',(0.,0.,1.));
#429 = DIRECTION('',(1.,0.,-0.));
#430 = DEFINITIONAL_REPRESENTATION('',(#431),#435);
#431 = LINE('',#432,#433);
#432 = CARTESIAN_POINT('',(0.,0.));
#433 = VECTOR('',#434,1.);
#434 = DIRECTION('',(0.,1.));
#435 = ( GEOMETRIC_REPRESENTATION_CONTEXT(2) 
PARAMETRIC_REPRESENTATION_CONTEXT() REPRESENTATION_CONTEXT('2D SPACE',''
  ) );
#436 = ORIENTED_EDGE('',*,*,#437,.T.);
#437 = EDGE_CURVE('',#410,#234,#438,.T.);
#438 = SURFACE_CURVE('',#439,(#443,#450),.PCURVE_S1.);
#439 = LINE('',#440,#441);
#440 = CARTESIAN_POINT('',(-242.,351.,-800.5));
#441 = VECTOR('',#442,1.);
#442 = DIRECTION('',(0.,0.,1.));
#443 = PCURVE('',#254,#444);
#444 = DEFINITIONAL_REPRESENTATION('',(#445),#449);
#445 = LINE('',#446,#447);
#446 = CARTESIAN_POINT('',(0.,-702.));
#447 = VECTOR('',#448,1.);
#448 = DIRECTION('',(1.,0.));
#449 = ( GEOMETRIC_REPRESENTATION_CONTEXT(2) 
PARAMETRIC_REPRESENTATION_CONTEXT() REPRESENTATION_CONTEXT('2D SPACE',''
  ) );
#450 = PCURVE('',#336,#451);
#451 = DEFINITIONAL_REPRESENTATION('',(#452),#456);
#452 = LINE('',#453,#454);
#453 = CARTESIAN_POINT('',(0.,0.));
#454 = VECTOR('',#455,1.);
#455 = DIRECTION('',(1.,0.));
#456 = ( GEOMETRIC_REPRESENTATION_CONTEXT(2) 
PARAMETRIC_REPRESENTATION_CONTEXT() REPRESENTATION_CONTEXT('2D SPACE',''
  ) );
#457 = ORIENTED_EDGE('',*,*,#231,.F.);
#458 = ADVANCED_FACE('',(#459),#336,.F.);
#459 = FACE_BOUND('',#460,.F.);
#460 = EDGE_LOOP('',(#461,#484,#485,#486));
#461 = ORIENTED_EDGE('',*,*,#462,.F.);
#462 = EDGE_CURVE('',#410,#463,#465,.T.);
#463 = VERTEX_POINT('',#464);
#464 = CARTESIAN_POINT('',(242.,351.,-800.5));
#465 = SURFACE_CURVE('',#466,(#470,#477),.PCURVE_S1.);
#466 = LINE('',#467,#468);
#467 = CARTESIAN_POINT('',(-242.,351.,-800.5));
#468 = VECTOR('',#469,1.);
#469 = DIRECTION('',(1.,0.,-0.));
#470 = PCURVE('',#336,#471);
#471 = DEFINITIONAL_REPRESENTATION('',(#472),#476);
#472 = LINE('',#473,#474);
#473 = CARTESIAN_POINT('',(0.,0.));
#474 = VECTOR('',#475,1.);
#475 = DIRECTION('',(0.,1.));
#476 = ( GEOMETRIC_REPRESENTATION_CONTEXT(2) 
PARAMETRIC_REPRESENTATION_CONTEXT() REPRESENTATION_CONTEXT('2D SPACE',''
  ) );
#477 = PCURVE('',#425,#478);
#478 = DEFINITIONAL_REPRESENTATION('',(#479),#483);
#479 = LINE('',#480,#481);
#480 = CARTESIAN_POINT('',(0.,702.));
#481 = VECTOR('',#482,1.);
#482 = DIRECTION('',(1.,0.));
#483 = ( GEOMETRIC_REPRESENTATION_CONTEXT(2) 
PARAMETRIC_REPRESENTATION_CONTEXT() REPRESENTATION_CONTEXT('2D SPACE',''
  ) );
#484 = ORIENTED_EDGE('',*,*,#437,.T.);
#485 = ORIENTED_EDGE('',*,*,#322,.T.);
#486 = ORIENTED_EDGE('',*,*,#487,.F.);
#487 = EDGE_CURVE('',#463,#295,#488,.T.);
#488 = SURFACE_CURVE('',#489,(#493,#500),.PCURVE_S1.);
#489 = LINE('',#490,#491);
#490 = CARTESIAN_POINT('',(242.,351.,-800.5));
#491 = VECTOR('',#492,1.);
#492 = DIRECTION('',(0.,0.,1.));
#493 = PCURVE('',#336,#494);
#494 = DEFINITIONAL_REPRESENTATION('',(#495),#499);
#495 = LINE('',#496,#497);
#496 = CARTESIAN_POINT('',(0.,484.));
#497 = VECTOR('',#498,1.);
#498 = DIRECTION('',(1.,0.));
#499 = ( GEOMETRIC_REPRESENTATION_CONTEXT(2) 
PARAMETRIC_REPRESENTATION_CONTEXT() REPRESENTATION_CONTEXT('2D SPACE',''
  ) );
#500 = PCURVE('',#310,#501);
#501 = DEFINITIONAL_REPRESENTATION('',(#502),#506);
#502 = LINE('',#503,#504);
#503 = CARTESIAN_POINT('',(0.,-702.));
#504 = VECTOR('',#505,1.);
#505 = DIRECTION('',(1.,0.));
#506 = ( GEOMETRIC_REPRESENTATION_CONTEXT(2) 
PARAMETRIC_REPRESENTATION_CONTEXT() REPRESENTATION_CONTEXT('2D SPACE',''
  ) );
#507 = ADVANCED_FACE('',(#508,#556),#282,.T.);
#508 = FACE_BOUND('',#509,.T.);
#509 = EDGE_LOOP('',(#510,#533,#534,#535));
#510 = ORIENTED_EDGE('',*,*,#511,.F.);
#511 = EDGE_CURVE('',#387,#512,#514,.T.);
#512 = VERTEX_POINT('',#513);
#513 = CARTESIAN_POINT('',(242.,-351.,-800.5));
#514 = SURFACE_CURVE('',#515,(#519,#526),.PCURVE_S1.);
#515 = LINE('',#516,#517);
#516 = CARTESIAN_POINT('',(-242.,-351.,-800.5));
#517 = VECTOR('',#518,1.);
#518 = DIRECTION('',(1.,0.,-0.));
#519 = PCURVE('',#282,#520);
#520 = DEFINITIONAL_REPRESENTATION('',(#521),#525);
#521 = LINE('',#522,#523);
#522 = CARTESIAN_POINT('',(0.,0.));
#523 = VECTOR('',#524,1.);
#524 = DIRECTION('',(0.,1.));
#525 = ( GEOMETRIC_REPRESENTATION_CONTEXT(2) 
PARAMETRIC_REPRESENTATION_CONTEXT() REPRESENTATION_CONTEXT('2D SPACE',''
  ) );
#526 = PCURVE('',#425,#527);
#527 = DEFINITIONAL_REPRESENTATION('',(#528),#532);
#528 = LINE('',#529,#530);
#529 = CARTESIAN_POINT('',(0.,0.));
#530 = VECTOR('',#531,1.);
#531 = DIRECTION('',(1.,0.));
#532 = ( GEOMETRIC_REPRESENTATION_CONTEXT(2) 
PARAMETRIC_REPRESENTATION_CONTEXT() REPRESENTATION_CONTEXT('2D SPACE',''
  ) );
#533 = ORIENTED_EDGE('',*,*,#386,.T.);
#534 = ORIENTED_EDGE('',*,*,#266,.T.);
#535 = ORIENTED_EDGE('',*,*,#536,.F.);
#536 = EDGE_CURVE('',#512,#267,#537,.T.);
#537 = SURFACE_CURVE('',#538,(#542,#549),.PCURVE_S1.);
#538 = LINE('',#539,#540);
#539 = CARTESIAN_POINT('',(242.,-351.,-800.5));
#540 = VECTOR('',#541,1.);
#541 = DIRECTION('',(0.,0.,1.));
#542 = PCURVE('',#282,#543);
#543 = DEFINITIONAL_REPRESENTATION('',(#544),#548);
#544 = LINE('',#545,#546);
#545 = CARTESIAN_POINT('',(0.,484.));
#546 = VECTOR('',#547,1.);
#547 = DIRECTION('',(1.,0.));
#548 = ( GEOMETRIC_REPRESENTATION_CONTEXT(2) 
PARAMETRIC_REPRESENTATION_CONTEXT() REPRESENTATION_CONTEXT('2D SPACE',''
  ) );
#549 = PCURVE('',#310,#550);
#550 = DEFINITIONAL_REPRESENTATION('',(#551),#555);
#551 = LINE('',#552,#553);
#552 = CARTESIAN_POINT('',(0.,0.));
#553 = VECTOR('',#554,1.);
#554 = DIRECTION('',(1.,0.));
#555 = ( GEOMETRIC_REPRESENTATION_CONTEXT(2) 
PARAMETRIC_REPRESENTATION_CONTEXT() REPRESENTATION_CONTEXT('2D SPACE',''
  ) );
#556 = FACE_BOUND('',#557,.T.);
#557 = EDGE_LOOP('',(#558));
#558 = ORIENTED_EDGE('',*,*,#559,.F.);
#559 = EDGE_CURVE('',#560,#560,#562,.T.);
#560 = VERTEX_POINT('',#561);
#561 = CARTESIAN_POINT('',(77.,-351.,627.5));
#562 = SURFACE_CURVE('',#563,(#568,#575),.PCURVE_S1.);
#563 = CIRCLE('',#564,77.);
#564 = AXIS2_PLACEMENT_3D('',#565,#566,#567);
#565 = CARTESIAN_POINT('',(0.,-351.,627.5));
#566 = DIRECTION('',(-0.,1.,0.));
#567 = DIRECTION('',(1.,0.,0.));
#568 = PCURVE('',#282,#569);
#569 = DEFINITIONAL_REPRESENTATION('',(#570),#574);
#570 = CIRCLE('',#571,77.);
#571 = AXIS2_PLACEMENT_2D('',#572,#573);
#572 = CARTESIAN_POINT('',(1.428E+03,242.));
#573 = DIRECTION('',(0.,1.));
#574 = ( GEOMETRIC_REPRESENTATION_CONTEXT(2) 
PARAMETRIC_REPRESENTATION_CONTEXT() REPRESENTATION_CONTEXT('2D SPACE',''
  ) );
#575 = PCURVE('',#576,#581);
#576 = CYLINDRICAL_SURFACE('',#577,77.);
#577 = AXIS2_PLACEMENT_3D('',#578,#579,#580);
#578 = CARTESIAN_POINT('',(0.,-349.,627.5));
#579 = DIRECTION('',(-0.,1.,-0.));
#580 = DIRECTION('',(1.,0.,0.));
#581 = DEFINITIONAL_REPRESENTATION('',(#582),#586);
#582 = LINE('',#583,#584);
#583 = CARTESIAN_POINT('',(-6.28318530718,-2.));
#584 = VECTOR('',#585,1.);
#585 = DIRECTION('',(1.,-0.));
#586 = ( GEOMETRIC_REPRESENTATION_CONTEXT(2) 
PARAMETRIC_REPRESENTATION_CONTEXT() REPRESENTATION_CONTEXT('2D SPACE',''
  ) );
#587 = ADVANCED_FACE('',(#588),#310,.F.);
#588 = FACE_BOUND('',#589,.F.);
#589 = EDGE_LOOP('',(#590,#591,#612,#613));
#590 = ORIENTED_EDGE('',*,*,#536,.F.);
#591 = ORIENTED_EDGE('',*,*,#592,.T.);
#592 = EDGE_CURVE('',#512,#463,#593,.T.);
#593 = SURFACE_CURVE('',#594,(#598,#605),.PCURVE_S1.);
#594 = LINE('',#595,#596);
#595 = CARTESIAN_POINT('',(242.,-351.,-800.5));
#596 = VECTOR('',#597,1.);
#597 = DIRECTION('',(-0.,1.,0.));
#598 = PCURVE('',#310,#599);
#599 = DEFINITIONAL_REPRESENTATION('',(#600),#604);
#600 = LINE('',#601,#602);
#601 = CARTESIAN_POINT('',(0.,0.));
#602 = VECTOR('',#603,1.);
#603 = DIRECTION('',(0.,-1.));
#604 = ( GEOMETRIC_REPRESENTATION_CONTEXT(2) 
PARAMETRIC_REPRESENTATION_CONTEXT() REPRESENTATION_CONTEXT('2D SPACE',''
  ) );
#605 = PCURVE('',#425,#606);
#606 = DEFINITIONAL_REPRESENTATION('',(#607),#611);
#607 = LINE('',#608,#609);
#608 = CARTESIAN_POINT('',(484.,0.));
#609 = VECTOR('',#610,1.);
#610 = DIRECTION('',(0.,1.));
#611 = ( GEOMETRIC_REPRESENTATION_CONTEXT(2) 
PARAMETRIC_REPRESENTATION_CONTEXT() REPRESENTATION_CONTEXT('2D SPACE',''
  ) );
#612 = ORIENTED_EDGE('',*,*,#487,.T.);
#613 = ORIENTED_EDGE('',*,*,#294,.F.);
#614 = ADVANCED_FACE('',(#615),#371,.F.);
#615 = FACE_BOUND('',#616,.T.);
#616 = EDGE_LOOP('',(#617,#618,#641,#672));
#617 = ORIENTED_EDGE('',*,*,#350,.T.);
#618 = ORIENTED_EDGE('',*,*,#619,.T.);
#619 = EDGE_CURVE('',#351,#620,#622,.T.);
#620 = VERTEX_POINT('',#621);
#621 = CARTESIAN_POINT('',(50.,251.,850.5));
#622 = SEAM_CURVE('',#623,(#627,#634),.PCURVE_S1.);
#623 = LINE('',#624,#625);
#624 = CARTESIAN_POINT('',(50.,251.,792.5));
#625 = VECTOR('',#626,1.);
#626 = DIRECTION('',(0.,0.,1.));
#627 = PCURVE('',#371,#628);
#628 = DEFINITIONAL_REPRESENTATION('',(#629),#633);
#629 = LINE('',#630,#631);
#630 = CARTESIAN_POINT('',(-6.28318530718,0.));
#631 = VECTOR('',#632,1.);
#632 = DIRECTION('',(-0.,-1.));
#633 = ( GEOMETRIC_REPRESENTATION_CONTEXT(2) 
PARAMETRIC_REPRESENTATION_CONTEXT() REPRESENTATION_CONTEXT('2D SPACE',''
  ) );
#634 = PCURVE('',#371,#635);
#635 = DEFINITIONAL_REPRESENTATION('',(#636),#640);
#636 = LINE('',#637,#638);
#637 = CARTESIAN_POINT('',(-0.,0.));
#638 = VECTOR('',#639,1.);
#639 = DIRECTION('',(-0.,-1.));
#640 = ( GEOMETRIC_REPRESENTATION_CONTEXT(2) 
PARAMETRIC_REPRESENTATION_CONTEXT() REPRESENTATION_CONTEXT('2D SPACE',''
  ) );
#641 = ORIENTED_EDGE('',*,*,#642,.F.);
#642 = EDGE_CURVE('',#620,#620,#643,.T.);
#643 = SURFACE_CURVE('',#644,(#649,#656),.PCURVE_S1.);
#644 = CIRCLE('',#645,50.);
#645 = AXIS2_PLACEMENT_3D('',#646,#647,#648);
#646 = CARTESIAN_POINT('',(0.,251.,850.5));
#647 = DIRECTION('',(0.,0.,-1.));
#648 = DIRECTION('',(1.,0.,0.));
#649 = PCURVE('',#371,#650);
#650 = DEFINITIONAL_REPRESENTATION('',(#651),#655);
#651 = LINE('',#652,#653);
#652 = CARTESIAN_POINT('',(-6.28318530718,-58.));
#653 = VECTOR('',#654,1.);
#654 = DIRECTION('',(1.,-0.));
#655 = ( GEOMETRIC_REPRESENTATION_CONTEXT(2) 
PARAMETRIC_REPRESENTATION_CONTEXT() REPRESENTATION_CONTEXT('2D SPACE',''
  ) );
#656 = PCURVE('',#657,#662);
#657 = PLANE('',#658);
#658 = AXIS2_PLACEMENT_3D('',#659,#660,#661);
#659 = CARTESIAN_POINT('',(-1.683003240049E-15,251.,850.5));
#660 = DIRECTION('',(0.,0.,1.));
#661 = DIRECTION('',(1.,0.,0.));
#662 = DEFINITIONAL_REPRESENTATION('',(#663),#671);
#663 = ( BOUNDED_CURVE() B_SPLINE_CURVE(2,(#664,#665,#666,#667,#668,#669
,#670),.UNSPECIFIED.,.T.,.F.) B_SPLINE_CURVE_WITH_KNOTS((1,2,2,2,2,1),(
    -2.094395102393,0.,2.094395102393,4.188790204786,6.28318530718,
8.377580409573),.UNSPECIFIED.) CURVE() GEOMETRIC_REPRESENTATION_ITEM() 
RATIONAL_B_SPLINE_CURVE((1.,0.5,1.,0.5,1.,0.5,1.)) REPRESENTATION_ITEM(
  '') );
#664 = CARTESIAN_POINT('',(50.,0.));
#665 = CARTESIAN_POINT('',(50.,-86.60254037844));
#666 = CARTESIAN_POINT('',(-25.,-43.30127018922));
#667 = CARTESIAN_POINT('',(-100.,-1.224646799147E-14));
#668 = CARTESIAN_POINT('',(-25.,43.301270189222));
#669 = CARTESIAN_POINT('',(50.,86.602540378444));
#670 = CARTESIAN_POINT('',(50.,0.));
#671 = ( GEOMETRIC_REPRESENTATION_CONTEXT(2) 
PARAMETRIC_REPRESENTATION_CONTEXT() REPRESENTATION_CONTEXT('2D SPACE',''
  ) );
#672 = ORIENTED_EDGE('',*,*,#619,.F.);
#673 = ADVANCED_FACE('',(#674),#425,.T.);
#674 = FACE_BOUND('',#675,.T.);
#675 = EDGE_LOOP('',(#676,#677,#678,#679));
#676 = ORIENTED_EDGE('',*,*,#409,.F.);
#677 = ORIENTED_EDGE('',*,*,#511,.T.);
#678 = ORIENTED_EDGE('',*,*,#592,.T.);
#679 = ORIENTED_EDGE('',*,*,#462,.F.);
#680 = ADVANCED_FACE('',(#681),#576,.T.);
#681 = FACE_BOUND('',#682,.F.);
#682 = EDGE_LOOP('',(#683,#712,#733,#734));
#683 = ORIENTED_EDGE('',*,*,#684,.F.);
#684 = EDGE_CURVE('',#685,#685,#687,.T.);
#685 = VERTEX_POINT('',#686);
#686 = CARTESIAN_POINT('',(77.,-349.,627.5));
#687 = SURFACE_CURVE('',#688,(#693,#700),.PCURVE_S1.);
#688 = CIRCLE('',#689,77.);
#689 = AXIS2_PLACEMENT_3D('',#690,#691,#692);
#690 = CARTESIAN_POINT('',(0.,-349.,627.5));
#691 = DIRECTION('',(0.,-1.,0.));
#692 = DIRECTION('',(1.,0.,0.));
#693 = PCURVE('',#576,#694);
#694 = DEFINITIONAL_REPRESENTATION('',(#695),#699);
#695 = LINE('',#696,#697);
#696 = CARTESIAN_POINT('',(-0.,0.));
#697 = VECTOR('',#698,1.);
#698 = DIRECTION('',(-1.,0.));
#699 = ( GEOMETRIC_REPRESENTATION_CONTEXT(2) 
PARAMETRIC_REPRESENTATION_CONTEXT() REPRESENTATION_CONTEXT('2D SPACE',''
  ) );
#700 = PCURVE('',#701,#706);
#701 = PLANE('',#702);
#702 = AXIS2_PLACEMENT_3D('',#703,#704,#705);
#703 = CARTESIAN_POINT('',(-4.546294466625E-15,-349.,627.5));
#704 = DIRECTION('',(0.,-1.,0.));
#705 = DIRECTION('',(1.,0.,0.));
#706 = DEFINITIONAL_REPRESENTATION('',(#707),#711);
#707 = CIRCLE('',#708,77.);
#708 = AXIS2_PLACEMENT_2D('',#709,#710);
#709 = CARTESIAN_POINT('',(4.546294466625E-15,-1.403034348813E-15));
#710 = DIRECTION('',(1.,0.));
#711 = ( GEOMETRIC_REPRESENTATION_CONTEXT(2) 
PARAMETRIC_REPRESENTATION_CONTEXT() REPRESENTATION_CONTEXT('2D SPACE',''
  ) );
#712 = ORIENTED_EDGE('',*,*,#713,.T.);
#713 = EDGE_CURVE('',#685,#560,#714,.T.);
#714 = SEAM_CURVE('',#715,(#719,#726),.PCURVE_S1.);
#715 = LINE('',#716,#717);
#716 = CARTESIAN_POINT('',(77.,-349.,627.5));
#717 = VECTOR('',#718,1.);
#718 = DIRECTION('',(0.,-1.,0.));
#719 = PCURVE('',#576,#720);
#720 = DEFINITIONAL_REPRESENTATION('',(#721),#725);
#721 = LINE('',#722,#723);
#722 = CARTESIAN_POINT('',(-6.28318530718,0.));
#723 = VECTOR('',#724,1.);
#724 = DIRECTION('',(-0.,-1.));
#725 = ( GEOMETRIC_REPRESENTATION_CONTEXT(2) 
PARAMETRIC_REPRESENTATION_CONTEXT() REPRESENTATION_CONTEXT('2D SPACE',''
  ) );
#726 = PCURVE('',#576,#727);
#727 = DEFINITIONAL_REPRESENTATION('',(#728),#732);
#728 = LINE('',#729,#730);
#729 = CARTESIAN_POINT('',(-0.,0.));
#730 = VECTOR('',#731,1.);
#731 = DIRECTION('',(-0.,-1.));
#732 = ( GEOMETRIC_REPRESENTATION_CONTEXT(2) 
PARAMETRIC_REPRESENTATION_CONTEXT() REPRESENTATION_CONTEXT('2D SPACE',''
  ) );
#733 = ORIENTED_EDGE('',*,*,#559,.F.);
#734 = ORIENTED_EDGE('',*,*,#713,.F.);
#735 = ADVANCED_FACE('',(#736,#767),#657,.T.);
#736 = FACE_BOUND('',#737,.T.);
#737 = EDGE_LOOP('',(#738));
#738 = ORIENTED_EDGE('',*,*,#739,.T.);
#739 = EDGE_CURVE('',#740,#740,#742,.T.);
#740 = VERTEX_POINT('',#741);
#741 = CARTESIAN_POINT('',(52.,251.,850.5));
#742 = SURFACE_CURVE('',#743,(#748,#755),.PCURVE_S1.);
#743 = CIRCLE('',#744,52.);
#744 = AXIS2_PLACEMENT_3D('',#745,#746,#747);
#745 = CARTESIAN_POINT('',(0.,251.,850.5));
#746 = DIRECTION('',(0.,0.,1.));
#747 = DIRECTION('',(1.,0.,0.));
#748 = PCURVE('',#657,#749);
#749 = DEFINITIONAL_REPRESENTATION('',(#750),#754);
#750 = CIRCLE('',#751,52.);
#751 = AXIS2_PLACEMENT_2D('',#752,#753);
#752 = CARTESIAN_POINT('',(1.683003240049E-15,-2.926288601623E-15));
#753 = DIRECTION('',(1.,0.));
#754 = ( GEOMETRIC_REPRESENTATION_CONTEXT(2) 
PARAMETRIC_REPRESENTATION_CONTEXT() REPRESENTATION_CONTEXT('2D SPACE',''
  ) );
#755 = PCURVE('',#756,#761);
#756 = CYLINDRICAL_SURFACE('',#757,52.);
#757 = AXIS2_PLACEMENT_3D('',#758,#759,#760);
#758 = CARTESIAN_POINT('',(0.,251.,800.5));
#759 = DIRECTION('',(-0.,-0.,-1.));
#760 = DIRECTION('',(1.,0.,0.));
#761 = DEFINITIONAL_REPRESENTATION('',(#762),#766);
#762 = LINE('',#763,#764);
#763 = CARTESIAN_POINT('',(-0.,-50.));
#764 = VECTOR('',#765,1.);
#765 = DIRECTION('',(-1.,0.));
#766 = ( GEOMETRIC_REPRESENTATION_CONTEXT(2) 
PARAMETRIC_REPRESENTATION_CONTEXT() REPRESENTATION_CONTEXT('2D SPACE',''
  ) );
#767 = FACE_BOUND('',#768,.T.);
#768 = EDGE_LOOP('',(#769));
#769 = ORIENTED_EDGE('',*,*,#642,.T.);
#770 = ADVANCED_FACE('',(#771,#774),#701,.F.);
#771 = FACE_BOUND('',#772,.F.);
#772 = EDGE_LOOP('',(#773));
#773 = ORIENTED_EDGE('',*,*,#684,.T.);
#774 = FACE_BOUND('',#775,.F.);
#775 = EDGE_LOOP('',(#776));
#776 = ORIENTED_EDGE('',*,*,#777,.T.);
#777 = EDGE_CURVE('',#778,#778,#780,.T.);
#778 = VERTEX_POINT('',#779);
#779 = CARTESIAN_POINT('',(75.,-349.,627.5));
#780 = SURFACE_CURVE('',#781,(#786,#797),.PCURVE_S1.);
#781 = CIRCLE('',#782,75.);
#782 = AXIS2_PLACEMENT_3D('',#783,#784,#785);
#783 = CARTESIAN_POINT('',(0.,-349.,627.5));
#784 = DIRECTION('',(-0.,1.,0.));
#785 = DIRECTION('',(1.,0.,0.));
#786 = PCURVE('',#701,#787);
#787 = DEFINITIONAL_REPRESENTATION('',(#788),#796);
#788 = ( BOUNDED_CURVE() B_SPLINE_CURVE(2,(#789,#790,#791,#792,#793,#794
,#795),.UNSPECIFIED.,.T.,.F.) B_SPLINE_CURVE_WITH_KNOTS((1,2,2,2,2,1),(
    -2.094395102393,0.,2.094395102393,4.188790204786,6.28318530718,
8.377580409573),.UNSPECIFIED.) CURVE() GEOMETRIC_REPRESENTATION_ITEM() 
RATIONAL_B_SPLINE_CURVE((1.,0.5,1.,0.5,1.,0.5,1.)) REPRESENTATION_ITEM(
  '') );
#789 = CARTESIAN_POINT('',(75.,0.));
#790 = CARTESIAN_POINT('',(75.,-129.9038105676));
#791 = CARTESIAN_POINT('',(-37.5,-64.95190528383));
#792 = CARTESIAN_POINT('',(-150.,-1.836970198721E-14));
#793 = CARTESIAN_POINT('',(-37.5,64.951905283833));
#794 = CARTESIAN_POINT('',(75.,129.90381056766));
#795 = CARTESIAN_POINT('',(75.,0.));
#796 = ( GEOMETRIC_REPRESENTATION_CONTEXT(2) 
PARAMETRIC_REPRESENTATION_CONTEXT() REPRESENTATION_CONTEXT('2D SPACE',''
  ) );
#797 = PCURVE('',#798,#803);
#798 = CYLINDRICAL_SURFACE('',#799,75.);
#799 = AXIS2_PLACEMENT_3D('',#800,#801,#802);
#800 = CARTESIAN_POINT('',(0.,-341.,627.5));
#801 = DIRECTION('',(-0.,1.,-0.));
#802 = DIRECTION('',(1.,0.,0.));
#803 = DEFINITIONAL_REPRESENTATION('',(#804),#808);
#804 = LINE('',#805,#806);
#805 = CARTESIAN_POINT('',(-6.28318530718,-8.));
#806 = VECTOR('',#807,1.);
#807 = DIRECTION('',(1.,-0.));
#808 = ( GEOMETRIC_REPRESENTATION_CONTEXT(2) 
PARAMETRIC_REPRESENTATION_CONTEXT() REPRESENTATION_CONTEXT('2D SPACE',''
  ) );
#809 = ADVANCED_FACE('',(#810),#756,.T.);
#810 = FACE_BOUND('',#811,.F.);
#811 = EDGE_LOOP('',(#812,#845,#866,#867));
#812 = ORIENTED_EDGE('',*,*,#813,.T.);
#813 = EDGE_CURVE('',#814,#814,#816,.T.);
#814 = VERTEX_POINT('',#815);
#815 = CARTESIAN_POINT('',(52.,251.,802.5));
#816 = SURFACE_CURVE('',#817,(#822,#829),.PCURVE_S1.);
#817 = CIRCLE('',#818,52.);
#818 = AXIS2_PLACEMENT_3D('',#819,#820,#821);
#819 = CARTESIAN_POINT('',(0.,251.,802.5));
#820 = DIRECTION('',(0.,0.,-1.));
#821 = DIRECTION('',(1.,0.,0.));
#822 = PCURVE('',#756,#823);
#823 = DEFINITIONAL_REPRESENTATION('',(#824),#828);
#824 = LINE('',#825,#826);
#825 = CARTESIAN_POINT('',(-6.28318530718,-2.));
#826 = VECTOR('',#827,1.);
#827 = DIRECTION('',(1.,-0.));
#828 = ( GEOMETRIC_REPRESENTATION_CONTEXT(2) 
PARAMETRIC_REPRESENTATION_CONTEXT() REPRESENTATION_CONTEXT('2D SPACE',''
  ) );
#829 = PCURVE('',#830,#835);
#830 = PLANE('',#831);
#831 = AXIS2_PLACEMENT_3D('',#832,#833,#834);
#832 = CARTESIAN_POINT('',(-244.,-353.,802.5));
#833 = DIRECTION('',(0.,0.,1.));
#834 = DIRECTION('',(1.,0.,-0.));
#835 = DEFINITIONAL_REPRESENTATION('',(#836),#844);
#836 = ( BOUNDED_CURVE() B_SPLINE_CURVE(2,(#837,#838,#839,#840,#841,#842
,#843),.UNSPECIFIED.,.T.,.F.) B_SPLINE_CURVE_WITH_KNOTS((1,2,2,2,2,1),(
    -2.094395102393,0.,2.094395102393,4.188790204786,6.28318530718,
8.377580409573),.UNSPECIFIED.) CURVE() GEOMETRIC_REPRESENTATION_ITEM() 
RATIONAL_B_SPLINE_CURVE((1.,0.5,1.,0.5,1.,0.5,1.)) REPRESENTATION_ITEM(
  '') );
#837 = CARTESIAN_POINT('',(296.,604.));
#838 = CARTESIAN_POINT('',(296.,513.93335800641));
#839 = CARTESIAN_POINT('',(218.,558.9666790032));
#840 = CARTESIAN_POINT('',(140.,604.));
#841 = CARTESIAN_POINT('',(218.,649.03332099679));
#842 = CARTESIAN_POINT('',(296.,694.06664199358));
#843 = CARTESIAN_POINT('',(296.,604.));
#844 = ( GEOMETRIC_REPRESENTATION_CONTEXT(2) 
PARAMETRIC_REPRESENTATION_CONTEXT() REPRESENTATION_CONTEXT('2D SPACE',''
  ) );
#845 = ORIENTED_EDGE('',*,*,#846,.T.);
#846 = EDGE_CURVE('',#814,#740,#847,.T.);
#847 = SEAM_CURVE('',#848,(#852,#859),.PCURVE_S1.);
#848 = LINE('',#849,#850);
#849 = CARTESIAN_POINT('',(52.,251.,800.5));
#850 = VECTOR('',#851,1.);
#851 = DIRECTION('',(0.,0.,1.));
#852 = PCURVE('',#756,#853);
#853 = DEFINITIONAL_REPRESENTATION('',(#854),#858);
#854 = LINE('',#855,#856);
#855 = CARTESIAN_POINT('',(-6.28318530718,0.));
#856 = VECTOR('',#857,1.);
#857 = DIRECTION('',(-0.,-1.));
#858 = ( GEOMETRIC_REPRESENTATION_CONTEXT(2) 
PARAMETRIC_REPRESENTATION_CONTEXT() REPRESENTATION_CONTEXT('2D SPACE',''
  ) );
#859 = PCURVE('',#756,#860);
#860 = DEFINITIONAL_REPRESENTATION('',(#861),#865);
#861 = LINE('',#862,#863);
#862 = CARTESIAN_POINT('',(-0.,0.));
#863 = VECTOR('',#864,1.);
#864 = DIRECTION('',(-0.,-1.));
#865 = ( GEOMETRIC_REPRESENTATION_CONTEXT(2) 
PARAMETRIC_REPRESENTATION_CONTEXT() REPRESENTATION_CONTEXT('2D SPACE',''
  ) );
#866 = ORIENTED_EDGE('',*,*,#739,.T.);
#867 = ORIENTED_EDGE('',*,*,#846,.F.);
#868 = ADVANCED_FACE('',(#869),#798,.F.);
#869 = FACE_BOUND('',#870,.T.);
#870 = EDGE_LOOP('',(#871,#872,#895,#926));
#871 = ORIENTED_EDGE('',*,*,#777,.T.);
#872 = ORIENTED_EDGE('',*,*,#873,.T.);
#873 = EDGE_CURVE('',#778,#874,#876,.T.);
#874 = VERTEX_POINT('',#875);
#875 = CARTESIAN_POINT('',(75.,-399.,627.5));
#876 = SEAM_CURVE('',#877,(#881,#888),.PCURVE_S1.);
#877 = LINE('',#878,#879);
#878 = CARTESIAN_POINT('',(75.,-341.,627.5));
#879 = VECTOR('',#880,1.);
#880 = DIRECTION('',(0.,-1.,0.));
#881 = PCURVE('',#798,#882);
#882 = DEFINITIONAL_REPRESENTATION('',(#883),#887);
#883 = LINE('',#884,#885);
#884 = CARTESIAN_POINT('',(-6.28318530718,0.));
#885 = VECTOR('',#886,1.);
#886 = DIRECTION('',(-0.,-1.));
#887 = ( GEOMETRIC_REPRESENTATION_CONTEXT(2) 
PARAMETRIC_REPRESENTATION_CONTEXT() REPRESENTATION_CONTEXT('2D SPACE',''
  ) );
#888 = PCURVE('',#798,#889);
#889 = DEFINITIONAL_REPRESENTATION('',(#890),#894);
#890 = LINE('',#891,#892);
#891 = CARTESIAN_POINT('',(-0.,0.));
#892 = VECTOR('',#893,1.);
#893 = DIRECTION('',(-0.,-1.));
#894 = ( GEOMETRIC_REPRESENTATION_CONTEXT(2) 
PARAMETRIC_REPRESENTATION_CONTEXT() REPRESENTATION_CONTEXT('2D SPACE',''
  ) );
#895 = ORIENTED_EDGE('',*,*,#896,.F.);
#896 = EDGE_CURVE('',#874,#874,#897,.T.);
#897 = SURFACE_CURVE('',#898,(#903,#910),.PCURVE_S1.);
#898 = CIRCLE('',#899,75.);
#899 = AXIS2_PLACEMENT_3D('',#900,#901,#902);
#900 = CARTESIAN_POINT('',(0.,-399.,627.5));
#901 = DIRECTION('',(-0.,1.,0.));
#902 = DIRECTION('',(1.,0.,0.));
#903 = PCURVE('',#798,#904);
#904 = DEFINITIONAL_REPRESENTATION('',(#905),#909);
#905 = LINE('',#906,#907);
#906 = CARTESIAN_POINT('',(-6.28318530718,-58.));
#907 = VECTOR('',#908,1.);
#908 = DIRECTION('',(1.,-0.));
#909 = ( GEOMETRIC_REPRESENTATION_CONTEXT(2) 
PARAMETRIC_REPRESENTATION_CONTEXT() REPRESENTATION_CONTEXT('2D SPACE',''
  ) );
#910 = PCURVE('',#911,#916);
#911 = PLANE('',#912);
#912 = AXIS2_PLACEMENT_3D('',#913,#914,#915);
#913 = CARTESIAN_POINT('',(-4.546294466625E-15,-399.,627.5));
#914 = DIRECTION('',(0.,-1.,0.));
#915 = DIRECTION('',(1.,0.,0.));
#916 = DEFINITIONAL_REPRESENTATION('',(#917),#925);
#917 = ( BOUNDED_CURVE() B_SPLINE_CURVE(2,(#918,#919,#920,#921,#922,#923
,#924),.UNSPECIFIED.,.T.,.F.) B_SPLINE_CURVE_WITH_KNOTS((1,2,2,2,2,1),(
    -2.094395102393,0.,2.094395102393,4.188790204786,6.28318530718,
8.377580409573),.UNSPECIFIED.) CURVE() GEOMETRIC_REPRESENTATION_ITEM() 
RATIONAL_B_SPLINE_CURVE((1.,0.5,1.,0.5,1.,0.5,1.)) REPRESENTATION_ITEM(
  '') );
#918 = CARTESIAN_POINT('',(75.,0.));
#919 = CARTESIAN_POINT('',(75.,-129.9038105676));
#920 = CARTESIAN_POINT('',(-37.5,-64.95190528383));
#921 = CARTESIAN_POINT('',(-150.,-1.836970198721E-14));
#922 = CARTESIAN_POINT('',(-37.5,64.951905283833));
#923 = CARTESIAN_POINT('',(75.,129.90381056766));
#924 = CARTESIAN_POINT('',(75.,0.));
#925 = ( GEOMETRIC_REPRESENTATION_CONTEXT(2) 
PARAMETRIC_REPRESENTATION_CONTEXT() REPRESENTATION_CONTEXT('2D SPACE',''
  ) );
#926 = ORIENTED_EDGE('',*,*,#873,.F.);
#927 = ADVANCED_FACE('',(#928,#1042),#830,.T.);
#928 = FACE_BOUND('',#929,.T.);
#929 = EDGE_LOOP('',(#930,#960,#988,#1016));
#930 = ORIENTED_EDGE('',*,*,#931,.F.);
#931 = EDGE_CURVE('',#932,#934,#936,.T.);
#932 = VERTEX_POINT('',#933);
#933 = CARTESIAN_POINT('',(-244.,-353.,802.5));
#934 = VERTEX_POINT('',#935);
#935 = CARTESIAN_POINT('',(-244.,353.,802.5));
#936 = SURFACE_CURVE('',#937,(#941,#948),.PCURVE_S1.);
#937 = LINE('',#938,#939);
#938 = CARTESIAN_POINT('',(-244.,-353.,802.5));
#939 = VECTOR('',#940,1.);
#940 = DIRECTION('',(-0.,1.,0.));
#941 = PCURVE('',#830,#942);
#942 = DEFINITIONAL_REPRESENTATION('',(#943),#947);
#943 = LINE('',#944,#945);
#944 = CARTESIAN_POINT('',(0.,0.));
#945 = VECTOR('',#946,1.);
#946 = DIRECTION('',(0.,1.));
#947 = ( GEOMETRIC_REPRESENTATION_CONTEXT(2) 
PARAMETRIC_REPRESENTATION_CONTEXT() REPRESENTATION_CONTEXT('2D SPACE',''
  ) );
#948 = PCURVE('',#949,#954);
#949 = PLANE('',#950);
#950 = AXIS2_PLACEMENT_3D('',#951,#952,#953);
#951 = CARTESIAN_POINT('',(-244.,-353.,-802.5));
#952 = DIRECTION('',(1.,0.,-0.));
#953 = DIRECTION('',(0.,0.,1.));
#954 = DEFINITIONAL_REPRESENTATION('',(#955),#959);
#955 = LINE('',#956,#957);
#956 = CARTESIAN_POINT('',(1.605E+03,0.));
#957 = VECTOR('',#958,1.);
#958 = DIRECTION('',(0.,-1.));
#959 = ( GEOMETRIC_REPRESENTATION_CONTEXT(2) 
PARAMETRIC_REPRESENTATION_CONTEXT() REPRESENTATION_CONTEXT('2D SPACE',''
  ) );
#960 = ORIENTED_EDGE('',*,*,#961,.T.);
#961 = EDGE_CURVE('',#932,#962,#964,.T.);
#962 = VERTEX_POINT('',#963);
#963 = CARTESIAN_POINT('',(244.,-353.,802.5));
#964 = SURFACE_CURVE('',#965,(#969,#976),.PCURVE_S1.);
#965 = LINE('',#966,#967);
#966 = CARTESIAN_POINT('',(-244.,-353.,802.5));
#967 = VECTOR('',#968,1.);
#968 = DIRECTION('',(1.,0.,-0.));
#969 = PCURVE('',#830,#970);
#970 = DEFINITIONAL_REPRESENTATION('',(#971),#975);
#971 = LINE('',#972,#973);
#972 = CARTESIAN_POINT('',(0.,0.));
#973 = VECTOR('',#974,1.);
#974 = DIRECTION('',(1.,0.));
#975 = ( GEOMETRIC_REPRESENTATION_CONTEXT(2) 
PARAMETRIC_REPRESENTATION_CONTEXT() REPRESENTATION_CONTEXT('2D SPACE',''
  ) );
#976 = PCURVE('',#977,#982);
#977 = PLANE('',#978);
#978 = AXIS2_PLACEMENT_3D('',#979,#980,#981);
#979 = CARTESIAN_POINT('',(-244.,-353.,-802.5));
#980 = DIRECTION('',(-0.,1.,0.));
#981 = DIRECTION('',(0.,0.,1.));
#982 = DEFINITIONAL_REPRESENTATION('',(#983),#987);
#983 = LINE('',#984,#985);
#984 = CARTESIAN_POINT('',(1.605E+03,0.));
#985 = VECTOR('',#986,1.);
#986 = DIRECTION('',(0.,1.));
#987 = ( GEOMETRIC_REPRESENTATION_CONTEXT(2) 
PARAMETRIC_REPRESENTATION_CONTEXT() REPRESENTATION_CONTEXT('2D SPACE',''
  ) );
#988 = ORIENTED_EDGE('',*,*,#989,.T.);
#989 = EDGE_CURVE('',#962,#990,#992,.T.);
#990 = VERTEX_POINT('',#991);
#991 = CARTESIAN_POINT('',(244.,353.,802.5));
#992 = SURFACE_CURVE('',#993,(#997,#1004),.PCURVE_S1.);
#993 = LINE('',#994,#995);
#994 = CARTESIAN_POINT('',(244.,-353.,802.5));
#995 = VECTOR('',#996,1.);
#996 = DIRECTION('',(-0.,1.,0.));
#997 = PCURVE('',#830,#998);
#998 = DEFINITIONAL_REPRESENTATION('',(#999),#1003);
#999 = LINE('',#1000,#1001);
#1000 = CARTESIAN_POINT('',(488.,0.));
#1001 = VECTOR('',#1002,1.);
#1002 = DIRECTION('',(0.,1.));
#1003 = ( GEOMETRIC_REPRESENTATION_CONTEXT(2) 
PARAMETRIC_REPRESENTATION_CONTEXT() REPRESENTATION_CONTEXT('2D SPACE',''
  ) );
#1004 = PCURVE('',#1005,#1010);
#1005 = PLANE('',#1006);
#1006 = AXIS2_PLACEMENT_3D('',#1007,#1008,#1009);
#1007 = CARTESIAN_POINT('',(244.,-353.,-802.5));
#1008 = DIRECTION('',(1.,0.,-0.));
#1009 = DIRECTION('',(0.,0.,1.));
#1010 = DEFINITIONAL_REPRESENTATION('',(#1011),#1015);
#1011 = LINE('',#1012,#1013);
#1012 = CARTESIAN_POINT('',(1.605E+03,0.));
#1013 = VECTOR('',#1014,1.);
#1014 = DIRECTION('',(0.,-1.));
#1015 = ( GEOMETRIC_REPRESENTATION_CONTEXT(2) 
PARAMETRIC_REPRESENTATION_CONTEXT() REPRESENTATION_CONTEXT('2D SPACE',''
  ) );
#1016 = ORIENTED_EDGE('',*,*,#1017,.F.);
#1017 = EDGE_CURVE('',#934,#990,#1018,.T.);
#1018 = SURFACE_CURVE('',#1019,(#1023,#1030),.PCURVE_S1.);
#1019 = LINE('',#1020,#1021);
#1020 = CARTESIAN_POINT('',(-244.,353.,802.5));
#1021 = VECTOR('',#1022,1.);
#1022 = DIRECTION('',(1.,0.,-0.));
#1023 = PCURVE('',#830,#1024);
#1024 = DEFINITIONAL_REPRESENTATION('',(#1025),#1029);
#1025 = LINE('',#1026,#1027);
#1026 = CARTESIAN_POINT('',(0.,706.));
#1027 = VECTOR('',#1028,1.);
#1028 = DIRECTION('',(1.,0.));
#1029 = ( GEOMETRIC_REPRESENTATION_CONTEXT(2) 
PARAMETRIC_REPRESENTATION_CONTEXT() REPRESENTATION_CONTEXT('2D SPACE',''
  ) );
#1030 = PCURVE('',#1031,#1036);
#1031 = PLANE('',#1032);
#1032 = AXIS2_PLACEMENT_3D('',#1033,#1034,#1035);
#1033 = CARTESIAN_POINT('',(-244.,353.,-802.5));
#1034 = DIRECTION('',(-0.,1.,0.));
#1035 = DIRECTION('',(0.,0.,1.));
#1036 = DEFINITIONAL_REPRESENTATION('',(#1037),#1041);
#1037 = LINE('',#1038,#1039);
#1038 = CARTESIAN_POINT('',(1.605E+03,0.));
#1039 = VECTOR('',#1040,1.);
#1040 = DIRECTION('',(0.,1.));
#1041 = ( GEOMETRIC_REPRESENTATION_CONTEXT(2) 
PARAMETRIC_REPRESENTATION_CONTEXT() REPRESENTATION_CONTEXT('2D SPACE',''
  ) );
#1042 = FACE_BOUND('',#1043,.T.);
#1043 = EDGE_LOOP('',(#1044));
#1044 = ORIENTED_EDGE('',*,*,#813,.T.);
#1045 = ADVANCED_FACE('',(#1046,#1077),#911,.T.);
#1046 = FACE_BOUND('',#1047,.T.);
#1047 = EDGE_LOOP('',(#1048));
#1048 = ORIENTED_EDGE('',*,*,#1049,.T.);
#1049 = EDGE_CURVE('',#1050,#1050,#1052,.T.);
#1050 = VERTEX_POINT('',#1051);
#1051 = CARTESIAN_POINT('',(77.,-399.,627.5));
#1052 = SURFACE_CURVE('',#1053,(#1058,#1065),.PCURVE_S1.);
#1053 = CIRCLE('',#1054,77.);
#1054 = AXIS2_PLACEMENT_3D('',#1055,#1056,#1057);
#1055 = CARTESIAN_POINT('',(0.,-399.,627.5));
#1056 = DIRECTION('',(0.,-1.,0.));
#1057 = DIRECTION('',(1.,0.,0.));
#1058 = PCURVE('',#911,#1059);
#1059 = DEFINITIONAL_REPRESENTATION('',(#1060),#1064);
#1060 = CIRCLE('',#1061,77.);
#1061 = AXIS2_PLACEMENT_2D('',#1062,#1063);
#1062 = CARTESIAN_POINT('',(4.546294466625E-15,-1.403034348813E-15));
#1063 = DIRECTION('',(1.,0.));
#1064 = ( GEOMETRIC_REPRESENTATION_CONTEXT(2) 
PARAMETRIC_REPRESENTATION_CONTEXT() REPRESENTATION_CONTEXT('2D SPACE',''
  ) );
#1065 = PCURVE('',#1066,#1071);
#1066 = CYLINDRICAL_SURFACE('',#1067,77.);
#1067 = AXIS2_PLACEMENT_3D('',#1068,#1069,#1070);
#1068 = CARTESIAN_POINT('',(0.,-349.,627.5));
#1069 = DIRECTION('',(-0.,1.,-0.));
#1070 = DIRECTION('',(1.,0.,0.));
#1071 = DEFINITIONAL_REPRESENTATION('',(#1072),#1076);
#1072 = LINE('',#1073,#1074);
#1073 = CARTESIAN_POINT('',(-0.,-50.));
#1074 = VECTOR('',#1075,1.);
#1075 = DIRECTION('',(-1.,0.));
#1076 = ( GEOMETRIC_REPRESENTATION_CONTEXT(2) 
PARAMETRIC_REPRESENTATION_CONTEXT() REPRESENTATION_CONTEXT('2D SPACE',''
  ) );
#1077 = FACE_BOUND('',#1078,.T.);
#1078 = EDGE_LOOP('',(#1079));
#1079 = ORIENTED_EDGE('',*,*,#896,.T.);
#1080 = ADVANCED_FACE('',(#1081),#949,.F.);
#1081 = FACE_BOUND('',#1082,.F.);
#1082 = EDGE_LOOP('',(#1083,#1106,#1134,#1155));
#1083 = ORIENTED_EDGE('',*,*,#1084,.F.);
#1084 = EDGE_CURVE('',#1085,#932,#1087,.T.);
#1085 = VERTEX_POINT('',#1086);
#1086 = CARTESIAN_POINT('',(-244.,-353.,-802.5));
#1087 = SURFACE_CURVE('',#1088,(#1092,#1099),.PCURVE_S1.);
#1088 = LINE('',#1089,#1090);
#1089 = CARTESIAN_POINT('',(-244.,-353.,-802.5));
#1090 = VECTOR('',#1091,1.);
#1091 = DIRECTION('',(0.,0.,1.));
#1092 = PCURVE('',#949,#1093);
#1093 = DEFINITIONAL_REPRESENTATION('',(#1094),#1098);
#1094 = LINE('',#1095,#1096);
#1095 = CARTESIAN_POINT('',(0.,0.));
#1096 = VECTOR('',#1097,1.);
#1097 = DIRECTION('',(1.,0.));
#1098 = ( GEOMETRIC_REPRESENTATION_CONTEXT(2) 
PARAMETRIC_REPRESENTATION_CONTEXT() REPRESENTATION_CONTEXT('2D SPACE',''
  ) );
#1099 = PCURVE('',#977,#1100);
#1100 = DEFINITIONAL_REPRESENTATION('',(#1101),#1105);
#1101 = LINE('',#1102,#1103);
#1102 = CARTESIAN_POINT('',(0.,0.));
#1103 = VECTOR('',#1104,1.);
#1104 = DIRECTION('',(1.,0.));
#1105 = ( GEOMETRIC_REPRESENTATION_CONTEXT(2) 
PARAMETRIC_REPRESENTATION_CONTEXT() REPRESENTATION_CONTEXT('2D SPACE',''
  ) );
#1106 = ORIENTED_EDGE('',*,*,#1107,.T.);
#1107 = EDGE_CURVE('',#1085,#1108,#1110,.T.);
#1108 = VERTEX_POINT('',#1109);
#1109 = CARTESIAN_POINT('',(-244.,353.,-802.5));
#1110 = SURFACE_CURVE('',#1111,(#1115,#1122),.PCURVE_S1.);
#1111 = LINE('',#1112,#1113);
#1112 = CARTESIAN_POINT('',(-244.,-353.,-802.5));
#1113 = VECTOR('',#1114,1.);
#1114 = DIRECTION('',(-0.,1.,0.));
#1115 = PCURVE('',#949,#1116);
#1116 = DEFINITIONAL_REPRESENTATION('',(#1117),#1121);
#1117 = LINE('',#1118,#1119);
#1118 = CARTESIAN_POINT('',(0.,0.));
#1119 = VECTOR('',#1120,1.);
#1120 = DIRECTION('',(0.,-1.));
#1121 = ( GEOMETRIC_REPRESENTATION_CONTEXT(2) 
PARAMETRIC_REPRESENTATION_CONTEXT() REPRESENTATION_CONTEXT('2D SPACE',''
  ) );
#1122 = PCURVE('',#1123,#1128);
#1123 = PLANE('',#1124);
#1124 = AXIS2_PLACEMENT_3D('',#1125,#1126,#1127);
#1125 = CARTESIAN_POINT('',(-244.,-353.,-802.5));
#1126 = DIRECTION('',(0.,0.,1.));
#1127 = DIRECTION('',(1.,0.,-0.));
#1128 = DEFINITIONAL_REPRESENTATION('',(#1129),#1133);
#1129 = LINE('',#1130,#1131);
#1130 = CARTESIAN_POINT('',(0.,0.));
#1131 = VECTOR('',#1132,1.);
#1132 = DIRECTION('',(0.,1.));
#1133 = ( GEOMETRIC_REPRESENTATION_CONTEXT(2) 
PARAMETRIC_REPRESENTATION_CONTEXT() REPRESENTATION_CONTEXT('2D SPACE',''
  ) );
#1134 = ORIENTED_EDGE('',*,*,#1135,.T.);
#1135 = EDGE_CURVE('',#1108,#934,#1136,.T.);
#1136 = SURFACE_CURVE('',#1137,(#1141,#1148),.PCURVE_S1.);
#1137 = LINE('',#1138,#1139);
#1138 = CARTESIAN_POINT('',(-244.,353.,-802.5));
#1139 = VECTOR('',#1140,1.);
#1140 = DIRECTION('',(0.,0.,1.));
#1141 = PCURVE('',#949,#1142);
#1142 = DEFINITIONAL_REPRESENTATION('',(#1143),#1147);
#1143 = LINE('',#1144,#1145);
#1144 = CARTESIAN_POINT('',(0.,-706.));
#1145 = VECTOR('',#1146,1.);
#1146 = DIRECTION('',(1.,0.));
#1147 = ( GEOMETRIC_REPRESENTATION_CONTEXT(2) 
PARAMETRIC_REPRESENTATION_CONTEXT() REPRESENTATION_CONTEXT('2D SPACE',''
  ) );
#1148 = PCURVE('',#1031,#1149);
#1149 = DEFINITIONAL_REPRESENTATION('',(#1150),#1154);
#1150 = LINE('',#1151,#1152);
#1151 = CARTESIAN_POINT('',(0.,0.));
#1152 = VECTOR('',#1153,1.);
#1153 = DIRECTION('',(1.,0.));
#1154 = ( GEOMETRIC_REPRESENTATION_CONTEXT(2) 
PARAMETRIC_REPRESENTATION_CONTEXT() REPRESENTATION_CONTEXT('2D SPACE',''
  ) );
#1155 = ORIENTED_EDGE('',*,*,#931,.F.);
#1156 = ADVANCED_FACE('',(#1157),#1031,.T.);
#1157 = FACE_BOUND('',#1158,.T.);
#1158 = EDGE_LOOP('',(#1159,#1182,#1183,#1184));
#1159 = ORIENTED_EDGE('',*,*,#1160,.F.);
#1160 = EDGE_CURVE('',#1108,#1161,#1163,.T.);
#1161 = VERTEX_POINT('',#1162);
#1162 = CARTESIAN_POINT('',(244.,353.,-802.5));
#1163 = SURFACE_CURVE('',#1164,(#1168,#1175),.PCURVE_S1.);
#1164 = LINE('',#1165,#1166);
#1165 = CARTESIAN_POINT('',(-244.,353.,-802.5));
#1166 = VECTOR('',#1167,1.);
#1167 = DIRECTION('',(1.,0.,-0.));
#1168 = PCURVE('',#1031,#1169);
#1169 = DEFINITIONAL_REPRESENTATION('',(#1170),#1174);
#1170 = LINE('',#1171,#1172);
#1171 = CARTESIAN_POINT('',(0.,0.));
#1172 = VECTOR('',#1173,1.);
#1173 = DIRECTION('',(0.,1.));
#1174 = ( GEOMETRIC_REPRESENTATION_CONTEXT(2) 
PARAMETRIC_REPRESENTATION_CONTEXT() REPRESENTATION_CONTEXT('2D SPACE',''
  ) );
#1175 = PCURVE('',#1123,#1176);
#1176 = DEFINITIONAL_REPRESENTATION('',(#1177),#1181);
#1177 = LINE('',#1178,#1179);
#1178 = CARTESIAN_POINT('',(0.,706.));
#1179 = VECTOR('',#1180,1.);
#1180 = DIRECTION('',(1.,0.));
#1181 = ( GEOMETRIC_REPRESENTATION_CONTEXT(2) 
PARAMETRIC_REPRESENTATION_CONTEXT() REPRESENTATION_CONTEXT('2D SPACE',''
  ) );
#1182 = ORIENTED_EDGE('',*,*,#1135,.T.);
#1183 = ORIENTED_EDGE('',*,*,#1017,.T.);
#1184 = ORIENTED_EDGE('',*,*,#1185,.F.);
#1185 = EDGE_CURVE('',#1161,#990,#1186,.T.);
#1186 = SURFACE_CURVE('',#1187,(#1191,#1198),.PCURVE_S1.);
#1187 = LINE('',#1188,#1189);
#1188 = CARTESIAN_POINT('',(244.,353.,-802.5));
#1189 = VECTOR('',#1190,1.);
#1190 = DIRECTION('',(0.,0.,1.));
#1191 = PCURVE('',#1031,#1192);
#1192 = DEFINITIONAL_REPRESENTATION('',(#1193),#1197);
#1193 = LINE('',#1194,#1195);
#1194 = CARTESIAN_POINT('',(0.,488.));
#1195 = VECTOR('',#1196,1.);
#1196 = DIRECTION('',(1.,0.));
#1197 = ( GEOMETRIC_REPRESENTATION_CONTEXT(2) 
PARAMETRIC_REPRESENTATION_CONTEXT() REPRESENTATION_CONTEXT('2D SPACE',''
  ) );
#1198 = PCURVE('',#1005,#1199);
#1199 = DEFINITIONAL_REPRESENTATION('',(#1200),#1204);
#1200 = LINE('',#1201,#1202);
#1201 = CARTESIAN_POINT('',(0.,-706.));
#1202 = VECTOR('',#1203,1.);
#1203 = DIRECTION('',(1.,0.));
#1204 = ( GEOMETRIC_REPRESENTATION_CONTEXT(2) 
PARAMETRIC_REPRESENTATION_CONTEXT() REPRESENTATION_CONTEXT('2D SPACE',''
  ) );
#1205 = ADVANCED_FACE('',(#1206,#1254),#977,.F.);
#1206 = FACE_BOUND('',#1207,.F.);
#1207 = EDGE_LOOP('',(#1208,#1231,#1232,#1233));
#1208 = ORIENTED_EDGE('',*,*,#1209,.F.);
#1209 = EDGE_CURVE('',#1085,#1210,#1212,.T.);
#1210 = VERTEX_POINT('',#1211);
#1211 = CARTESIAN_POINT('',(244.,-353.,-802.5));
#1212 = SURFACE_CURVE('',#1213,(#1217,#1224),.PCURVE_S1.);
#1213 = LINE('',#1214,#1215);
#1214 = CARTESIAN_POINT('',(-244.,-353.,-802.5));
#1215 = VECTOR('',#1216,1.);
#1216 = DIRECTION('',(1.,0.,-0.));
#1217 = PCURVE('',#977,#1218);
#1218 = DEFINITIONAL_REPRESENTATION('',(#1219),#1223);
#1219 = LINE('',#1220,#1221);
#1220 = CARTESIAN_POINT('',(0.,0.));
#1221 = VECTOR('',#1222,1.);
#1222 = DIRECTION('',(0.,1.));
#1223 = ( GEOMETRIC_REPRESENTATION_CONTEXT(2) 
PARAMETRIC_REPRESENTATION_CONTEXT() REPRESENTATION_CONTEXT('2D SPACE',''
  ) );
#1224 = PCURVE('',#1123,#1225);
#1225 = DEFINITIONAL_REPRESENTATION('',(#1226),#1230);
#1226 = LINE('',#1227,#1228);
#1227 = CARTESIAN_POINT('',(0.,0.));
#1228 = VECTOR('',#1229,1.);
#1229 = DIRECTION('',(1.,0.));
#1230 = ( GEOMETRIC_REPRESENTATION_CONTEXT(2) 
PARAMETRIC_REPRESENTATION_CONTEXT() REPRESENTATION_CONTEXT('2D SPACE',''
  ) );
#1231 = ORIENTED_EDGE('',*,*,#1084,.T.);
#1232 = ORIENTED_EDGE('',*,*,#961,.T.);
#1233 = ORIENTED_EDGE('',*,*,#1234,.F.);
#1234 = EDGE_CURVE('',#1210,#962,#1235,.T.);
#1235 = SURFACE_CURVE('',#1236,(#1240,#1247),.PCURVE_S1.);
#1236 = LINE('',#1237,#1238);
#1237 = CARTESIAN_POINT('',(244.,-353.,-802.5));
#1238 = VECTOR('',#1239,1.);
#1239 = DIRECTION('',(0.,0.,1.));
#1240 = PCURVE('',#977,#1241);
#1241 = DEFINITIONAL_REPRESENTATION('',(#1242),#1246);
#1242 = LINE('',#1243,#1244);
#1243 = CARTESIAN_POINT('',(0.,488.));
#1244 = VECTOR('',#1245,1.);
#1245 = DIRECTION('',(1.,0.));
#1246 = ( GEOMETRIC_REPRESENTATION_CONTEXT(2) 
PARAMETRIC_REPRESENTATION_CONTEXT() REPRESENTATION_CONTEXT('2D SPACE',''
  ) );
#1247 = PCURVE('',#1005,#1248);
#1248 = DEFINITIONAL_REPRESENTATION('',(#1249),#1253);
#1249 = LINE('',#1250,#1251);
#1250 = CARTESIAN_POINT('',(0.,0.));
#1251 = VECTOR('',#1252,1.);
#1252 = DIRECTION('',(1.,0.));
#1253 = ( GEOMETRIC_REPRESENTATION_CONTEXT(2) 
PARAMETRIC_REPRESENTATION_CONTEXT() REPRESENTATION_CONTEXT('2D SPACE',''
  ) );
#1254 = FACE_BOUND('',#1255,.F.);
#1255 = EDGE_LOOP('',(#1256));
#1256 = ORIENTED_EDGE('',*,*,#1257,.F.);
#1257 = EDGE_CURVE('',#1258,#1258,#1260,.T.);
#1258 = VERTEX_POINT('',#1259);
#1259 = CARTESIAN_POINT('',(77.,-353.,627.5));
#1260 = SURFACE_CURVE('',#1261,(#1266,#1273),.PCURVE_S1.);
#1261 = CIRCLE('',#1262,77.);
#1262 = AXIS2_PLACEMENT_3D('',#1263,#1264,#1265);
#1263 = CARTESIAN_POINT('',(0.,-353.,627.5));
#1264 = DIRECTION('',(-0.,1.,0.));
#1265 = DIRECTION('',(1.,0.,0.));
#1266 = PCURVE('',#977,#1267);
#1267 = DEFINITIONAL_REPRESENTATION('',(#1268),#1272);
#1268 = CIRCLE('',#1269,77.);
#1269 = AXIS2_PLACEMENT_2D('',#1270,#1271);
#1270 = CARTESIAN_POINT('',(1.43E+03,244.));
#1271 = DIRECTION('',(0.,1.));
#1272 = ( GEOMETRIC_REPRESENTATION_CONTEXT(2) 
PARAMETRIC_REPRESENTATION_CONTEXT() REPRESENTATION_CONTEXT('2D SPACE',''
  ) );
#1273 = PCURVE('',#1066,#1274);
#1274 = DEFINITIONAL_REPRESENTATION('',(#1275),#1279);
#1275 = LINE('',#1276,#1277);
#1276 = CARTESIAN_POINT('',(-6.28318530718,-4.));
#1277 = VECTOR('',#1278,1.);
#1278 = DIRECTION('',(1.,-0.));
#1279 = ( GEOMETRIC_REPRESENTATION_CONTEXT(2) 
PARAMETRIC_REPRESENTATION_CONTEXT() REPRESENTATION_CONTEXT('2D SPACE',''
  ) );
#1280 = ADVANCED_FACE('',(#1281),#1005,.T.);
#1281 = FACE_BOUND('',#1282,.T.);
#1282 = EDGE_LOOP('',(#1283,#1284,#1305,#1306));
#1283 = ORIENTED_EDGE('',*,*,#1234,.F.);
#1284 = ORIENTED_EDGE('',*,*,#1285,.T.);
#1285 = EDGE_CURVE('',#1210,#1161,#1286,.T.);
#1286 = SURFACE_CURVE('',#1287,(#1291,#1298),.PCURVE_S1.);
#1287 = LINE('',#1288,#1289);
#1288 = CARTESIAN_POINT('',(244.,-353.,-802.5));
#1289 = VECTOR('',#1290,1.);
#1290 = DIRECTION('',(-0.,1.,0.));
#1291 = PCURVE('',#1005,#1292);
#1292 = DEFINITIONAL_REPRESENTATION('',(#1293),#1297);
#1293 = LINE('',#1294,#1295);
#1294 = CARTESIAN_POINT('',(0.,0.));
#1295 = VECTOR('',#1296,1.);
#1296 = DIRECTION('',(0.,-1.));
#1297 = ( GEOMETRIC_REPRESENTATION_CONTEXT(2) 
PARAMETRIC_REPRESENTATION_CONTEXT() REPRESENTATION_CONTEXT('2D SPACE',''
  ) );
#1298 = PCURVE('',#1123,#1299);
#1299 = DEFINITIONAL_REPRESENTATION('',(#1300),#1304);
#1300 = LINE('',#1301,#1302);
#1301 = CARTESIAN_POINT('',(488.,0.));
#1302 = VECTOR('',#1303,1.);
#1303 = DIRECTION('',(0.,1.));
#1304 = ( GEOMETRIC_REPRESENTATION_CONTEXT(2) 
PARAMETRIC_REPRESENTATION_CONTEXT() REPRESENTATION_CONTEXT('2D SPACE',''
  ) );
#1305 = ORIENTED_EDGE('',*,*,#1185,.T.);
#1306 = ORIENTED_EDGE('',*,*,#989,.F.);
#1307 = ADVANCED_FACE('',(#1308),#1066,.T.);
#1308 = FACE_BOUND('',#1309,.F.);
#1309 = EDGE_LOOP('',(#1310,#1311,#1332,#1333));
#1310 = ORIENTED_EDGE('',*,*,#1257,.T.);
#1311 = ORIENTED_EDGE('',*,*,#1312,.T.);
#1312 = EDGE_CURVE('',#1258,#1050,#1313,.T.);
#1313 = SEAM_CURVE('',#1314,(#1318,#1325),.PCURVE_S1.);
#1314 = LINE('',#1315,#1316);
#1315 = CARTESIAN_POINT('',(77.,-349.,627.5));
#1316 = VECTOR('',#1317,1.);
#1317 = DIRECTION('',(0.,-1.,0.));
#1318 = PCURVE('',#1066,#1319);
#1319 = DEFINITIONAL_REPRESENTATION('',(#1320),#1324);
#1320 = LINE('',#1321,#1322);
#1321 = CARTESIAN_POINT('',(-6.28318530718,0.));
#1322 = VECTOR('',#1323,1.);
#1323 = DIRECTION('',(-0.,-1.));
#1324 = ( GEOMETRIC_REPRESENTATION_CONTEXT(2) 
PARAMETRIC_REPRESENTATION_CONTEXT() REPRESENTATION_CONTEXT('2D SPACE',''
  ) );
#1325 = PCURVE('',#1066,#1326);
#1326 = DEFINITIONAL_REPRESENTATION('',(#1327),#1331);
#1327 = LINE('',#1328,#1329);
#1328 = CARTESIAN_POINT('',(-0.,0.));
#1329 = VECTOR('',#1330,1.);
#1330 = DIRECTION('',(-0.,-1.));
#1331 = ( GEOMETRIC_REPRESENTATION_CONTEXT(2) 
PARAMETRIC_REPRESENTATION_CONTEXT() REPRESENTATION_CONTEXT('2D SPACE',''
  ) );
#1332 = ORIENTED_EDGE('',*,*,#1049,.T.);
#1333 = ORIENTED_EDGE('',*,*,#1312,.F.);
#1334 = ADVANCED_FACE('',(#1335),#1123,.F.);
#1335 = FACE_BOUND('',#1336,.F.);
#1336 = EDGE_LOOP('',(#1337,#1338,#1339,#1340));
#1337 = ORIENTED_EDGE('',*,*,#1107,.F.);
#1338 = ORIENTED_EDGE('',*,*,#1209,.T.);
#1339 = ORIENTED_EDGE('',*,*,#1285,.T.);
#1340 = ORIENTED_EDGE('',*,*,#1160,.F.);
#1341 = ( GEOMETRIC_REPRESENTATION_CONTEXT(3) 
GLOBAL_UNCERTAINTY_ASSIGNED_CONTEXT((#1345)) 
GLOBAL_UNIT_ASSIGNED_CONTEXT((#1342,#1343,#1344)) REPRESENTATION_CONTEXT
('Context #1','3D Context with UNIT and UNCERTAINTY') );
#1342 = ( LENGTH_UNIT() NAMED_UNIT(*) SI_UNIT(.MILLI.,.METRE.) );
#1343 = ( NAMED_UNIT(*) PLANE_ANGLE_UNIT() SI_UNIT($,.RADIAN.) );
#1344 = ( NAMED_UNIT(*) SI_UNIT($,.STERADIAN.) SOLID_ANGLE_UNIT() );
#1345 = UNCERTAINTY_MEASURE_WITH_UNIT(LENGTH_MEASURE(1.E-07),#1342,
  'distance_accuracy_value','confusion accuracy');
#1346 = CONTEXT_DEPENDENT_SHAPE_REPRESENTATION(#1347,#1349);
#1347 = ( REPRESENTATION_RELATIONSHIP('','',#224,#10) 
REPRESENTATION_RELATIONSHIP_WITH_TRANSFORMATION(#1348) 
SHAPE_REPRESENTATION_RELATIONSHIP() );
#1348 = ITEM_DEFINED_TRANSFORMATION('','',#11,#15);
#1349 = PRODUCT_DEFINITION_SHAPE('Placement','Placement of an item',
  #1350);
#1350 = NEXT_ASSEMBLY_USAGE_OCCURRENCE('1','=>[0:1:1:2]','',#5,#219,$);
#1351 = PRODUCT_RELATED_PRODUCT_CATEGORY('part',$,(#221));
#1352 = SHAPE_DEFINITION_REPRESENTATION(#1353,#1359);
#1353 = PRODUCT_DEFINITION_SHAPE('','',#1354);
#1354 = PRODUCT_DEFINITION('design','',#1355,#1358);
#1355 = PRODUCT_DEFINITION_FORMATION('','',#1356);
#1356 = PRODUCT('COMPOUND','COMPOUND','',(#1357));
#1357 = PRODUCT_CONTEXT('',#2,'mechanical');
#1358 = PRODUCT_DEFINITION_CONTEXT('part definition',#2,'design');
#1359 = ADVANCED_BREP_SHAPE_REPRESENTATION('',(#11,#1360),#1690);
#1360 = MANIFOLD_SOLID_BREP('',#1361);
#1361 = CLOSED_SHELL('',(#1362,#1482,#1558,#1629,#1676,#1683));
#1362 = ADVANCED_FACE('',(#1363),#1377,.T.);
#1363 = FACE_BOUND('',#1364,.T.);
#1364 = EDGE_LOOP('',(#1365,#1400,#1428,#1456));
#1365 = ORIENTED_EDGE('',*,*,#1366,.T.);
#1366 = EDGE_CURVE('',#1367,#1369,#1371,.T.);
#1367 = VERTEX_POINT('',#1368);
#1368 = CARTESIAN_POINT('',(-242.,-151.,452.5));
#1369 = VERTEX_POINT('',#1370);
#1370 = CARTESIAN_POINT('',(-242.,-151.,454.5));
#1371 = SURFACE_CURVE('',#1372,(#1376,#1388),.PCURVE_S1.);
#1372 = LINE('',#1373,#1374);
#1373 = CARTESIAN_POINT('',(-242.,-151.,452.5));
#1374 = VECTOR('',#1375,1.);
#1375 = DIRECTION('',(0.,0.,1.));
#1376 = PCURVE('',#1377,#1382);
#1377 = PLANE('',#1378);
#1378 = AXIS2_PLACEMENT_3D('',#1379,#1380,#1381);
#1379 = CARTESIAN_POINT('',(-242.,-151.,452.5));
#1380 = DIRECTION('',(-1.,0.,0.));
#1381 = DIRECTION('',(0.,1.,0.));
#1382 = DEFINITIONAL_REPRESENTATION('',(#1383),#1387);
#1383 = LINE('',#1384,#1385);
#1384 = CARTESIAN_POINT('',(0.,0.));
#1385 = VECTOR('',#1386,1.);
#1386 = DIRECTION('',(0.,-1.));
#1387 = ( GEOMETRIC_REPRESENTATION_CONTEXT(2) 
PARAMETRIC_REPRESENTATION_CONTEXT() REPRESENTATION_CONTEXT('2D SPACE',''
  ) );
#1388 = PCURVE('',#1389,#1394);
#1389 = PLANE('',#1390);
#1390 = AXIS2_PLACEMENT_3D('',#1391,#1392,#1393);
#1391 = CARTESIAN_POINT('',(-242.,-151.,452.5));
#1392 = DIRECTION('',(0.,1.,0.));
#1393 = DIRECTION('',(1.,0.,0.));
#1394 = DEFINITIONAL_REPRESENTATION('',(#1395),#1399);
#1395 = LINE('',#1396,#1397);
#1396 = CARTESIAN_POINT('',(0.,0.));
#1397 = VECTOR('',#1398,1.);
#1398 = DIRECTION('',(0.,-1.));
#1399 = ( GEOMETRIC_REPRESENTATION_CONTEXT(2) 
PARAMETRIC_REPRESENTATION_CONTEXT() REPRESENTATION_CONTEXT('2D SPACE',''
  ) );
#1400 = ORIENTED_EDGE('',*,*,#1401,.T.);
#1401 = EDGE_CURVE('',#1369,#1402,#1404,.T.);
#1402 = VERTEX_POINT('',#1403);
#1403 = CARTESIAN_POINT('',(-242.,201.,454.5));
#1404 = SURFACE_CURVE('',#1405,(#1409,#1416),.PCURVE_S1.);
#1405 = LINE('',#1406,#1407);
#1406 = CARTESIAN_POINT('',(-242.,0.,454.5));
#1407 = VECTOR('',#1408,1.);
#1408 = DIRECTION('',(0.,1.,0.));
#1409 = PCURVE('',#1377,#1410);
#1410 = DEFINITIONAL_REPRESENTATION('',(#1411),#1415);
#1411 = LINE('',#1412,#1413);
#1412 = CARTESIAN_POINT('',(151.,-2.));
#1413 = VECTOR('',#1414,1.);
#1414 = DIRECTION('',(1.,0.));
#1415 = ( GEOMETRIC_REPRESENTATION_CONTEXT(2) 
PARAMETRIC_REPRESENTATION_CONTEXT() REPRESENTATION_CONTEXT('2D SPACE',''
  ) );
#1416 = PCURVE('',#1417,#1422);
#1417 = PLANE('',#1418);
#1418 = AXIS2_PLACEMENT_3D('',#1419,#1420,#1421);
#1419 = CARTESIAN_POINT('',(0.,0.,454.5));
#1420 = DIRECTION('',(0.,0.,1.));
#1421 = DIRECTION('',(1.,0.,0.));
#1422 = DEFINITIONAL_REPRESENTATION('',(#1423),#1427);
#1423 = LINE('',#1424,#1425);
#1424 = CARTESIAN_POINT('',(-242.,0.));
#1425 = VECTOR('',#1426,1.);
#1426 = DIRECTION('',(0.,1.));
#1427 = ( GEOMETRIC_REPRESENTATION_CONTEXT(2) 
PARAMETRIC_REPRESENTATION_CONTEXT() REPRESENTATION_CONTEXT('2D SPACE',''
  ) );
#1428 = ORIENTED_EDGE('',*,*,#1429,.F.);
#1429 = EDGE_CURVE('',#1430,#1402,#1432,.T.);
#1430 = VERTEX_POINT('',#1431);
#1431 = CARTESIAN_POINT('',(-242.,201.,452.5));
#1432 = SURFACE_CURVE('',#1433,(#1437,#1444),.PCURVE_S1.);
#1433 = LINE('',#1434,#1435);
#1434 = CARTESIAN_POINT('',(-242.,201.,452.5));
#1435 = VECTOR('',#1436,1.);
#1436 = DIRECTION('',(0.,0.,1.));
#1437 = PCURVE('',#1377,#1438);
#1438 = DEFINITIONAL_REPRESENTATION('',(#1439),#1443);
#1439 = LINE('',#1440,#1441);
#1440 = CARTESIAN_POINT('',(352.,0.));
#1441 = VECTOR('',#1442,1.);
#1442 = DIRECTION('',(0.,-1.));
#1443 = ( GEOMETRIC_REPRESENTATION_CONTEXT(2) 
PARAMETRIC_REPRESENTATION_CONTEXT() REPRESENTATION_CONTEXT('2D SPACE',''
  ) );
#1444 = PCURVE('',#1445,#1450);
#1445 = PLANE('',#1446);
#1446 = AXIS2_PLACEMENT_3D('',#1447,#1448,#1449);
#1447 = CARTESIAN_POINT('',(-242.,201.,452.5));
#1448 = DIRECTION('',(0.,1.,0.));
#1449 = DIRECTION('',(1.,0.,0.));
#1450 = DEFINITIONAL_REPRESENTATION('',(#1451),#1455);
#1451 = LINE('',#1452,#1453);
#1452 = CARTESIAN_POINT('',(0.,0.));
#1453 = VECTOR('',#1454,1.);
#1454 = DIRECTION('',(0.,-1.));
#1455 = ( GEOMETRIC_REPRESENTATION_CONTEXT(2) 
PARAMETRIC_REPRESENTATION_CONTEXT() REPRESENTATION_CONTEXT('2D SPACE',''
  ) );
#1456 = ORIENTED_EDGE('',*,*,#1457,.F.);
#1457 = EDGE_CURVE('',#1367,#1430,#1458,.T.);
#1458 = SURFACE_CURVE('',#1459,(#1463,#1470),.PCURVE_S1.);
#1459 = LINE('',#1460,#1461);
#1460 = CARTESIAN_POINT('',(-242.,0.,452.5));
#1461 = VECTOR('',#1462,1.);
#1462 = DIRECTION('',(0.,1.,0.));
#1463 = PCURVE('',#1377,#1464);
#1464 = DEFINITIONAL_REPRESENTATION('',(#1465),#1469);
#1465 = LINE('',#1466,#1467);
#1466 = CARTESIAN_POINT('',(151.,0.));
#1467 = VECTOR('',#1468,1.);
#1468 = DIRECTION('',(1.,0.));
#1469 = ( GEOMETRIC_REPRESENTATION_CONTEXT(2) 
PARAMETRIC_REPRESENTATION_CONTEXT() REPRESENTATION_CONTEXT('2D SPACE',''
  ) );
#1470 = PCURVE('',#1471,#1476);
#1471 = PLANE('',#1472);
#1472 = AXIS2_PLACEMENT_3D('',#1473,#1474,#1475);
#1473 = CARTESIAN_POINT('',(0.,0.,452.5));
#1474 = DIRECTION('',(0.,0.,1.));
#1475 = DIRECTION('',(1.,0.,0.));
#1476 = DEFINITIONAL_REPRESENTATION('',(#1477),#1481);
#1477 = LINE('',#1478,#1479);
#1478 = CARTESIAN_POINT('',(-242.,0.));
#1479 = VECTOR('',#1480,1.);
#1480 = DIRECTION('',(0.,1.));
#1481 = ( GEOMETRIC_REPRESENTATION_CONTEXT(2) 
PARAMETRIC_REPRESENTATION_CONTEXT() REPRESENTATION_CONTEXT('2D SPACE',''
  ) );
#1482 = ADVANCED_FACE('',(#1483),#1445,.T.);
#1483 = FACE_BOUND('',#1484,.T.);
#1484 = EDGE_LOOP('',(#1485,#1486,#1509,#1537));
#1485 = ORIENTED_EDGE('',*,*,#1429,.T.);
#1486 = ORIENTED_EDGE('',*,*,#1487,.T.);
#1487 = EDGE_CURVE('',#1402,#1488,#1490,.T.);
#1488 = VERTEX_POINT('',#1489);
#1489 = CARTESIAN_POINT('',(242.,201.,454.5));
#1490 = SURFACE_CURVE('',#1491,(#1495,#1502),.PCURVE_S1.);
#1491 = LINE('',#1492,#1493);
#1492 = CARTESIAN_POINT('',(0.,201.,454.5));
#1493 = VECTOR('',#1494,1.);
#1494 = DIRECTION('',(1.,0.,0.));
#1495 = PCURVE('',#1445,#1496);
#1496 = DEFINITIONAL_REPRESENTATION('',(#1497),#1501);
#1497 = LINE('',#1498,#1499);
#1498 = CARTESIAN_POINT('',(242.,-2.));
#1499 = VECTOR('',#1500,1.);
#1500 = DIRECTION('',(1.,0.));
#1501 = ( GEOMETRIC_REPRESENTATION_CONTEXT(2) 
PARAMETRIC_REPRESENTATION_CONTEXT() REPRESENTATION_CONTEXT('2D SPACE',''
  ) );
#1502 = PCURVE('',#1417,#1503);
#1503 = DEFINITIONAL_REPRESENTATION('',(#1504),#1508);
#1504 = LINE('',#1505,#1506);
#1505 = CARTESIAN_POINT('',(0.,201.));
#1506 = VECTOR('',#1507,1.);
#1507 = DIRECTION('',(1.,0.));
#1508 = ( GEOMETRIC_REPRESENTATION_CONTEXT(2) 
PARAMETRIC_REPRESENTATION_CONTEXT() REPRESENTATION_CONTEXT('2D SPACE',''
  ) );
#1509 = ORIENTED_EDGE('',*,*,#1510,.F.);
#1510 = EDGE_CURVE('',#1511,#1488,#1513,.T.);
#1511 = VERTEX_POINT('',#1512);
#1512 = CARTESIAN_POINT('',(242.,201.,452.5));
#1513 = SURFACE_CURVE('',#1514,(#1518,#1525),.PCURVE_S1.);
#1514 = LINE('',#1515,#1516);
#1515 = CARTESIAN_POINT('',(242.,201.,452.5));
#1516 = VECTOR('',#1517,1.);
#1517 = DIRECTION('',(0.,0.,1.));
#1518 = PCURVE('',#1445,#1519);
#1519 = DEFINITIONAL_REPRESENTATION('',(#1520),#1524);
#1520 = LINE('',#1521,#1522);
#1521 = CARTESIAN_POINT('',(484.,0.));
#1522 = VECTOR('',#1523,1.);
#1523 = DIRECTION('',(0.,-1.));
#1524 = ( GEOMETRIC_REPRESENTATION_CONTEXT(2) 
PARAMETRIC_REPRESENTATION_CONTEXT() REPRESENTATION_CONTEXT('2D SPACE',''
  ) );
#1525 = PCURVE('',#1526,#1531);
#1526 = PLANE('',#1527);
#1527 = AXIS2_PLACEMENT_3D('',#1528,#1529,#1530);
#1528 = CARTESIAN_POINT('',(242.,-151.,452.5));
#1529 = DIRECTION('',(-1.,0.,0.));
#1530 = DIRECTION('',(0.,1.,0.));
#1531 = DEFINITIONAL_REPRESENTATION('',(#1532),#1536);
#1532 = LINE('',#1533,#1534);
#1533 = CARTESIAN_POINT('',(352.,0.));
#1534 = VECTOR('',#1535,1.);
#1535 = DIRECTION('',(0.,-1.));
#1536 = ( GEOMETRIC_REPRESENTATION_CONTEXT(2) 
PARAMETRIC_REPRESENTATION_CONTEXT() REPRESENTATION_CONTEXT('2D SPACE',''
  ) );
#1537 = ORIENTED_EDGE('',*,*,#1538,.F.);
#1538 = EDGE_CURVE('',#1430,#1511,#1539,.T.);
#1539 = SURFACE_CURVE('',#1540,(#1544,#1551),.PCURVE_S1.);
#1540 = LINE('',#1541,#1542);
#1541 = CARTESIAN_POINT('',(0.,201.,452.5));
#1542 = VECTOR('',#1543,1.);
#1543 = DIRECTION('',(1.,0.,0.));
#1544 = PCURVE('',#1445,#1545);
#1545 = DEFINITIONAL_REPRESENTATION('',(#1546),#1550);
#1546 = LINE('',#1547,#1548);
#1547 = CARTESIAN_POINT('',(242.,0.));
#1548 = VECTOR('',#1549,1.);
#1549 = DIRECTION('',(1.,0.));
#1550 = ( GEOMETRIC_REPRESENTATION_CONTEXT(2) 
PARAMETRIC_REPRESENTATION_CONTEXT() REPRESENTATION_CONTEXT('2D SPACE',''
  ) );
#1551 = PCURVE('',#1471,#1552);
#1552 = DEFINITIONAL_REPRESENTATION('',(#1553),#1557);
#1553 = LINE('',#1554,#1555);
#1554 = CARTESIAN_POINT('',(0.,201.));
#1555 = VECTOR('',#1556,1.);
#1556 = DIRECTION('',(1.,0.));
#1557 = ( GEOMETRIC_REPRESENTATION_CONTEXT(2) 
PARAMETRIC_REPRESENTATION_CONTEXT() REPRESENTATION_CONTEXT('2D SPACE',''
  ) );
#1558 = ADVANCED_FACE('',(#1559),#1526,.F.);
#1559 = FACE_BOUND('',#1560,.F.);
#1560 = EDGE_LOOP('',(#1561,#1586,#1607,#1608));
#1561 = ORIENTED_EDGE('',*,*,#1562,.T.);
#1562 = EDGE_CURVE('',#1563,#1565,#1567,.T.);
#1563 = VERTEX_POINT('',#1564);
#1564 = CARTESIAN_POINT('',(242.,-151.,452.5));
#1565 = VERTEX_POINT('',#1566);
#1566 = CARTESIAN_POINT('',(242.,-151.,454.5));
#1567 = SURFACE_CURVE('',#1568,(#1572,#1579),.PCURVE_S1.);
#1568 = LINE('',#1569,#1570);
#1569 = CARTESIAN_POINT('',(242.,-151.,452.5));
#1570 = VECTOR('',#1571,1.);
#1571 = DIRECTION('',(0.,0.,1.));
#1572 = PCURVE('',#1526,#1573);
#1573 = DEFINITIONAL_REPRESENTATION('',(#1574),#1578);
#1574 = LINE('',#1575,#1576);
#1575 = CARTESIAN_POINT('',(0.,0.));
#1576 = VECTOR('',#1577,1.);
#1577 = DIRECTION('',(0.,-1.));
#1578 = ( GEOMETRIC_REPRESENTATION_CONTEXT(2) 
PARAMETRIC_REPRESENTATION_CONTEXT() REPRESENTATION_CONTEXT('2D SPACE',''
  ) );
#1579 = PCURVE('',#1389,#1580);
#1580 = DEFINITIONAL_REPRESENTATION('',(#1581),#1585);
#1581 = LINE('',#1582,#1583);
#1582 = CARTESIAN_POINT('',(484.,0.));
#1583 = VECTOR('',#1584,1.);
#1584 = DIRECTION('',(0.,-1.));
#1585 = ( GEOMETRIC_REPRESENTATION_CONTEXT(2) 
PARAMETRIC_REPRESENTATION_CONTEXT() REPRESENTATION_CONTEXT('2D SPACE',''
  ) );
#1586 = ORIENTED_EDGE('',*,*,#1587,.T.);
#1587 = EDGE_CURVE('',#1565,#1488,#1588,.T.);
#1588 = SURFACE_CURVE('',#1589,(#1593,#1600),.PCURVE_S1.);
#1589 = LINE('',#1590,#1591);
#1590 = CARTESIAN_POINT('',(242.,0.,454.5));
#1591 = VECTOR('',#1592,1.);
#1592 = DIRECTION('',(0.,1.,0.));
#1593 = PCURVE('',#1526,#1594);
#1594 = DEFINITIONAL_REPRESENTATION('',(#1595),#1599);
#1595 = LINE('',#1596,#1597);
#1596 = CARTESIAN_POINT('',(151.,-2.));
#1597 = VECTOR('',#1598,1.);
#1598 = DIRECTION('',(1.,0.));
#1599 = ( GEOMETRIC_REPRESENTATION_CONTEXT(2) 
PARAMETRIC_REPRESENTATION_CONTEXT() REPRESENTATION_CONTEXT('2D SPACE',''
  ) );
#1600 = PCURVE('',#1417,#1601);
#1601 = DEFINITIONAL_REPRESENTATION('',(#1602),#1606);
#1602 = LINE('',#1603,#1604);
#1603 = CARTESIAN_POINT('',(242.,0.));
#1604 = VECTOR('',#1605,1.);
#1605 = DIRECTION('',(0.,1.));
#1606 = ( GEOMETRIC_REPRESENTATION_CONTEXT(2) 
PARAMETRIC_REPRESENTATION_CONTEXT() REPRESENTATION_CONTEXT('2D SPACE',''
  ) );
#1607 = ORIENTED_EDGE('',*,*,#1510,.F.);
#1608 = ORIENTED_EDGE('',*,*,#1609,.F.);
#1609 = EDGE_CURVE('',#1563,#1511,#1610,.T.);
#1610 = SURFACE_CURVE('',#1611,(#1615,#1622),.PCURVE_S1.);
#1611 = LINE('',#1612,#1613);
#1612 = CARTESIAN_POINT('',(242.,0.,452.5));
#1613 = VECTOR('',#1614,1.);
#1614 = DIRECTION('',(0.,1.,0.));
#1615 = PCURVE('',#1526,#1616);
#1616 = DEFINITIONAL_REPRESENTATION('',(#1617),#1621);
#1617 = LINE('',#1618,#1619);
#1618 = CARTESIAN_POINT('',(151.,0.));
#1619 = VECTOR('',#1620,1.);
#1620 = DIRECTION('',(1.,0.));
#1621 = ( GEOMETRIC_REPRESENTATION_CONTEXT(2) 
PARAMETRIC_REPRESENTATION_CONTEXT() REPRESENTATION_CONTEXT('2D SPACE',''
  ) );
#1622 = PCURVE('',#1471,#1623);
#1623 = DEFINITIONAL_REPRESENTATION('',(#1624),#1628);
#1624 = LINE('',#1625,#1626);
#1625 = CARTESIAN_POINT('',(242.,0.));
#1626 = VECTOR('',#1627,1.);
#1627 = DIRECTION('',(0.,1.));
#1628 = ( GEOMETRIC_REPRESENTATION_CONTEXT(2) 
PARAMETRIC_REPRESENTATION_CONTEXT() REPRESENTATION_CONTEXT('2D SPACE',''
  ) );
#1629 = ADVANCED_FACE('',(#1630),#1389,.F.);
#1630 = FACE_BOUND('',#1631,.F.);
#1631 = EDGE_LOOP('',(#1632,#1633,#1654,#1655));
#1632 = ORIENTED_EDGE('',*,*,#1366,.T.);
#1633 = ORIENTED_EDGE('',*,*,#1634,.T.);
#1634 = EDGE_CURVE('',#1369,#1565,#1635,.T.);
#1635 = SURFACE_CURVE('',#1636,(#1640,#1647),.PCURVE_S1.);
#1636 = LINE('',#1637,#1638);
#1637 = CARTESIAN_POINT('',(0.,-151.,454.5));
#1638 = VECTOR('',#1639,1.);
#1639 = DIRECTION('',(1.,0.,0.));
#1640 = PCURVE('',#1389,#1641);
#1641 = DEFINITIONAL_REPRESENTATION('',(#1642),#1646);
#1642 = LINE('',#1643,#1644);
#1643 = CARTESIAN_POINT('',(242.,-2.));
#1644 = VECTOR('',#1645,1.);
#1645 = DIRECTION('',(1.,0.));
#1646 = ( GEOMETRIC_REPRESENTATION_CONTEXT(2) 
PARAMETRIC_REPRESENTATION_CONTEXT() REPRESENTATION_CONTEXT('2D SPACE',''
  ) );
#1647 = PCURVE('',#1417,#1648);
#1648 = DEFINITIONAL_REPRESENTATION('',(#1649),#1653);
#1649 = LINE('',#1650,#1651);
#1650 = CARTESIAN_POINT('',(0.,-151.));
#1651 = VECTOR('',#1652,1.);
#1652 = DIRECTION('',(1.,0.));
#1653 = ( GEOMETRIC_REPRESENTATION_CONTEXT(2) 
PARAMETRIC_REPRESENTATION_CONTEXT() REPRESENTATION_CONTEXT('2D SPACE',''
  ) );
#1654 = ORIENTED_EDGE('',*,*,#1562,.F.);
#1655 = ORIENTED_EDGE('',*,*,#1656,.F.);
#1656 = EDGE_CURVE('',#1367,#1563,#1657,.T.);
#1657 = SURFACE_CURVE('',#1658,(#1662,#1669),.PCURVE_S1.);
#1658 = LINE('',#1659,#1660);
#1659 = CARTESIAN_POINT('',(0.,-151.,452.5));
#1660 = VECTOR('',#1661,1.);
#1661 = DIRECTION('',(1.,0.,0.));
#1662 = PCURVE('',#1389,#1663);
#1663 = DEFINITIONAL_REPRESENTATION('',(#1664),#1668);
#1664 = LINE('',#1665,#1666);
#1665 = CARTESIAN_POINT('',(242.,0.));
#1666 = VECTOR('',#1667,1.);
#1667 = DIRECTION('',(1.,0.));
#1668 = ( GEOMETRIC_REPRESENTATION_CONTEXT(2) 
PARAMETRIC_REPRESENTATION_CONTEXT() REPRESENTATION_CONTEXT('2D SPACE',''
  ) );
#1669 = PCURVE('',#1471,#1670);
#1670 = DEFINITIONAL_REPRESENTATION('',(#1671),#1675);
#1671 = LINE('',#1672,#1673);
#1672 = CARTESIAN_POINT('',(0.,-151.));
#1673 = VECTOR('',#1674,1.);
#1674 = DIRECTION('',(1.,0.));
#1675 = ( GEOMETRIC_REPRESENTATION_CONTEXT(2) 
PARAMETRIC_REPRESENTATION_CONTEXT() REPRESENTATION_CONTEXT('2D SPACE',''
  ) );
#1676 = ADVANCED_FACE('',(#1677),#1471,.F.);
#1677 = FACE_BOUND('',#1678,.F.);
#1678 = EDGE_LOOP('',(#1679,#1680,#1681,#1682));
#1679 = ORIENTED_EDGE('',*,*,#1457,.F.);
#1680 = ORIENTED_EDGE('',*,*,#1656,.T.);
#1681 = ORIENTED_EDGE('',*,*,#1609,.T.);
#1682 = ORIENTED_EDGE('',*,*,#1538,.F.);
#1683 = ADVANCED_FACE('',(#1684),#1417,.T.);
#1684 = FACE_BOUND('',#1685,.T.);
#1685 = EDGE_LOOP('',(#1686,#1687,#1688,#1689));
#1686 = ORIENTED_EDGE('',*,*,#1401,.F.);
#1687 = ORIENTED_EDGE('',*,*,#1634,.T.);
#1688 = ORIENTED_EDGE('',*,*,#1587,.T.);
#1689 = ORIENTED_EDGE('',*,*,#1487,.F.);
#1690 = ( GEOMETRIC_REPRESENTATION_CONTEXT(3) 
GLOBAL_UNCERTAINTY_ASSIGNED_CONTEXT((#1694)) 
GLOBAL_UNIT_ASSIGNED_CONTEXT((#1691,#1692,#1693)) REPRESENTATION_CONTEXT
('Context #1','3D Context with UNIT and UNCERTAINTY') );
#1691 = ( LENGTH_UNIT() NAMED_UNIT(*) SI_UNIT(.MILLI.,.METRE.) );
#1692 = ( NAMED_UNIT(*) PLANE_ANGLE_UNIT() SI_UNIT($,.RADIAN.) );
#1693 = ( NAMED_UNIT(*) SI_UNIT($,.STERADIAN.) SOLID_ANGLE_UNIT() );
#1694 = UNCERTAINTY_MEASURE_WITH_UNIT(LENGTH_MEASURE(1.E-07),#1691,
  'distance_accuracy_value','confusion accuracy');
#1695 = CONTEXT_DEPENDENT_SHAPE_REPRESENTATION(#1696,#1698);
#1696 = ( REPRESENTATION_RELATIONSHIP('','',#1359,#10) 
REPRESENTATION_RELATIONSHIP_WITH_TRANSFORMATION(#1697) 
SHAPE_REPRESENTATION_RELATIONSHIP() );
#1697 = ITEM_DEFINED_TRANSFORMATION('','',#11,#19);
#1698 = PRODUCT_DEFINITION_SHAPE('Placement','Placement of an item',
  #1699);
#1699 = NEXT_ASSEMBLY_USAGE_OCCURRENCE('2','=>[0:1:1:3]','',#5,#1354,$);
#1700 = PRODUCT_RELATED_PRODUCT_CATEGORY('part',$,(#1356));
#1701 = SHAPE_DEFINITION_REPRESENTATION(#1702,#1708);
#1702 = PRODUCT_DEFINITION_SHAPE('','',#1703);
#1703 = PRODUCT_DEFINITION('design','',#1704,#1707);
#1704 = PRODUCT_DEFINITION_FORMATION('','',#1705);
#1705 = PRODUCT('COMPOUND','COMPOUND','',(#1706));
#1706 = PRODUCT_CONTEXT('',#2,'mechanical');
#1707 = PRODUCT_DEFINITION_CONTEXT('part definition',#2,'design');
#1708 = ADVANCED_BREP_SHAPE_REPRESENTATION('',(#11,#1709),#2331);
#1709 = MANIFOLD_SOLID_BREP('',#1710);
#1710 = CLOSED_SHELL('',(#1711,#1826,#2014,#2061,#2199,#2224,#2249,#2274
    ,#2299,#2324));
#1711 = ADVANCED_FACE('',(#1712),#1726,.F.);
#1712 = FACE_BOUND('',#1713,.F.);
#1713 = EDGE_LOOP('',(#1714,#1749,#1775,#1802));
#1714 = ORIENTED_EDGE('',*,*,#1715,.F.);
#1715 = EDGE_CURVE('',#1716,#1718,#1720,.T.);
#1716 = VERTEX_POINT('',#1717);
#1717 = CARTESIAN_POINT('',(-242.,-200.,452.5));
#1718 = VERTEX_POINT('',#1719);
#1719 = CARTESIAN_POINT('',(-242.,0.,452.5));
#1720 = SURFACE_CURVE('',#1721,(#1725,#1737),.PCURVE_S1.);
#1721 = LINE('',#1722,#1723);
#1722 = CARTESIAN_POINT('',(-242.,-100.,452.5));
#1723 = VECTOR('',#1724,1.);
#1724 = DIRECTION('',(0.,1.,0.));
#1725 = PCURVE('',#1726,#1731);
#1726 = B_SPLINE_SURFACE_WITH_KNOTS('',1,1,(
    (#1727,#1728)
    ,(#1729,#1730
    )),.UNSPECIFIED.,.F.,.F.,.F.,(2,2),(2,2),(-100.,100.),(0.,1.),
  .PIECEWISE_BEZIER_KNOTS.);
#1727 = CARTESIAN_POINT('',(-242.,0.,452.5));
#1728 = CARTESIAN_POINT('',(-242.,0.,-800.5));
#1729 = CARTESIAN_POINT('',(-242.,-200.,452.5));
#1730 = CARTESIAN_POINT('',(-242.,-10.,-800.5));
#1731 = DEFINITIONAL_REPRESENTATION('',(#1732),#1736);
#1732 = LINE('',#1733,#1734);
#1733 = CARTESIAN_POINT('',(0.,0.));
#1734 = VECTOR('',#1735,1.);
#1735 = DIRECTION('',(-1.,0.));
#1736 = ( GEOMETRIC_REPRESENTATION_CONTEXT(2) 
PARAMETRIC_REPRESENTATION_CONTEXT() REPRESENTATION_CONTEXT('2D SPACE',''
  ) );
#1737 = PCURVE('',#1738,#1743);
#1738 = PLANE('',#1739);
#1739 = AXIS2_PLACEMENT_3D('',#1740,#1741,#1742);
#1740 = CARTESIAN_POINT('',(-242.,-200.,452.5));
#1741 = DIRECTION('',(0.,0.,1.));
#1742 = DIRECTION('',(0.924202827492,0.381901994831,-0.));
#1743 = DEFINITIONAL_REPRESENTATION('',(#1744),#1748);
#1744 = LINE('',#1745,#1746);
#1745 = CARTESIAN_POINT('',(38.190199483133,92.420282749181));
#1746 = VECTOR('',#1747,1.);
#1747 = DIRECTION('',(0.381901994831,0.924202827492));
#1748 = ( GEOMETRIC_REPRESENTATION_CONTEXT(2) 
PARAMETRIC_REPRESENTATION_CONTEXT() REPRESENTATION_CONTEXT('2D SPACE',''
  ) );
#1749 = ORIENTED_EDGE('',*,*,#1750,.T.);
#1750 = EDGE_CURVE('',#1716,#1751,#1753,.T.);
#1751 = VERTEX_POINT('',#1752);
#1752 = CARTESIAN_POINT('',(-242.,-10.,-800.5));
#1753 = SURFACE_CURVE('',#1754,(#1757,#1764),.PCURVE_S1.);
#1754 = B_SPLINE_CURVE_WITH_KNOTS('',1,(#1755,#1756),.UNSPECIFIED.,.F.,
  .F.,(2,2),(0.,1.),.PIECEWISE_BEZIER_KNOTS.);
#1755 = CARTESIAN_POINT('',(-242.,-200.,452.5));
#1756 = CARTESIAN_POINT('',(-242.,-10.,-800.5));
#1757 = PCURVE('',#1726,#1758);
#1758 = DEFINITIONAL_REPRESENTATION('',(#1759),#1763);
#1759 = LINE('',#1760,#1761);
#1760 = CARTESIAN_POINT('',(100.,0.));
#1761 = VECTOR('',#1762,1.);
#1762 = DIRECTION('',(0.,1.));
#1763 = ( GEOMETRIC_REPRESENTATION_CONTEXT(2) 
PARAMETRIC_REPRESENTATION_CONTEXT() REPRESENTATION_CONTEXT('2D SPACE',''
  ) );
#1764 = PCURVE('',#1765,#1770);
#1765 = PLANE('',#1766);
#1766 = AXIS2_PLACEMENT_3D('',#1767,#1768,#1769);
#1767 = CARTESIAN_POINT('',(0.,-10.,-800.5));
#1768 = DIRECTION('',(-0.,0.988697789407,0.149922250588));
#1769 = DIRECTION('',(1.,0.,0.));
#1770 = DEFINITIONAL_REPRESENTATION('',(#1771),#1774);
#1771 = B_SPLINE_CURVE_WITH_KNOTS('',1,(#1772,#1773),.UNSPECIFIED.,.F.,
  .F.,(2,2),(0.,1.),.PIECEWISE_BEZIER_KNOTS.);
#1772 = CARTESIAN_POINT('',(-242.,-1.267323557739E+03));
#1773 = CARTESIAN_POINT('',(-242.,0.));
#1774 = ( GEOMETRIC_REPRESENTATION_CONTEXT(2) 
PARAMETRIC_REPRESENTATION_CONTEXT() REPRESENTATION_CONTEXT('2D SPACE',''
  ) );
#1775 = ORIENTED_EDGE('',*,*,#1776,.T.);
#1776 = EDGE_CURVE('',#1751,#1777,#1779,.T.);
#1777 = VERTEX_POINT('',#1778);
#1778 = CARTESIAN_POINT('',(-242.,0.,-800.5));
#1779 = SURFACE_CURVE('',#1780,(#1784,#1790),.PCURVE_S1.);
#1780 = LINE('',#1781,#1782);
#1781 = CARTESIAN_POINT('',(-242.,-5.,-800.5));
#1782 = VECTOR('',#1783,1.);
#1783 = DIRECTION('',(0.,1.,0.));
#1784 = PCURVE('',#1726,#1785);
#1785 = DEFINITIONAL_REPRESENTATION('',(#1786),#1789);
#1786 = B_SPLINE_CURVE_WITH_KNOTS('',1,(#1787,#1788),.UNSPECIFIED.,.F.,
  .F.,(2,2),(-5.,5.),.PIECEWISE_BEZIER_KNOTS.);
#1787 = CARTESIAN_POINT('',(100.,1.));
#1788 = CARTESIAN_POINT('',(-100.,1.));
#1789 = ( GEOMETRIC_REPRESENTATION_CONTEXT(2) 
PARAMETRIC_REPRESENTATION_CONTEXT() REPRESENTATION_CONTEXT('2D SPACE',''
  ) );
#1790 = PCURVE('',#1791,#1796);
#1791 = PLANE('',#1792);
#1792 = AXIS2_PLACEMENT_3D('',#1793,#1794,#1795);
#1793 = CARTESIAN_POINT('',(-242.,-10.,-800.5));
#1794 = DIRECTION('',(0.,0.,1.));
#1795 = DIRECTION('',(0.999786626607,2.065674848361E-02,-0.));
#1796 = DEFINITIONAL_REPRESENTATION('',(#1797),#1801);
#1797 = LINE('',#1798,#1799);
#1798 = CARTESIAN_POINT('',(0.103283742418,4.998933133035));
#1799 = VECTOR('',#1800,1.);
#1800 = DIRECTION('',(2.065674848361E-02,0.999786626607));
#1801 = ( GEOMETRIC_REPRESENTATION_CONTEXT(2) 
PARAMETRIC_REPRESENTATION_CONTEXT() REPRESENTATION_CONTEXT('2D SPACE',''
  ) );
#1802 = ORIENTED_EDGE('',*,*,#1803,.F.);
#1803 = EDGE_CURVE('',#1718,#1777,#1804,.T.);
#1804 = SURFACE_CURVE('',#1805,(#1808,#1815),.PCURVE_S1.);
#1805 = B_SPLINE_CURVE_WITH_KNOTS('',1,(#1806,#1807),.UNSPECIFIED.,.F.,
  .F.,(2,2),(0.,1.),.PIECEWISE_BEZIER_KNOTS.);
#1806 = CARTESIAN_POINT('',(-242.,0.,452.5));
#1807 = CARTESIAN_POINT('',(-242.,0.,-800.5));
#1808 = PCURVE('',#1726,#1809);
#1809 = DEFINITIONAL_REPRESENTATION('',(#1810),#1814);
#1810 = LINE('',#1811,#1812);
#1811 = CARTESIAN_POINT('',(-100.,0.));
#1812 = VECTOR('',#1813,1.);
#1813 = DIRECTION('',(0.,1.));
#1814 = ( GEOMETRIC_REPRESENTATION_CONTEXT(2) 
PARAMETRIC_REPRESENTATION_CONTEXT() REPRESENTATION_CONTEXT('2D SPACE',''
  ) );
#1815 = PCURVE('',#1816,#1821);
#1816 = PLANE('',#1817);
#1817 = AXIS2_PLACEMENT_3D('',#1818,#1819,#1820);
#1818 = CARTESIAN_POINT('',(0.,0.,-800.5));
#1819 = DIRECTION('',(0.,-1.,0.));
#1820 = DIRECTION('',(-1.,-0.,0.));
#1821 = DEFINITIONAL_REPRESENTATION('',(#1822),#1825);
#1822 = B_SPLINE_CURVE_WITH_KNOTS('',1,(#1823,#1824),.UNSPECIFIED.,.F.,
  .F.,(2,2),(0.,1.),.PIECEWISE_BEZIER_KNOTS.);
#1823 = CARTESIAN_POINT('',(242.,-1.253E+03));
#1824 = CARTESIAN_POINT('',(242.,0.));
#1825 = ( GEOMETRIC_REPRESENTATION_CONTEXT(2) 
PARAMETRIC_REPRESENTATION_CONTEXT() REPRESENTATION_CONTEXT('2D SPACE',''
  ) );
#1826 = ADVANCED_FACE('',(#1827),#1738,.T.);
#1827 = FACE_BOUND('',#1828,.T.);
#1828 = EDGE_LOOP('',(#1829,#1830,#1853,#1881,#1909,#1937,#1965,#1993));
#1829 = ORIENTED_EDGE('',*,*,#1715,.F.);
#1830 = ORIENTED_EDGE('',*,*,#1831,.T.);
#1831 = EDGE_CURVE('',#1716,#1832,#1834,.T.);
#1832 = VERTEX_POINT('',#1833);
#1833 = CARTESIAN_POINT('',(242.,-200.,452.5));
#1834 = SURFACE_CURVE('',#1835,(#1839,#1846),.PCURVE_S1.);
#1835 = LINE('',#1836,#1837);
#1836 = CARTESIAN_POINT('',(0.,-200.,452.5));
#1837 = VECTOR('',#1838,1.);
#1838 = DIRECTION('',(1.,0.,0.));
#1839 = PCURVE('',#1738,#1840);
#1840 = DEFINITIONAL_REPRESENTATION('',(#1841),#1845);
#1841 = LINE('',#1842,#1843);
#1842 = CARTESIAN_POINT('',(223.65708425301,-92.42028274918));
#1843 = VECTOR('',#1844,1.);
#1844 = DIRECTION('',(0.924202827492,-0.381901994831));
#1845 = ( GEOMETRIC_REPRESENTATION_CONTEXT(2) 
PARAMETRIC_REPRESENTATION_CONTEXT() REPRESENTATION_CONTEXT('2D SPACE',''
  ) );
#1846 = PCURVE('',#1765,#1847);
#1847 = DEFINITIONAL_REPRESENTATION('',(#1848),#1852);
#1848 = LINE('',#1849,#1850);
#1849 = CARTESIAN_POINT('',(0.,-1.267323557739E+03));
#1850 = VECTOR('',#1851,1.);
#1851 = DIRECTION('',(1.,0.));
#1852 = ( GEOMETRIC_REPRESENTATION_CONTEXT(2) 
PARAMETRIC_REPRESENTATION_CONTEXT() REPRESENTATION_CONTEXT('2D SPACE',''
  ) );
#1853 = ORIENTED_EDGE('',*,*,#1854,.T.);
#1854 = EDGE_CURVE('',#1832,#1855,#1857,.T.);
#1855 = VERTEX_POINT('',#1856);
#1856 = CARTESIAN_POINT('',(242.,0.,452.5));
#1857 = SURFACE_CURVE('',#1858,(#1862,#1869),.PCURVE_S1.);
#1858 = LINE('',#1859,#1860);
#1859 = CARTESIAN_POINT('',(242.,-100.,452.5));
#1860 = VECTOR('',#1861,1.);
#1861 = DIRECTION('',(0.,1.,0.));
#1862 = PCURVE('',#1738,#1863);
#1863 = DEFINITIONAL_REPRESENTATION('',(#1864),#1868);
#1864 = LINE('',#1865,#1866);
#1865 = CARTESIAN_POINT('',(485.50436798916,-92.42028274918));
#1866 = VECTOR('',#1867,1.);
#1867 = DIRECTION('',(0.381901994831,0.924202827492));
#1868 = ( GEOMETRIC_REPRESENTATION_CONTEXT(2) 
PARAMETRIC_REPRESENTATION_CONTEXT() REPRESENTATION_CONTEXT('2D SPACE',''
  ) );
#1869 = PCURVE('',#1870,#1875);
#1870 = B_SPLINE_SURFACE_WITH_KNOTS('',1,1,(
    (#1871,#1872)
    ,(#1873,#1874
    )),.UNSPECIFIED.,.F.,.F.,.F.,(2,2),(2,2),(-100.,100.),(0.,1.),
  .PIECEWISE_BEZIER_KNOTS.);
#1871 = CARTESIAN_POINT('',(242.,-200.,452.5));
#1872 = CARTESIAN_POINT('',(242.,-10.,-800.5));
#1873 = CARTESIAN_POINT('',(242.,0.,452.5));
#1874 = CARTESIAN_POINT('',(242.,0.,-800.5));
#1875 = DEFINITIONAL_REPRESENTATION('',(#1876),#1880);
#1876 = LINE('',#1877,#1878);
#1877 = CARTESIAN_POINT('',(0.,0.));
#1878 = VECTOR('',#1879,1.);
#1879 = DIRECTION('',(1.,0.));
#1880 = ( GEOMETRIC_REPRESENTATION_CONTEXT(2) 
PARAMETRIC_REPRESENTATION_CONTEXT() REPRESENTATION_CONTEXT('2D SPACE',''
  ) );
#1881 = ORIENTED_EDGE('',*,*,#1882,.F.);
#1882 = EDGE_CURVE('',#1883,#1855,#1885,.T.);
#1883 = VERTEX_POINT('',#1884);
#1884 = CARTESIAN_POINT('',(240.,0.,452.5));
#1885 = SURFACE_CURVE('',#1886,(#1890,#1897),.PCURVE_S1.);
#1886 = LINE('',#1887,#1888);
#1887 = CARTESIAN_POINT('',(0.,0.,452.5));
#1888 = VECTOR('',#1889,1.);
#1889 = DIRECTION('',(1.,0.,0.));
#1890 = PCURVE('',#1738,#1891);
#1891 = DEFINITIONAL_REPRESENTATION('',(#1892),#1896);
#1892 = LINE('',#1893,#1894);
#1893 = CARTESIAN_POINT('',(300.03748321928,92.420282749181));
#1894 = VECTOR('',#1895,1.);
#1895 = DIRECTION('',(0.924202827492,-0.381901994831));
#1896 = ( GEOMETRIC_REPRESENTATION_CONTEXT(2) 
PARAMETRIC_REPRESENTATION_CONTEXT() REPRESENTATION_CONTEXT('2D SPACE',''
  ) );
#1897 = PCURVE('',#1898,#1903);
#1898 = PLANE('',#1899);
#1899 = AXIS2_PLACEMENT_3D('',#1900,#1901,#1902);
#1900 = CARTESIAN_POINT('',(0.,0.,-800.5));
#1901 = DIRECTION('',(0.,-1.,0.));
#1902 = DIRECTION('',(-1.,-0.,0.));
#1903 = DEFINITIONAL_REPRESENTATION('',(#1904),#1908);
#1904 = LINE('',#1905,#1906);
#1905 = CARTESIAN_POINT('',(0.,-1.253E+03));
#1906 = VECTOR('',#1907,1.);
#1907 = DIRECTION('',(-1.,0.));
#1908 = ( GEOMETRIC_REPRESENTATION_CONTEXT(2) 
PARAMETRIC_REPRESENTATION_CONTEXT() REPRESENTATION_CONTEXT('2D SPACE',''
  ) );
#1909 = ORIENTED_EDGE('',*,*,#1910,.F.);
#1910 = EDGE_CURVE('',#1911,#1883,#1913,.T.);
#1911 = VERTEX_POINT('',#1912);
#1912 = CARTESIAN_POINT('',(240.,-198.,452.5));
#1913 = SURFACE_CURVE('',#1914,(#1918,#1925),.PCURVE_S1.);
#1914 = LINE('',#1915,#1916);
#1915 = CARTESIAN_POINT('',(240.,-99.,452.5));
#1916 = VECTOR('',#1917,1.);
#1917 = DIRECTION('',(0.,1.,0.));
#1918 = PCURVE('',#1738,#1919);
#1919 = DEFINITIONAL_REPRESENTATION('',(#1920),#1924);
#1920 = LINE('',#1921,#1922);
#1921 = CARTESIAN_POINT('',(484.03786432901,-90.73227593202));
#1922 = VECTOR('',#1923,1.);
#1923 = DIRECTION('',(0.381901994831,0.924202827492));
#1924 = ( GEOMETRIC_REPRESENTATION_CONTEXT(2) 
PARAMETRIC_REPRESENTATION_CONTEXT() REPRESENTATION_CONTEXT('2D SPACE',''
  ) );
#1925 = PCURVE('',#1926,#1931);
#1926 = B_SPLINE_SURFACE_WITH_KNOTS('',1,1,(
    (#1927,#1928)
    ,(#1929,#1930
    )),.UNSPECIFIED.,.F.,.F.,.F.,(2,2),(2,2),(-99.,99.),(0.,1.),
  .PIECEWISE_BEZIER_KNOTS.);
#1927 = CARTESIAN_POINT('',(240.,-198.,452.5));
#1928 = CARTESIAN_POINT('',(240.,-8.,-800.5));
#1929 = CARTESIAN_POINT('',(240.,0.,452.5));
#1930 = CARTESIAN_POINT('',(240.,0.,-800.5));
#1931 = DEFINITIONAL_REPRESENTATION('',(#1932),#1936);
#1932 = LINE('',#1933,#1934);
#1933 = CARTESIAN_POINT('',(0.,0.));
#1934 = VECTOR('',#1935,1.);
#1935 = DIRECTION('',(1.,0.));
#1936 = ( GEOMETRIC_REPRESENTATION_CONTEXT(2) 
PARAMETRIC_REPRESENTATION_CONTEXT() REPRESENTATION_CONTEXT('2D SPACE',''
  ) );
#1937 = ORIENTED_EDGE('',*,*,#1938,.F.);
#1938 = EDGE_CURVE('',#1939,#1911,#1941,.T.);
#1939 = VERTEX_POINT('',#1940);
#1940 = CARTESIAN_POINT('',(-240.,-198.,452.5));
#1941 = SURFACE_CURVE('',#1942,(#1946,#1953),.PCURVE_S1.);
#1942 = LINE('',#1943,#1944);
#1943 = CARTESIAN_POINT('',(0.,-198.,452.5));
#1944 = VECTOR('',#1945,1.);
#1945 = DIRECTION('',(1.,0.,0.));
#1946 = PCURVE('',#1738,#1947);
#1947 = DEFINITIONAL_REPRESENTATION('',(#1948),#1952);
#1948 = LINE('',#1949,#1950);
#1949 = CARTESIAN_POINT('',(224.42088824268,-90.57187709419));
#1950 = VECTOR('',#1951,1.);
#1951 = DIRECTION('',(0.924202827492,-0.381901994831));
#1952 = ( GEOMETRIC_REPRESENTATION_CONTEXT(2) 
PARAMETRIC_REPRESENTATION_CONTEXT() REPRESENTATION_CONTEXT('2D SPACE',''
  ) );
#1953 = PCURVE('',#1954,#1959);
#1954 = PLANE('',#1955);
#1955 = AXIS2_PLACEMENT_3D('',#1956,#1957,#1958);
#1956 = CARTESIAN_POINT('',(0.,-8.,-800.5));
#1957 = DIRECTION('',(-0.,0.988697789407,0.149922250588));
#1958 = DIRECTION('',(1.,0.,0.));
#1959 = DEFINITIONAL_REPRESENTATION('',(#1960),#1964);
#1960 = LINE('',#1961,#1962);
#1961 = CARTESIAN_POINT('',(0.,-1.267323557739E+03));
#1962 = VECTOR('',#1963,1.);
#1963 = DIRECTION('',(1.,0.));
#1964 = ( GEOMETRIC_REPRESENTATION_CONTEXT(2) 
PARAMETRIC_REPRESENTATION_CONTEXT() REPRESENTATION_CONTEXT('2D SPACE',''
  ) );
#1965 = ORIENTED_EDGE('',*,*,#1966,.T.);
#1966 = EDGE_CURVE('',#1939,#1967,#1969,.T.);
#1967 = VERTEX_POINT('',#1968);
#1968 = CARTESIAN_POINT('',(-240.,0.,452.5));
#1969 = SURFACE_CURVE('',#1970,(#1974,#1981),.PCURVE_S1.);
#1970 = LINE('',#1971,#1972);
#1971 = CARTESIAN_POINT('',(-240.,-99.,452.5));
#1972 = VECTOR('',#1973,1.);
#1973 = DIRECTION('',(0.,1.,0.));
#1974 = PCURVE('',#1738,#1975);
#1975 = DEFINITIONAL_REPRESENTATION('',(#1976),#1980);
#1976 = LINE('',#1977,#1978);
#1977 = CARTESIAN_POINT('',(40.420507132948,92.58068158701));
#1978 = VECTOR('',#1979,1.);
#1979 = DIRECTION('',(0.381901994831,0.924202827492));
#1980 = ( GEOMETRIC_REPRESENTATION_CONTEXT(2) 
PARAMETRIC_REPRESENTATION_CONTEXT() REPRESENTATION_CONTEXT('2D SPACE',''
  ) );
#1981 = PCURVE('',#1982,#1987);
#1982 = B_SPLINE_SURFACE_WITH_KNOTS('',1,1,(
    (#1983,#1984)
    ,(#1985,#1986
    )),.UNSPECIFIED.,.F.,.F.,.F.,(2,2),(2,2),(-99.,99.),(0.,1.),
  .PIECEWISE_BEZIER_KNOTS.);
#1983 = CARTESIAN_POINT('',(-240.,0.,452.5));
#1984 = CARTESIAN_POINT('',(-240.,0.,-800.5));
#1985 = CARTESIAN_POINT('',(-240.,-198.,452.5));
#1986 = CARTESIAN_POINT('',(-240.,-8.,-800.5));
#1987 = DEFINITIONAL_REPRESENTATION('',(#1988),#1992);
#1988 = LINE('',#1989,#1990);
#1989 = CARTESIAN_POINT('',(0.,0.));
#1990 = VECTOR('',#1991,1.);
#1991 = DIRECTION('',(-1.,0.));
#1992 = ( GEOMETRIC_REPRESENTATION_CONTEXT(2) 
PARAMETRIC_REPRESENTATION_CONTEXT() REPRESENTATION_CONTEXT('2D SPACE',''
  ) );
#1993 = ORIENTED_EDGE('',*,*,#1994,.F.);
#1994 = EDGE_CURVE('',#1718,#1967,#1995,.T.);
#1995 = SURFACE_CURVE('',#1996,(#2000,#2007),.PCURVE_S1.);
#1996 = LINE('',#1997,#1998);
#1997 = CARTESIAN_POINT('',(0.,0.,452.5));
#1998 = VECTOR('',#1999,1.);
#1999 = DIRECTION('',(1.,0.,0.));
#2000 = PCURVE('',#1738,#2001);
#2001 = DEFINITIONAL_REPRESENTATION('',(#2002),#2006);
#2002 = LINE('',#2003,#2004);
#2003 = CARTESIAN_POINT('',(300.03748321928,92.420282749181));
#2004 = VECTOR('',#2005,1.);
#2005 = DIRECTION('',(0.924202827492,-0.381901994831));
#2006 = ( GEOMETRIC_REPRESENTATION_CONTEXT(2) 
PARAMETRIC_REPRESENTATION_CONTEXT() REPRESENTATION_CONTEXT('2D SPACE',''
  ) );
#2007 = PCURVE('',#1816,#2008);
#2008 = DEFINITIONAL_REPRESENTATION('',(#2009),#2013);
#2009 = LINE('',#2010,#2011);
#2010 = CARTESIAN_POINT('',(0.,-1.253E+03));
#2011 = VECTOR('',#2012,1.);
#2012 = DIRECTION('',(-1.,0.));
#2013 = ( GEOMETRIC_REPRESENTATION_CONTEXT(2) 
PARAMETRIC_REPRESENTATION_CONTEXT() REPRESENTATION_CONTEXT('2D SPACE',''
  ) );
#2014 = ADVANCED_FACE('',(#2015),#1765,.F.);
#2015 = FACE_BOUND('',#2016,.F.);
#2016 = EDGE_LOOP('',(#2017,#2018,#2039,#2060));
#2017 = ORIENTED_EDGE('',*,*,#1831,.T.);
#2018 = ORIENTED_EDGE('',*,*,#2019,.T.);
#2019 = EDGE_CURVE('',#1832,#2020,#2022,.T.);
#2020 = VERTEX_POINT('',#2021);
#2021 = CARTESIAN_POINT('',(242.,-10.,-800.5));
#2022 = SURFACE_CURVE('',#2023,(#2026,#2032),.PCURVE_S1.);
#2023 = B_SPLINE_CURVE_WITH_KNOTS('',1,(#2024,#2025),.UNSPECIFIED.,.F.,
  .F.,(2,2),(0.,1.),.PIECEWISE_BEZIER_KNOTS.);
#2024 = CARTESIAN_POINT('',(242.,-200.,452.5));
#2025 = CARTESIAN_POINT('',(242.,-10.,-800.5));
#2026 = PCURVE('',#1765,#2027);
#2027 = DEFINITIONAL_REPRESENTATION('',(#2028),#2031);
#2028 = B_SPLINE_CURVE_WITH_KNOTS('',1,(#2029,#2030),.UNSPECIFIED.,.F.,
  .F.,(2,2),(0.,1.),.PIECEWISE_BEZIER_KNOTS.);
#2029 = CARTESIAN_POINT('',(242.,-1.267323557739E+03));
#2030 = CARTESIAN_POINT('',(242.,0.));
#2031 = ( GEOMETRIC_REPRESENTATION_CONTEXT(2) 
PARAMETRIC_REPRESENTATION_CONTEXT() REPRESENTATION_CONTEXT('2D SPACE',''
  ) );
#2032 = PCURVE('',#1870,#2033);
#2033 = DEFINITIONAL_REPRESENTATION('',(#2034),#2038);
#2034 = LINE('',#2035,#2036);
#2035 = CARTESIAN_POINT('',(-100.,0.));
#2036 = VECTOR('',#2037,1.);
#2037 = DIRECTION('',(0.,1.));
#2038 = ( GEOMETRIC_REPRESENTATION_CONTEXT(2) 
PARAMETRIC_REPRESENTATION_CONTEXT() REPRESENTATION_CONTEXT('2D SPACE',''
  ) );
#2039 = ORIENTED_EDGE('',*,*,#2040,.F.);
#2040 = EDGE_CURVE('',#1751,#2020,#2041,.T.);
#2041 = SURFACE_CURVE('',#2042,(#2046,#2053),.PCURVE_S1.);
#2042 = LINE('',#2043,#2044);
#2043 = CARTESIAN_POINT('',(0.,-10.,-800.5));
#2044 = VECTOR('',#2045,1.);
#2045 = DIRECTION('',(1.,0.,0.));
#2046 = PCURVE('',#1765,#2047);
#2047 = DEFINITIONAL_REPRESENTATION('',(#2048),#2052);
#2048 = LINE('',#2049,#2050);
#2049 = CARTESIAN_POINT('',(0.,0.));
#2050 = VECTOR('',#2051,1.);
#2051 = DIRECTION('',(1.,0.));
#2052 = ( GEOMETRIC_REPRESENTATION_CONTEXT(2) 
PARAMETRIC_REPRESENTATION_CONTEXT() REPRESENTATION_CONTEXT('2D SPACE',''
  ) );
#2053 = PCURVE('',#1791,#2054);
#2054 = DEFINITIONAL_REPRESENTATION('',(#2055),#2059);
#2055 = LINE('',#2056,#2057);
#2056 = CARTESIAN_POINT('',(241.94836363887,-4.998933133035));
#2057 = VECTOR('',#2058,1.);
#2058 = DIRECTION('',(0.999786626607,-2.065674848361E-02));
#2059 = ( GEOMETRIC_REPRESENTATION_CONTEXT(2) 
PARAMETRIC_REPRESENTATION_CONTEXT() REPRESENTATION_CONTEXT('2D SPACE',''
  ) );
#2060 = ORIENTED_EDGE('',*,*,#1750,.F.);
#2061 = ADVANCED_FACE('',(#2062),#1791,.F.);
#2062 = FACE_BOUND('',#2063,.F.);
#2063 = EDGE_LOOP('',(#2064,#2065,#2066,#2088,#2111,#2133,#2156,#2178));
#2064 = ORIENTED_EDGE('',*,*,#1776,.F.);
#2065 = ORIENTED_EDGE('',*,*,#2040,.T.);
#2066 = ORIENTED_EDGE('',*,*,#2067,.T.);
#2067 = EDGE_CURVE('',#2020,#2068,#2070,.T.);
#2068 = VERTEX_POINT('',#2069);
#2069 = CARTESIAN_POINT('',(242.,0.,-800.5));
#2070 = SURFACE_CURVE('',#2071,(#2075,#2082),.PCURVE_S1.);
#2071 = LINE('',#2072,#2073);
#2072 = CARTESIAN_POINT('',(242.,-5.,-800.5));
#2073 = VECTOR('',#2074,1.);
#2074 = DIRECTION('',(0.,1.,0.));
#2075 = PCURVE('',#1791,#2076);
#2076 = DEFINITIONAL_REPRESENTATION('',(#2077),#2081);
#2077 = LINE('',#2078,#2079);
#2078 = CARTESIAN_POINT('',(484.00001102017,-4.998933133035));
#2079 = VECTOR('',#2080,1.);
#2080 = DIRECTION('',(2.065674848361E-02,0.999786626607));
#2081 = ( GEOMETRIC_REPRESENTATION_CONTEXT(2) 
PARAMETRIC_REPRESENTATION_CONTEXT() REPRESENTATION_CONTEXT('2D SPACE',''
  ) );
#2082 = PCURVE('',#1870,#2083);
#2083 = DEFINITIONAL_REPRESENTATION('',(#2084),#2087);
#2084 = B_SPLINE_CURVE_WITH_KNOTS('',1,(#2085,#2086),.UNSPECIFIED.,.F.,
  .F.,(2,2),(-5.,5.),.PIECEWISE_BEZIER_KNOTS.);
#2085 = CARTESIAN_POINT('',(-100.,1.));
#2086 = CARTESIAN_POINT('',(100.,1.));
#2087 = ( GEOMETRIC_REPRESENTATION_CONTEXT(2) 
PARAMETRIC_REPRESENTATION_CONTEXT() REPRESENTATION_CONTEXT('2D SPACE',''
  ) );
#2088 = ORIENTED_EDGE('',*,*,#2089,.F.);
#2089 = EDGE_CURVE('',#2090,#2068,#2092,.T.);
#2090 = VERTEX_POINT('',#2091);
#2091 = CARTESIAN_POINT('',(240.,0.,-800.5));
#2092 = SURFACE_CURVE('',#2093,(#2097,#2104),.PCURVE_S1.);
#2093 = LINE('',#2094,#2095);
#2094 = CARTESIAN_POINT('',(0.,0.,-800.5));
#2095 = VECTOR('',#2096,1.);
#2096 = DIRECTION('',(1.,0.,0.));
#2097 = PCURVE('',#1791,#2098);
#2098 = DEFINITIONAL_REPRESENTATION('',(#2099),#2103);
#2099 = LINE('',#2100,#2101);
#2100 = CARTESIAN_POINT('',(242.15493112371,4.998933133035));
#2101 = VECTOR('',#2102,1.);
#2102 = DIRECTION('',(0.999786626607,-2.065674848361E-02));
#2103 = ( GEOMETRIC_REPRESENTATION_CONTEXT(2) 
PARAMETRIC_REPRESENTATION_CONTEXT() REPRESENTATION_CONTEXT('2D SPACE',''
  ) );
#2104 = PCURVE('',#1898,#2105);
#2105 = DEFINITIONAL_REPRESENTATION('',(#2106),#2110);
#2106 = LINE('',#2107,#2108);
#2107 = CARTESIAN_POINT('',(0.,0.));
#2108 = VECTOR('',#2109,1.);
#2109 = DIRECTION('',(-1.,0.));
#2110 = ( GEOMETRIC_REPRESENTATION_CONTEXT(2) 
PARAMETRIC_REPRESENTATION_CONTEXT() REPRESENTATION_CONTEXT('2D SPACE',''
  ) );
#2111 = ORIENTED_EDGE('',*,*,#2112,.F.);
#2112 = EDGE_CURVE('',#2113,#2090,#2115,.T.);
#2113 = VERTEX_POINT('',#2114);
#2114 = CARTESIAN_POINT('',(240.,-8.,-800.5));
#2115 = SURFACE_CURVE('',#2116,(#2120,#2127),.PCURVE_S1.);
#2116 = LINE('',#2117,#2118);
#2117 = CARTESIAN_POINT('',(240.,-4.,-800.5));
#2118 = VECTOR('',#2119,1.);
#2119 = DIRECTION('',(0.,1.,0.));
#2120 = PCURVE('',#1791,#2121);
#2121 = DEFINITIONAL_REPRESENTATION('',(#2122),#2126);
#2122 = LINE('',#2123,#2124);
#2123 = CARTESIAN_POINT('',(482.02109451544,-3.957833009461));
#2124 = VECTOR('',#2125,1.);
#2125 = DIRECTION('',(2.065674848361E-02,0.999786626607));
#2126 = ( GEOMETRIC_REPRESENTATION_CONTEXT(2) 
PARAMETRIC_REPRESENTATION_CONTEXT() REPRESENTATION_CONTEXT('2D SPACE',''
  ) );
#2127 = PCURVE('',#1926,#2128);
#2128 = DEFINITIONAL_REPRESENTATION('',(#2129),#2132);
#2129 = B_SPLINE_CURVE_WITH_KNOTS('',1,(#2130,#2131),.UNSPECIFIED.,.F.,
  .F.,(2,2),(-4.,4.),.PIECEWISE_BEZIER_KNOTS.);
#2130 = CARTESIAN_POINT('',(-99.,1.));
#2131 = CARTESIAN_POINT('',(99.,1.));
#2132 = ( GEOMETRIC_REPRESENTATION_CONTEXT(2) 
PARAMETRIC_REPRESENTATION_CONTEXT() REPRESENTATION_CONTEXT('2D SPACE',''
  ) );
#2133 = ORIENTED_EDGE('',*,*,#2134,.F.);
#2134 = EDGE_CURVE('',#2135,#2113,#2137,.T.);
#2135 = VERTEX_POINT('',#2136);
#2136 = CARTESIAN_POINT('',(-240.,-8.,-800.5));
#2137 = SURFACE_CURVE('',#2138,(#2142,#2149),.PCURVE_S1.);
#2138 = LINE('',#2139,#2140);
#2139 = CARTESIAN_POINT('',(0.,-8.,-800.5));
#2140 = VECTOR('',#2141,1.);
#2141 = DIRECTION('',(1.,0.,0.));
#2142 = PCURVE('',#1791,#2143);
#2143 = DEFINITIONAL_REPRESENTATION('',(#2144),#2148);
#2144 = LINE('',#2145,#2146);
#2145 = CARTESIAN_POINT('',(241.98967713584,-2.999359879821));
#2146 = VECTOR('',#2147,1.);
#2147 = DIRECTION('',(0.999786626607,-2.065674848361E-02));
#2148 = ( GEOMETRIC_REPRESENTATION_CONTEXT(2) 
PARAMETRIC_REPRESENTATION_CONTEXT() REPRESENTATION_CONTEXT('2D SPACE',''
  ) );
#2149 = PCURVE('',#1954,#2150);
#2150 = DEFINITIONAL_REPRESENTATION('',(#2151),#2155);
#2151 = LINE('',#2152,#2153);
#2152 = CARTESIAN_POINT('',(0.,0.));
#2153 = VECTOR('',#2154,1.);
#2154 = DIRECTION('',(1.,0.));
#2155 = ( GEOMETRIC_REPRESENTATION_CONTEXT(2) 
PARAMETRIC_REPRESENTATION_CONTEXT() REPRESENTATION_CONTEXT('2D SPACE',''
  ) );
#2156 = ORIENTED_EDGE('',*,*,#2157,.T.);
#2157 = EDGE_CURVE('',#2135,#2158,#2160,.T.);
#2158 = VERTEX_POINT('',#2159);
#2159 = CARTESIAN_POINT('',(-240.,0.,-800.5));
#2160 = SURFACE_CURVE('',#2161,(#2165,#2172),.PCURVE_S1.);
#2161 = LINE('',#2162,#2163);
#2162 = CARTESIAN_POINT('',(-240.,-4.,-800.5));
#2163 = VECTOR('',#2164,1.);
#2164 = DIRECTION('',(0.,1.,0.));
#2165 = PCURVE('',#1791,#2166);
#2166 = DEFINITIONAL_REPRESENTATION('',(#2167),#2171);
#2167 = LINE('',#2168,#2169);
#2168 = CARTESIAN_POINT('',(2.123513744116,5.957406262674));
#2169 = VECTOR('',#2170,1.);
#2170 = DIRECTION('',(2.065674848361E-02,0.999786626607));
#2171 = ( GEOMETRIC_REPRESENTATION_CONTEXT(2) 
PARAMETRIC_REPRESENTATION_CONTEXT() REPRESENTATION_CONTEXT('2D SPACE',''
  ) );
#2172 = PCURVE('',#1982,#2173);
#2173 = DEFINITIONAL_REPRESENTATION('',(#2174),#2177);
#2174 = B_SPLINE_CURVE_WITH_KNOTS('',1,(#2175,#2176),.UNSPECIFIED.,.F.,
  .F.,(2,2),(-4.,4.),.PIECEWISE_BEZIER_KNOTS.);
#2175 = CARTESIAN_POINT('',(99.,1.));
#2176 = CARTESIAN_POINT('',(-99.,1.));
#2177 = ( GEOMETRIC_REPRESENTATION_CONTEXT(2) 
PARAMETRIC_REPRESENTATION_CONTEXT() REPRESENTATION_CONTEXT('2D SPACE',''
  ) );
#2178 = ORIENTED_EDGE('',*,*,#2179,.F.);
#2179 = EDGE_CURVE('',#1777,#2158,#2180,.T.);
#2180 = SURFACE_CURVE('',#2181,(#2185,#2192),.PCURVE_S1.);
#2181 = LINE('',#2182,#2183);
#2182 = CARTESIAN_POINT('',(0.,0.,-800.5));
#2183 = VECTOR('',#2184,1.);
#2184 = DIRECTION('',(1.,0.,0.));
#2185 = PCURVE('',#1791,#2186);
#2186 = DEFINITIONAL_REPRESENTATION('',(#2187),#2191);
#2187 = LINE('',#2188,#2189);
#2188 = CARTESIAN_POINT('',(242.15493112371,4.998933133035));
#2189 = VECTOR('',#2190,1.);
#2190 = DIRECTION('',(0.999786626607,-2.065674848361E-02));
#2191 = ( GEOMETRIC_REPRESENTATION_CONTEXT(2) 
PARAMETRIC_REPRESENTATION_CONTEXT() REPRESENTATION_CONTEXT('2D SPACE',''
  ) );
#2192 = PCURVE('',#1816,#2193);
#2193 = DEFINITIONAL_REPRESENTATION('',(#2194),#2198);
#2194 = LINE('',#2195,#2196);
#2195 = CARTESIAN_POINT('',(0.,0.));
#2196 = VECTOR('',#2197,1.);
#2197 = DIRECTION('',(-1.,0.));
#2198 = ( GEOMETRIC_REPRESENTATION_CONTEXT(2) 
PARAMETRIC_REPRESENTATION_CONTEXT() REPRESENTATION_CONTEXT('2D SPACE',''
  ) );
#2199 = ADVANCED_FACE('',(#2200),#1816,.F.);
#2200 = FACE_BOUND('',#2201,.F.);
#2201 = EDGE_LOOP('',(#2202,#2203,#2204,#2205));
#2202 = ORIENTED_EDGE('',*,*,#1994,.F.);
#2203 = ORIENTED_EDGE('',*,*,#1803,.T.);
#2204 = ORIENTED_EDGE('',*,*,#2179,.T.);
#2205 = ORIENTED_EDGE('',*,*,#2206,.F.);
#2206 = EDGE_CURVE('',#1967,#2158,#2207,.T.);
#2207 = SURFACE_CURVE('',#2208,(#2211,#2217),.PCURVE_S1.);
#2208 = B_SPLINE_CURVE_WITH_KNOTS('',1,(#2209,#2210),.UNSPECIFIED.,.F.,
  .F.,(2,2),(0.,1.),.PIECEWISE_BEZIER_KNOTS.);
#2209 = CARTESIAN_POINT('',(-240.,0.,452.5));
#2210 = CARTESIAN_POINT('',(-240.,0.,-800.5));
#2211 = PCURVE('',#1816,#2212);
#2212 = DEFINITIONAL_REPRESENTATION('',(#2213),#2216);
#2213 = B_SPLINE_CURVE_WITH_KNOTS('',1,(#2214,#2215),.UNSPECIFIED.,.F.,
  .F.,(2,2),(0.,1.),.PIECEWISE_BEZIER_KNOTS.);
#2214 = CARTESIAN_POINT('',(240.,-1.253E+03));
#2215 = CARTESIAN_POINT('',(240.,0.));
#2216 = ( GEOMETRIC_REPRESENTATION_CONTEXT(2) 
PARAMETRIC_REPRESENTATION_CONTEXT() REPRESENTATION_CONTEXT('2D SPACE',''
  ) );
#2217 = PCURVE('',#1982,#2218);
#2218 = DEFINITIONAL_REPRESENTATION('',(#2219),#2223);
#2219 = LINE('',#2220,#2221);
#2220 = CARTESIAN_POINT('',(-99.,0.));
#2221 = VECTOR('',#2222,1.);
#2222 = DIRECTION('',(0.,1.));
#2223 = ( GEOMETRIC_REPRESENTATION_CONTEXT(2) 
PARAMETRIC_REPRESENTATION_CONTEXT() REPRESENTATION_CONTEXT('2D SPACE',''
  ) );
#2224 = ADVANCED_FACE('',(#2225),#1982,.T.);
#2225 = FACE_BOUND('',#2226,.T.);
#2226 = EDGE_LOOP('',(#2227,#2228,#2247,#2248));
#2227 = ORIENTED_EDGE('',*,*,#1966,.F.);
#2228 = ORIENTED_EDGE('',*,*,#2229,.T.);
#2229 = EDGE_CURVE('',#1939,#2135,#2230,.T.);
#2230 = SURFACE_CURVE('',#2231,(#2234,#2241),.PCURVE_S1.);
#2231 = B_SPLINE_CURVE_WITH_KNOTS('',1,(#2232,#2233),.UNSPECIFIED.,.F.,
  .F.,(2,2),(0.,1.),.PIECEWISE_BEZIER_KNOTS.);
#2232 = CARTESIAN_POINT('',(-240.,-198.,452.5));
#2233 = CARTESIAN_POINT('',(-240.,-8.,-800.5));
#2234 = PCURVE('',#1982,#2235);
#2235 = DEFINITIONAL_REPRESENTATION('',(#2236),#2240);
#2236 = LINE('',#2237,#2238);
#2237 = CARTESIAN_POINT('',(99.,0.));
#2238 = VECTOR('',#2239,1.);
#2239 = DIRECTION('',(0.,1.));
#2240 = ( GEOMETRIC_REPRESENTATION_CONTEXT(2) 
PARAMETRIC_REPRESENTATION_CONTEXT() REPRESENTATION_CONTEXT('2D SPACE',''
  ) );
#2241 = PCURVE('',#1954,#2242);
#2242 = DEFINITIONAL_REPRESENTATION('',(#2243),#2246);
#2243 = B_SPLINE_CURVE_WITH_KNOTS('',1,(#2244,#2245),.UNSPECIFIED.,.F.,
  .F.,(2,2),(0.,1.),.PIECEWISE_BEZIER_KNOTS.);
#2244 = CARTESIAN_POINT('',(-240.,-1.267323557739E+03));
#2245 = CARTESIAN_POINT('',(-240.,0.));
#2246 = ( GEOMETRIC_REPRESENTATION_CONTEXT(2) 
PARAMETRIC_REPRESENTATION_CONTEXT() REPRESENTATION_CONTEXT('2D SPACE',''
  ) );
#2247 = ORIENTED_EDGE('',*,*,#2157,.T.);
#2248 = ORIENTED_EDGE('',*,*,#2206,.F.);
#2249 = ADVANCED_FACE('',(#2250),#1954,.T.);
#2250 = FACE_BOUND('',#2251,.T.);
#2251 = EDGE_LOOP('',(#2252,#2253,#2272,#2273));
#2252 = ORIENTED_EDGE('',*,*,#1938,.T.);
#2253 = ORIENTED_EDGE('',*,*,#2254,.T.);
#2254 = EDGE_CURVE('',#1911,#2113,#2255,.T.);
#2255 = SURFACE_CURVE('',#2256,(#2259,#2265),.PCURVE_S1.);
#2256 = B_SPLINE_CURVE_WITH_KNOTS('',1,(#2257,#2258),.UNSPECIFIED.,.F.,
  .F.,(2,2),(0.,1.),.PIECEWISE_BEZIER_KNOTS.);
#2257 = CARTESIAN_POINT('',(240.,-198.,452.5));
#2258 = CARTESIAN_POINT('',(240.,-8.,-800.5));
#2259 = PCURVE('',#1954,#2260);
#2260 = DEFINITIONAL_REPRESENTATION('',(#2261),#2264);
#2261 = B_SPLINE_CURVE_WITH_KNOTS('',1,(#2262,#2263),.UNSPECIFIED.,.F.,
  .F.,(2,2),(0.,1.),.PIECEWISE_BEZIER_KNOTS.);
#2262 = CARTESIAN_POINT('',(240.,-1.267323557739E+03));
#2263 = CARTESIAN_POINT('',(240.,0.));
#2264 = ( GEOMETRIC_REPRESENTATION_CONTEXT(2) 
PARAMETRIC_REPRESENTATION_CONTEXT() REPRESENTATION_CONTEXT('2D SPACE',''
  ) );
#2265 = PCURVE('',#1926,#2266);
#2266 = DEFINITIONAL_REPRESENTATION('',(#2267),#2271);
#2267 = LINE('',#2268,#2269);
#2268 = CARTESIAN_POINT('',(-99.,0.));
#2269 = VECTOR('',#2270,1.);
#2270 = DIRECTION('',(0.,1.));
#2271 = ( GEOMETRIC_REPRESENTATION_CONTEXT(2) 
PARAMETRIC_REPRESENTATION_CONTEXT() REPRESENTATION_CONTEXT('2D SPACE',''
  ) );
#2272 = ORIENTED_EDGE('',*,*,#2134,.F.);
#2273 = ORIENTED_EDGE('',*,*,#2229,.F.);
#2274 = ADVANCED_FACE('',(#2275),#1926,.T.);
#2275 = FACE_BOUND('',#2276,.T.);
#2276 = EDGE_LOOP('',(#2277,#2278,#2297,#2298));
#2277 = ORIENTED_EDGE('',*,*,#1910,.T.);
#2278 = ORIENTED_EDGE('',*,*,#2279,.T.);
#2279 = EDGE_CURVE('',#1883,#2090,#2280,.T.);
#2280 = SURFACE_CURVE('',#2281,(#2284,#2291),.PCURVE_S1.);
#2281 = B_SPLINE_CURVE_WITH_KNOTS('',1,(#2282,#2283),.UNSPECIFIED.,.F.,
  .F.,(2,2),(0.,1.),.PIECEWISE_BEZIER_KNOTS.);
#2282 = CARTESIAN_POINT('',(240.,0.,452.5));
#2283 = CARTESIAN_POINT('',(240.,0.,-800.5));
#2284 = PCURVE('',#1926,#2285);
#2285 = DEFINITIONAL_REPRESENTATION('',(#2286),#2290);
#2286 = LINE('',#2287,#2288);
#2287 = CARTESIAN_POINT('',(99.,0.));
#2288 = VECTOR('',#2289,1.);
#2289 = DIRECTION('',(0.,1.));
#2290 = ( GEOMETRIC_REPRESENTATION_CONTEXT(2) 
PARAMETRIC_REPRESENTATION_CONTEXT() REPRESENTATION_CONTEXT('2D SPACE',''
  ) );
#2291 = PCURVE('',#1898,#2292);
#2292 = DEFINITIONAL_REPRESENTATION('',(#2293),#2296);
#2293 = B_SPLINE_CURVE_WITH_KNOTS('',1,(#2294,#2295),.UNSPECIFIED.,.F.,
  .F.,(2,2),(0.,1.),.PIECEWISE_BEZIER_KNOTS.);
#2294 = CARTESIAN_POINT('',(-240.,-1.253E+03));
#2295 = CARTESIAN_POINT('',(-240.,0.));
#2296 = ( GEOMETRIC_REPRESENTATION_CONTEXT(2) 
PARAMETRIC_REPRESENTATION_CONTEXT() REPRESENTATION_CONTEXT('2D SPACE',''
  ) );
#2297 = ORIENTED_EDGE('',*,*,#2112,.F.);
#2298 = ORIENTED_EDGE('',*,*,#2254,.F.);
#2299 = ADVANCED_FACE('',(#2300),#1898,.F.);
#2300 = FACE_BOUND('',#2301,.F.);
#2301 = EDGE_LOOP('',(#2302,#2303,#2304,#2305));
#2302 = ORIENTED_EDGE('',*,*,#1882,.F.);
#2303 = ORIENTED_EDGE('',*,*,#2279,.T.);
#2304 = ORIENTED_EDGE('',*,*,#2089,.T.);
#2305 = ORIENTED_EDGE('',*,*,#2306,.F.);
#2306 = EDGE_CURVE('',#1855,#2068,#2307,.T.);
#2307 = SURFACE_CURVE('',#2308,(#2311,#2317),.PCURVE_S1.);
#2308 = B_SPLINE_CURVE_WITH_KNOTS('',1,(#2309,#2310),.UNSPECIFIED.,.F.,
  .F.,(2,2),(0.,1.),.PIECEWISE_BEZIER_KNOTS.);
#2309 = CARTESIAN_POINT('',(242.,0.,452.5));
#2310 = CARTESIAN_POINT('',(242.,0.,-800.5));
#2311 = PCURVE('',#1898,#2312);
#2312 = DEFINITIONAL_REPRESENTATION('',(#2313),#2316);
#2313 = B_SPLINE_CURVE_WITH_KNOTS('',1,(#2314,#2315),.UNSPECIFIED.,.F.,
  .F.,(2,2),(0.,1.),.PIECEWISE_BEZIER_KNOTS.);
#2314 = CARTESIAN_POINT('',(-242.,-1.253E+03));
#2315 = CARTESIAN_POINT('',(-242.,0.));
#2316 = ( GEOMETRIC_REPRESENTATION_CONTEXT(2) 
PARAMETRIC_REPRESENTATION_CONTEXT() REPRESENTATION_CONTEXT('2D SPACE',''
  ) );
#2317 = PCURVE('',#1870,#2318);
#2318 = DEFINITIONAL_REPRESENTATION('',(#2319),#2323);
#2319 = LINE('',#2320,#2321);
#2320 = CARTESIAN_POINT('',(100.,0.));
#2321 = VECTOR('',#2322,1.);
#2322 = DIRECTION('',(0.,1.));
#2323 = ( GEOMETRIC_REPRESENTATION_CONTEXT(2) 
PARAMETRIC_REPRESENTATION_CONTEXT() REPRESENTATION_CONTEXT('2D SPACE',''
  ) );
#2324 = ADVANCED_FACE('',(#2325),#1870,.F.);
#2325 = FACE_BOUND('',#2326,.F.);
#2326 = EDGE_LOOP('',(#2327,#2328,#2329,#2330));
#2327 = ORIENTED_EDGE('',*,*,#1854,.T.);
#2328 = ORIENTED_EDGE('',*,*,#2306,.T.);
#2329 = ORIENTED_EDGE('',*,*,#2067,.F.);
#2330 = ORIENTED_EDGE('',*,*,#2019,.F.);
#2331 = ( GEOMETRIC_REPRESENTATION_CONTEXT(3) 
GLOBAL_UNCERTAINTY_ASSIGNED_CONTEXT((#2335)) 
GLOBAL_UNIT_ASSIGNED_CONTEXT((#2332,#2333,#2334)) REPRESENTATION_CONTEXT
('Context #1','3D Context with UNIT and UNCERTAINTY') );
#2332 = ( LENGTH_UNIT() NAMED_UNIT(*) SI_UNIT(.MILLI.,.METRE.) );
#2333 = ( NAMED_UNIT(*) PLANE_ANGLE_UNIT() SI_UNIT($,.RADIAN.) );
#2334 = ( NAMED_UNIT(*) SI_UNIT($,.STERADIAN.) SOLID_ANGLE_UNIT() );
#2335 = UNCERTAINTY_MEASURE_WITH_UNIT(LENGTH_MEASURE(1.E-07),#2332,
  'distance_accuracy_value','confusion accuracy');
#2336 = CONTEXT_DEPENDENT_SHAPE_REPRESENTATION(#2337,#2339);
#2337 = ( REPRESENTATION_RELATIONSHIP('','',#1708,#10) 
REPRESENTATION_RELATIONSHIP_WITH_TRANSFORMATION(#2338) 
SHAPE_REPRESENTATION_RELATIONSHIP() );
#2338 = ITEM_DEFINED_TRANSFORMATION('','',#11,#23);
#2339 = PRODUCT_DEFINITION_SHAPE('Placement','Placement of an item',
  #2340);
#2340 = NEXT_ASSEMBLY_USAGE_OCCURRENCE('3','=>[0:1:1:4]','',#5,#1703,$);
#2341 = PRODUCT_RELATED_PRODUCT_CATEGORY('part',$,(#1705));
#2342 = SHAPE_DEFINITION_REPRESENTATION(#2343,#2349);
#2343 = PRODUCT_DEFINITION_SHAPE('','',#2344);
#2344 = PRODUCT_DEFINITION('design','',#2345,#2348);
#2345 = PRODUCT_DEFINITION_FORMATION('','',#2346);
#2346 = PRODUCT('aerodynamic_turning_cowl','aerodynamic_turning_cowl',''
  ,(#2347));
#2347 = PRODUCT_CONTEXT('',#2,'mechanical');
#2348 = PRODUCT_DEFINITION_CONTEXT('part definition',#2,'design');
#2349 = ADVANCED_BREP_SHAPE_REPRESENTATION('',(#11,#2350),#2604);
#2350 = MANIFOLD_SOLID_BREP('',#2351);
#2351 = CLOSED_SHELL('',(#2352,#2472,#2521,#2570,#2597));
#2352 = ADVANCED_FACE('',(#2353),#2367,.F.);
#2353 = FACE_BOUND('',#2354,.F.);
#2354 = EDGE_LOOP('',(#2355,#2390,#2418,#2446));
#2355 = ORIENTED_EDGE('',*,*,#2356,.F.);
#2356 = EDGE_CURVE('',#2357,#2359,#2361,.T.);
#2357 = VERTEX_POINT('',#2358);
#2358 = CARTESIAN_POINT('',(-240.,-349.,600.5));
#2359 = VERTEX_POINT('',#2360);
#2360 = CARTESIAN_POINT('',(240.,-349.,600.5));
#2361 = SURFACE_CURVE('',#2362,(#2366,#2378),.PCURVE_S1.);
#2362 = LINE('',#2363,#2364);
#2363 = CARTESIAN_POINT('',(-240.,-349.,600.5));
#2364 = VECTOR('',#2365,1.);
#2365 = DIRECTION('',(1.,0.,0.));
#2366 = PCURVE('',#2367,#2372);
#2367 = PLANE('',#2368);
#2368 = AXIS2_PLACEMENT_3D('',#2369,#2370,#2371);
#2369 = CARTESIAN_POINT('',(0.,-349.,600.5));
#2370 = DIRECTION('',(0.,1.,0.));
#2371 = DIRECTION('',(0.,-0.,1.));
#2372 = DEFINITIONAL_REPRESENTATION('',(#2373),#2377);
#2373 = LINE('',#2374,#2375);
#2374 = CARTESIAN_POINT('',(0.,-240.));
#2375 = VECTOR('',#2376,1.);
#2376 = DIRECTION('',(0.,1.));
#2377 = ( GEOMETRIC_REPRESENTATION_CONTEXT(2) 
PARAMETRIC_REPRESENTATION_CONTEXT() REPRESENTATION_CONTEXT('2D SPACE',''
  ) );
#2378 = PCURVE('',#2379,#2384);
#2379 = CYLINDRICAL_SURFACE('',#2380,200.);
#2380 = AXIS2_PLACEMENT_3D('',#2381,#2382,#2383);
#2381 = CARTESIAN_POINT('',(0.,-149.,600.5));
#2382 = DIRECTION('',(1.,0.,0.));
#2383 = DIRECTION('',(0.,1.,0.));
#2384 = DEFINITIONAL_REPRESENTATION('',(#2385),#2389);
#2385 = LINE('',#2386,#2387);
#2386 = CARTESIAN_POINT('',(3.14159265359,-240.));
#2387 = VECTOR('',#2388,1.);
#2388 = DIRECTION('',(-0.,1.));
#2389 = ( GEOMETRIC_REPRESENTATION_CONTEXT(2) 
PARAMETRIC_REPRESENTATION_CONTEXT() REPRESENTATION_CONTEXT('2D SPACE',''
  ) );
#2390 = ORIENTED_EDGE('',*,*,#2391,.T.);
#2391 = EDGE_CURVE('',#2357,#2392,#2394,.T.);
#2392 = VERTEX_POINT('',#2393);
#2393 = CARTESIAN_POINT('',(-240.,-349.,800.5));
#2394 = SURFACE_CURVE('',#2395,(#2399,#2406),.PCURVE_S1.);
#2395 = LINE('',#2396,#2397);
#2396 = CARTESIAN_POINT('',(-240.,-349.,700.5));
#2397 = VECTOR('',#2398,1.);
#2398 = DIRECTION('',(0.,0.,1.));
#2399 = PCURVE('',#2367,#2400);
#2400 = DEFINITIONAL_REPRESENTATION('',(#2401),#2405);
#2401 = LINE('',#2402,#2403);
#2402 = CARTESIAN_POINT('',(100.,-240.));
#2403 = VECTOR('',#2404,1.);
#2404 = DIRECTION('',(1.,0.));
#2405 = ( GEOMETRIC_REPRESENTATION_CONTEXT(2) 
PARAMETRIC_REPRESENTATION_CONTEXT() REPRESENTATION_CONTEXT('2D SPACE',''
  ) );
#2406 = PCURVE('',#2407,#2412);
#2407 = PLANE('',#2408);
#2408 = AXIS2_PLACEMENT_3D('',#2409,#2410,#2411);
#2409 = CARTESIAN_POINT('',(-240.,-249.,700.5));
#2410 = DIRECTION('',(1.,0.,0.));
#2411 = DIRECTION('',(0.,1.,0.));
#2412 = DEFINITIONAL_REPRESENTATION('',(#2413),#2417);
#2413 = LINE('',#2414,#2415);
#2414 = CARTESIAN_POINT('',(-100.,0.));
#2415 = VECTOR('',#2416,1.);
#2416 = DIRECTION('',(0.,1.));
#2417 = ( GEOMETRIC_REPRESENTATION_CONTEXT(2) 
PARAMETRIC_REPRESENTATION_CONTEXT() REPRESENTATION_CONTEXT('2D SPACE',''
  ) );
#2418 = ORIENTED_EDGE('',*,*,#2419,.F.);
#2419 = EDGE_CURVE('',#2420,#2392,#2422,.T.);
#2420 = VERTEX_POINT('',#2421);
#2421 = CARTESIAN_POINT('',(240.,-349.,800.5));
#2422 = SURFACE_CURVE('',#2423,(#2427,#2434),.PCURVE_S1.);
#2423 = LINE('',#2424,#2425);
#2424 = CARTESIAN_POINT('',(240.,-349.,800.5));
#2425 = VECTOR('',#2426,1.);
#2426 = DIRECTION('',(-1.,0.,0.));
#2427 = PCURVE('',#2367,#2428);
#2428 = DEFINITIONAL_REPRESENTATION('',(#2429),#2433);
#2429 = LINE('',#2430,#2431);
#2430 = CARTESIAN_POINT('',(200.,240.));
#2431 = VECTOR('',#2432,1.);
#2432 = DIRECTION('',(0.,-1.));
#2433 = ( GEOMETRIC_REPRESENTATION_CONTEXT(2) 
PARAMETRIC_REPRESENTATION_CONTEXT() REPRESENTATION_CONTEXT('2D SPACE',''
  ) );
#2434 = PCURVE('',#2435,#2440);
#2435 = PLANE('',#2436);
#2436 = AXIS2_PLACEMENT_3D('',#2437,#2438,#2439);
#2437 = CARTESIAN_POINT('',(0.,-349.,800.5));
#2438 = DIRECTION('',(0.,0.,-1.));
#2439 = DIRECTION('',(0.,1.,0.));
#2440 = DEFINITIONAL_REPRESENTATION('',(#2441),#2445);
#2441 = LINE('',#2442,#2443);
#2442 = CARTESIAN_POINT('',(0.,240.));
#2443 = VECTOR('',#2444,1.);
#2444 = DIRECTION('',(0.,-1.));
#2445 = ( GEOMETRIC_REPRESENTATION_CONTEXT(2) 
PARAMETRIC_REPRESENTATION_CONTEXT() REPRESENTATION_CONTEXT('2D SPACE',''
  ) );
#2446 = ORIENTED_EDGE('',*,*,#2447,.F.);
#2447 = EDGE_CURVE('',#2359,#2420,#2448,.T.);
#2448 = SURFACE_CURVE('',#2449,(#2453,#2460),.PCURVE_S1.);
#2449 = LINE('',#2450,#2451);
#2450 = CARTESIAN_POINT('',(240.,-349.,700.5));
#2451 = VECTOR('',#2452,1.);
#2452 = DIRECTION('',(0.,0.,1.));
#2453 = PCURVE('',#2367,#2454);
#2454 = DEFINITIONAL_REPRESENTATION('',(#2455),#2459);
#2455 = LINE('',#2456,#2457);
#2456 = CARTESIAN_POINT('',(100.,240.));
#2457 = VECTOR('',#2458,1.);
#2458 = DIRECTION('',(1.,0.));
#2459 = ( GEOMETRIC_REPRESENTATION_CONTEXT(2) 
PARAMETRIC_REPRESENTATION_CONTEXT() REPRESENTATION_CONTEXT('2D SPACE',''
  ) );
#2460 = PCURVE('',#2461,#2466);
#2461 = PLANE('',#2462);
#2462 = AXIS2_PLACEMENT_3D('',#2463,#2464,#2465);
#2463 = CARTESIAN_POINT('',(240.,-249.,700.5));
#2464 = DIRECTION('',(1.,0.,0.));
#2465 = DIRECTION('',(0.,1.,0.));
#2466 = DEFINITIONAL_REPRESENTATION('',(#2467),#2471);
#2467 = LINE('',#2468,#2469);
#2468 = CARTESIAN_POINT('',(-100.,0.));
#2469 = VECTOR('',#2470,1.);
#2470 = DIRECTION('',(0.,1.));
#2471 = ( GEOMETRIC_REPRESENTATION_CONTEXT(2) 
PARAMETRIC_REPRESENTATION_CONTEXT() REPRESENTATION_CONTEXT('2D SPACE',''
  ) );
#2472 = ADVANCED_FACE('',(#2473),#2461,.T.);
#2473 = FACE_BOUND('',#2474,.T.);
#2474 = EDGE_LOOP('',(#2475,#2476,#2500));
#2475 = ORIENTED_EDGE('',*,*,#2447,.F.);
#2476 = ORIENTED_EDGE('',*,*,#2477,.F.);
#2477 = EDGE_CURVE('',#2478,#2359,#2480,.T.);
#2478 = VERTEX_POINT('',#2479);
#2479 = CARTESIAN_POINT('',(240.,-149.,800.5));
#2480 = SURFACE_CURVE('',#2481,(#2486,#2493),.PCURVE_S1.);
#2481 = CIRCLE('',#2482,200.);
#2482 = AXIS2_PLACEMENT_3D('',#2483,#2484,#2485);
#2483 = CARTESIAN_POINT('',(240.,-149.,600.5));
#2484 = DIRECTION('',(1.,0.,0.));
#2485 = DIRECTION('',(0.,1.,0.));
#2486 = PCURVE('',#2461,#2487);
#2487 = DEFINITIONAL_REPRESENTATION('',(#2488),#2492);
#2488 = CIRCLE('',#2489,200.);
#2489 = AXIS2_PLACEMENT_2D('',#2490,#2491);
#2490 = CARTESIAN_POINT('',(100.,-100.));
#2491 = DIRECTION('',(1.,0.));
#2492 = ( GEOMETRIC_REPRESENTATION_CONTEXT(2) 
PARAMETRIC_REPRESENTATION_CONTEXT() REPRESENTATION_CONTEXT('2D SPACE',''
  ) );
#2493 = PCURVE('',#2379,#2494);
#2494 = DEFINITIONAL_REPRESENTATION('',(#2495),#2499);
#2495 = LINE('',#2496,#2497);
#2496 = CARTESIAN_POINT('',(-0.,240.));
#2497 = VECTOR('',#2498,1.);
#2498 = DIRECTION('',(1.,-0.));
#2499 = ( GEOMETRIC_REPRESENTATION_CONTEXT(2) 
PARAMETRIC_REPRESENTATION_CONTEXT() REPRESENTATION_CONTEXT('2D SPACE',''
  ) );
#2500 = ORIENTED_EDGE('',*,*,#2501,.F.);
#2501 = EDGE_CURVE('',#2420,#2478,#2502,.T.);
#2502 = SURFACE_CURVE('',#2503,(#2507,#2514),.PCURVE_S1.);
#2503 = LINE('',#2504,#2505);
#2504 = CARTESIAN_POINT('',(240.,-249.,800.5));
#2505 = VECTOR('',#2506,1.);
#2506 = DIRECTION('',(0.,1.,0.));
#2507 = PCURVE('',#2461,#2508);
#2508 = DEFINITIONAL_REPRESENTATION('',(#2509),#2513);
#2509 = LINE('',#2510,#2511);
#2510 = CARTESIAN_POINT('',(0.,100.));
#2511 = VECTOR('',#2512,1.);
#2512 = DIRECTION('',(1.,0.));
#2513 = ( GEOMETRIC_REPRESENTATION_CONTEXT(2) 
PARAMETRIC_REPRESENTATION_CONTEXT() REPRESENTATION_CONTEXT('2D SPACE',''
  ) );
#2514 = PCURVE('',#2435,#2515);
#2515 = DEFINITIONAL_REPRESENTATION('',(#2516),#2520);
#2516 = LINE('',#2517,#2518);
#2517 = CARTESIAN_POINT('',(100.,240.));
#2518 = VECTOR('',#2519,1.);
#2519 = DIRECTION('',(1.,0.));
#2520 = ( GEOMETRIC_REPRESENTATION_CONTEXT(2) 
PARAMETRIC_REPRESENTATION_CONTEXT() REPRESENTATION_CONTEXT('2D SPACE',''
  ) );
#2521 = ADVANCED_FACE('',(#2522),#2435,.F.);
#2522 = FACE_BOUND('',#2523,.F.);
#2523 = EDGE_LOOP('',(#2524,#2547,#2568,#2569));
#2524 = ORIENTED_EDGE('',*,*,#2525,.T.);
#2525 = EDGE_CURVE('',#2392,#2526,#2528,.T.);
#2526 = VERTEX_POINT('',#2527);
#2527 = CARTESIAN_POINT('',(-240.,-149.,800.5));
#2528 = SURFACE_CURVE('',#2529,(#2533,#2540),.PCURVE_S1.);
#2529 = LINE('',#2530,#2531);
#2530 = CARTESIAN_POINT('',(-240.,-249.,800.5));
#2531 = VECTOR('',#2532,1.);
#2532 = DIRECTION('',(0.,1.,0.));
#2533 = PCURVE('',#2435,#2534);
#2534 = DEFINITIONAL_REPRESENTATION('',(#2535),#2539);
#2535 = LINE('',#2536,#2537);
#2536 = CARTESIAN_POINT('',(100.,-240.));
#2537 = VECTOR('',#2538,1.);
#2538 = DIRECTION('',(1.,0.));
#2539 = ( GEOMETRIC_REPRESENTATION_CONTEXT(2) 
PARAMETRIC_REPRESENTATION_CONTEXT() REPRESENTATION_CONTEXT('2D SPACE',''
  ) );
#2540 = PCURVE('',#2407,#2541);
#2541 = DEFINITIONAL_REPRESENTATION('',(#2542),#2546);
#2542 = LINE('',#2543,#2544);
#2543 = CARTESIAN_POINT('',(0.,100.));
#2544 = VECTOR('',#2545,1.);
#2545 = DIRECTION('',(1.,0.));
#2546 = ( GEOMETRIC_REPRESENTATION_CONTEXT(2) 
PARAMETRIC_REPRESENTATION_CONTEXT() REPRESENTATION_CONTEXT('2D SPACE',''
  ) );
#2547 = ORIENTED_EDGE('',*,*,#2548,.T.);
#2548 = EDGE_CURVE('',#2526,#2478,#2549,.T.);
#2549 = SURFACE_CURVE('',#2550,(#2554,#2561),.PCURVE_S1.);
#2550 = LINE('',#2551,#2552);
#2551 = CARTESIAN_POINT('',(-240.,-149.,800.5));
#2552 = VECTOR('',#2553,1.);
#2553 = DIRECTION('',(1.,0.,0.));
#2554 = PCURVE('',#2435,#2555);
#2555 = DEFINITIONAL_REPRESENTATION('',(#2556),#2560);
#2556 = LINE('',#2557,#2558);
#2557 = CARTESIAN_POINT('',(200.,-240.));
#2558 = VECTOR('',#2559,1.);
#2559 = DIRECTION('',(0.,1.));
#2560 = ( GEOMETRIC_REPRESENTATION_CONTEXT(2) 
PARAMETRIC_REPRESENTATION_CONTEXT() REPRESENTATION_CONTEXT('2D SPACE',''
  ) );
#2561 = PCURVE('',#2379,#2562);
#2562 = DEFINITIONAL_REPRESENTATION('',(#2563),#2567);
#2563 = LINE('',#2564,#2565);
#2564 = CARTESIAN_POINT('',(1.570796326795,-240.));
#2565 = VECTOR('',#2566,1.);
#2566 = DIRECTION('',(-0.,1.));
#2567 = ( GEOMETRIC_REPRESENTATION_CONTEXT(2) 
PARAMETRIC_REPRESENTATION_CONTEXT() REPRESENTATION_CONTEXT('2D SPACE',''
  ) );
#2568 = ORIENTED_EDGE('',*,*,#2501,.F.);
#2569 = ORIENTED_EDGE('',*,*,#2419,.T.);
#2570 = ADVANCED_FACE('',(#2571),#2407,.F.);
#2571 = FACE_BOUND('',#2572,.F.);
#2572 = EDGE_LOOP('',(#2573,#2574,#2596));
#2573 = ORIENTED_EDGE('',*,*,#2391,.F.);
#2574 = ORIENTED_EDGE('',*,*,#2575,.F.);
#2575 = EDGE_CURVE('',#2526,#2357,#2576,.T.);
#2576 = SURFACE_CURVE('',#2577,(#2582,#2589),.PCURVE_S1.);
#2577 = CIRCLE('',#2578,200.);
#2578 = AXIS2_PLACEMENT_3D('',#2579,#2580,#2581);
#2579 = CARTESIAN_POINT('',(-240.,-149.,600.5));
#2580 = DIRECTION('',(1.,0.,0.));
#2581 = DIRECTION('',(0.,1.,0.));
#2582 = PCURVE('',#2407,#2583);
#2583 = DEFINITIONAL_REPRESENTATION('',(#2584),#2588);
#2584 = CIRCLE('',#2585,200.);
#2585 = AXIS2_PLACEMENT_2D('',#2586,#2587);
#2586 = CARTESIAN_POINT('',(100.,-100.));
#2587 = DIRECTION('',(1.,0.));
#2588 = ( GEOMETRIC_REPRESENTATION_CONTEXT(2) 
PARAMETRIC_REPRESENTATION_CONTEXT() REPRESENTATION_CONTEXT('2D SPACE',''
  ) );
#2589 = PCURVE('',#2379,#2590);
#2590 = DEFINITIONAL_REPRESENTATION('',(#2591),#2595);
#2591 = LINE('',#2592,#2593);
#2592 = CARTESIAN_POINT('',(0.,-240.));
#2593 = VECTOR('',#2594,1.);
#2594 = DIRECTION('',(1.,0.));
#2595 = ( GEOMETRIC_REPRESENTATION_CONTEXT(2) 
PARAMETRIC_REPRESENTATION_CONTEXT() REPRESENTATION_CONTEXT('2D SPACE',''
  ) );
#2596 = ORIENTED_EDGE('',*,*,#2525,.F.);
#2597 = ADVANCED_FACE('',(#2598),#2379,.F.);
#2598 = FACE_BOUND('',#2599,.F.);
#2599 = EDGE_LOOP('',(#2600,#2601,#2602,#2603));
#2600 = ORIENTED_EDGE('',*,*,#2548,.F.);
#2601 = ORIENTED_EDGE('',*,*,#2575,.T.);
#2602 = ORIENTED_EDGE('',*,*,#2356,.T.);
#2603 = ORIENTED_EDGE('',*,*,#2477,.F.);
#2604 = ( GEOMETRIC_REPRESENTATION_CONTEXT(3) 
GLOBAL_UNCERTAINTY_ASSIGNED_CONTEXT((#2608)) 
GLOBAL_UNIT_ASSIGNED_CONTEXT((#2605,#2606,#2607)) REPRESENTATION_CONTEXT
('Context #1','3D Context with UNIT and UNCERTAINTY') );
#2605 = ( LENGTH_UNIT() NAMED_UNIT(*) SI_UNIT(.MILLI.,.METRE.) );
#2606 = ( NAMED_UNIT(*) PLANE_ANGLE_UNIT() SI_UNIT($,.RADIAN.) );
#2607 = ( NAMED_UNIT(*) SI_UNIT($,.STERADIAN.) SOLID_ANGLE_UNIT() );
#2608 = UNCERTAINTY_MEASURE_WITH_UNIT(LENGTH_MEASURE(1.E-07),#2605,
  'distance_accuracy_value','confusion accuracy');
#2609 = CONTEXT_DEPENDENT_SHAPE_REPRESENTATION(#2610,#2612);
#2610 = ( REPRESENTATION_RELATIONSHIP('','',#2349,#10) 
REPRESENTATION_RELATIONSHIP_WITH_TRANSFORMATION(#2611) 
SHAPE_REPRESENTATION_RELATIONSHIP() );
#2611 = ITEM_DEFINED_TRANSFORMATION('','',#11,#27);
#2612 = PRODUCT_DEFINITION_SHAPE('Placement','Placement of an item',
  #2613);
#2613 = NEXT_ASSEMBLY_USAGE_OCCURRENCE('4','aerodynamic_turning_cowl',''
  ,#5,#2344,$);
#2614 = PRODUCT_RELATED_PRODUCT_CATEGORY('part',$,(#2346));
#2615 = SHAPE_DEFINITION_REPRESENTATION(#2616,#2622);
#2616 = PRODUCT_DEFINITION_SHAPE('','',#2617);
#2617 = PRODUCT_DEFINITION('design','',#2618,#2621);
#2618 = PRODUCT_DEFINITION_FORMATION('','',#2619);
#2619 = PRODUCT('COMPOUND','COMPOUND','',(#2620));
#2620 = PRODUCT_CONTEXT('',#2,'mechanical');
#2621 = PRODUCT_DEFINITION_CONTEXT('part definition',#2,'design');
#2622 = ADVANCED_BREP_SHAPE_REPRESENTATION('',(#11,#2623),#8653);
#2623 = MANIFOLD_SOLID_BREP('',#2624);
#2624 = CLOSED_SHELL('',(#2625,#2745,#4835,#4884,#6567,#6594,#6601,#6648
    ,#6675,#6702,#6709,#6756,#6783,#6810,#6817,#6864,#6891,#6918,#6925,
    #6972,#6999,#7026,#7033,#7080,#7107,#7134,#7141,#7188,#7215,#7242,
    #7249,#7296,#7323,#7350,#7357,#7404,#7431,#7458,#7465,#7512,#7539,
    #7566,#7573,#7620,#7647,#7674,#7681,#7728,#7755,#7782,#7789,#7836,
    #7863,#7890,#7897,#7944,#7971,#7998,#8005,#8052,#8079,#8106,#8113,
    #8160,#8187,#8214,#8221,#8268,#8295,#8322,#8329,#8376,#8403,#8430,
    #8437,#8484,#8511,#8538,#8545,#8592,#8619,#8646));
#2625 = ADVANCED_FACE('',(#2626),#2640,.F.);
#2626 = FACE_BOUND('',#2627,.F.);
#2627 = EDGE_LOOP('',(#2628,#2663,#2691,#2719));
#2628 = ORIENTED_EDGE('',*,*,#2629,.F.);
#2629 = EDGE_CURVE('',#2630,#2632,#2634,.T.);
#2630 = VERTEX_POINT('',#2631);
#2631 = CARTESIAN_POINT('',(-242.,-100.,-800.5));
#2632 = VERTEX_POINT('',#2633);
#2633 = CARTESIAN_POINT('',(-242.,-100.,452.5));
#2634 = SURFACE_CURVE('',#2635,(#2639,#2651),.PCURVE_S1.);
#2635 = LINE('',#2636,#2637);
#2636 = CARTESIAN_POINT('',(-242.,-100.,-800.5));
#2637 = VECTOR('',#2638,1.);
#2638 = DIRECTION('',(0.,0.,1.));
#2639 = PCURVE('',#2640,#2645);
#2640 = PLANE('',#2641);
#2641 = AXIS2_PLACEMENT_3D('',#2642,#2643,#2644);
#2642 = CARTESIAN_POINT('',(-242.,-100.,-800.5));
#2643 = DIRECTION('',(1.,0.,0.));
#2644 = DIRECTION('',(0.,0.,1.));
#2645 = DEFINITIONAL_REPRESENTATION('',(#2646),#2650);
#2646 = LINE('',#2647,#2648);
#2647 = CARTESIAN_POINT('',(0.,0.));
#2648 = VECTOR('',#2649,1.);
#2649 = DIRECTION('',(1.,0.));
#2650 = ( GEOMETRIC_REPRESENTATION_CONTEXT(2) 
PARAMETRIC_REPRESENTATION_CONTEXT() REPRESENTATION_CONTEXT('2D SPACE',''
  ) );
#2651 = PCURVE('',#2652,#2657);
#2652 = PLANE('',#2653);
#2653 = AXIS2_PLACEMENT_3D('',#2654,#2655,#2656);
#2654 = CARTESIAN_POINT('',(-242.,-100.,-800.5));
#2655 = DIRECTION('',(0.,1.,0.));
#2656 = DIRECTION('',(0.,0.,1.));
#2657 = DEFINITIONAL_REPRESENTATION('',(#2658),#2662);
#2658 = LINE('',#2659,#2660);
#2659 = CARTESIAN_POINT('',(0.,0.));
#2660 = VECTOR('',#2661,1.);
#2661 = DIRECTION('',(1.,0.));
#2662 = ( GEOMETRIC_REPRESENTATION_CONTEXT(2) 
PARAMETRIC_REPRESENTATION_CONTEXT() REPRESENTATION_CONTEXT('2D SPACE',''
  ) );
#2663 = ORIENTED_EDGE('',*,*,#2664,.T.);
#2664 = EDGE_CURVE('',#2630,#2665,#2667,.T.);
#2665 = VERTEX_POINT('',#2666);
#2666 = CARTESIAN_POINT('',(-242.,-98.,-800.5));
#2667 = SURFACE_CURVE('',#2668,(#2672,#2679),.PCURVE_S1.);
#2668 = LINE('',#2669,#2670);
#2669 = CARTESIAN_POINT('',(-242.,-100.,-800.5));
#2670 = VECTOR('',#2671,1.);
#2671 = DIRECTION('',(0.,1.,0.));
#2672 = PCURVE('',#2640,#2673);
#2673 = DEFINITIONAL_REPRESENTATION('',(#2674),#2678);
#2674 = LINE('',#2675,#2676);
#2675 = CARTESIAN_POINT('',(0.,0.));
#2676 = VECTOR('',#2677,1.);
#2677 = DIRECTION('',(0.,-1.));
#2678 = ( GEOMETRIC_REPRESENTATION_CONTEXT(2) 
PARAMETRIC_REPRESENTATION_CONTEXT() REPRESENTATION_CONTEXT('2D SPACE',''
  ) );
#2679 = PCURVE('',#2680,#2685);
#2680 = PLANE('',#2681);
#2681 = AXIS2_PLACEMENT_3D('',#2682,#2683,#2684);
#2682 = CARTESIAN_POINT('',(-242.,-100.,-800.5));
#2683 = DIRECTION('',(0.,0.,1.));
#2684 = DIRECTION('',(1.,0.,0.));
#2685 = DEFINITIONAL_REPRESENTATION('',(#2686),#2690);
#2686 = LINE('',#2687,#2688);
#2687 = CARTESIAN_POINT('',(0.,0.));
#2688 = VECTOR('',#2689,1.);
#2689 = DIRECTION('',(0.,1.));
#2690 = ( GEOMETRIC_REPRESENTATION_CONTEXT(2) 
PARAMETRIC_REPRESENTATION_CONTEXT() REPRESENTATION_CONTEXT('2D SPACE',''
  ) );
#2691 = ORIENTED_EDGE('',*,*,#2692,.T.);
#2692 = EDGE_CURVE('',#2665,#2693,#2695,.T.);
#2693 = VERTEX_POINT('',#2694);
#2694 = CARTESIAN_POINT('',(-242.,-98.,452.5));
#2695 = SURFACE_CURVE('',#2696,(#2700,#2707),.PCURVE_S1.);
#2696 = LINE('',#2697,#2698);
#2697 = CARTESIAN_POINT('',(-242.,-98.,-800.5));
#2698 = VECTOR('',#2699,1.);
#2699 = DIRECTION('',(0.,0.,1.));
#2700 = PCURVE('',#2640,#2701);
#2701 = DEFINITIONAL_REPRESENTATION('',(#2702),#2706);
#2702 = LINE('',#2703,#2704);
#2703 = CARTESIAN_POINT('',(0.,-2.));
#2704 = VECTOR('',#2705,1.);
#2705 = DIRECTION('',(1.,0.));
#2706 = ( GEOMETRIC_REPRESENTATION_CONTEXT(2) 
PARAMETRIC_REPRESENTATION_CONTEXT() REPRESENTATION_CONTEXT('2D SPACE',''
  ) );
#2707 = PCURVE('',#2708,#2713);
#2708 = PLANE('',#2709);
#2709 = AXIS2_PLACEMENT_3D('',#2710,#2711,#2712);
#2710 = CARTESIAN_POINT('',(-242.,-98.,-800.5));
#2711 = DIRECTION('',(0.,1.,0.));
#2712 = DIRECTION('',(0.,0.,1.));
#2713 = DEFINITIONAL_REPRESENTATION('',(#2714),#2718);
#2714 = LINE('',#2715,#2716);
#2715 = CARTESIAN_POINT('',(0.,0.));
#2716 = VECTOR('',#2717,1.);
#2717 = DIRECTION('',(1.,0.));
#2718 = ( GEOMETRIC_REPRESENTATION_CONTEXT(2) 
PARAMETRIC_REPRESENTATION_CONTEXT() REPRESENTATION_CONTEXT('2D SPACE',''
  ) );
#2719 = ORIENTED_EDGE('',*,*,#2720,.F.);
#2720 = EDGE_CURVE('',#2632,#2693,#2721,.T.);
#2721 = SURFACE_CURVE('',#2722,(#2726,#2733),.PCURVE_S1.);
#2722 = LINE('',#2723,#2724);
#2723 = CARTESIAN_POINT('',(-242.,-100.,452.5));
#2724 = VECTOR('',#2725,1.);
#2725 = DIRECTION('',(0.,1.,0.));
#2726 = PCURVE('',#2640,#2727);
#2727 = DEFINITIONAL_REPRESENTATION('',(#2728),#2732);
#2728 = LINE('',#2729,#2730);
#2729 = CARTESIAN_POINT('',(1.253E+03,0.));
#2730 = VECTOR('',#2731,1.);
#2731 = DIRECTION('',(0.,-1.));
#2732 = ( GEOMETRIC_REPRESENTATION_CONTEXT(2) 
PARAMETRIC_REPRESENTATION_CONTEXT() REPRESENTATION_CONTEXT('2D SPACE',''
  ) );
#2733 = PCURVE('',#2734,#2739);
#2734 = PLANE('',#2735);
#2735 = AXIS2_PLACEMENT_3D('',#2736,#2737,#2738);
#2736 = CARTESIAN_POINT('',(-242.,-100.,452.5));
#2737 = DIRECTION('',(0.,0.,1.));
#2738 = DIRECTION('',(1.,0.,0.));
#2739 = DEFINITIONAL_REPRESENTATION('',(#2740),#2744);
#2740 = LINE('',#2741,#2742);
#2741 = CARTESIAN_POINT('',(0.,0.));
#2742 = VECTOR('',#2743,1.);
#2743 = DIRECTION('',(0.,1.));
#2744 = ( GEOMETRIC_REPRESENTATION_CONTEXT(2) 
PARAMETRIC_REPRESENTATION_CONTEXT() REPRESENTATION_CONTEXT('2D SPACE',''
  ) );
#2745 = ADVANCED_FACE('',(#2746,#2821,#2927,#3033,#3139,#3245,#3351,
    #3457,#3563,#3669,#3775,#3881,#3987,#4093,#4199,#4305,#4411,#4517,
    #4623,#4729),#2652,.F.);
#2746 = FACE_BOUND('',#2747,.F.);
#2747 = EDGE_LOOP('',(#2748,#2771,#2772,#2795));
#2748 = ORIENTED_EDGE('',*,*,#2749,.F.);
#2749 = EDGE_CURVE('',#2630,#2750,#2752,.T.);
#2750 = VERTEX_POINT('',#2751);
#2751 = CARTESIAN_POINT('',(242.,-100.,-800.5));
#2752 = SURFACE_CURVE('',#2753,(#2757,#2764),.PCURVE_S1.);
#2753 = LINE('',#2754,#2755);
#2754 = CARTESIAN_POINT('',(-242.,-100.,-800.5));
#2755 = VECTOR('',#2756,1.);
#2756 = DIRECTION('',(1.,0.,0.));
#2757 = PCURVE('',#2652,#2758);
#2758 = DEFINITIONAL_REPRESENTATION('',(#2759),#2763);
#2759 = LINE('',#2760,#2761);
#2760 = CARTESIAN_POINT('',(0.,0.));
#2761 = VECTOR('',#2762,1.);
#2762 = DIRECTION('',(0.,1.));
#2763 = ( GEOMETRIC_REPRESENTATION_CONTEXT(2) 
PARAMETRIC_REPRESENTATION_CONTEXT() REPRESENTATION_CONTEXT('2D SPACE',''
  ) );
#2764 = PCURVE('',#2680,#2765);
#2765 = DEFINITIONAL_REPRESENTATION('',(#2766),#2770);
#2766 = LINE('',#2767,#2768);
#2767 = CARTESIAN_POINT('',(0.,0.));
#2768 = VECTOR('',#2769,1.);
#2769 = DIRECTION('',(1.,0.));
#2770 = ( GEOMETRIC_REPRESENTATION_CONTEXT(2) 
PARAMETRIC_REPRESENTATION_CONTEXT() REPRESENTATION_CONTEXT('2D SPACE',''
  ) );
#2771 = ORIENTED_EDGE('',*,*,#2629,.T.);
#2772 = ORIENTED_EDGE('',*,*,#2773,.T.);
#2773 = EDGE_CURVE('',#2632,#2774,#2776,.T.);
#2774 = VERTEX_POINT('',#2775);
#2775 = CARTESIAN_POINT('',(242.,-100.,452.5));
#2776 = SURFACE_CURVE('',#2777,(#2781,#2788),.PCURVE_S1.);
#2777 = LINE('',#2778,#2779);
#2778 = CARTESIAN_POINT('',(-242.,-100.,452.5));
#2779 = VECTOR('',#2780,1.);
#2780 = DIRECTION('',(1.,0.,0.));
#2781 = PCURVE('',#2652,#2782);
#2782 = DEFINITIONAL_REPRESENTATION('',(#2783),#2787);
#2783 = LINE('',#2784,#2785);
#2784 = CARTESIAN_POINT('',(1.253E+03,0.));
#2785 = VECTOR('',#2786,1.);
#2786 = DIRECTION('',(0.,1.));
#2787 = ( GEOMETRIC_REPRESENTATION_CONTEXT(2) 
PARAMETRIC_REPRESENTATION_CONTEXT() REPRESENTATION_CONTEXT('2D SPACE',''
  ) );
#2788 = PCURVE('',#2734,#2789);
#2789 = DEFINITIONAL_REPRESENTATION('',(#2790),#2794);
#2790 = LINE('',#2791,#2792);
#2791 = CARTESIAN_POINT('',(0.,0.));
#2792 = VECTOR('',#2793,1.);
#2793 = DIRECTION('',(1.,0.));
#2794 = ( GEOMETRIC_REPRESENTATION_CONTEXT(2) 
PARAMETRIC_REPRESENTATION_CONTEXT() REPRESENTATION_CONTEXT('2D SPACE',''
  ) );
#2795 = ORIENTED_EDGE('',*,*,#2796,.F.);
#2796 = EDGE_CURVE('',#2750,#2774,#2797,.T.);
#2797 = SURFACE_CURVE('',#2798,(#2802,#2809),.PCURVE_S1.);
#2798 = LINE('',#2799,#2800);
#2799 = CARTESIAN_POINT('',(242.,-100.,-800.5));
#2800 = VECTOR('',#2801,1.);
#2801 = DIRECTION('',(0.,0.,1.));
#2802 = PCURVE('',#2652,#2803);
#2803 = DEFINITIONAL_REPRESENTATION('',(#2804),#2808);
#2804 = LINE('',#2805,#2806);
#2805 = CARTESIAN_POINT('',(0.,484.));
#2806 = VECTOR('',#2807,1.);
#2807 = DIRECTION('',(1.,0.));
#2808 = ( GEOMETRIC_REPRESENTATION_CONTEXT(2) 
PARAMETRIC_REPRESENTATION_CONTEXT() REPRESENTATION_CONTEXT('2D SPACE',''
  ) );
#2809 = PCURVE('',#2810,#2815);
#2810 = PLANE('',#2811);
#2811 = AXIS2_PLACEMENT_3D('',#2812,#2813,#2814);
#2812 = CARTESIAN_POINT('',(242.,-100.,-800.5));
#2813 = DIRECTION('',(1.,0.,0.));
#2814 = DIRECTION('',(0.,0.,1.));
#2815 = DEFINITIONAL_REPRESENTATION('',(#2816),#2820);
#2816 = LINE('',#2817,#2818);
#2817 = CARTESIAN_POINT('',(0.,0.));
#2818 = VECTOR('',#2819,1.);
#2819 = DIRECTION('',(1.,0.));
#2820 = ( GEOMETRIC_REPRESENTATION_CONTEXT(2) 
PARAMETRIC_REPRESENTATION_CONTEXT() REPRESENTATION_CONTEXT('2D SPACE',''
  ) );
#2821 = FACE_BOUND('',#2822,.F.);
#2822 = EDGE_LOOP('',(#2823,#2851,#2877,#2903));
#2823 = ORIENTED_EDGE('',*,*,#2824,.F.);
#2824 = EDGE_CURVE('',#2825,#2827,#2829,.T.);
#2825 = VERTEX_POINT('',#2826);
#2826 = CARTESIAN_POINT('',(-198.5,-100.,-707.5));
#2827 = VERTEX_POINT('',#2828);
#2828 = CARTESIAN_POINT('',(198.5,-100.,-707.5));
#2829 = SURFACE_CURVE('',#2830,(#2834,#2840),.PCURVE_S1.);
#2830 = LINE('',#2831,#2832);
#2831 = CARTESIAN_POINT('',(-220.25,-100.,-707.5));
#2832 = VECTOR('',#2833,1.);
#2833 = DIRECTION('',(1.,0.,0.));
#2834 = PCURVE('',#2652,#2835);
#2835 = DEFINITIONAL_REPRESENTATION('',(#2836),#2839);
#2836 = B_SPLINE_CURVE_WITH_KNOTS('',1,(#2837,#2838),.UNSPECIFIED.,.F.,
  .F.,(2,2),(21.75,418.75),.PIECEWISE_BEZIER_KNOTS.);
#2837 = CARTESIAN_POINT('',(93.,43.5));
#2838 = CARTESIAN_POINT('',(93.,440.5));
#2839 = ( GEOMETRIC_REPRESENTATION_CONTEXT(2) 
PARAMETRIC_REPRESENTATION_CONTEXT() REPRESENTATION_CONTEXT('2D SPACE',''
  ) );
#2840 = PCURVE('',#2841,#2846);
#2841 = PLANE('',#2842);
#2842 = AXIS2_PLACEMENT_3D('',#2843,#2844,#2845);
#2843 = CARTESIAN_POINT('',(-198.5,-102.,-707.5));
#2844 = DIRECTION('',(0.,0.,1.));
#2845 = DIRECTION('',(1.,0.,0.));
#2846 = DEFINITIONAL_REPRESENTATION('',(#2847),#2850);
#2847 = B_SPLINE_CURVE_WITH_KNOTS('',1,(#2848,#2849),.UNSPECIFIED.,.F.,
  .F.,(2,2),(21.75,418.75),.PIECEWISE_BEZIER_KNOTS.);
#2848 = CARTESIAN_POINT('',(0.,2.));
#2849 = CARTESIAN_POINT('',(397.,2.));
#2850 = ( GEOMETRIC_REPRESENTATION_CONTEXT(2) 
PARAMETRIC_REPRESENTATION_CONTEXT() REPRESENTATION_CONTEXT('2D SPACE',''
  ) );
#2851 = ORIENTED_EDGE('',*,*,#2852,.T.);
#2852 = EDGE_CURVE('',#2825,#2853,#2855,.T.);
#2853 = VERTEX_POINT('',#2854);
#2854 = CARTESIAN_POINT('',(-198.5,-100.,-712.5));
#2855 = SURFACE_CURVE('',#2856,(#2860,#2866),.PCURVE_S1.);
#2856 = LINE('',#2857,#2858);
#2857 = CARTESIAN_POINT('',(-198.5,-100.,-756.5));
#2858 = VECTOR('',#2859,1.);
#2859 = DIRECTION('',(0.,0.,-1.));
#2860 = PCURVE('',#2652,#2861);
#2861 = DEFINITIONAL_REPRESENTATION('',(#2862),#2865);
#2862 = B_SPLINE_CURVE_WITH_KNOTS('',1,(#2863,#2864),.UNSPECIFIED.,.F.,
  .F.,(2,2),(-49.,-44.),.PIECEWISE_BEZIER_KNOTS.);
#2863 = CARTESIAN_POINT('',(93.,43.5));
#2864 = CARTESIAN_POINT('',(88.,43.5));
#2865 = ( GEOMETRIC_REPRESENTATION_CONTEXT(2) 
PARAMETRIC_REPRESENTATION_CONTEXT() REPRESENTATION_CONTEXT('2D SPACE',''
  ) );
#2866 = PCURVE('',#2867,#2872);
#2867 = PLANE('',#2868);
#2868 = AXIS2_PLACEMENT_3D('',#2869,#2870,#2871);
#2869 = CARTESIAN_POINT('',(-198.5,-102.,-712.5));
#2870 = DIRECTION('',(1.,0.,0.));
#2871 = DIRECTION('',(0.,0.,1.));
#2872 = DEFINITIONAL_REPRESENTATION('',(#2873),#2876);
#2873 = B_SPLINE_CURVE_WITH_KNOTS('',1,(#2874,#2875),.UNSPECIFIED.,.F.,
  .F.,(2,2),(-49.,-44.),.PIECEWISE_BEZIER_KNOTS.);
#2874 = CARTESIAN_POINT('',(5.,-2.));
#2875 = CARTESIAN_POINT('',(0.,-2.));
#2876 = ( GEOMETRIC_REPRESENTATION_CONTEXT(2) 
PARAMETRIC_REPRESENTATION_CONTEXT() REPRESENTATION_CONTEXT('2D SPACE',''
  ) );
#2877 = ORIENTED_EDGE('',*,*,#2878,.T.);
#2878 = EDGE_CURVE('',#2853,#2879,#2881,.T.);
#2879 = VERTEX_POINT('',#2880);
#2880 = CARTESIAN_POINT('',(198.5,-100.,-712.5));
#2881 = SURFACE_CURVE('',#2882,(#2886,#2892),.PCURVE_S1.);
#2882 = LINE('',#2883,#2884);
#2883 = CARTESIAN_POINT('',(-220.25,-100.,-712.5));
#2884 = VECTOR('',#2885,1.);
#2885 = DIRECTION('',(1.,0.,0.));
#2886 = PCURVE('',#2652,#2887);
#2887 = DEFINITIONAL_REPRESENTATION('',(#2888),#2891);
#2888 = B_SPLINE_CURVE_WITH_KNOTS('',1,(#2889,#2890),.UNSPECIFIED.,.F.,
  .F.,(2,2),(21.75,418.75),.PIECEWISE_BEZIER_KNOTS.);
#2889 = CARTESIAN_POINT('',(88.,43.5));
#2890 = CARTESIAN_POINT('',(88.,440.5));
#2891 = ( GEOMETRIC_REPRESENTATION_CONTEXT(2) 
PARAMETRIC_REPRESENTATION_CONTEXT() REPRESENTATION_CONTEXT('2D SPACE',''
  ) );
#2892 = PCURVE('',#2893,#2898);
#2893 = PLANE('',#2894);
#2894 = AXIS2_PLACEMENT_3D('',#2895,#2896,#2897);
#2895 = CARTESIAN_POINT('',(-198.5,-102.,-712.5));
#2896 = DIRECTION('',(0.,0.,1.));
#2897 = DIRECTION('',(1.,0.,0.));
#2898 = DEFINITIONAL_REPRESENTATION('',(#2899),#2902);
#2899 = B_SPLINE_CURVE_WITH_KNOTS('',1,(#2900,#2901),.UNSPECIFIED.,.F.,
  .F.,(2,2),(21.75,418.75),.PIECEWISE_BEZIER_KNOTS.);
#2900 = CARTESIAN_POINT('',(0.,2.));
#2901 = CARTESIAN_POINT('',(397.,2.));
#2902 = ( GEOMETRIC_REPRESENTATION_CONTEXT(2) 
PARAMETRIC_REPRESENTATION_CONTEXT() REPRESENTATION_CONTEXT('2D SPACE',''
  ) );
#2903 = ORIENTED_EDGE('',*,*,#2904,.F.);
#2904 = EDGE_CURVE('',#2827,#2879,#2905,.T.);
#2905 = SURFACE_CURVE('',#2906,(#2910,#2916),.PCURVE_S1.);
#2906 = LINE('',#2907,#2908);
#2907 = CARTESIAN_POINT('',(198.5,-100.,-756.5));
#2908 = VECTOR('',#2909,1.);
#2909 = DIRECTION('',(0.,0.,-1.));
#2910 = PCURVE('',#2652,#2911);
#2911 = DEFINITIONAL_REPRESENTATION('',(#2912),#2915);
#2912 = B_SPLINE_CURVE_WITH_KNOTS('',1,(#2913,#2914),.UNSPECIFIED.,.F.,
  .F.,(2,2),(-49.,-44.),.PIECEWISE_BEZIER_KNOTS.);
#2913 = CARTESIAN_POINT('',(93.,440.5));
#2914 = CARTESIAN_POINT('',(88.,440.5));
#2915 = ( GEOMETRIC_REPRESENTATION_CONTEXT(2) 
PARAMETRIC_REPRESENTATION_CONTEXT() REPRESENTATION_CONTEXT('2D SPACE',''
  ) );
#2916 = PCURVE('',#2917,#2922);
#2917 = PLANE('',#2918);
#2918 = AXIS2_PLACEMENT_3D('',#2919,#2920,#2921);
#2919 = CARTESIAN_POINT('',(198.5,-102.,-712.5));
#2920 = DIRECTION('',(1.,0.,0.));
#2921 = DIRECTION('',(0.,0.,1.));
#2922 = DEFINITIONAL_REPRESENTATION('',(#2923),#2926);
#2923 = B_SPLINE_CURVE_WITH_KNOTS('',1,(#2924,#2925),.UNSPECIFIED.,.F.,
  .F.,(2,2),(-49.,-44.),.PIECEWISE_BEZIER_KNOTS.);
#2924 = CARTESIAN_POINT('',(5.,-2.));
#2925 = CARTESIAN_POINT('',(0.,-2.));
#2926 = ( GEOMETRIC_REPRESENTATION_CONTEXT(2) 
PARAMETRIC_REPRESENTATION_CONTEXT() REPRESENTATION_CONTEXT('2D SPACE',''
  ) );
#2927 = FACE_BOUND('',#2928,.F.);
#2928 = EDGE_LOOP('',(#2929,#2957,#2983,#3009));
#2929 = ORIENTED_EDGE('',*,*,#2930,.F.);
#2930 = EDGE_CURVE('',#2931,#2933,#2935,.T.);
#2931 = VERTEX_POINT('',#2932);
#2932 = CARTESIAN_POINT('',(-198.5,-100.,-646.));
#2933 = VERTEX_POINT('',#2934);
#2934 = CARTESIAN_POINT('',(198.5,-100.,-646.));
#2935 = SURFACE_CURVE('',#2936,(#2940,#2946),.PCURVE_S1.);
#2936 = LINE('',#2937,#2938);
#2937 = CARTESIAN_POINT('',(-220.25,-100.,-646.));
#2938 = VECTOR('',#2939,1.);
#2939 = DIRECTION('',(1.,0.,0.));
#2940 = PCURVE('',#2652,#2941);
#2941 = DEFINITIONAL_REPRESENTATION('',(#2942),#2945);
#2942 = B_SPLINE_CURVE_WITH_KNOTS('',1,(#2943,#2944),.UNSPECIFIED.,.F.,
  .F.,(2,2),(21.75,418.75),.PIECEWISE_BEZIER_KNOTS.);
#2943 = CARTESIAN_POINT('',(154.5,43.5));
#2944 = CARTESIAN_POINT('',(154.5,440.5));
#2945 = ( GEOMETRIC_REPRESENTATION_CONTEXT(2) 
PARAMETRIC_REPRESENTATION_CONTEXT() REPRESENTATION_CONTEXT('2D SPACE',''
  ) );
#2946 = PCURVE('',#2947,#2952);
#2947 = PLANE('',#2948);
#2948 = AXIS2_PLACEMENT_3D('',#2949,#2950,#2951);
#2949 = CARTESIAN_POINT('',(-198.5,-102.,-646.));
#2950 = DIRECTION('',(0.,0.,1.));
#2951 = DIRECTION('',(1.,0.,0.));
#2952 = DEFINITIONAL_REPRESENTATION('',(#2953),#2956);
#2953 = B_SPLINE_CURVE_WITH_KNOTS('',1,(#2954,#2955),.UNSPECIFIED.,.F.,
  .F.,(2,2),(21.75,418.75),.PIECEWISE_BEZIER_KNOTS.);
#2954 = CARTESIAN_POINT('',(0.,2.));
#2955 = CARTESIAN_POINT('',(397.,2.));
#2956 = ( GEOMETRIC_REPRESENTATION_CONTEXT(2) 
PARAMETRIC_REPRESENTATION_CONTEXT() REPRESENTATION_CONTEXT('2D SPACE',''
  ) );
#2957 = ORIENTED_EDGE('',*,*,#2958,.T.);
#2958 = EDGE_CURVE('',#2931,#2959,#2961,.T.);
#2959 = VERTEX_POINT('',#2960);
#2960 = CARTESIAN_POINT('',(-198.5,-100.,-651.));
#2961 = SURFACE_CURVE('',#2962,(#2966,#2972),.PCURVE_S1.);
#2962 = LINE('',#2963,#2964);
#2963 = CARTESIAN_POINT('',(-198.5,-100.,-725.75));
#2964 = VECTOR('',#2965,1.);
#2965 = DIRECTION('',(0.,0.,-1.));
#2966 = PCURVE('',#2652,#2967);
#2967 = DEFINITIONAL_REPRESENTATION('',(#2968),#2971);
#2968 = B_SPLINE_CURVE_WITH_KNOTS('',1,(#2969,#2970),.UNSPECIFIED.,.F.,
  .F.,(2,2),(-79.75,-74.75),.PIECEWISE_BEZIER_KNOTS.);
#2969 = CARTESIAN_POINT('',(154.5,43.5));
#2970 = CARTESIAN_POINT('',(149.5,43.5));
#2971 = ( GEOMETRIC_REPRESENTATION_CONTEXT(2) 
PARAMETRIC_REPRESENTATION_CONTEXT() REPRESENTATION_CONTEXT('2D SPACE',''
  ) );
#2972 = PCURVE('',#2973,#2978);
#2973 = PLANE('',#2974);
#2974 = AXIS2_PLACEMENT_3D('',#2975,#2976,#2977);
#2975 = CARTESIAN_POINT('',(-198.5,-102.,-651.));
#2976 = DIRECTION('',(1.,0.,0.));
#2977 = DIRECTION('',(0.,0.,1.));
#2978 = DEFINITIONAL_REPRESENTATION('',(#2979),#2982);
#2979 = B_SPLINE_CURVE_WITH_KNOTS('',1,(#2980,#2981),.UNSPECIFIED.,.F.,
  .F.,(2,2),(-79.75,-74.75),.PIECEWISE_BEZIER_KNOTS.);
#2980 = CARTESIAN_POINT('',(5.,-2.));
#2981 = CARTESIAN_POINT('',(0.,-2.));
#2982 = ( GEOMETRIC_REPRESENTATION_CONTEXT(2) 
PARAMETRIC_REPRESENTATION_CONTEXT() REPRESENTATION_CONTEXT('2D SPACE',''
  ) );
#2983 = ORIENTED_EDGE('',*,*,#2984,.T.);
#2984 = EDGE_CURVE('',#2959,#2985,#2987,.T.);
#2985 = VERTEX_POINT('',#2986);
#2986 = CARTESIAN_POINT('',(198.5,-100.,-651.));
#2987 = SURFACE_CURVE('',#2988,(#2992,#2998),.PCURVE_S1.);
#2988 = LINE('',#2989,#2990);
#2989 = CARTESIAN_POINT('',(-220.25,-100.,-651.));
#2990 = VECTOR('',#2991,1.);
#2991 = DIRECTION('',(1.,0.,0.));
#2992 = PCURVE('',#2652,#2993);
#2993 = DEFINITIONAL_REPRESENTATION('',(#2994),#2997);
#2994 = B_SPLINE_CURVE_WITH_KNOTS('',1,(#2995,#2996),.UNSPECIFIED.,.F.,
  .F.,(2,2),(21.75,418.75),.PIECEWISE_BEZIER_KNOTS.);
#2995 = CARTESIAN_POINT('',(149.5,43.5));
#2996 = CARTESIAN_POINT('',(149.5,440.5));
#2997 = ( GEOMETRIC_REPRESENTATION_CONTEXT(2) 
PARAMETRIC_REPRESENTATION_CONTEXT() REPRESENTATION_CONTEXT('2D SPACE',''
  ) );
#2998 = PCURVE('',#2999,#3004);
#2999 = PLANE('',#3000);
#3000 = AXIS2_PLACEMENT_3D('',#3001,#3002,#3003);
#3001 = CARTESIAN_POINT('',(-198.5,-102.,-651.));
#3002 = DIRECTION('',(0.,0.,1.));
#3003 = DIRECTION('',(1.,0.,0.));
#3004 = DEFINITIONAL_REPRESENTATION('',(#3005),#3008);
#3005 = B_SPLINE_CURVE_WITH_KNOTS('',1,(#3006,#3007),.UNSPECIFIED.,.F.,
  .F.,(2,2),(21.75,418.75),.PIECEWISE_BEZIER_KNOTS.);
#3006 = CARTESIAN_POINT('',(0.,2.));
#3007 = CARTESIAN_POINT('',(397.,2.));
#3008 = ( GEOMETRIC_REPRESENTATION_CONTEXT(2) 
PARAMETRIC_REPRESENTATION_CONTEXT() REPRESENTATION_CONTEXT('2D SPACE',''
  ) );
#3009 = ORIENTED_EDGE('',*,*,#3010,.F.);
#3010 = EDGE_CURVE('',#2933,#2985,#3011,.T.);
#3011 = SURFACE_CURVE('',#3012,(#3016,#3022),.PCURVE_S1.);
#3012 = LINE('',#3013,#3014);
#3013 = CARTESIAN_POINT('',(198.5,-100.,-725.75));
#3014 = VECTOR('',#3015,1.);
#3015 = DIRECTION('',(0.,0.,-1.));
#3016 = PCURVE('',#2652,#3017);
#3017 = DEFINITIONAL_REPRESENTATION('',(#3018),#3021);
#3018 = B_SPLINE_CURVE_WITH_KNOTS('',1,(#3019,#3020),.UNSPECIFIED.,.F.,
  .F.,(2,2),(-79.75,-74.75),.PIECEWISE_BEZIER_KNOTS.);
#3019 = CARTESIAN_POINT('',(154.5,440.5));
#3020 = CARTESIAN_POINT('',(149.5,440.5));
#3021 = ( GEOMETRIC_REPRESENTATION_CONTEXT(2) 
PARAMETRIC_REPRESENTATION_CONTEXT() REPRESENTATION_CONTEXT('2D SPACE',''
  ) );
#3022 = PCURVE('',#3023,#3028);
#3023 = PLANE('',#3024);
#3024 = AXIS2_PLACEMENT_3D('',#3025,#3026,#3027);
#3025 = CARTESIAN_POINT('',(198.5,-102.,-651.));
#3026 = DIRECTION('',(1.,0.,0.));
#3027 = DIRECTION('',(0.,0.,1.));
#3028 = DEFINITIONAL_REPRESENTATION('',(#3029),#3032);
#3029 = B_SPLINE_CURVE_WITH_KNOTS('',1,(#3030,#3031),.UNSPECIFIED.,.F.,
  .F.,(2,2),(-79.75,-74.75),.PIECEWISE_BEZIER_KNOTS.);
#3030 = CARTESIAN_POINT('',(5.,-2.));
#3031 = CARTESIAN_POINT('',(0.,-2.));
#3032 = ( GEOMETRIC_REPRESENTATION_CONTEXT(2) 
PARAMETRIC_REPRESENTATION_CONTEXT() REPRESENTATION_CONTEXT('2D SPACE',''
  ) );
#3033 = FACE_BOUND('',#3034,.F.);
#3034 = EDGE_LOOP('',(#3035,#3063,#3089,#3115));
#3035 = ORIENTED_EDGE('',*,*,#3036,.F.);
#3036 = EDGE_CURVE('',#3037,#3039,#3041,.T.);
#3037 = VERTEX_POINT('',#3038);
#3038 = CARTESIAN_POINT('',(-198.5,-100.,-584.5));
#3039 = VERTEX_POINT('',#3040);
#3040 = CARTESIAN_POINT('',(198.5,-100.,-584.5));
#3041 = SURFACE_CURVE('',#3042,(#3046,#3052),.PCURVE_S1.);
#3042 = LINE('',#3043,#3044);
#3043 = CARTESIAN_POINT('',(-220.25,-100.,-584.5));
#3044 = VECTOR('',#3045,1.);
#3045 = DIRECTION('',(1.,0.,0.));
#3046 = PCURVE('',#2652,#3047);
#3047 = DEFINITIONAL_REPRESENTATION('',(#3048),#3051);
#3048 = B_SPLINE_CURVE_WITH_KNOTS('',1,(#3049,#3050),.UNSPECIFIED.,.F.,
  .F.,(2,2),(21.75,418.75),.PIECEWISE_BEZIER_KNOTS.);
#3049 = CARTESIAN_POINT('',(216.,43.5));
#3050 = CARTESIAN_POINT('',(216.,440.5));
#3051 = ( GEOMETRIC_REPRESENTATION_CONTEXT(2) 
PARAMETRIC_REPRESENTATION_CONTEXT() REPRESENTATION_CONTEXT('2D SPACE',''
  ) );
#3052 = PCURVE('',#3053,#3058);
#3053 = PLANE('',#3054);
#3054 = AXIS2_PLACEMENT_3D('',#3055,#3056,#3057);
#3055 = CARTESIAN_POINT('',(-198.5,-102.,-584.5));
#3056 = DIRECTION('',(0.,0.,1.));
#3057 = DIRECTION('',(1.,0.,0.));
#3058 = DEFINITIONAL_REPRESENTATION('',(#3059),#3062);
#3059 = B_SPLINE_CURVE_WITH_KNOTS('',1,(#3060,#3061),.UNSPECIFIED.,.F.,
  .F.,(2,2),(21.75,418.75),.PIECEWISE_BEZIER_KNOTS.);
#3060 = CARTESIAN_POINT('',(0.,2.));
#3061 = CARTESIAN_POINT('',(397.,2.));
#3062 = ( GEOMETRIC_REPRESENTATION_CONTEXT(2) 
PARAMETRIC_REPRESENTATION_CONTEXT() REPRESENTATION_CONTEXT('2D SPACE',''
  ) );
#3063 = ORIENTED_EDGE('',*,*,#3064,.T.);
#3064 = EDGE_CURVE('',#3037,#3065,#3067,.T.);
#3065 = VERTEX_POINT('',#3066);
#3066 = CARTESIAN_POINT('',(-198.5,-100.,-589.5));
#3067 = SURFACE_CURVE('',#3068,(#3072,#3078),.PCURVE_S1.);
#3068 = LINE('',#3069,#3070);
#3069 = CARTESIAN_POINT('',(-198.5,-100.,-695.));
#3070 = VECTOR('',#3071,1.);
#3071 = DIRECTION('',(0.,0.,-1.));
#3072 = PCURVE('',#2652,#3073);
#3073 = DEFINITIONAL_REPRESENTATION('',(#3074),#3077);
#3074 = B_SPLINE_CURVE_WITH_KNOTS('',1,(#3075,#3076),.UNSPECIFIED.,.F.,
  .F.,(2,2),(-110.5,-105.5),.PIECEWISE_BEZIER_KNOTS.);
#3075 = CARTESIAN_POINT('',(216.,43.5));
#3076 = CARTESIAN_POINT('',(211.,43.5));
#3077 = ( GEOMETRIC_REPRESENTATION_CONTEXT(2) 
PARAMETRIC_REPRESENTATION_CONTEXT() REPRESENTATION_CONTEXT('2D SPACE',''
  ) );
#3078 = PCURVE('',#3079,#3084);
#3079 = PLANE('',#3080);
#3080 = AXIS2_PLACEMENT_3D('',#3081,#3082,#3083);
#3081 = CARTESIAN_POINT('',(-198.5,-102.,-589.5));
#3082 = DIRECTION('',(1.,0.,0.));
#3083 = DIRECTION('',(0.,0.,1.));
#3084 = DEFINITIONAL_REPRESENTATION('',(#3085),#3088);
#3085 = B_SPLINE_CURVE_WITH_KNOTS('',1,(#3086,#3087),.UNSPECIFIED.,.F.,
  .F.,(2,2),(-110.5,-105.5),.PIECEWISE_BEZIER_KNOTS.);
#3086 = CARTESIAN_POINT('',(5.,-2.));
#3087 = CARTESIAN_POINT('',(0.,-2.));
#3088 = ( GEOMETRIC_REPRESENTATION_CONTEXT(2) 
PARAMETRIC_REPRESENTATION_CONTEXT() REPRESENTATION_CONTEXT('2D SPACE',''
  ) );
#3089 = ORIENTED_EDGE('',*,*,#3090,.T.);
#3090 = EDGE_CURVE('',#3065,#3091,#3093,.T.);
#3091 = VERTEX_POINT('',#3092);
#3092 = CARTESIAN_POINT('',(198.5,-100.,-589.5));
#3093 = SURFACE_CURVE('',#3094,(#3098,#3104),.PCURVE_S1.);
#3094 = LINE('',#3095,#3096);
#3095 = CARTESIAN_POINT('',(-220.25,-100.,-589.5));
#3096 = VECTOR('',#3097,1.);
#3097 = DIRECTION('',(1.,0.,0.));
#3098 = PCURVE('',#2652,#3099);
#3099 = DEFINITIONAL_REPRESENTATION('',(#3100),#3103);
#3100 = B_SPLINE_CURVE_WITH_KNOTS('',1,(#3101,#3102),.UNSPECIFIED.,.F.,
  .F.,(2,2),(21.75,418.75),.PIECEWISE_BEZIER_KNOTS.);
#3101 = CARTESIAN_POINT('',(211.,43.5));
#3102 = CARTESIAN_POINT('',(211.,440.5));
#3103 = ( GEOMETRIC_REPRESENTATION_CONTEXT(2) 
PARAMETRIC_REPRESENTATION_CONTEXT() REPRESENTATION_CONTEXT('2D SPACE',''
  ) );
#3104 = PCURVE('',#3105,#3110);
#3105 = PLANE('',#3106);
#3106 = AXIS2_PLACEMENT_3D('',#3107,#3108,#3109);
#3107 = CARTESIAN_POINT('',(-198.5,-102.,-589.5));
#3108 = DIRECTION('',(0.,0.,1.));
#3109 = DIRECTION('',(1.,0.,0.));
#3110 = DEFINITIONAL_REPRESENTATION('',(#3111),#3114);
#3111 = B_SPLINE_CURVE_WITH_KNOTS('',1,(#3112,#3113),.UNSPECIFIED.,.F.,
  .F.,(2,2),(21.75,418.75),.PIECEWISE_BEZIER_KNOTS.);
#3112 = CARTESIAN_POINT('',(0.,2.));
#3113 = CARTESIAN_POINT('',(397.,2.));
#3114 = ( GEOMETRIC_REPRESENTATION_CONTEXT(2) 
PARAMETRIC_REPRESENTATION_CONTEXT() REPRESENTATION_CONTEXT('2D SPACE',''
  ) );
#3115 = ORIENTED_EDGE('',*,*,#3116,.F.);
#3116 = EDGE_CURVE('',#3039,#3091,#3117,.T.);
#3117 = SURFACE_CURVE('',#3118,(#3122,#3128),.PCURVE_S1.);
#3118 = LINE('',#3119,#3120);
#3119 = CARTESIAN_POINT('',(198.5,-100.,-695.));
#3120 = VECTOR('',#3121,1.);
#3121 = DIRECTION('',(0.,0.,-1.));
#3122 = PCURVE('',#2652,#3123);
#3123 = DEFINITIONAL_REPRESENTATION('',(#3124),#3127);
#3124 = B_SPLINE_CURVE_WITH_KNOTS('',1,(#3125,#3126),.UNSPECIFIED.,.F.,
  .F.,(2,2),(-110.5,-105.5),.PIECEWISE_BEZIER_KNOTS.);
#3125 = CARTESIAN_POINT('',(216.,440.5));
#3126 = CARTESIAN_POINT('',(211.,440.5));
#3127 = ( GEOMETRIC_REPRESENTATION_CONTEXT(2) 
PARAMETRIC_REPRESENTATION_CONTEXT() REPRESENTATION_CONTEXT('2D SPACE',''
  ) );
#3128 = PCURVE('',#3129,#3134);
#3129 = PLANE('',#3130);
#3130 = AXIS2_PLACEMENT_3D('',#3131,#3132,#3133);
#3131 = CARTESIAN_POINT('',(198.5,-102.,-589.5));
#3132 = DIRECTION('',(1.,0.,0.));
#3133 = DIRECTION('',(0.,0.,1.));
#3134 = DEFINITIONAL_REPRESENTATION('',(#3135),#3138);
#3135 = B_SPLINE_CURVE_WITH_KNOTS('',1,(#3136,#3137),.UNSPECIFIED.,.F.,
  .F.,(2,2),(-110.5,-105.5),.PIECEWISE_BEZIER_KNOTS.);
#3136 = CARTESIAN_POINT('',(5.,-2.));
#3137 = CARTESIAN_POINT('',(0.,-2.));
#3138 = ( GEOMETRIC_REPRESENTATION_CONTEXT(2) 
PARAMETRIC_REPRESENTATION_CONTEXT() REPRESENTATION_CONTEXT('2D SPACE',''
  ) );
#3139 = FACE_BOUND('',#3140,.F.);
#3140 = EDGE_LOOP('',(#3141,#3169,#3195,#3221));
#3141 = ORIENTED_EDGE('',*,*,#3142,.F.);
#3142 = EDGE_CURVE('',#3143,#3145,#3147,.T.);
#3143 = VERTEX_POINT('',#3144);
#3144 = CARTESIAN_POINT('',(-198.5,-100.,-523.));
#3145 = VERTEX_POINT('',#3146);
#3146 = CARTESIAN_POINT('',(198.5,-100.,-523.));
#3147 = SURFACE_CURVE('',#3148,(#3152,#3158),.PCURVE_S1.);
#3148 = LINE('',#3149,#3150);
#3149 = CARTESIAN_POINT('',(-220.25,-100.,-523.));
#3150 = VECTOR('',#3151,1.);
#3151 = DIRECTION('',(1.,0.,0.));
#3152 = PCURVE('',#2652,#3153);
#3153 = DEFINITIONAL_REPRESENTATION('',(#3154),#3157);
#3154 = B_SPLINE_CURVE_WITH_KNOTS('',1,(#3155,#3156),.UNSPECIFIED.,.F.,
  .F.,(2,2),(21.75,418.75),.PIECEWISE_BEZIER_KNOTS.);
#3155 = CARTESIAN_POINT('',(277.5,43.5));
#3156 = CARTESIAN_POINT('',(277.5,440.5));
#3157 = ( GEOMETRIC_REPRESENTATION_CONTEXT(2) 
PARAMETRIC_REPRESENTATION_CONTEXT() REPRESENTATION_CONTEXT('2D SPACE',''
  ) );
#3158 = PCURVE('',#3159,#3164);
#3159 = PLANE('',#3160);
#3160 = AXIS2_PLACEMENT_3D('',#3161,#3162,#3163);
#3161 = CARTESIAN_POINT('',(-198.5,-102.,-523.));
#3162 = DIRECTION('',(0.,0.,1.));
#3163 = DIRECTION('',(1.,0.,0.));
#3164 = DEFINITIONAL_REPRESENTATION('',(#3165),#3168);
#3165 = B_SPLINE_CURVE_WITH_KNOTS('',1,(#3166,#3167),.UNSPECIFIED.,.F.,
  .F.,(2,2),(21.75,418.75),.PIECEWISE_BEZIER_KNOTS.);
#3166 = CARTESIAN_POINT('',(0.,2.));
#3167 = CARTESIAN_POINT('',(397.,2.));
#3168 = ( GEOMETRIC_REPRESENTATION_CONTEXT(2) 
PARAMETRIC_REPRESENTATION_CONTEXT() REPRESENTATION_CONTEXT('2D SPACE',''
  ) );
#3169 = ORIENTED_EDGE('',*,*,#3170,.T.);
#3170 = EDGE_CURVE('',#3143,#3171,#3173,.T.);
#3171 = VERTEX_POINT('',#3172);
#3172 = CARTESIAN_POINT('',(-198.5,-100.,-528.));
#3173 = SURFACE_CURVE('',#3174,(#3178,#3184),.PCURVE_S1.);
#3174 = LINE('',#3175,#3176);
#3175 = CARTESIAN_POINT('',(-198.5,-100.,-664.25));
#3176 = VECTOR('',#3177,1.);
#3177 = DIRECTION('',(0.,0.,-1.));
#3178 = PCURVE('',#2652,#3179);
#3179 = DEFINITIONAL_REPRESENTATION('',(#3180),#3183);
#3180 = B_SPLINE_CURVE_WITH_KNOTS('',1,(#3181,#3182),.UNSPECIFIED.,.F.,
  .F.,(2,2),(-141.25,-136.25),.PIECEWISE_BEZIER_KNOTS.);
#3181 = CARTESIAN_POINT('',(277.5,43.5));
#3182 = CARTESIAN_POINT('',(272.5,43.5));
#3183 = ( GEOMETRIC_REPRESENTATION_CONTEXT(2) 
PARAMETRIC_REPRESENTATION_CONTEXT() REPRESENTATION_CONTEXT('2D SPACE',''
  ) );
#3184 = PCURVE('',#3185,#3190);
#3185 = PLANE('',#3186);
#3186 = AXIS2_PLACEMENT_3D('',#3187,#3188,#3189);
#3187 = CARTESIAN_POINT('',(-198.5,-102.,-528.));
#3188 = DIRECTION('',(1.,0.,0.));
#3189 = DIRECTION('',(0.,0.,1.));
#3190 = DEFINITIONAL_REPRESENTATION('',(#3191),#3194);
#3191 = B_SPLINE_CURVE_WITH_KNOTS('',1,(#3192,#3193),.UNSPECIFIED.,.F.,
  .F.,(2,2),(-141.25,-136.25),.PIECEWISE_BEZIER_KNOTS.);
#3192 = CARTESIAN_POINT('',(5.,-2.));
#3193 = CARTESIAN_POINT('',(0.,-2.));
#3194 = ( GEOMETRIC_REPRESENTATION_CONTEXT(2) 
PARAMETRIC_REPRESENTATION_CONTEXT() REPRESENTATION_CONTEXT('2D SPACE',''
  ) );
#3195 = ORIENTED_EDGE('',*,*,#3196,.T.);
#3196 = EDGE_CURVE('',#3171,#3197,#3199,.T.);
#3197 = VERTEX_POINT('',#3198);
#3198 = CARTESIAN_POINT('',(198.5,-100.,-528.));
#3199 = SURFACE_CURVE('',#3200,(#3204,#3210),.PCURVE_S1.);
#3200 = LINE('',#3201,#3202);
#3201 = CARTESIAN_POINT('',(-220.25,-100.,-528.));
#3202 = VECTOR('',#3203,1.);
#3203 = DIRECTION('',(1.,0.,0.));
#3204 = PCURVE('',#2652,#3205);
#3205 = DEFINITIONAL_REPRESENTATION('',(#3206),#3209);
#3206 = B_SPLINE_CURVE_WITH_KNOTS('',1,(#3207,#3208),.UNSPECIFIED.,.F.,
  .F.,(2,2),(21.75,418.75),.PIECEWISE_BEZIER_KNOTS.);
#3207 = CARTESIAN_POINT('',(272.5,43.5));
#3208 = CARTESIAN_POINT('',(272.5,440.5));
#3209 = ( GEOMETRIC_REPRESENTATION_CONTEXT(2) 
PARAMETRIC_REPRESENTATION_CONTEXT() REPRESENTATION_CONTEXT('2D SPACE',''
  ) );
#3210 = PCURVE('',#3211,#3216);
#3211 = PLANE('',#3212);
#3212 = AXIS2_PLACEMENT_3D('',#3213,#3214,#3215);
#3213 = CARTESIAN_POINT('',(-198.5,-102.,-528.));
#3214 = DIRECTION('',(0.,0.,1.));
#3215 = DIRECTION('',(1.,0.,0.));
#3216 = DEFINITIONAL_REPRESENTATION('',(#3217),#3220);
#3217 = B_SPLINE_CURVE_WITH_KNOTS('',1,(#3218,#3219),.UNSPECIFIED.,.F.,
  .F.,(2,2),(21.75,418.75),.PIECEWISE_BEZIER_KNOTS.);
#3218 = CARTESIAN_POINT('',(0.,2.));
#3219 = CARTESIAN_POINT('',(397.,2.));
#3220 = ( GEOMETRIC_REPRESENTATION_CONTEXT(2) 
PARAMETRIC_REPRESENTATION_CONTEXT() REPRESENTATION_CONTEXT('2D SPACE',''
  ) );
#3221 = ORIENTED_EDGE('',*,*,#3222,.F.);
#3222 = EDGE_CURVE('',#3145,#3197,#3223,.T.);
#3223 = SURFACE_CURVE('',#3224,(#3228,#3234),.PCURVE_S1.);
#3224 = LINE('',#3225,#3226);
#3225 = CARTESIAN_POINT('',(198.5,-100.,-664.25));
#3226 = VECTOR('',#3227,1.);
#3227 = DIRECTION('',(0.,0.,-1.));
#3228 = PCURVE('',#2652,#3229);
#3229 = DEFINITIONAL_REPRESENTATION('',(#3230),#3233);
#3230 = B_SPLINE_CURVE_WITH_KNOTS('',1,(#3231,#3232),.UNSPECIFIED.,.F.,
  .F.,(2,2),(-141.25,-136.25),.PIECEWISE_BEZIER_KNOTS.);
#3231 = CARTESIAN_POINT('',(277.5,440.5));
#3232 = CARTESIAN_POINT('',(272.5,440.5));
#3233 = ( GEOMETRIC_REPRESENTATION_CONTEXT(2) 
PARAMETRIC_REPRESENTATION_CONTEXT() REPRESENTATION_CONTEXT('2D SPACE',''
  ) );
#3234 = PCURVE('',#3235,#3240);
#3235 = PLANE('',#3236);
#3236 = AXIS2_PLACEMENT_3D('',#3237,#3238,#3239);
#3237 = CARTESIAN_POINT('',(198.5,-102.,-528.));
#3238 = DIRECTION('',(1.,0.,0.));
#3239 = DIRECTION('',(0.,0.,1.));
#3240 = DEFINITIONAL_REPRESENTATION('',(#3241),#3244);
#3241 = B_SPLINE_CURVE_WITH_KNOTS('',1,(#3242,#3243),.UNSPECIFIED.,.F.,
  .F.,(2,2),(-141.25,-136.25),.PIECEWISE_BEZIER_KNOTS.);
#3242 = CARTESIAN_POINT('',(5.,-2.));
#3243 = CARTESIAN_POINT('',(0.,-2.));
#3244 = ( GEOMETRIC_REPRESENTATION_CONTEXT(2) 
PARAMETRIC_REPRESENTATION_CONTEXT() REPRESENTATION_CONTEXT('2D SPACE',''
  ) );
#3245 = FACE_BOUND('',#3246,.F.);
#3246 = EDGE_LOOP('',(#3247,#3275,#3301,#3327));
#3247 = ORIENTED_EDGE('',*,*,#3248,.F.);
#3248 = EDGE_CURVE('',#3249,#3251,#3253,.T.);
#3249 = VERTEX_POINT('',#3250);
#3250 = CARTESIAN_POINT('',(-198.5,-100.,-461.5));
#3251 = VERTEX_POINT('',#3252);
#3252 = CARTESIAN_POINT('',(198.5,-100.,-461.5));
#3253 = SURFACE_CURVE('',#3254,(#3258,#3264),.PCURVE_S1.);
#3254 = LINE('',#3255,#3256);
#3255 = CARTESIAN_POINT('',(-220.25,-100.,-461.5));
#3256 = VECTOR('',#3257,1.);
#3257 = DIRECTION('',(1.,0.,0.));
#3258 = PCURVE('',#2652,#3259);
#3259 = DEFINITIONAL_REPRESENTATION('',(#3260),#3263);
#3260 = B_SPLINE_CURVE_WITH_KNOTS('',1,(#3261,#3262),.UNSPECIFIED.,.F.,
  .F.,(2,2),(21.75,418.75),.PIECEWISE_BEZIER_KNOTS.);
#3261 = CARTESIAN_POINT('',(339.,43.5));
#3262 = CARTESIAN_POINT('',(339.,440.5));
#3263 = ( GEOMETRIC_REPRESENTATION_CONTEXT(2) 
PARAMETRIC_REPRESENTATION_CONTEXT() REPRESENTATION_CONTEXT('2D SPACE',''
  ) );
#3264 = PCURVE('',#3265,#3270);
#3265 = PLANE('',#3266);
#3266 = AXIS2_PLACEMENT_3D('',#3267,#3268,#3269);
#3267 = CARTESIAN_POINT('',(-198.5,-102.,-461.5));
#3268 = DIRECTION('',(0.,0.,1.));
#3269 = DIRECTION('',(1.,0.,0.));
#3270 = DEFINITIONAL_REPRESENTATION('',(#3271),#3274);
#3271 = B_SPLINE_CURVE_WITH_KNOTS('',1,(#3272,#3273),.UNSPECIFIED.,.F.,
  .F.,(2,2),(21.75,418.75),.PIECEWISE_BEZIER_KNOTS.);
#3272 = CARTESIAN_POINT('',(0.,2.));
#3273 = CARTESIAN_POINT('',(397.,2.));
#3274 = ( GEOMETRIC_REPRESENTATION_CONTEXT(2) 
PARAMETRIC_REPRESENTATION_CONTEXT() REPRESENTATION_CONTEXT('2D SPACE',''
  ) );
#3275 = ORIENTED_EDGE('',*,*,#3276,.T.);
#3276 = EDGE_CURVE('',#3249,#3277,#3279,.T.);
#3277 = VERTEX_POINT('',#3278);
#3278 = CARTESIAN_POINT('',(-198.5,-100.,-466.5));
#3279 = SURFACE_CURVE('',#3280,(#3284,#3290),.PCURVE_S1.);
#3280 = LINE('',#3281,#3282);
#3281 = CARTESIAN_POINT('',(-198.5,-100.,-633.5));
#3282 = VECTOR('',#3283,1.);
#3283 = DIRECTION('',(0.,0.,-1.));
#3284 = PCURVE('',#2652,#3285);
#3285 = DEFINITIONAL_REPRESENTATION('',(#3286),#3289);
#3286 = B_SPLINE_CURVE_WITH_KNOTS('',1,(#3287,#3288),.UNSPECIFIED.,.F.,
  .F.,(2,2),(-172.,-167.),.PIECEWISE_BEZIER_KNOTS.);
#3287 = CARTESIAN_POINT('',(339.,43.5));
#3288 = CARTESIAN_POINT('',(334.,43.5));
#3289 = ( GEOMETRIC_REPRESENTATION_CONTEXT(2) 
PARAMETRIC_REPRESENTATION_CONTEXT() REPRESENTATION_CONTEXT('2D SPACE',''
  ) );
#3290 = PCURVE('',#3291,#3296);
#3291 = PLANE('',#3292);
#3292 = AXIS2_PLACEMENT_3D('',#3293,#3294,#3295);
#3293 = CARTESIAN_POINT('',(-198.5,-102.,-466.5));
#3294 = DIRECTION('',(1.,0.,0.));
#3295 = DIRECTION('',(0.,0.,1.));
#3296 = DEFINITIONAL_REPRESENTATION('',(#3297),#3300);
#3297 = B_SPLINE_CURVE_WITH_KNOTS('',1,(#3298,#3299),.UNSPECIFIED.,.F.,
  .F.,(2,2),(-172.,-167.),.PIECEWISE_BEZIER_KNOTS.);
#3298 = CARTESIAN_POINT('',(5.,-2.));
#3299 = CARTESIAN_POINT('',(0.,-2.));
#3300 = ( GEOMETRIC_REPRESENTATION_CONTEXT(2) 
PARAMETRIC_REPRESENTATION_CONTEXT() REPRESENTATION_CONTEXT('2D SPACE',''
  ) );
#3301 = ORIENTED_EDGE('',*,*,#3302,.T.);
#3302 = EDGE_CURVE('',#3277,#3303,#3305,.T.);
#3303 = VERTEX_POINT('',#3304);
#3304 = CARTESIAN_POINT('',(198.5,-100.,-466.5));
#3305 = SURFACE_CURVE('',#3306,(#3310,#3316),.PCURVE_S1.);
#3306 = LINE('',#3307,#3308);
#3307 = CARTESIAN_POINT('',(-220.25,-100.,-466.5));
#3308 = VECTOR('',#3309,1.);
#3309 = DIRECTION('',(1.,0.,0.));
#3310 = PCURVE('',#2652,#3311);
#3311 = DEFINITIONAL_REPRESENTATION('',(#3312),#3315);
#3312 = B_SPLINE_CURVE_WITH_KNOTS('',1,(#3313,#3314),.UNSPECIFIED.,.F.,
  .F.,(2,2),(21.75,418.75),.PIECEWISE_BEZIER_KNOTS.);
#3313 = CARTESIAN_POINT('',(334.,43.5));
#3314 = CARTESIAN_POINT('',(334.,440.5));
#3315 = ( GEOMETRIC_REPRESENTATION_CONTEXT(2) 
PARAMETRIC_REPRESENTATION_CONTEXT() REPRESENTATION_CONTEXT('2D SPACE',''
  ) );
#3316 = PCURVE('',#3317,#3322);
#3317 = PLANE('',#3318);
#3318 = AXIS2_PLACEMENT_3D('',#3319,#3320,#3321);
#3319 = CARTESIAN_POINT('',(-198.5,-102.,-466.5));
#3320 = DIRECTION('',(0.,0.,1.));
#3321 = DIRECTION('',(1.,0.,0.));
#3322 = DEFINITIONAL_REPRESENTATION('',(#3323),#3326);
#3323 = B_SPLINE_CURVE_WITH_KNOTS('',1,(#3324,#3325),.UNSPECIFIED.,.F.,
  .F.,(2,2),(21.75,418.75),.PIECEWISE_BEZIER_KNOTS.);
#3324 = CARTESIAN_POINT('',(0.,2.));
#3325 = CARTESIAN_POINT('',(397.,2.));
#3326 = ( GEOMETRIC_REPRESENTATION_CONTEXT(2) 
PARAMETRIC_REPRESENTATION_CONTEXT() REPRESENTATION_CONTEXT('2D SPACE',''
  ) );
#3327 = ORIENTED_EDGE('',*,*,#3328,.F.);
#3328 = EDGE_CURVE('',#3251,#3303,#3329,.T.);
#3329 = SURFACE_CURVE('',#3330,(#3334,#3340),.PCURVE_S1.);
#3330 = LINE('',#3331,#3332);
#3331 = CARTESIAN_POINT('',(198.5,-100.,-633.5));
#3332 = VECTOR('',#3333,1.);
#3333 = DIRECTION('',(0.,0.,-1.));
#3334 = PCURVE('',#2652,#3335);
#3335 = DEFINITIONAL_REPRESENTATION('',(#3336),#3339);
#3336 = B_SPLINE_CURVE_WITH_KNOTS('',1,(#3337,#3338),.UNSPECIFIED.,.F.,
  .F.,(2,2),(-172.,-167.),.PIECEWISE_BEZIER_KNOTS.);
#3337 = CARTESIAN_POINT('',(339.,440.5));
#3338 = CARTESIAN_POINT('',(334.,440.5));
#3339 = ( GEOMETRIC_REPRESENTATION_CONTEXT(2) 
PARAMETRIC_REPRESENTATION_CONTEXT() REPRESENTATION_CONTEXT('2D SPACE',''
  ) );
#3340 = PCURVE('',#3341,#3346);
#3341 = PLANE('',#3342);
#3342 = AXIS2_PLACEMENT_3D('',#3343,#3344,#3345);
#3343 = CARTESIAN_POINT('',(198.5,-102.,-466.5));
#3344 = DIRECTION('',(1.,0.,0.));
#3345 = DIRECTION('',(0.,0.,1.));
#3346 = DEFINITIONAL_REPRESENTATION('',(#3347),#3350);
#3347 = B_SPLINE_CURVE_WITH_KNOTS('',1,(#3348,#3349),.UNSPECIFIED.,.F.,
  .F.,(2,2),(-172.,-167.),.PIECEWISE_BEZIER_KNOTS.);
#3348 = CARTESIAN_POINT('',(5.,-2.));
#3349 = CARTESIAN_POINT('',(0.,-2.));
#3350 = ( GEOMETRIC_REPRESENTATION_CONTEXT(2) 
PARAMETRIC_REPRESENTATION_CONTEXT() REPRESENTATION_CONTEXT('2D SPACE',''
  ) );
#3351 = FACE_BOUND('',#3352,.F.);
#3352 = EDGE_LOOP('',(#3353,#3381,#3407,#3433));
#3353 = ORIENTED_EDGE('',*,*,#3354,.F.);
#3354 = EDGE_CURVE('',#3355,#3357,#3359,.T.);
#3355 = VERTEX_POINT('',#3356);
#3356 = CARTESIAN_POINT('',(-198.5,-100.,-400.));
#3357 = VERTEX_POINT('',#3358);
#3358 = CARTESIAN_POINT('',(198.5,-100.,-400.));
#3359 = SURFACE_CURVE('',#3360,(#3364,#3370),.PCURVE_S1.);
#3360 = LINE('',#3361,#3362);
#3361 = CARTESIAN_POINT('',(-220.25,-100.,-400.));
#3362 = VECTOR('',#3363,1.);
#3363 = DIRECTION('',(1.,0.,0.));
#3364 = PCURVE('',#2652,#3365);
#3365 = DEFINITIONAL_REPRESENTATION('',(#3366),#3369);
#3366 = B_SPLINE_CURVE_WITH_KNOTS('',1,(#3367,#3368),.UNSPECIFIED.,.F.,
  .F.,(2,2),(21.75,418.75),.PIECEWISE_BEZIER_KNOTS.);
#3367 = CARTESIAN_POINT('',(400.5,43.5));
#3368 = CARTESIAN_POINT('',(400.5,440.5));
#3369 = ( GEOMETRIC_REPRESENTATION_CONTEXT(2) 
PARAMETRIC_REPRESENTATION_CONTEXT() REPRESENTATION_CONTEXT('2D SPACE',''
  ) );
#3370 = PCURVE('',#3371,#3376);
#3371 = PLANE('',#3372);
#3372 = AXIS2_PLACEMENT_3D('',#3373,#3374,#3375);
#3373 = CARTESIAN_POINT('',(-198.5,-102.,-400.));
#3374 = DIRECTION('',(0.,0.,1.));
#3375 = DIRECTION('',(1.,0.,0.));
#3376 = DEFINITIONAL_REPRESENTATION('',(#3377),#3380);
#3377 = B_SPLINE_CURVE_WITH_KNOTS('',1,(#3378,#3379),.UNSPECIFIED.,.F.,
  .F.,(2,2),(21.75,418.75),.PIECEWISE_BEZIER_KNOTS.);
#3378 = CARTESIAN_POINT('',(0.,2.));
#3379 = CARTESIAN_POINT('',(397.,2.));
#3380 = ( GEOMETRIC_REPRESENTATION_CONTEXT(2) 
PARAMETRIC_REPRESENTATION_CONTEXT() REPRESENTATION_CONTEXT('2D SPACE',''
  ) );
#3381 = ORIENTED_EDGE('',*,*,#3382,.T.);
#3382 = EDGE_CURVE('',#3355,#3383,#3385,.T.);
#3383 = VERTEX_POINT('',#3384);
#3384 = CARTESIAN_POINT('',(-198.5,-100.,-405.));
#3385 = SURFACE_CURVE('',#3386,(#3390,#3396),.PCURVE_S1.);
#3386 = LINE('',#3387,#3388);
#3387 = CARTESIAN_POINT('',(-198.5,-100.,-602.75));
#3388 = VECTOR('',#3389,1.);
#3389 = DIRECTION('',(0.,0.,-1.));
#3390 = PCURVE('',#2652,#3391);
#3391 = DEFINITIONAL_REPRESENTATION('',(#3392),#3395);
#3392 = B_SPLINE_CURVE_WITH_KNOTS('',1,(#3393,#3394),.UNSPECIFIED.,.F.,
  .F.,(2,2),(-202.75,-197.75),.PIECEWISE_BEZIER_KNOTS.);
#3393 = CARTESIAN_POINT('',(400.5,43.5));
#3394 = CARTESIAN_POINT('',(395.5,43.5));
#3395 = ( GEOMETRIC_REPRESENTATION_CONTEXT(2) 
PARAMETRIC_REPRESENTATION_CONTEXT() REPRESENTATION_CONTEXT('2D SPACE',''
  ) );
#3396 = PCURVE('',#3397,#3402);
#3397 = PLANE('',#3398);
#3398 = AXIS2_PLACEMENT_3D('',#3399,#3400,#3401);
#3399 = CARTESIAN_POINT('',(-198.5,-102.,-405.));
#3400 = DIRECTION('',(1.,0.,0.));
#3401 = DIRECTION('',(0.,0.,1.));
#3402 = DEFINITIONAL_REPRESENTATION('',(#3403),#3406);
#3403 = B_SPLINE_CURVE_WITH_KNOTS('',1,(#3404,#3405),.UNSPECIFIED.,.F.,
  .F.,(2,2),(-202.75,-197.75),.PIECEWISE_BEZIER_KNOTS.);
#3404 = CARTESIAN_POINT('',(5.,-2.));
#3405 = CARTESIAN_POINT('',(0.,-2.));
#3406 = ( GEOMETRIC_REPRESENTATION_CONTEXT(2) 
PARAMETRIC_REPRESENTATION_CONTEXT() REPRESENTATION_CONTEXT('2D SPACE',''
  ) );
#3407 = ORIENTED_EDGE('',*,*,#3408,.T.);
#3408 = EDGE_CURVE('',#3383,#3409,#3411,.T.);
#3409 = VERTEX_POINT('',#3410);
#3410 = CARTESIAN_POINT('',(198.5,-100.,-405.));
#3411 = SURFACE_CURVE('',#3412,(#3416,#3422),.PCURVE_S1.);
#3412 = LINE('',#3413,#3414);
#3413 = CARTESIAN_POINT('',(-220.25,-100.,-405.));
#3414 = VECTOR('',#3415,1.);
#3415 = DIRECTION('',(1.,0.,0.));
#3416 = PCURVE('',#2652,#3417);
#3417 = DEFINITIONAL_REPRESENTATION('',(#3418),#3421);
#3418 = B_SPLINE_CURVE_WITH_KNOTS('',1,(#3419,#3420),.UNSPECIFIED.,.F.,
  .F.,(2,2),(21.75,418.75),.PIECEWISE_BEZIER_KNOTS.);
#3419 = CARTESIAN_POINT('',(395.5,43.5));
#3420 = CARTESIAN_POINT('',(395.5,440.5));
#3421 = ( GEOMETRIC_REPRESENTATION_CONTEXT(2) 
PARAMETRIC_REPRESENTATION_CONTEXT() REPRESENTATION_CONTEXT('2D SPACE',''
  ) );
#3422 = PCURVE('',#3423,#3428);
#3423 = PLANE('',#3424);
#3424 = AXIS2_PLACEMENT_3D('',#3425,#3426,#3427);
#3425 = CARTESIAN_POINT('',(-198.5,-102.,-405.));
#3426 = DIRECTION('',(0.,0.,1.));
#3427 = DIRECTION('',(1.,0.,0.));
#3428 = DEFINITIONAL_REPRESENTATION('',(#3429),#3432);
#3429 = B_SPLINE_CURVE_WITH_KNOTS('',1,(#3430,#3431),.UNSPECIFIED.,.F.,
  .F.,(2,2),(21.75,418.75),.PIECEWISE_BEZIER_KNOTS.);
#3430 = CARTESIAN_POINT('',(0.,2.));
#3431 = CARTESIAN_POINT('',(397.,2.));
#3432 = ( GEOMETRIC_REPRESENTATION_CONTEXT(2) 
PARAMETRIC_REPRESENTATION_CONTEXT() REPRESENTATION_CONTEXT('2D SPACE',''
  ) );
#3433 = ORIENTED_EDGE('',*,*,#3434,.F.);
#3434 = EDGE_CURVE('',#3357,#3409,#3435,.T.);
#3435 = SURFACE_CURVE('',#3436,(#3440,#3446),.PCURVE_S1.);
#3436 = LINE('',#3437,#3438);
#3437 = CARTESIAN_POINT('',(198.5,-100.,-602.75));
#3438 = VECTOR('',#3439,1.);
#3439 = DIRECTION('',(0.,0.,-1.));
#3440 = PCURVE('',#2652,#3441);
#3441 = DEFINITIONAL_REPRESENTATION('',(#3442),#3445);
#3442 = B_SPLINE_CURVE_WITH_KNOTS('',1,(#3443,#3444),.UNSPECIFIED.,.F.,
  .F.,(2,2),(-202.75,-197.75),.PIECEWISE_BEZIER_KNOTS.);
#3443 = CARTESIAN_POINT('',(400.5,440.5));
#3444 = CARTESIAN_POINT('',(395.5,440.5));
#3445 = ( GEOMETRIC_REPRESENTATION_CONTEXT(2) 
PARAMETRIC_REPRESENTATION_CONTEXT() REPRESENTATION_CONTEXT('2D SPACE',''
  ) );
#3446 = PCURVE('',#3447,#3452);
#3447 = PLANE('',#3448);
#3448 = AXIS2_PLACEMENT_3D('',#3449,#3450,#3451);
#3449 = CARTESIAN_POINT('',(198.5,-102.,-405.));
#3450 = DIRECTION('',(1.,0.,0.));
#3451 = DIRECTION('',(0.,0.,1.));
#3452 = DEFINITIONAL_REPRESENTATION('',(#3453),#3456);
#3453 = B_SPLINE_CURVE_WITH_KNOTS('',1,(#3454,#3455),.UNSPECIFIED.,.F.,
  .F.,(2,2),(-202.75,-197.75),.PIECEWISE_BEZIER_KNOTS.);
#3454 = CARTESIAN_POINT('',(5.,-2.));
#3455 = CARTESIAN_POINT('',(0.,-2.));
#3456 = ( GEOMETRIC_REPRESENTATION_CONTEXT(2) 
PARAMETRIC_REPRESENTATION_CONTEXT() REPRESENTATION_CONTEXT('2D SPACE',''
  ) );
#3457 = FACE_BOUND('',#3458,.F.);
#3458 = EDGE_LOOP('',(#3459,#3487,#3513,#3539));
#3459 = ORIENTED_EDGE('',*,*,#3460,.F.);
#3460 = EDGE_CURVE('',#3461,#3463,#3465,.T.);
#3461 = VERTEX_POINT('',#3462);
#3462 = CARTESIAN_POINT('',(-198.5,-100.,-338.5));
#3463 = VERTEX_POINT('',#3464);
#3464 = CARTESIAN_POINT('',(198.5,-100.,-338.5));
#3465 = SURFACE_CURVE('',#3466,(#3470,#3476),.PCURVE_S1.);
#3466 = LINE('',#3467,#3468);
#3467 = CARTESIAN_POINT('',(-220.25,-100.,-338.5));
#3468 = VECTOR('',#3469,1.);
#3469 = DIRECTION('',(1.,0.,0.));
#3470 = PCURVE('',#2652,#3471);
#3471 = DEFINITIONAL_REPRESENTATION('',(#3472),#3475);
#3472 = B_SPLINE_CURVE_WITH_KNOTS('',1,(#3473,#3474),.UNSPECIFIED.,.F.,
  .F.,(2,2),(21.75,418.75),.PIECEWISE_BEZIER_KNOTS.);
#3473 = CARTESIAN_POINT('',(462.,43.5));
#3474 = CARTESIAN_POINT('',(462.,440.5));
#3475 = ( GEOMETRIC_REPRESENTATION_CONTEXT(2) 
PARAMETRIC_REPRESENTATION_CONTEXT() REPRESENTATION_CONTEXT('2D SPACE',''
  ) );
#3476 = PCURVE('',#3477,#3482);
#3477 = PLANE('',#3478);
#3478 = AXIS2_PLACEMENT_3D('',#3479,#3480,#3481);
#3479 = CARTESIAN_POINT('',(-198.5,-102.,-338.5));
#3480 = DIRECTION('',(0.,0.,1.));
#3481 = DIRECTION('',(1.,0.,0.));
#3482 = DEFINITIONAL_REPRESENTATION('',(#3483),#3486);
#3483 = B_SPLINE_CURVE_WITH_KNOTS('',1,(#3484,#3485),.UNSPECIFIED.,.F.,
  .F.,(2,2),(21.75,418.75),.PIECEWISE_BEZIER_KNOTS.);
#3484 = CARTESIAN_POINT('',(0.,2.));
#3485 = CARTESIAN_POINT('',(397.,2.));
#3486 = ( GEOMETRIC_REPRESENTATION_CONTEXT(2) 
PARAMETRIC_REPRESENTATION_CONTEXT() REPRESENTATION_CONTEXT('2D SPACE',''
  ) );
#3487 = ORIENTED_EDGE('',*,*,#3488,.T.);
#3488 = EDGE_CURVE('',#3461,#3489,#3491,.T.);
#3489 = VERTEX_POINT('',#3490);
#3490 = CARTESIAN_POINT('',(-198.5,-100.,-343.5));
#3491 = SURFACE_CURVE('',#3492,(#3496,#3502),.PCURVE_S1.);
#3492 = LINE('',#3493,#3494);
#3493 = CARTESIAN_POINT('',(-198.5,-100.,-572.));
#3494 = VECTOR('',#3495,1.);
#3495 = DIRECTION('',(0.,0.,-1.));
#3496 = PCURVE('',#2652,#3497);
#3497 = DEFINITIONAL_REPRESENTATION('',(#3498),#3501);
#3498 = B_SPLINE_CURVE_WITH_KNOTS('',1,(#3499,#3500),.UNSPECIFIED.,.F.,
  .F.,(2,2),(-233.5,-228.5),.PIECEWISE_BEZIER_KNOTS.);
#3499 = CARTESIAN_POINT('',(462.,43.5));
#3500 = CARTESIAN_POINT('',(457.,43.5));
#3501 = ( GEOMETRIC_REPRESENTATION_CONTEXT(2) 
PARAMETRIC_REPRESENTATION_CONTEXT() REPRESENTATION_CONTEXT('2D SPACE',''
  ) );
#3502 = PCURVE('',#3503,#3508);
#3503 = PLANE('',#3504);
#3504 = AXIS2_PLACEMENT_3D('',#3505,#3506,#3507);
#3505 = CARTESIAN_POINT('',(-198.5,-102.,-343.5));
#3506 = DIRECTION('',(1.,0.,0.));
#3507 = DIRECTION('',(0.,0.,1.));
#3508 = DEFINITIONAL_REPRESENTATION('',(#3509),#3512);
#3509 = B_SPLINE_CURVE_WITH_KNOTS('',1,(#3510,#3511),.UNSPECIFIED.,.F.,
  .F.,(2,2),(-233.5,-228.5),.PIECEWISE_BEZIER_KNOTS.);
#3510 = CARTESIAN_POINT('',(5.,-2.));
#3511 = CARTESIAN_POINT('',(0.,-2.));
#3512 = ( GEOMETRIC_REPRESENTATION_CONTEXT(2) 
PARAMETRIC_REPRESENTATION_CONTEXT() REPRESENTATION_CONTEXT('2D SPACE',''
  ) );
#3513 = ORIENTED_EDGE('',*,*,#3514,.T.);
#3514 = EDGE_CURVE('',#3489,#3515,#3517,.T.);
#3515 = VERTEX_POINT('',#3516);
#3516 = CARTESIAN_POINT('',(198.5,-100.,-343.5));
#3517 = SURFACE_CURVE('',#3518,(#3522,#3528),.PCURVE_S1.);
#3518 = LINE('',#3519,#3520);
#3519 = CARTESIAN_POINT('',(-220.25,-100.,-343.5));
#3520 = VECTOR('',#3521,1.);
#3521 = DIRECTION('',(1.,0.,0.));
#3522 = PCURVE('',#2652,#3523);
#3523 = DEFINITIONAL_REPRESENTATION('',(#3524),#3527);
#3524 = B_SPLINE_CURVE_WITH_KNOTS('',1,(#3525,#3526),.UNSPECIFIED.,.F.,
  .F.,(2,2),(21.75,418.75),.PIECEWISE_BEZIER_KNOTS.);
#3525 = CARTESIAN_POINT('',(457.,43.5));
#3526 = CARTESIAN_POINT('',(457.,440.5));
#3527 = ( GEOMETRIC_REPRESENTATION_CONTEXT(2) 
PARAMETRIC_REPRESENTATION_CONTEXT() REPRESENTATION_CONTEXT('2D SPACE',''
  ) );
#3528 = PCURVE('',#3529,#3534);
#3529 = PLANE('',#3530);
#3530 = AXIS2_PLACEMENT_3D('',#3531,#3532,#3533);
#3531 = CARTESIAN_POINT('',(-198.5,-102.,-343.5));
#3532 = DIRECTION('',(0.,0.,1.));
#3533 = DIRECTION('',(1.,0.,0.));
#3534 = DEFINITIONAL_REPRESENTATION('',(#3535),#3538);
#3535 = B_SPLINE_CURVE_WITH_KNOTS('',1,(#3536,#3537),.UNSPECIFIED.,.F.,
  .F.,(2,2),(21.75,418.75),.PIECEWISE_BEZIER_KNOTS.);
#3536 = CARTESIAN_POINT('',(0.,2.));
#3537 = CARTESIAN_POINT('',(397.,2.));
#3538 = ( GEOMETRIC_REPRESENTATION_CONTEXT(2) 
PARAMETRIC_REPRESENTATION_CONTEXT() REPRESENTATION_CONTEXT('2D SPACE',''
  ) );
#3539 = ORIENTED_EDGE('',*,*,#3540,.F.);
#3540 = EDGE_CURVE('',#3463,#3515,#3541,.T.);
#3541 = SURFACE_CURVE('',#3542,(#3546,#3552),.PCURVE_S1.);
#3542 = LINE('',#3543,#3544);
#3543 = CARTESIAN_POINT('',(198.5,-100.,-572.));
#3544 = VECTOR('',#3545,1.);
#3545 = DIRECTION('',(0.,0.,-1.));
#3546 = PCURVE('',#2652,#3547);
#3547 = DEFINITIONAL_REPRESENTATION('',(#3548),#3551);
#3548 = B_SPLINE_CURVE_WITH_KNOTS('',1,(#3549,#3550),.UNSPECIFIED.,.F.,
  .F.,(2,2),(-233.5,-228.5),.PIECEWISE_BEZIER_KNOTS.);
#3549 = CARTESIAN_POINT('',(462.,440.5));
#3550 = CARTESIAN_POINT('',(457.,440.5));
#3551 = ( GEOMETRIC_REPRESENTATION_CONTEXT(2) 
PARAMETRIC_REPRESENTATION_CONTEXT() REPRESENTATION_CONTEXT('2D SPACE',''
  ) );
#3552 = PCURVE('',#3553,#3558);
#3553 = PLANE('',#3554);
#3554 = AXIS2_PLACEMENT_3D('',#3555,#3556,#3557);
#3555 = CARTESIAN_POINT('',(198.5,-102.,-343.5));
#3556 = DIRECTION('',(1.,0.,0.));
#3557 = DIRECTION('',(0.,0.,1.));
#3558 = DEFINITIONAL_REPRESENTATION('',(#3559),#3562);
#3559 = B_SPLINE_CURVE_WITH_KNOTS('',1,(#3560,#3561),.UNSPECIFIED.,.F.,
  .F.,(2,2),(-233.5,-228.5),.PIECEWISE_BEZIER_KNOTS.);
#3560 = CARTESIAN_POINT('',(5.,-2.));
#3561 = CARTESIAN_POINT('',(0.,-2.));
#3562 = ( GEOMETRIC_REPRESENTATION_CONTEXT(2) 
PARAMETRIC_REPRESENTATION_CONTEXT() REPRESENTATION_CONTEXT('2D SPACE',''
  ) );
#3563 = FACE_BOUND('',#3564,.F.);
#3564 = EDGE_LOOP('',(#3565,#3593,#3619,#3645));
#3565 = ORIENTED_EDGE('',*,*,#3566,.F.);
#3566 = EDGE_CURVE('',#3567,#3569,#3571,.T.);
#3567 = VERTEX_POINT('',#3568);
#3568 = CARTESIAN_POINT('',(-198.5,-100.,-277.));
#3569 = VERTEX_POINT('',#3570);
#3570 = CARTESIAN_POINT('',(198.5,-100.,-277.));
#3571 = SURFACE_CURVE('',#3572,(#3576,#3582),.PCURVE_S1.);
#3572 = LINE('',#3573,#3574);
#3573 = CARTESIAN_POINT('',(-220.25,-100.,-277.));
#3574 = VECTOR('',#3575,1.);
#3575 = DIRECTION('',(1.,0.,0.));
#3576 = PCURVE('',#2652,#3577);
#3577 = DEFINITIONAL_REPRESENTATION('',(#3578),#3581);
#3578 = B_SPLINE_CURVE_WITH_KNOTS('',1,(#3579,#3580),.UNSPECIFIED.,.F.,
  .F.,(2,2),(21.75,418.75),.PIECEWISE_BEZIER_KNOTS.);
#3579 = CARTESIAN_POINT('',(523.5,43.5));
#3580 = CARTESIAN_POINT('',(523.5,440.5));
#3581 = ( GEOMETRIC_REPRESENTATION_CONTEXT(2) 
PARAMETRIC_REPRESENTATION_CONTEXT() REPRESENTATION_CONTEXT('2D SPACE',''
  ) );
#3582 = PCURVE('',#3583,#3588);
#3583 = PLANE('',#3584);
#3584 = AXIS2_PLACEMENT_3D('',#3585,#3586,#3587);
#3585 = CARTESIAN_POINT('',(-198.5,-102.,-277.));
#3586 = DIRECTION('',(0.,0.,1.));
#3587 = DIRECTION('',(1.,0.,0.));
#3588 = DEFINITIONAL_REPRESENTATION('',(#3589),#3592);
#3589 = B_SPLINE_CURVE_WITH_KNOTS('',1,(#3590,#3591),.UNSPECIFIED.,.F.,
  .F.,(2,2),(21.75,418.75),.PIECEWISE_BEZIER_KNOTS.);
#3590 = CARTESIAN_POINT('',(0.,2.));
#3591 = CARTESIAN_POINT('',(397.,2.));
#3592 = ( GEOMETRIC_REPRESENTATION_CONTEXT(2) 
PARAMETRIC_REPRESENTATION_CONTEXT() REPRESENTATION_CONTEXT('2D SPACE',''
  ) );
#3593 = ORIENTED_EDGE('',*,*,#3594,.T.);
#3594 = EDGE_CURVE('',#3567,#3595,#3597,.T.);
#3595 = VERTEX_POINT('',#3596);
#3596 = CARTESIAN_POINT('',(-198.5,-100.,-282.));
#3597 = SURFACE_CURVE('',#3598,(#3602,#3608),.PCURVE_S1.);
#3598 = LINE('',#3599,#3600);
#3599 = CARTESIAN_POINT('',(-198.5,-100.,-541.25));
#3600 = VECTOR('',#3601,1.);
#3601 = DIRECTION('',(0.,0.,-1.));
#3602 = PCURVE('',#2652,#3603);
#3603 = DEFINITIONAL_REPRESENTATION('',(#3604),#3607);
#3604 = B_SPLINE_CURVE_WITH_KNOTS('',1,(#3605,#3606),.UNSPECIFIED.,.F.,
  .F.,(2,2),(-264.25,-259.25),.PIECEWISE_BEZIER_KNOTS.);
#3605 = CARTESIAN_POINT('',(523.5,43.5));
#3606 = CARTESIAN_POINT('',(518.5,43.5));
#3607 = ( GEOMETRIC_REPRESENTATION_CONTEXT(2) 
PARAMETRIC_REPRESENTATION_CONTEXT() REPRESENTATION_CONTEXT('2D SPACE',''
  ) );
#3608 = PCURVE('',#3609,#3614);
#3609 = PLANE('',#3610);
#3610 = AXIS2_PLACEMENT_3D('',#3611,#3612,#3613);
#3611 = CARTESIAN_POINT('',(-198.5,-102.,-282.));
#3612 = DIRECTION('',(1.,0.,0.));
#3613 = DIRECTION('',(0.,0.,1.));
#3614 = DEFINITIONAL_REPRESENTATION('',(#3615),#3618);
#3615 = B_SPLINE_CURVE_WITH_KNOTS('',1,(#3616,#3617),.UNSPECIFIED.,.F.,
  .F.,(2,2),(-264.25,-259.25),.PIECEWISE_BEZIER_KNOTS.);
#3616 = CARTESIAN_POINT('',(5.,-2.));
#3617 = CARTESIAN_POINT('',(0.,-2.));
#3618 = ( GEOMETRIC_REPRESENTATION_CONTEXT(2) 
PARAMETRIC_REPRESENTATION_CONTEXT() REPRESENTATION_CONTEXT('2D SPACE',''
  ) );
#3619 = ORIENTED_EDGE('',*,*,#3620,.T.);
#3620 = EDGE_CURVE('',#3595,#3621,#3623,.T.);
#3621 = VERTEX_POINT('',#3622);
#3622 = CARTESIAN_POINT('',(198.5,-100.,-282.));
#3623 = SURFACE_CURVE('',#3624,(#3628,#3634),.PCURVE_S1.);
#3624 = LINE('',#3625,#3626);
#3625 = CARTESIAN_POINT('',(-220.25,-100.,-282.));
#3626 = VECTOR('',#3627,1.);
#3627 = DIRECTION('',(1.,0.,0.));
#3628 = PCURVE('',#2652,#3629);
#3629 = DEFINITIONAL_REPRESENTATION('',(#3630),#3633);
#3630 = B_SPLINE_CURVE_WITH_KNOTS('',1,(#3631,#3632),.UNSPECIFIED.,.F.,
  .F.,(2,2),(21.75,418.75),.PIECEWISE_BEZIER_KNOTS.);
#3631 = CARTESIAN_POINT('',(518.5,43.5));
#3632 = CARTESIAN_POINT('',(518.5,440.5));
#3633 = ( GEOMETRIC_REPRESENTATION_CONTEXT(2) 
PARAMETRIC_REPRESENTATION_CONTEXT() REPRESENTATION_CONTEXT('2D SPACE',''
  ) );
#3634 = PCURVE('',#3635,#3640);
#3635 = PLANE('',#3636);
#3636 = AXIS2_PLACEMENT_3D('',#3637,#3638,#3639);
#3637 = CARTESIAN_POINT('',(-198.5,-102.,-282.));
#3638 = DIRECTION('',(0.,0.,1.));
#3639 = DIRECTION('',(1.,0.,0.));
#3640 = DEFINITIONAL_REPRESENTATION('',(#3641),#3644);
#3641 = B_SPLINE_CURVE_WITH_KNOTS('',1,(#3642,#3643),.UNSPECIFIED.,.F.,
  .F.,(2,2),(21.75,418.75),.PIECEWISE_BEZIER_KNOTS.);
#3642 = CARTESIAN_POINT('',(0.,2.));
#3643 = CARTESIAN_POINT('',(397.,2.));
#3644 = ( GEOMETRIC_REPRESENTATION_CONTEXT(2) 
PARAMETRIC_REPRESENTATION_CONTEXT() REPRESENTATION_CONTEXT('2D SPACE',''
  ) );
#3645 = ORIENTED_EDGE('',*,*,#3646,.F.);
#3646 = EDGE_CURVE('',#3569,#3621,#3647,.T.);
#3647 = SURFACE_CURVE('',#3648,(#3652,#3658),.PCURVE_S1.);
#3648 = LINE('',#3649,#3650);
#3649 = CARTESIAN_POINT('',(198.5,-100.,-541.25));
#3650 = VECTOR('',#3651,1.);
#3651 = DIRECTION('',(0.,0.,-1.));
#3652 = PCURVE('',#2652,#3653);
#3653 = DEFINITIONAL_REPRESENTATION('',(#3654),#3657);
#3654 = B_SPLINE_CURVE_WITH_KNOTS('',1,(#3655,#3656),.UNSPECIFIED.,.F.,
  .F.,(2,2),(-264.25,-259.25),.PIECEWISE_BEZIER_KNOTS.);
#3655 = CARTESIAN_POINT('',(523.5,440.5));
#3656 = CARTESIAN_POINT('',(518.5,440.5));
#3657 = ( GEOMETRIC_REPRESENTATION_CONTEXT(2) 
PARAMETRIC_REPRESENTATION_CONTEXT() REPRESENTATION_CONTEXT('2D SPACE',''
  ) );
#3658 = PCURVE('',#3659,#3664);
#3659 = PLANE('',#3660);
#3660 = AXIS2_PLACEMENT_3D('',#3661,#3662,#3663);
#3661 = CARTESIAN_POINT('',(198.5,-102.,-282.));
#3662 = DIRECTION('',(1.,0.,0.));
#3663 = DIRECTION('',(0.,0.,1.));
#3664 = DEFINITIONAL_REPRESENTATION('',(#3665),#3668);
#3665 = B_SPLINE_CURVE_WITH_KNOTS('',1,(#3666,#3667),.UNSPECIFIED.,.F.,
  .F.,(2,2),(-264.25,-259.25),.PIECEWISE_BEZIER_KNOTS.);
#3666 = CARTESIAN_POINT('',(5.,-2.));
#3667 = CARTESIAN_POINT('',(0.,-2.));
#3668 = ( GEOMETRIC_REPRESENTATION_CONTEXT(2) 
PARAMETRIC_REPRESENTATION_CONTEXT() REPRESENTATION_CONTEXT('2D SPACE',''
  ) );
#3669 = FACE_BOUND('',#3670,.F.);
#3670 = EDGE_LOOP('',(#3671,#3699,#3725,#3751));
#3671 = ORIENTED_EDGE('',*,*,#3672,.F.);
#3672 = EDGE_CURVE('',#3673,#3675,#3677,.T.);
#3673 = VERTEX_POINT('',#3674);
#3674 = CARTESIAN_POINT('',(-198.5,-100.,-215.5));
#3675 = VERTEX_POINT('',#3676);
#3676 = CARTESIAN_POINT('',(198.5,-100.,-215.5));
#3677 = SURFACE_CURVE('',#3678,(#3682,#3688),.PCURVE_S1.);
#3678 = LINE('',#3679,#3680);
#3679 = CARTESIAN_POINT('',(-220.25,-100.,-215.5));
#3680 = VECTOR('',#3681,1.);
#3681 = DIRECTION('',(1.,0.,0.));
#3682 = PCURVE('',#2652,#3683);
#3683 = DEFINITIONAL_REPRESENTATION('',(#3684),#3687);
#3684 = B_SPLINE_CURVE_WITH_KNOTS('',1,(#3685,#3686),.UNSPECIFIED.,.F.,
  .F.,(2,2),(21.75,418.75),.PIECEWISE_BEZIER_KNOTS.);
#3685 = CARTESIAN_POINT('',(585.,43.5));
#3686 = CARTESIAN_POINT('',(585.,440.5));
#3687 = ( GEOMETRIC_REPRESENTATION_CONTEXT(2) 
PARAMETRIC_REPRESENTATION_CONTEXT() REPRESENTATION_CONTEXT('2D SPACE',''
  ) );
#3688 = PCURVE('',#3689,#3694);
#3689 = PLANE('',#3690);
#3690 = AXIS2_PLACEMENT_3D('',#3691,#3692,#3693);
#3691 = CARTESIAN_POINT('',(-198.5,-102.,-215.5));
#3692 = DIRECTION('',(0.,0.,1.));
#3693 = DIRECTION('',(1.,0.,0.));
#3694 = DEFINITIONAL_REPRESENTATION('',(#3695),#3698);
#3695 = B_SPLINE_CURVE_WITH_KNOTS('',1,(#3696,#3697),.UNSPECIFIED.,.F.,
  .F.,(2,2),(21.75,418.75),.PIECEWISE_BEZIER_KNOTS.);
#3696 = CARTESIAN_POINT('',(0.,2.));
#3697 = CARTESIAN_POINT('',(397.,2.));
#3698 = ( GEOMETRIC_REPRESENTATION_CONTEXT(2) 
PARAMETRIC_REPRESENTATION_CONTEXT() REPRESENTATION_CONTEXT('2D SPACE',''
  ) );
#3699 = ORIENTED_EDGE('',*,*,#3700,.T.);
#3700 = EDGE_CURVE('',#3673,#3701,#3703,.T.);
#3701 = VERTEX_POINT('',#3702);
#3702 = CARTESIAN_POINT('',(-198.5,-100.,-220.5));
#3703 = SURFACE_CURVE('',#3704,(#3708,#3714),.PCURVE_S1.);
#3704 = LINE('',#3705,#3706);
#3705 = CARTESIAN_POINT('',(-198.5,-100.,-510.5));
#3706 = VECTOR('',#3707,1.);
#3707 = DIRECTION('',(0.,0.,-1.));
#3708 = PCURVE('',#2652,#3709);
#3709 = DEFINITIONAL_REPRESENTATION('',(#3710),#3713);
#3710 = B_SPLINE_CURVE_WITH_KNOTS('',1,(#3711,#3712),.UNSPECIFIED.,.F.,
  .F.,(2,2),(-295.,-290.),.PIECEWISE_BEZIER_KNOTS.);
#3711 = CARTESIAN_POINT('',(585.,43.5));
#3712 = CARTESIAN_POINT('',(580.,43.5));
#3713 = ( GEOMETRIC_REPRESENTATION_CONTEXT(2) 
PARAMETRIC_REPRESENTATION_CONTEXT() REPRESENTATION_CONTEXT('2D SPACE',''
  ) );
#3714 = PCURVE('',#3715,#3720);
#3715 = PLANE('',#3716);
#3716 = AXIS2_PLACEMENT_3D('',#3717,#3718,#3719);
#3717 = CARTESIAN_POINT('',(-198.5,-102.,-220.5));
#3718 = DIRECTION('',(1.,0.,0.));
#3719 = DIRECTION('',(0.,0.,1.));
#3720 = DEFINITIONAL_REPRESENTATION('',(#3721),#3724);
#3721 = B_SPLINE_CURVE_WITH_KNOTS('',1,(#3722,#3723),.UNSPECIFIED.,.F.,
  .F.,(2,2),(-295.,-290.),.PIECEWISE_BEZIER_KNOTS.);
#3722 = CARTESIAN_POINT('',(5.,-2.));
#3723 = CARTESIAN_POINT('',(0.,-2.));
#3724 = ( GEOMETRIC_REPRESENTATION_CONTEXT(2) 
PARAMETRIC_REPRESENTATION_CONTEXT() REPRESENTATION_CONTEXT('2D SPACE',''
  ) );
#3725 = ORIENTED_EDGE('',*,*,#3726,.T.);
#3726 = EDGE_CURVE('',#3701,#3727,#3729,.T.);
#3727 = VERTEX_POINT('',#3728);
#3728 = CARTESIAN_POINT('',(198.5,-100.,-220.5));
#3729 = SURFACE_CURVE('',#3730,(#3734,#3740),.PCURVE_S1.);
#3730 = LINE('',#3731,#3732);
#3731 = CARTESIAN_POINT('',(-220.25,-100.,-220.5));
#3732 = VECTOR('',#3733,1.);
#3733 = DIRECTION('',(1.,0.,0.));
#3734 = PCURVE('',#2652,#3735);
#3735 = DEFINITIONAL_REPRESENTATION('',(#3736),#3739);
#3736 = B_SPLINE_CURVE_WITH_KNOTS('',1,(#3737,#3738),.UNSPECIFIED.,.F.,
  .F.,(2,2),(21.75,418.75),.PIECEWISE_BEZIER_KNOTS.);
#3737 = CARTESIAN_POINT('',(580.,43.5));
#3738 = CARTESIAN_POINT('',(580.,440.5));
#3739 = ( GEOMETRIC_REPRESENTATION_CONTEXT(2) 
PARAMETRIC_REPRESENTATION_CONTEXT() REPRESENTATION_CONTEXT('2D SPACE',''
  ) );
#3740 = PCURVE('',#3741,#3746);
#3741 = PLANE('',#3742);
#3742 = AXIS2_PLACEMENT_3D('',#3743,#3744,#3745);
#3743 = CARTESIAN_POINT('',(-198.5,-102.,-220.5));
#3744 = DIRECTION('',(0.,0.,1.));
#3745 = DIRECTION('',(1.,0.,0.));
#3746 = DEFINITIONAL_REPRESENTATION('',(#3747),#3750);
#3747 = B_SPLINE_CURVE_WITH_KNOTS('',1,(#3748,#3749),.UNSPECIFIED.,.F.,
  .F.,(2,2),(21.75,418.75),.PIECEWISE_BEZIER_KNOTS.);
#3748 = CARTESIAN_POINT('',(0.,2.));
#3749 = CARTESIAN_POINT('',(397.,2.));
#3750 = ( GEOMETRIC_REPRESENTATION_CONTEXT(2) 
PARAMETRIC_REPRESENTATION_CONTEXT() REPRESENTATION_CONTEXT('2D SPACE',''
  ) );
#3751 = ORIENTED_EDGE('',*,*,#3752,.F.);
#3752 = EDGE_CURVE('',#3675,#3727,#3753,.T.);
#3753 = SURFACE_CURVE('',#3754,(#3758,#3764),.PCURVE_S1.);
#3754 = LINE('',#3755,#3756);
#3755 = CARTESIAN_POINT('',(198.5,-100.,-510.5));
#3756 = VECTOR('',#3757,1.);
#3757 = DIRECTION('',(0.,0.,-1.));
#3758 = PCURVE('',#2652,#3759);
#3759 = DEFINITIONAL_REPRESENTATION('',(#3760),#3763);
#3760 = B_SPLINE_CURVE_WITH_KNOTS('',1,(#3761,#3762),.UNSPECIFIED.,.F.,
  .F.,(2,2),(-295.,-290.),.PIECEWISE_BEZIER_KNOTS.);
#3761 = CARTESIAN_POINT('',(585.,440.5));
#3762 = CARTESIAN_POINT('',(580.,440.5));
#3763 = ( GEOMETRIC_REPRESENTATION_CONTEXT(2) 
PARAMETRIC_REPRESENTATION_CONTEXT() REPRESENTATION_CONTEXT('2D SPACE',''
  ) );
#3764 = PCURVE('',#3765,#3770);
#3765 = PLANE('',#3766);
#3766 = AXIS2_PLACEMENT_3D('',#3767,#3768,#3769);
#3767 = CARTESIAN_POINT('',(198.5,-102.,-220.5));
#3768 = DIRECTION('',(1.,0.,0.));
#3769 = DIRECTION('',(0.,0.,1.));
#3770 = DEFINITIONAL_REPRESENTATION('',(#3771),#3774);
#3771 = B_SPLINE_CURVE_WITH_KNOTS('',1,(#3772,#3773),.UNSPECIFIED.,.F.,
  .F.,(2,2),(-295.,-290.),.PIECEWISE_BEZIER_KNOTS.);
#3772 = CARTESIAN_POINT('',(5.,-2.));
#3773 = CARTESIAN_POINT('',(0.,-2.));
#3774 = ( GEOMETRIC_REPRESENTATION_CONTEXT(2) 
PARAMETRIC_REPRESENTATION_CONTEXT() REPRESENTATION_CONTEXT('2D SPACE',''
  ) );
#3775 = FACE_BOUND('',#3776,.F.);
#3776 = EDGE_LOOP('',(#3777,#3805,#3831,#3857));
#3777 = ORIENTED_EDGE('',*,*,#3778,.F.);
#3778 = EDGE_CURVE('',#3779,#3781,#3783,.T.);
#3779 = VERTEX_POINT('',#3780);
#3780 = CARTESIAN_POINT('',(-198.5,-100.,-154.));
#3781 = VERTEX_POINT('',#3782);
#3782 = CARTESIAN_POINT('',(198.5,-100.,-154.));
#3783 = SURFACE_CURVE('',#3784,(#3788,#3794),.PCURVE_S1.);
#3784 = LINE('',#3785,#3786);
#3785 = CARTESIAN_POINT('',(-220.25,-100.,-154.));
#3786 = VECTOR('',#3787,1.);
#3787 = DIRECTION('',(1.,0.,0.));
#3788 = PCURVE('',#2652,#3789);
#3789 = DEFINITIONAL_REPRESENTATION('',(#3790),#3793);
#3790 = B_SPLINE_CURVE_WITH_KNOTS('',1,(#3791,#3792),.UNSPECIFIED.,.F.,
  .F.,(2,2),(21.75,418.75),.PIECEWISE_BEZIER_KNOTS.);
#3791 = CARTESIAN_POINT('',(646.5,43.5));
#3792 = CARTESIAN_POINT('',(646.5,440.5));
#3793 = ( GEOMETRIC_REPRESENTATION_CONTEXT(2) 
PARAMETRIC_REPRESENTATION_CONTEXT() REPRESENTATION_CONTEXT('2D SPACE',''
  ) );
#3794 = PCURVE('',#3795,#3800);
#3795 = PLANE('',#3796);
#3796 = AXIS2_PLACEMENT_3D('',#3797,#3798,#3799);
#3797 = CARTESIAN_POINT('',(-198.5,-102.,-154.));
#3798 = DIRECTION('',(0.,0.,1.));
#3799 = DIRECTION('',(1.,0.,0.));
#3800 = DEFINITIONAL_REPRESENTATION('',(#3801),#3804);
#3801 = B_SPLINE_CURVE_WITH_KNOTS('',1,(#3802,#3803),.UNSPECIFIED.,.F.,
  .F.,(2,2),(21.75,418.75),.PIECEWISE_BEZIER_KNOTS.);
#3802 = CARTESIAN_POINT('',(0.,2.));
#3803 = CARTESIAN_POINT('',(397.,2.));
#3804 = ( GEOMETRIC_REPRESENTATION_CONTEXT(2) 
PARAMETRIC_REPRESENTATION_CONTEXT() REPRESENTATION_CONTEXT('2D SPACE',''
  ) );
#3805 = ORIENTED_EDGE('',*,*,#3806,.T.);
#3806 = EDGE_CURVE('',#3779,#3807,#3809,.T.);
#3807 = VERTEX_POINT('',#3808);
#3808 = CARTESIAN_POINT('',(-198.5,-100.,-159.));
#3809 = SURFACE_CURVE('',#3810,(#3814,#3820),.PCURVE_S1.);
#3810 = LINE('',#3811,#3812);
#3811 = CARTESIAN_POINT('',(-198.5,-100.,-479.75));
#3812 = VECTOR('',#3813,1.);
#3813 = DIRECTION('',(0.,0.,-1.));
#3814 = PCURVE('',#2652,#3815);
#3815 = DEFINITIONAL_REPRESENTATION('',(#3816),#3819);
#3816 = B_SPLINE_CURVE_WITH_KNOTS('',1,(#3817,#3818),.UNSPECIFIED.,.F.,
  .F.,(2,2),(-325.75,-320.75),.PIECEWISE_BEZIER_KNOTS.);
#3817 = CARTESIAN_POINT('',(646.5,43.5));
#3818 = CARTESIAN_POINT('',(641.5,43.5));
#3819 = ( GEOMETRIC_REPRESENTATION_CONTEXT(2) 
PARAMETRIC_REPRESENTATION_CONTEXT() REPRESENTATION_CONTEXT('2D SPACE',''
  ) );
#3820 = PCURVE('',#3821,#3826);
#3821 = PLANE('',#3822);
#3822 = AXIS2_PLACEMENT_3D('',#3823,#3824,#3825);
#3823 = CARTESIAN_POINT('',(-198.5,-102.,-159.));
#3824 = DIRECTION('',(1.,0.,0.));
#3825 = DIRECTION('',(0.,0.,1.));
#3826 = DEFINITIONAL_REPRESENTATION('',(#3827),#3830);
#3827 = B_SPLINE_CURVE_WITH_KNOTS('',1,(#3828,#3829),.UNSPECIFIED.,.F.,
  .F.,(2,2),(-325.75,-320.75),.PIECEWISE_BEZIER_KNOTS.);
#3828 = CARTESIAN_POINT('',(5.,-2.));
#3829 = CARTESIAN_POINT('',(0.,-2.));
#3830 = ( GEOMETRIC_REPRESENTATION_CONTEXT(2) 
PARAMETRIC_REPRESENTATION_CONTEXT() REPRESENTATION_CONTEXT('2D SPACE',''
  ) );
#3831 = ORIENTED_EDGE('',*,*,#3832,.T.);
#3832 = EDGE_CURVE('',#3807,#3833,#3835,.T.);
#3833 = VERTEX_POINT('',#3834);
#3834 = CARTESIAN_POINT('',(198.5,-100.,-159.));
#3835 = SURFACE_CURVE('',#3836,(#3840,#3846),.PCURVE_S1.);
#3836 = LINE('',#3837,#3838);
#3837 = CARTESIAN_POINT('',(-220.25,-100.,-159.));
#3838 = VECTOR('',#3839,1.);
#3839 = DIRECTION('',(1.,0.,0.));
#3840 = PCURVE('',#2652,#3841);
#3841 = DEFINITIONAL_REPRESENTATION('',(#3842),#3845);
#3842 = B_SPLINE_CURVE_WITH_KNOTS('',1,(#3843,#3844),.UNSPECIFIED.,.F.,
  .F.,(2,2),(21.75,418.75),.PIECEWISE_BEZIER_KNOTS.);
#3843 = CARTESIAN_POINT('',(641.5,43.5));
#3844 = CARTESIAN_POINT('',(641.5,440.5));
#3845 = ( GEOMETRIC_REPRESENTATION_CONTEXT(2) 
PARAMETRIC_REPRESENTATION_CONTEXT() REPRESENTATION_CONTEXT('2D SPACE',''
  ) );
#3846 = PCURVE('',#3847,#3852);
#3847 = PLANE('',#3848);
#3848 = AXIS2_PLACEMENT_3D('',#3849,#3850,#3851);
#3849 = CARTESIAN_POINT('',(-198.5,-102.,-159.));
#3850 = DIRECTION('',(0.,0.,1.));
#3851 = DIRECTION('',(1.,0.,0.));
#3852 = DEFINITIONAL_REPRESENTATION('',(#3853),#3856);
#3853 = B_SPLINE_CURVE_WITH_KNOTS('',1,(#3854,#3855),.UNSPECIFIED.,.F.,
  .F.,(2,2),(21.75,418.75),.PIECEWISE_BEZIER_KNOTS.);
#3854 = CARTESIAN_POINT('',(0.,2.));
#3855 = CARTESIAN_POINT('',(397.,2.));
#3856 = ( GEOMETRIC_REPRESENTATION_CONTEXT(2) 
PARAMETRIC_REPRESENTATION_CONTEXT() REPRESENTATION_CONTEXT('2D SPACE',''
  ) );
#3857 = ORIENTED_EDGE('',*,*,#3858,.F.);
#3858 = EDGE_CURVE('',#3781,#3833,#3859,.T.);
#3859 = SURFACE_CURVE('',#3860,(#3864,#3870),.PCURVE_S1.);
#3860 = LINE('',#3861,#3862);
#3861 = CARTESIAN_POINT('',(198.5,-100.,-479.75));
#3862 = VECTOR('',#3863,1.);
#3863 = DIRECTION('',(0.,0.,-1.));
#3864 = PCURVE('',#2652,#3865);
#3865 = DEFINITIONAL_REPRESENTATION('',(#3866),#3869);
#3866 = B_SPLINE_CURVE_WITH_KNOTS('',1,(#3867,#3868),.UNSPECIFIED.,.F.,
  .F.,(2,2),(-325.75,-320.75),.PIECEWISE_BEZIER_KNOTS.);
#3867 = CARTESIAN_POINT('',(646.5,440.5));
#3868 = CARTESIAN_POINT('',(641.5,440.5));
#3869 = ( GEOMETRIC_REPRESENTATION_CONTEXT(2) 
PARAMETRIC_REPRESENTATION_CONTEXT() REPRESENTATION_CONTEXT('2D SPACE',''
  ) );
#3870 = PCURVE('',#3871,#3876);
#3871 = PLANE('',#3872);
#3872 = AXIS2_PLACEMENT_3D('',#3873,#3874,#3875);
#3873 = CARTESIAN_POINT('',(198.5,-102.,-159.));
#3874 = DIRECTION('',(1.,0.,0.));
#3875 = DIRECTION('',(0.,0.,1.));
#3876 = DEFINITIONAL_REPRESENTATION('',(#3877),#3880);
#3877 = B_SPLINE_CURVE_WITH_KNOTS('',1,(#3878,#3879),.UNSPECIFIED.,.F.,
  .F.,(2,2),(-325.75,-320.75),.PIECEWISE_BEZIER_KNOTS.);
#3878 = CARTESIAN_POINT('',(5.,-2.));
#3879 = CARTESIAN_POINT('',(0.,-2.));
#3880 = ( GEOMETRIC_REPRESENTATION_CONTEXT(2) 
PARAMETRIC_REPRESENTATION_CONTEXT() REPRESENTATION_CONTEXT('2D SPACE',''
  ) );
#3881 = FACE_BOUND('',#3882,.F.);
#3882 = EDGE_LOOP('',(#3883,#3911,#3937,#3963));
#3883 = ORIENTED_EDGE('',*,*,#3884,.F.);
#3884 = EDGE_CURVE('',#3885,#3887,#3889,.T.);
#3885 = VERTEX_POINT('',#3886);
#3886 = CARTESIAN_POINT('',(-198.5,-100.,-92.5));
#3887 = VERTEX_POINT('',#3888);
#3888 = CARTESIAN_POINT('',(198.5,-100.,-92.5));
#3889 = SURFACE_CURVE('',#3890,(#3894,#3900),.PCURVE_S1.);
#3890 = LINE('',#3891,#3892);
#3891 = CARTESIAN_POINT('',(-220.25,-100.,-92.5));
#3892 = VECTOR('',#3893,1.);
#3893 = DIRECTION('',(1.,0.,0.));
#3894 = PCURVE('',#2652,#3895);
#3895 = DEFINITIONAL_REPRESENTATION('',(#3896),#3899);
#3896 = B_SPLINE_CURVE_WITH_KNOTS('',1,(#3897,#3898),.UNSPECIFIED.,.F.,
  .F.,(2,2),(21.75,418.75),.PIECEWISE_BEZIER_KNOTS.);
#3897 = CARTESIAN_POINT('',(708.,43.5));
#3898 = CARTESIAN_POINT('',(708.,440.5));
#3899 = ( GEOMETRIC_REPRESENTATION_CONTEXT(2) 
PARAMETRIC_REPRESENTATION_CONTEXT() REPRESENTATION_CONTEXT('2D SPACE',''
  ) );
#3900 = PCURVE('',#3901,#3906);
#3901 = PLANE('',#3902);
#3902 = AXIS2_PLACEMENT_3D('',#3903,#3904,#3905);
#3903 = CARTESIAN_POINT('',(-198.5,-102.,-92.5));
#3904 = DIRECTION('',(0.,0.,1.));
#3905 = DIRECTION('',(1.,0.,0.));
#3906 = DEFINITIONAL_REPRESENTATION('',(#3907),#3910);
#3907 = B_SPLINE_CURVE_WITH_KNOTS('',1,(#3908,#3909),.UNSPECIFIED.,.F.,
  .F.,(2,2),(21.75,418.75),.PIECEWISE_BEZIER_KNOTS.);
#3908 = CARTESIAN_POINT('',(0.,2.));
#3909 = CARTESIAN_POINT('',(397.,2.));
#3910 = ( GEOMETRIC_REPRESENTATION_CONTEXT(2) 
PARAMETRIC_REPRESENTATION_CONTEXT() REPRESENTATION_CONTEXT('2D SPACE',''
  ) );
#3911 = ORIENTED_EDGE('',*,*,#3912,.T.);
#3912 = EDGE_CURVE('',#3885,#3913,#3915,.T.);
#3913 = VERTEX_POINT('',#3914);
#3914 = CARTESIAN_POINT('',(-198.5,-100.,-97.5));
#3915 = SURFACE_CURVE('',#3916,(#3920,#3926),.PCURVE_S1.);
#3916 = LINE('',#3917,#3918);
#3917 = CARTESIAN_POINT('',(-198.5,-100.,-449.));
#3918 = VECTOR('',#3919,1.);
#3919 = DIRECTION('',(0.,0.,-1.));
#3920 = PCURVE('',#2652,#3921);
#3921 = DEFINITIONAL_REPRESENTATION('',(#3922),#3925);
#3922 = B_SPLINE_CURVE_WITH_KNOTS('',1,(#3923,#3924),.UNSPECIFIED.,.F.,
  .F.,(2,2),(-356.5,-351.5),.PIECEWISE_BEZIER_KNOTS.);
#3923 = CARTESIAN_POINT('',(708.,43.5));
#3924 = CARTESIAN_POINT('',(703.,43.5));
#3925 = ( GEOMETRIC_REPRESENTATION_CONTEXT(2) 
PARAMETRIC_REPRESENTATION_CONTEXT() REPRESENTATION_CONTEXT('2D SPACE',''
  ) );
#3926 = PCURVE('',#3927,#3932);
#3927 = PLANE('',#3928);
#3928 = AXIS2_PLACEMENT_3D('',#3929,#3930,#3931);
#3929 = CARTESIAN_POINT('',(-198.5,-102.,-97.5));
#3930 = DIRECTION('',(1.,0.,0.));
#3931 = DIRECTION('',(0.,0.,1.));
#3932 = DEFINITIONAL_REPRESENTATION('',(#3933),#3936);
#3933 = B_SPLINE_CURVE_WITH_KNOTS('',1,(#3934,#3935),.UNSPECIFIED.,.F.,
  .F.,(2,2),(-356.5,-351.5),.PIECEWISE_BEZIER_KNOTS.);
#3934 = CARTESIAN_POINT('',(5.,-2.));
#3935 = CARTESIAN_POINT('',(0.,-2.));
#3936 = ( GEOMETRIC_REPRESENTATION_CONTEXT(2) 
PARAMETRIC_REPRESENTATION_CONTEXT() REPRESENTATION_CONTEXT('2D SPACE',''
  ) );
#3937 = ORIENTED_EDGE('',*,*,#3938,.T.);
#3938 = EDGE_CURVE('',#3913,#3939,#3941,.T.);
#3939 = VERTEX_POINT('',#3940);
#3940 = CARTESIAN_POINT('',(198.5,-100.,-97.5));
#3941 = SURFACE_CURVE('',#3942,(#3946,#3952),.PCURVE_S1.);
#3942 = LINE('',#3943,#3944);
#3943 = CARTESIAN_POINT('',(-220.25,-100.,-97.5));
#3944 = VECTOR('',#3945,1.);
#3945 = DIRECTION('',(1.,0.,0.));
#3946 = PCURVE('',#2652,#3947);
#3947 = DEFINITIONAL_REPRESENTATION('',(#3948),#3951);
#3948 = B_SPLINE_CURVE_WITH_KNOTS('',1,(#3949,#3950),.UNSPECIFIED.,.F.,
  .F.,(2,2),(21.75,418.75),.PIECEWISE_BEZIER_KNOTS.);
#3949 = CARTESIAN_POINT('',(703.,43.5));
#3950 = CARTESIAN_POINT('',(703.,440.5));
#3951 = ( GEOMETRIC_REPRESENTATION_CONTEXT(2) 
PARAMETRIC_REPRESENTATION_CONTEXT() REPRESENTATION_CONTEXT('2D SPACE',''
  ) );
#3952 = PCURVE('',#3953,#3958);
#3953 = PLANE('',#3954);
#3954 = AXIS2_PLACEMENT_3D('',#3955,#3956,#3957);
#3955 = CARTESIAN_POINT('',(-198.5,-102.,-97.5));
#3956 = DIRECTION('',(0.,0.,1.));
#3957 = DIRECTION('',(1.,0.,0.));
#3958 = DEFINITIONAL_REPRESENTATION('',(#3959),#3962);
#3959 = B_SPLINE_CURVE_WITH_KNOTS('',1,(#3960,#3961),.UNSPECIFIED.,.F.,
  .F.,(2,2),(21.75,418.75),.PIECEWISE_BEZIER_KNOTS.);
#3960 = CARTESIAN_POINT('',(0.,2.));
#3961 = CARTESIAN_POINT('',(397.,2.));
#3962 = ( GEOMETRIC_REPRESENTATION_CONTEXT(2) 
PARAMETRIC_REPRESENTATION_CONTEXT() REPRESENTATION_CONTEXT('2D SPACE',''
  ) );
#3963 = ORIENTED_EDGE('',*,*,#3964,.F.);
#3964 = EDGE_CURVE('',#3887,#3939,#3965,.T.);
#3965 = SURFACE_CURVE('',#3966,(#3970,#3976),.PCURVE_S1.);
#3966 = LINE('',#3967,#3968);
#3967 = CARTESIAN_POINT('',(198.5,-100.,-449.));
#3968 = VECTOR('',#3969,1.);
#3969 = DIRECTION('',(0.,0.,-1.));
#3970 = PCURVE('',#2652,#3971);
#3971 = DEFINITIONAL_REPRESENTATION('',(#3972),#3975);
#3972 = B_SPLINE_CURVE_WITH_KNOTS('',1,(#3973,#3974),.UNSPECIFIED.,.F.,
  .F.,(2,2),(-356.5,-351.5),.PIECEWISE_BEZIER_KNOTS.);
#3973 = CARTESIAN_POINT('',(708.,440.5));
#3974 = CARTESIAN_POINT('',(703.,440.5));
#3975 = ( GEOMETRIC_REPRESENTATION_CONTEXT(2) 
PARAMETRIC_REPRESENTATION_CONTEXT() REPRESENTATION_CONTEXT('2D SPACE',''
  ) );
#3976 = PCURVE('',#3977,#3982);
#3977 = PLANE('',#3978);
#3978 = AXIS2_PLACEMENT_3D('',#3979,#3980,#3981);
#3979 = CARTESIAN_POINT('',(198.5,-102.,-97.5));
#3980 = DIRECTION('',(1.,0.,0.));
#3981 = DIRECTION('',(0.,0.,1.));
#3982 = DEFINITIONAL_REPRESENTATION('',(#3983),#3986);
#3983 = B_SPLINE_CURVE_WITH_KNOTS('',1,(#3984,#3985),.UNSPECIFIED.,.F.,
  .F.,(2,2),(-356.5,-351.5),.PIECEWISE_BEZIER_KNOTS.);
#3984 = CARTESIAN_POINT('',(5.,-2.));
#3985 = CARTESIAN_POINT('',(0.,-2.));
#3986 = ( GEOMETRIC_REPRESENTATION_CONTEXT(2) 
PARAMETRIC_REPRESENTATION_CONTEXT() REPRESENTATION_CONTEXT('2D SPACE',''
  ) );
#3987 = FACE_BOUND('',#3988,.F.);
#3988 = EDGE_LOOP('',(#3989,#4017,#4043,#4069));
#3989 = ORIENTED_EDGE('',*,*,#3990,.F.);
#3990 = EDGE_CURVE('',#3991,#3993,#3995,.T.);
#3991 = VERTEX_POINT('',#3992);
#3992 = CARTESIAN_POINT('',(-198.5,-100.,-31.));
#3993 = VERTEX_POINT('',#3994);
#3994 = CARTESIAN_POINT('',(198.5,-100.,-31.));
#3995 = SURFACE_CURVE('',#3996,(#4000,#4006),.PCURVE_S1.);
#3996 = LINE('',#3997,#3998);
#3997 = CARTESIAN_POINT('',(-220.25,-100.,-31.));
#3998 = VECTOR('',#3999,1.);
#3999 = DIRECTION('',(1.,0.,0.));
#4000 = PCURVE('',#2652,#4001);
#4001 = DEFINITIONAL_REPRESENTATION('',(#4002),#4005);
#4002 = B_SPLINE_CURVE_WITH_KNOTS('',1,(#4003,#4004),.UNSPECIFIED.,.F.,
  .F.,(2,2),(21.75,418.75),.PIECEWISE_BEZIER_KNOTS.);
#4003 = CARTESIAN_POINT('',(769.5,43.5));
#4004 = CARTESIAN_POINT('',(769.5,440.5));
#4005 = ( GEOMETRIC_REPRESENTATION_CONTEXT(2) 
PARAMETRIC_REPRESENTATION_CONTEXT() REPRESENTATION_CONTEXT('2D SPACE',''
  ) );
#4006 = PCURVE('',#4007,#4012);
#4007 = PLANE('',#4008);
#4008 = AXIS2_PLACEMENT_3D('',#4009,#4010,#4011);
#4009 = CARTESIAN_POINT('',(-198.5,-102.,-31.));
#4010 = DIRECTION('',(0.,0.,1.));
#4011 = DIRECTION('',(1.,0.,0.));
#4012 = DEFINITIONAL_REPRESENTATION('',(#4013),#4016);
#4013 = B_SPLINE_CURVE_WITH_KNOTS('',1,(#4014,#4015),.UNSPECIFIED.,.F.,
  .F.,(2,2),(21.75,418.75),.PIECEWISE_BEZIER_KNOTS.);
#4014 = CARTESIAN_POINT('',(0.,2.));
#4015 = CARTESIAN_POINT('',(397.,2.));
#4016 = ( GEOMETRIC_REPRESENTATION_CONTEXT(2) 
PARAMETRIC_REPRESENTATION_CONTEXT() REPRESENTATION_CONTEXT('2D SPACE',''
  ) );
#4017 = ORIENTED_EDGE('',*,*,#4018,.T.);
#4018 = EDGE_CURVE('',#3991,#4019,#4021,.T.);
#4019 = VERTEX_POINT('',#4020);
#4020 = CARTESIAN_POINT('',(-198.5,-100.,-36.));
#4021 = SURFACE_CURVE('',#4022,(#4026,#4032),.PCURVE_S1.);
#4022 = LINE('',#4023,#4024);
#4023 = CARTESIAN_POINT('',(-198.5,-100.,-418.25));
#4024 = VECTOR('',#4025,1.);
#4025 = DIRECTION('',(0.,0.,-1.));
#4026 = PCURVE('',#2652,#4027);
#4027 = DEFINITIONAL_REPRESENTATION('',(#4028),#4031);
#4028 = B_SPLINE_CURVE_WITH_KNOTS('',1,(#4029,#4030),.UNSPECIFIED.,.F.,
  .F.,(2,2),(-387.25,-382.25),.PIECEWISE_BEZIER_KNOTS.);
#4029 = CARTESIAN_POINT('',(769.5,43.5));
#4030 = CARTESIAN_POINT('',(764.5,43.5));
#4031 = ( GEOMETRIC_REPRESENTATION_CONTEXT(2) 
PARAMETRIC_REPRESENTATION_CONTEXT() REPRESENTATION_CONTEXT('2D SPACE',''
  ) );
#4032 = PCURVE('',#4033,#4038);
#4033 = PLANE('',#4034);
#4034 = AXIS2_PLACEMENT_3D('',#4035,#4036,#4037);
#4035 = CARTESIAN_POINT('',(-198.5,-102.,-36.));
#4036 = DIRECTION('',(1.,0.,0.));
#4037 = DIRECTION('',(0.,0.,1.));
#4038 = DEFINITIONAL_REPRESENTATION('',(#4039),#4042);
#4039 = B_SPLINE_CURVE_WITH_KNOTS('',1,(#4040,#4041),.UNSPECIFIED.,.F.,
  .F.,(2,2),(-387.25,-382.25),.PIECEWISE_BEZIER_KNOTS.);
#4040 = CARTESIAN_POINT('',(5.,-2.));
#4041 = CARTESIAN_POINT('',(0.,-2.));
#4042 = ( GEOMETRIC_REPRESENTATION_CONTEXT(2) 
PARAMETRIC_REPRESENTATION_CONTEXT() REPRESENTATION_CONTEXT('2D SPACE',''
  ) );
#4043 = ORIENTED_EDGE('',*,*,#4044,.T.);
#4044 = EDGE_CURVE('',#4019,#4045,#4047,.T.);
#4045 = VERTEX_POINT('',#4046);
#4046 = CARTESIAN_POINT('',(198.5,-100.,-36.));
#4047 = SURFACE_CURVE('',#4048,(#4052,#4058),.PCURVE_S1.);
#4048 = LINE('',#4049,#4050);
#4049 = CARTESIAN_POINT('',(-220.25,-100.,-36.));
#4050 = VECTOR('',#4051,1.);
#4051 = DIRECTION('',(1.,0.,0.));
#4052 = PCURVE('',#2652,#4053);
#4053 = DEFINITIONAL_REPRESENTATION('',(#4054),#4057);
#4054 = B_SPLINE_CURVE_WITH_KNOTS('',1,(#4055,#4056),.UNSPECIFIED.,.F.,
  .F.,(2,2),(21.75,418.75),.PIECEWISE_BEZIER_KNOTS.);
#4055 = CARTESIAN_POINT('',(764.5,43.5));
#4056 = CARTESIAN_POINT('',(764.5,440.5));
#4057 = ( GEOMETRIC_REPRESENTATION_CONTEXT(2) 
PARAMETRIC_REPRESENTATION_CONTEXT() REPRESENTATION_CONTEXT('2D SPACE',''
  ) );
#4058 = PCURVE('',#4059,#4064);
#4059 = PLANE('',#4060);
#4060 = AXIS2_PLACEMENT_3D('',#4061,#4062,#4063);
#4061 = CARTESIAN_POINT('',(-198.5,-102.,-36.));
#4062 = DIRECTION('',(0.,0.,1.));
#4063 = DIRECTION('',(1.,0.,0.));
#4064 = DEFINITIONAL_REPRESENTATION('',(#4065),#4068);
#4065 = B_SPLINE_CURVE_WITH_KNOTS('',1,(#4066,#4067),.UNSPECIFIED.,.F.,
  .F.,(2,2),(21.75,418.75),.PIECEWISE_BEZIER_KNOTS.);
#4066 = CARTESIAN_POINT('',(0.,2.));
#4067 = CARTESIAN_POINT('',(397.,2.));
#4068 = ( GEOMETRIC_REPRESENTATION_CONTEXT(2) 
PARAMETRIC_REPRESENTATION_CONTEXT() REPRESENTATION_CONTEXT('2D SPACE',''
  ) );
#4069 = ORIENTED_EDGE('',*,*,#4070,.F.);
#4070 = EDGE_CURVE('',#3993,#4045,#4071,.T.);
#4071 = SURFACE_CURVE('',#4072,(#4076,#4082),.PCURVE_S1.);
#4072 = LINE('',#4073,#4074);
#4073 = CARTESIAN_POINT('',(198.5,-100.,-418.25));
#4074 = VECTOR('',#4075,1.);
#4075 = DIRECTION('',(0.,0.,-1.));
#4076 = PCURVE('',#2652,#4077);
#4077 = DEFINITIONAL_REPRESENTATION('',(#4078),#4081);
#4078 = B_SPLINE_CURVE_WITH_KNOTS('',1,(#4079,#4080),.UNSPECIFIED.,.F.,
  .F.,(2,2),(-387.25,-382.25),.PIECEWISE_BEZIER_KNOTS.);
#4079 = CARTESIAN_POINT('',(769.5,440.5));
#4080 = CARTESIAN_POINT('',(764.5,440.5));
#4081 = ( GEOMETRIC_REPRESENTATION_CONTEXT(2) 
PARAMETRIC_REPRESENTATION_CONTEXT() REPRESENTATION_CONTEXT('2D SPACE',''
  ) );
#4082 = PCURVE('',#4083,#4088);
#4083 = PLANE('',#4084);
#4084 = AXIS2_PLACEMENT_3D('',#4085,#4086,#4087);
#4085 = CARTESIAN_POINT('',(198.5,-102.,-36.));
#4086 = DIRECTION('',(1.,0.,0.));
#4087 = DIRECTION('',(0.,0.,1.));
#4088 = DEFINITIONAL_REPRESENTATION('',(#4089),#4092);
#4089 = B_SPLINE_CURVE_WITH_KNOTS('',1,(#4090,#4091),.UNSPECIFIED.,.F.,
  .F.,(2,2),(-387.25,-382.25),.PIECEWISE_BEZIER_KNOTS.);
#4090 = CARTESIAN_POINT('',(5.,-2.));
#4091 = CARTESIAN_POINT('',(0.,-2.));
#4092 = ( GEOMETRIC_REPRESENTATION_CONTEXT(2) 
PARAMETRIC_REPRESENTATION_CONTEXT() REPRESENTATION_CONTEXT('2D SPACE',''
  ) );
#4093 = FACE_BOUND('',#4094,.F.);
#4094 = EDGE_LOOP('',(#4095,#4123,#4149,#4175));
#4095 = ORIENTED_EDGE('',*,*,#4096,.F.);
#4096 = EDGE_CURVE('',#4097,#4099,#4101,.T.);
#4097 = VERTEX_POINT('',#4098);
#4098 = CARTESIAN_POINT('',(-198.5,-100.,30.5));
#4099 = VERTEX_POINT('',#4100);
#4100 = CARTESIAN_POINT('',(198.5,-100.,30.5));
#4101 = SURFACE_CURVE('',#4102,(#4106,#4112),.PCURVE_S1.);
#4102 = LINE('',#4103,#4104);
#4103 = CARTESIAN_POINT('',(-220.25,-100.,30.5));
#4104 = VECTOR('',#4105,1.);
#4105 = DIRECTION('',(1.,0.,0.));
#4106 = PCURVE('',#2652,#4107);
#4107 = DEFINITIONAL_REPRESENTATION('',(#4108),#4111);
#4108 = B_SPLINE_CURVE_WITH_KNOTS('',1,(#4109,#4110),.UNSPECIFIED.,.F.,
  .F.,(2,2),(21.75,418.75),.PIECEWISE_BEZIER_KNOTS.);
#4109 = CARTESIAN_POINT('',(831.,43.5));
#4110 = CARTESIAN_POINT('',(831.,440.5));
#4111 = ( GEOMETRIC_REPRESENTATION_CONTEXT(2) 
PARAMETRIC_REPRESENTATION_CONTEXT() REPRESENTATION_CONTEXT('2D SPACE',''
  ) );
#4112 = PCURVE('',#4113,#4118);
#4113 = PLANE('',#4114);
#4114 = AXIS2_PLACEMENT_3D('',#4115,#4116,#4117);
#4115 = CARTESIAN_POINT('',(-198.5,-102.,30.5));
#4116 = DIRECTION('',(0.,0.,1.));
#4117 = DIRECTION('',(1.,0.,0.));
#4118 = DEFINITIONAL_REPRESENTATION('',(#4119),#4122);
#4119 = B_SPLINE_CURVE_WITH_KNOTS('',1,(#4120,#4121),.UNSPECIFIED.,.F.,
  .F.,(2,2),(21.75,418.75),.PIECEWISE_BEZIER_KNOTS.);
#4120 = CARTESIAN_POINT('',(0.,2.));
#4121 = CARTESIAN_POINT('',(397.,2.));
#4122 = ( GEOMETRIC_REPRESENTATION_CONTEXT(2) 
PARAMETRIC_REPRESENTATION_CONTEXT() REPRESENTATION_CONTEXT('2D SPACE',''
  ) );
#4123 = ORIENTED_EDGE('',*,*,#4124,.T.);
#4124 = EDGE_CURVE('',#4097,#4125,#4127,.T.);
#4125 = VERTEX_POINT('',#4126);
#4126 = CARTESIAN_POINT('',(-198.5,-100.,25.5));
#4127 = SURFACE_CURVE('',#4128,(#4132,#4138),.PCURVE_S1.);
#4128 = LINE('',#4129,#4130);
#4129 = CARTESIAN_POINT('',(-198.5,-100.,-387.5));
#4130 = VECTOR('',#4131,1.);
#4131 = DIRECTION('',(0.,0.,-1.));
#4132 = PCURVE('',#2652,#4133);
#4133 = DEFINITIONAL_REPRESENTATION('',(#4134),#4137);
#4134 = B_SPLINE_CURVE_WITH_KNOTS('',1,(#4135,#4136),.UNSPECIFIED.,.F.,
  .F.,(2,2),(-418.,-413.),.PIECEWISE_BEZIER_KNOTS.);
#4135 = CARTESIAN_POINT('',(831.,43.5));
#4136 = CARTESIAN_POINT('',(826.,43.5));
#4137 = ( GEOMETRIC_REPRESENTATION_CONTEXT(2) 
PARAMETRIC_REPRESENTATION_CONTEXT() REPRESENTATION_CONTEXT('2D SPACE',''
  ) );
#4138 = PCURVE('',#4139,#4144);
#4139 = PLANE('',#4140);
#4140 = AXIS2_PLACEMENT_3D('',#4141,#4142,#4143);
#4141 = CARTESIAN_POINT('',(-198.5,-102.,25.5));
#4142 = DIRECTION('',(1.,0.,0.));
#4143 = DIRECTION('',(0.,0.,1.));
#4144 = DEFINITIONAL_REPRESENTATION('',(#4145),#4148);
#4145 = B_SPLINE_CURVE_WITH_KNOTS('',1,(#4146,#4147),.UNSPECIFIED.,.F.,
  .F.,(2,2),(-418.,-413.),.PIECEWISE_BEZIER_KNOTS.);
#4146 = CARTESIAN_POINT('',(5.,-2.));
#4147 = CARTESIAN_POINT('',(0.,-2.));
#4148 = ( GEOMETRIC_REPRESENTATION_CONTEXT(2) 
PARAMETRIC_REPRESENTATION_CONTEXT() REPRESENTATION_CONTEXT('2D SPACE',''
  ) );
#4149 = ORIENTED_EDGE('',*,*,#4150,.T.);
#4150 = EDGE_CURVE('',#4125,#4151,#4153,.T.);
#4151 = VERTEX_POINT('',#4152);
#4152 = CARTESIAN_POINT('',(198.5,-100.,25.5));
#4153 = SURFACE_CURVE('',#4154,(#4158,#4164),.PCURVE_S1.);
#4154 = LINE('',#4155,#4156);
#4155 = CARTESIAN_POINT('',(-220.25,-100.,25.5));
#4156 = VECTOR('',#4157,1.);
#4157 = DIRECTION('',(1.,0.,0.));
#4158 = PCURVE('',#2652,#4159);
#4159 = DEFINITIONAL_REPRESENTATION('',(#4160),#4163);
#4160 = B_SPLINE_CURVE_WITH_KNOTS('',1,(#4161,#4162),.UNSPECIFIED.,.F.,
  .F.,(2,2),(21.75,418.75),.PIECEWISE_BEZIER_KNOTS.);
#4161 = CARTESIAN_POINT('',(826.,43.5));
#4162 = CARTESIAN_POINT('',(826.,440.5));
#4163 = ( GEOMETRIC_REPRESENTATION_CONTEXT(2) 
PARAMETRIC_REPRESENTATION_CONTEXT() REPRESENTATION_CONTEXT('2D SPACE',''
  ) );
#4164 = PCURVE('',#4165,#4170);
#4165 = PLANE('',#4166);
#4166 = AXIS2_PLACEMENT_3D('',#4167,#4168,#4169);
#4167 = CARTESIAN_POINT('',(-198.5,-102.,25.5));
#4168 = DIRECTION('',(0.,0.,1.));
#4169 = DIRECTION('',(1.,0.,0.));
#4170 = DEFINITIONAL_REPRESENTATION('',(#4171),#4174);
#4171 = B_SPLINE_CURVE_WITH_KNOTS('',1,(#4172,#4173),.UNSPECIFIED.,.F.,
  .F.,(2,2),(21.75,418.75),.PIECEWISE_BEZIER_KNOTS.);
#4172 = CARTESIAN_POINT('',(0.,2.));
#4173 = CARTESIAN_POINT('',(397.,2.));
#4174 = ( GEOMETRIC_REPRESENTATION_CONTEXT(2) 
PARAMETRIC_REPRESENTATION_CONTEXT() REPRESENTATION_CONTEXT('2D SPACE',''
  ) );
#4175 = ORIENTED_EDGE('',*,*,#4176,.F.);
#4176 = EDGE_CURVE('',#4099,#4151,#4177,.T.);
#4177 = SURFACE_CURVE('',#4178,(#4182,#4188),.PCURVE_S1.);
#4178 = LINE('',#4179,#4180);
#4179 = CARTESIAN_POINT('',(198.5,-100.,-387.5));
#4180 = VECTOR('',#4181,1.);
#4181 = DIRECTION('',(0.,0.,-1.));
#4182 = PCURVE('',#2652,#4183);
#4183 = DEFINITIONAL_REPRESENTATION('',(#4184),#4187);
#4184 = B_SPLINE_CURVE_WITH_KNOTS('',1,(#4185,#4186),.UNSPECIFIED.,.F.,
  .F.,(2,2),(-418.,-413.),.PIECEWISE_BEZIER_KNOTS.);
#4185 = CARTESIAN_POINT('',(831.,440.5));
#4186 = CARTESIAN_POINT('',(826.,440.5));
#4187 = ( GEOMETRIC_REPRESENTATION_CONTEXT(2) 
PARAMETRIC_REPRESENTATION_CONTEXT() REPRESENTATION_CONTEXT('2D SPACE',''
  ) );
#4188 = PCURVE('',#4189,#4194);
#4189 = PLANE('',#4190);
#4190 = AXIS2_PLACEMENT_3D('',#4191,#4192,#4193);
#4191 = CARTESIAN_POINT('',(198.5,-102.,25.5));
#4192 = DIRECTION('',(1.,0.,0.));
#4193 = DIRECTION('',(0.,0.,1.));
#4194 = DEFINITIONAL_REPRESENTATION('',(#4195),#4198);
#4195 = B_SPLINE_CURVE_WITH_KNOTS('',1,(#4196,#4197),.UNSPECIFIED.,.F.,
  .F.,(2,2),(-418.,-413.),.PIECEWISE_BEZIER_KNOTS.);
#4196 = CARTESIAN_POINT('',(5.,-2.));
#4197 = CARTESIAN_POINT('',(0.,-2.));
#4198 = ( GEOMETRIC_REPRESENTATION_CONTEXT(2) 
PARAMETRIC_REPRESENTATION_CONTEXT() REPRESENTATION_CONTEXT('2D SPACE',''
  ) );
#4199 = FACE_BOUND('',#4200,.F.);
#4200 = EDGE_LOOP('',(#4201,#4229,#4255,#4281));
#4201 = ORIENTED_EDGE('',*,*,#4202,.F.);
#4202 = EDGE_CURVE('',#4203,#4205,#4207,.T.);
#4203 = VERTEX_POINT('',#4204);
#4204 = CARTESIAN_POINT('',(-198.5,-100.,92.));
#4205 = VERTEX_POINT('',#4206);
#4206 = CARTESIAN_POINT('',(198.5,-100.,92.));
#4207 = SURFACE_CURVE('',#4208,(#4212,#4218),.PCURVE_S1.);
#4208 = LINE('',#4209,#4210);
#4209 = CARTESIAN_POINT('',(-220.25,-100.,92.));
#4210 = VECTOR('',#4211,1.);
#4211 = DIRECTION('',(1.,0.,0.));
#4212 = PCURVE('',#2652,#4213);
#4213 = DEFINITIONAL_REPRESENTATION('',(#4214),#4217);
#4214 = B_SPLINE_CURVE_WITH_KNOTS('',1,(#4215,#4216),.UNSPECIFIED.,.F.,
  .F.,(2,2),(21.75,418.75),.PIECEWISE_BEZIER_KNOTS.);
#4215 = CARTESIAN_POINT('',(892.5,43.5));
#4216 = CARTESIAN_POINT('',(892.5,440.5));
#4217 = ( GEOMETRIC_REPRESENTATION_CONTEXT(2) 
PARAMETRIC_REPRESENTATION_CONTEXT() REPRESENTATION_CONTEXT('2D SPACE',''
  ) );
#4218 = PCURVE('',#4219,#4224);
#4219 = PLANE('',#4220);
#4220 = AXIS2_PLACEMENT_3D('',#4221,#4222,#4223);
#4221 = CARTESIAN_POINT('',(-198.5,-102.,92.));
#4222 = DIRECTION('',(0.,0.,1.));
#4223 = DIRECTION('',(1.,0.,0.));
#4224 = DEFINITIONAL_REPRESENTATION('',(#4225),#4228);
#4225 = B_SPLINE_CURVE_WITH_KNOTS('',1,(#4226,#4227),.UNSPECIFIED.,.F.,
  .F.,(2,2),(21.75,418.75),.PIECEWISE_BEZIER_KNOTS.);
#4226 = CARTESIAN_POINT('',(0.,2.));
#4227 = CARTESIAN_POINT('',(397.,2.));
#4228 = ( GEOMETRIC_REPRESENTATION_CONTEXT(2) 
PARAMETRIC_REPRESENTATION_CONTEXT() REPRESENTATION_CONTEXT('2D SPACE',''
  ) );
#4229 = ORIENTED_EDGE('',*,*,#4230,.T.);
#4230 = EDGE_CURVE('',#4203,#4231,#4233,.T.);
#4231 = VERTEX_POINT('',#4232);
#4232 = CARTESIAN_POINT('',(-198.5,-100.,87.));
#4233 = SURFACE_CURVE('',#4234,(#4238,#4244),.PCURVE_S1.);
#4234 = LINE('',#4235,#4236);
#4235 = CARTESIAN_POINT('',(-198.5,-100.,-356.75));
#4236 = VECTOR('',#4237,1.);
#4237 = DIRECTION('',(0.,0.,-1.));
#4238 = PCURVE('',#2652,#4239);
#4239 = DEFINITIONAL_REPRESENTATION('',(#4240),#4243);
#4240 = B_SPLINE_CURVE_WITH_KNOTS('',1,(#4241,#4242),.UNSPECIFIED.,.F.,
  .F.,(2,2),(-448.75,-443.75),.PIECEWISE_BEZIER_KNOTS.);
#4241 = CARTESIAN_POINT('',(892.5,43.5));
#4242 = CARTESIAN_POINT('',(887.5,43.5));
#4243 = ( GEOMETRIC_REPRESENTATION_CONTEXT(2) 
PARAMETRIC_REPRESENTATION_CONTEXT() REPRESENTATION_CONTEXT('2D SPACE',''
  ) );
#4244 = PCURVE('',#4245,#4250);
#4245 = PLANE('',#4246);
#4246 = AXIS2_PLACEMENT_3D('',#4247,#4248,#4249);
#4247 = CARTESIAN_POINT('',(-198.5,-102.,87.));
#4248 = DIRECTION('',(1.,0.,0.));
#4249 = DIRECTION('',(0.,0.,1.));
#4250 = DEFINITIONAL_REPRESENTATION('',(#4251),#4254);
#4251 = B_SPLINE_CURVE_WITH_KNOTS('',1,(#4252,#4253),.UNSPECIFIED.,.F.,
  .F.,(2,2),(-448.75,-443.75),.PIECEWISE_BEZIER_KNOTS.);
#4252 = CARTESIAN_POINT('',(5.,-2.));
#4253 = CARTESIAN_POINT('',(0.,-2.));
#4254 = ( GEOMETRIC_REPRESENTATION_CONTEXT(2) 
PARAMETRIC_REPRESENTATION_CONTEXT() REPRESENTATION_CONTEXT('2D SPACE',''
  ) );
#4255 = ORIENTED_EDGE('',*,*,#4256,.T.);
#4256 = EDGE_CURVE('',#4231,#4257,#4259,.T.);
#4257 = VERTEX_POINT('',#4258);
#4258 = CARTESIAN_POINT('',(198.5,-100.,87.));
#4259 = SURFACE_CURVE('',#4260,(#4264,#4270),.PCURVE_S1.);
#4260 = LINE('',#4261,#4262);
#4261 = CARTESIAN_POINT('',(-220.25,-100.,87.));
#4262 = VECTOR('',#4263,1.);
#4263 = DIRECTION('',(1.,0.,0.));
#4264 = PCURVE('',#2652,#4265);
#4265 = DEFINITIONAL_REPRESENTATION('',(#4266),#4269);
#4266 = B_SPLINE_CURVE_WITH_KNOTS('',1,(#4267,#4268),.UNSPECIFIED.,.F.,
  .F.,(2,2),(21.75,418.75),.PIECEWISE_BEZIER_KNOTS.);
#4267 = CARTESIAN_POINT('',(887.5,43.5));
#4268 = CARTESIAN_POINT('',(887.5,440.5));
#4269 = ( GEOMETRIC_REPRESENTATION_CONTEXT(2) 
PARAMETRIC_REPRESENTATION_CONTEXT() REPRESENTATION_CONTEXT('2D SPACE',''
  ) );
#4270 = PCURVE('',#4271,#4276);
#4271 = PLANE('',#4272);
#4272 = AXIS2_PLACEMENT_3D('',#4273,#4274,#4275);
#4273 = CARTESIAN_POINT('',(-198.5,-102.,87.));
#4274 = DIRECTION('',(0.,0.,1.));
#4275 = DIRECTION('',(1.,0.,0.));
#4276 = DEFINITIONAL_REPRESENTATION('',(#4277),#4280);
#4277 = B_SPLINE_CURVE_WITH_KNOTS('',1,(#4278,#4279),.UNSPECIFIED.,.F.,
  .F.,(2,2),(21.75,418.75),.PIECEWISE_BEZIER_KNOTS.);
#4278 = CARTESIAN_POINT('',(0.,2.));
#4279 = CARTESIAN_POINT('',(397.,2.));
#4280 = ( GEOMETRIC_REPRESENTATION_CONTEXT(2) 
PARAMETRIC_REPRESENTATION_CONTEXT() REPRESENTATION_CONTEXT('2D SPACE',''
  ) );
#4281 = ORIENTED_EDGE('',*,*,#4282,.F.);
#4282 = EDGE_CURVE('',#4205,#4257,#4283,.T.);
#4283 = SURFACE_CURVE('',#4284,(#4288,#4294),.PCURVE_S1.);
#4284 = LINE('',#4285,#4286);
#4285 = CARTESIAN_POINT('',(198.5,-100.,-356.75));
#4286 = VECTOR('',#4287,1.);
#4287 = DIRECTION('',(0.,0.,-1.));
#4288 = PCURVE('',#2652,#4289);
#4289 = DEFINITIONAL_REPRESENTATION('',(#4290),#4293);
#4290 = B_SPLINE_CURVE_WITH_KNOTS('',1,(#4291,#4292),.UNSPECIFIED.,.F.,
  .F.,(2,2),(-448.75,-443.75),.PIECEWISE_BEZIER_KNOTS.);
#4291 = CARTESIAN_POINT('',(892.5,440.5));
#4292 = CARTESIAN_POINT('',(887.5,440.5));
#4293 = ( GEOMETRIC_REPRESENTATION_CONTEXT(2) 
PARAMETRIC_REPRESENTATION_CONTEXT() REPRESENTATION_CONTEXT('2D SPACE',''
  ) );
#4294 = PCURVE('',#4295,#4300);
#4295 = PLANE('',#4296);
#4296 = AXIS2_PLACEMENT_3D('',#4297,#4298,#4299);
#4297 = CARTESIAN_POINT('',(198.5,-102.,87.));
#4298 = DIRECTION('',(1.,0.,0.));
#4299 = DIRECTION('',(0.,0.,1.));
#4300 = DEFINITIONAL_REPRESENTATION('',(#4301),#4304);
#4301 = B_SPLINE_CURVE_WITH_KNOTS('',1,(#4302,#4303),.UNSPECIFIED.,.F.,
  .F.,(2,2),(-448.75,-443.75),.PIECEWISE_BEZIER_KNOTS.);
#4302 = CARTESIAN_POINT('',(5.,-2.));
#4303 = CARTESIAN_POINT('',(0.,-2.));
#4304 = ( GEOMETRIC_REPRESENTATION_CONTEXT(2) 
PARAMETRIC_REPRESENTATION_CONTEXT() REPRESENTATION_CONTEXT('2D SPACE',''
  ) );
#4305 = FACE_BOUND('',#4306,.F.);
#4306 = EDGE_LOOP('',(#4307,#4335,#4361,#4387));
#4307 = ORIENTED_EDGE('',*,*,#4308,.F.);
#4308 = EDGE_CURVE('',#4309,#4311,#4313,.T.);
#4309 = VERTEX_POINT('',#4310);
#4310 = CARTESIAN_POINT('',(-198.5,-100.,153.5));
#4311 = VERTEX_POINT('',#4312);
#4312 = CARTESIAN_POINT('',(198.5,-100.,153.5));
#4313 = SURFACE_CURVE('',#4314,(#4318,#4324),.PCURVE_S1.);
#4314 = LINE('',#4315,#4316);
#4315 = CARTESIAN_POINT('',(-220.25,-100.,153.5));
#4316 = VECTOR('',#4317,1.);
#4317 = DIRECTION('',(1.,0.,0.));
#4318 = PCURVE('',#2652,#4319);
#4319 = DEFINITIONAL_REPRESENTATION('',(#4320),#4323);
#4320 = B_SPLINE_CURVE_WITH_KNOTS('',1,(#4321,#4322),.UNSPECIFIED.,.F.,
  .F.,(2,2),(21.75,418.75),.PIECEWISE_BEZIER_KNOTS.);
#4321 = CARTESIAN_POINT('',(954.,43.5));
#4322 = CARTESIAN_POINT('',(954.,440.5));
#4323 = ( GEOMETRIC_REPRESENTATION_CONTEXT(2) 
PARAMETRIC_REPRESENTATION_CONTEXT() REPRESENTATION_CONTEXT('2D SPACE',''
  ) );
#4324 = PCURVE('',#4325,#4330);
#4325 = PLANE('',#4326);
#4326 = AXIS2_PLACEMENT_3D('',#4327,#4328,#4329);
#4327 = CARTESIAN_POINT('',(-198.5,-102.,153.5));
#4328 = DIRECTION('',(0.,0.,1.));
#4329 = DIRECTION('',(1.,0.,0.));
#4330 = DEFINITIONAL_REPRESENTATION('',(#4331),#4334);
#4331 = B_SPLINE_CURVE_WITH_KNOTS('',1,(#4332,#4333),.UNSPECIFIED.,.F.,
  .F.,(2,2),(21.75,418.75),.PIECEWISE_BEZIER_KNOTS.);
#4332 = CARTESIAN_POINT('',(0.,2.));
#4333 = CARTESIAN_POINT('',(397.,2.));
#4334 = ( GEOMETRIC_REPRESENTATION_CONTEXT(2) 
PARAMETRIC_REPRESENTATION_CONTEXT() REPRESENTATION_CONTEXT('2D SPACE',''
  ) );
#4335 = ORIENTED_EDGE('',*,*,#4336,.T.);
#4336 = EDGE_CURVE('',#4309,#4337,#4339,.T.);
#4337 = VERTEX_POINT('',#4338);
#4338 = CARTESIAN_POINT('',(-198.5,-100.,148.5));
#4339 = SURFACE_CURVE('',#4340,(#4344,#4350),.PCURVE_S1.);
#4340 = LINE('',#4341,#4342);
#4341 = CARTESIAN_POINT('',(-198.5,-100.,-326.));
#4342 = VECTOR('',#4343,1.);
#4343 = DIRECTION('',(0.,0.,-1.));
#4344 = PCURVE('',#2652,#4345);
#4345 = DEFINITIONAL_REPRESENTATION('',(#4346),#4349);
#4346 = B_SPLINE_CURVE_WITH_KNOTS('',1,(#4347,#4348),.UNSPECIFIED.,.F.,
  .F.,(2,2),(-479.5,-474.5),.PIECEWISE_BEZIER_KNOTS.);
#4347 = CARTESIAN_POINT('',(954.,43.5));
#4348 = CARTESIAN_POINT('',(949.,43.5));
#4349 = ( GEOMETRIC_REPRESENTATION_CONTEXT(2) 
PARAMETRIC_REPRESENTATION_CONTEXT() REPRESENTATION_CONTEXT('2D SPACE',''
  ) );
#4350 = PCURVE('',#4351,#4356);
#4351 = PLANE('',#4352);
#4352 = AXIS2_PLACEMENT_3D('',#4353,#4354,#4355);
#4353 = CARTESIAN_POINT('',(-198.5,-102.,148.5));
#4354 = DIRECTION('',(1.,0.,0.));
#4355 = DIRECTION('',(0.,0.,1.));
#4356 = DEFINITIONAL_REPRESENTATION('',(#4357),#4360);
#4357 = B_SPLINE_CURVE_WITH_KNOTS('',1,(#4358,#4359),.UNSPECIFIED.,.F.,
  .F.,(2,2),(-479.5,-474.5),.PIECEWISE_BEZIER_KNOTS.);
#4358 = CARTESIAN_POINT('',(5.,-2.));
#4359 = CARTESIAN_POINT('',(0.,-2.));
#4360 = ( GEOMETRIC_REPRESENTATION_CONTEXT(2) 
PARAMETRIC_REPRESENTATION_CONTEXT() REPRESENTATION_CONTEXT('2D SPACE',''
  ) );
#4361 = ORIENTED_EDGE('',*,*,#4362,.T.);
#4362 = EDGE_CURVE('',#4337,#4363,#4365,.T.);
#4363 = VERTEX_POINT('',#4364);
#4364 = CARTESIAN_POINT('',(198.5,-100.,148.5));
#4365 = SURFACE_CURVE('',#4366,(#4370,#4376),.PCURVE_S1.);
#4366 = LINE('',#4367,#4368);
#4367 = CARTESIAN_POINT('',(-220.25,-100.,148.5));
#4368 = VECTOR('',#4369,1.);
#4369 = DIRECTION('',(1.,0.,0.));
#4370 = PCURVE('',#2652,#4371);
#4371 = DEFINITIONAL_REPRESENTATION('',(#4372),#4375);
#4372 = B_SPLINE_CURVE_WITH_KNOTS('',1,(#4373,#4374),.UNSPECIFIED.,.F.,
  .F.,(2,2),(21.75,418.75),.PIECEWISE_BEZIER_KNOTS.);
#4373 = CARTESIAN_POINT('',(949.,43.5));
#4374 = CARTESIAN_POINT('',(949.,440.5));
#4375 = ( GEOMETRIC_REPRESENTATION_CONTEXT(2) 
PARAMETRIC_REPRESENTATION_CONTEXT() REPRESENTATION_CONTEXT('2D SPACE',''
  ) );
#4376 = PCURVE('',#4377,#4382);
#4377 = PLANE('',#4378);
#4378 = AXIS2_PLACEMENT_3D('',#4379,#4380,#4381);
#4379 = CARTESIAN_POINT('',(-198.5,-102.,148.5));
#4380 = DIRECTION('',(0.,0.,1.));
#4381 = DIRECTION('',(1.,0.,0.));
#4382 = DEFINITIONAL_REPRESENTATION('',(#4383),#4386);
#4383 = B_SPLINE_CURVE_WITH_KNOTS('',1,(#4384,#4385),.UNSPECIFIED.,.F.,
  .F.,(2,2),(21.75,418.75),.PIECEWISE_BEZIER_KNOTS.);
#4384 = CARTESIAN_POINT('',(0.,2.));
#4385 = CARTESIAN_POINT('',(397.,2.));
#4386 = ( GEOMETRIC_REPRESENTATION_CONTEXT(2) 
PARAMETRIC_REPRESENTATION_CONTEXT() REPRESENTATION_CONTEXT('2D SPACE',''
  ) );
#4387 = ORIENTED_EDGE('',*,*,#4388,.F.);
#4388 = EDGE_CURVE('',#4311,#4363,#4389,.T.);
#4389 = SURFACE_CURVE('',#4390,(#4394,#4400),.PCURVE_S1.);
#4390 = LINE('',#4391,#4392);
#4391 = CARTESIAN_POINT('',(198.5,-100.,-326.));
#4392 = VECTOR('',#4393,1.);
#4393 = DIRECTION('',(0.,0.,-1.));
#4394 = PCURVE('',#2652,#4395);
#4395 = DEFINITIONAL_REPRESENTATION('',(#4396),#4399);
#4396 = B_SPLINE_CURVE_WITH_KNOTS('',1,(#4397,#4398),.UNSPECIFIED.,.F.,
  .F.,(2,2),(-479.5,-474.5),.PIECEWISE_BEZIER_KNOTS.);
#4397 = CARTESIAN_POINT('',(954.,440.5));
#4398 = CARTESIAN_POINT('',(949.,440.5));
#4399 = ( GEOMETRIC_REPRESENTATION_CONTEXT(2) 
PARAMETRIC_REPRESENTATION_CONTEXT() REPRESENTATION_CONTEXT('2D SPACE',''
  ) );
#4400 = PCURVE('',#4401,#4406);
#4401 = PLANE('',#4402);
#4402 = AXIS2_PLACEMENT_3D('',#4403,#4404,#4405);
#4403 = CARTESIAN_POINT('',(198.5,-102.,148.5));
#4404 = DIRECTION('',(1.,0.,0.));
#4405 = DIRECTION('',(0.,0.,1.));
#4406 = DEFINITIONAL_REPRESENTATION('',(#4407),#4410);
#4407 = B_SPLINE_CURVE_WITH_KNOTS('',1,(#4408,#4409),.UNSPECIFIED.,.F.,
  .F.,(2,2),(-479.5,-474.5),.PIECEWISE_BEZIER_KNOTS.);
#4408 = CARTESIAN_POINT('',(5.,-2.));
#4409 = CARTESIAN_POINT('',(0.,-2.));
#4410 = ( GEOMETRIC_REPRESENTATION_CONTEXT(2) 
PARAMETRIC_REPRESENTATION_CONTEXT() REPRESENTATION_CONTEXT('2D SPACE',''
  ) );
#4411 = FACE_BOUND('',#4412,.F.);
#4412 = EDGE_LOOP('',(#4413,#4441,#4467,#4493));
#4413 = ORIENTED_EDGE('',*,*,#4414,.F.);
#4414 = EDGE_CURVE('',#4415,#4417,#4419,.T.);
#4415 = VERTEX_POINT('',#4416);
#4416 = CARTESIAN_POINT('',(-198.5,-100.,215.));
#4417 = VERTEX_POINT('',#4418);
#4418 = CARTESIAN_POINT('',(198.5,-100.,215.));
#4419 = SURFACE_CURVE('',#4420,(#4424,#4430),.PCURVE_S1.);
#4420 = LINE('',#4421,#4422);
#4421 = CARTESIAN_POINT('',(-220.25,-100.,215.));
#4422 = VECTOR('',#4423,1.);
#4423 = DIRECTION('',(1.,0.,0.));
#4424 = PCURVE('',#2652,#4425);
#4425 = DEFINITIONAL_REPRESENTATION('',(#4426),#4429);
#4426 = B_SPLINE_CURVE_WITH_KNOTS('',1,(#4427,#4428),.UNSPECIFIED.,.F.,
  .F.,(2,2),(21.75,418.75),.PIECEWISE_BEZIER_KNOTS.);
#4427 = CARTESIAN_POINT('',(1.0155E+03,43.5));
#4428 = CARTESIAN_POINT('',(1.0155E+03,440.5));
#4429 = ( GEOMETRIC_REPRESENTATION_CONTEXT(2) 
PARAMETRIC_REPRESENTATION_CONTEXT() REPRESENTATION_CONTEXT('2D SPACE',''
  ) );
#4430 = PCURVE('',#4431,#4436);
#4431 = PLANE('',#4432);
#4432 = AXIS2_PLACEMENT_3D('',#4433,#4434,#4435);
#4433 = CARTESIAN_POINT('',(-198.5,-102.,215.));
#4434 = DIRECTION('',(0.,0.,1.));
#4435 = DIRECTION('',(1.,0.,0.));
#4436 = DEFINITIONAL_REPRESENTATION('',(#4437),#4440);
#4437 = B_SPLINE_CURVE_WITH_KNOTS('',1,(#4438,#4439),.UNSPECIFIED.,.F.,
  .F.,(2,2),(21.75,418.75),.PIECEWISE_BEZIER_KNOTS.);
#4438 = CARTESIAN_POINT('',(0.,2.));
#4439 = CARTESIAN_POINT('',(397.,2.));
#4440 = ( GEOMETRIC_REPRESENTATION_CONTEXT(2) 
PARAMETRIC_REPRESENTATION_CONTEXT() REPRESENTATION_CONTEXT('2D SPACE',''
  ) );
#4441 = ORIENTED_EDGE('',*,*,#4442,.T.);
#4442 = EDGE_CURVE('',#4415,#4443,#4445,.T.);
#4443 = VERTEX_POINT('',#4444);
#4444 = CARTESIAN_POINT('',(-198.5,-100.,210.));
#4445 = SURFACE_CURVE('',#4446,(#4450,#4456),.PCURVE_S1.);
#4446 = LINE('',#4447,#4448);
#4447 = CARTESIAN_POINT('',(-198.5,-100.,-295.25));
#4448 = VECTOR('',#4449,1.);
#4449 = DIRECTION('',(0.,0.,-1.));
#4450 = PCURVE('',#2652,#4451);
#4451 = DEFINITIONAL_REPRESENTATION('',(#4452),#4455);
#4452 = B_SPLINE_CURVE_WITH_KNOTS('',1,(#4453,#4454),.UNSPECIFIED.,.F.,
  .F.,(2,2),(-510.25,-505.25),.PIECEWISE_BEZIER_KNOTS.);
#4453 = CARTESIAN_POINT('',(1.0155E+03,43.5));
#4454 = CARTESIAN_POINT('',(1.0105E+03,43.5));
#4455 = ( GEOMETRIC_REPRESENTATION_CONTEXT(2) 
PARAMETRIC_REPRESENTATION_CONTEXT() REPRESENTATION_CONTEXT('2D SPACE',''
  ) );
#4456 = PCURVE('',#4457,#4462);
#4457 = PLANE('',#4458);
#4458 = AXIS2_PLACEMENT_3D('',#4459,#4460,#4461);
#4459 = CARTESIAN_POINT('',(-198.5,-102.,210.));
#4460 = DIRECTION('',(1.,0.,0.));
#4461 = DIRECTION('',(0.,0.,1.));
#4462 = DEFINITIONAL_REPRESENTATION('',(#4463),#4466);
#4463 = B_SPLINE_CURVE_WITH_KNOTS('',1,(#4464,#4465),.UNSPECIFIED.,.F.,
  .F.,(2,2),(-510.25,-505.25),.PIECEWISE_BEZIER_KNOTS.);
#4464 = CARTESIAN_POINT('',(5.,-2.));
#4465 = CARTESIAN_POINT('',(0.,-2.));
#4466 = ( GEOMETRIC_REPRESENTATION_CONTEXT(2) 
PARAMETRIC_REPRESENTATION_CONTEXT() REPRESENTATION_CONTEXT('2D SPACE',''
  ) );
#4467 = ORIENTED_EDGE('',*,*,#4468,.T.);
#4468 = EDGE_CURVE('',#4443,#4469,#4471,.T.);
#4469 = VERTEX_POINT('',#4470);
#4470 = CARTESIAN_POINT('',(198.5,-100.,210.));
#4471 = SURFACE_CURVE('',#4472,(#4476,#4482),.PCURVE_S1.);
#4472 = LINE('',#4473,#4474);
#4473 = CARTESIAN_POINT('',(-220.25,-100.,210.));
#4474 = VECTOR('',#4475,1.);
#4475 = DIRECTION('',(1.,0.,0.));
#4476 = PCURVE('',#2652,#4477);
#4477 = DEFINITIONAL_REPRESENTATION('',(#4478),#4481);
#4478 = B_SPLINE_CURVE_WITH_KNOTS('',1,(#4479,#4480),.UNSPECIFIED.,.F.,
  .F.,(2,2),(21.75,418.75),.PIECEWISE_BEZIER_KNOTS.);
#4479 = CARTESIAN_POINT('',(1.0105E+03,43.5));
#4480 = CARTESIAN_POINT('',(1.0105E+03,440.5));
#4481 = ( GEOMETRIC_REPRESENTATION_CONTEXT(2) 
PARAMETRIC_REPRESENTATION_CONTEXT() REPRESENTATION_CONTEXT('2D SPACE',''
  ) );
#4482 = PCURVE('',#4483,#4488);
#4483 = PLANE('',#4484);
#4484 = AXIS2_PLACEMENT_3D('',#4485,#4486,#4487);
#4485 = CARTESIAN_POINT('',(-198.5,-102.,210.));
#4486 = DIRECTION('',(0.,0.,1.));
#4487 = DIRECTION('',(1.,0.,0.));
#4488 = DEFINITIONAL_REPRESENTATION('',(#4489),#4492);
#4489 = B_SPLINE_CURVE_WITH_KNOTS('',1,(#4490,#4491),.UNSPECIFIED.,.F.,
  .F.,(2,2),(21.75,418.75),.PIECEWISE_BEZIER_KNOTS.);
#4490 = CARTESIAN_POINT('',(0.,2.));
#4491 = CARTESIAN_POINT('',(397.,2.));
#4492 = ( GEOMETRIC_REPRESENTATION_CONTEXT(2) 
PARAMETRIC_REPRESENTATION_CONTEXT() REPRESENTATION_CONTEXT('2D SPACE',''
  ) );
#4493 = ORIENTED_EDGE('',*,*,#4494,.F.);
#4494 = EDGE_CURVE('',#4417,#4469,#4495,.T.);
#4495 = SURFACE_CURVE('',#4496,(#4500,#4506),.PCURVE_S1.);
#4496 = LINE('',#4497,#4498);
#4497 = CARTESIAN_POINT('',(198.5,-100.,-295.25));
#4498 = VECTOR('',#4499,1.);
#4499 = DIRECTION('',(0.,0.,-1.));
#4500 = PCURVE('',#2652,#4501);
#4501 = DEFINITIONAL_REPRESENTATION('',(#4502),#4505);
#4502 = B_SPLINE_CURVE_WITH_KNOTS('',1,(#4503,#4504),.UNSPECIFIED.,.F.,
  .F.,(2,2),(-510.25,-505.25),.PIECEWISE_BEZIER_KNOTS.);
#4503 = CARTESIAN_POINT('',(1.0155E+03,440.5));
#4504 = CARTESIAN_POINT('',(1.0105E+03,440.5));
#4505 = ( GEOMETRIC_REPRESENTATION_CONTEXT(2) 
PARAMETRIC_REPRESENTATION_CONTEXT() REPRESENTATION_CONTEXT('2D SPACE',''
  ) );
#4506 = PCURVE('',#4507,#4512);
#4507 = PLANE('',#4508);
#4508 = AXIS2_PLACEMENT_3D('',#4509,#4510,#4511);
#4509 = CARTESIAN_POINT('',(198.5,-102.,210.));
#4510 = DIRECTION('',(1.,0.,0.));
#4511 = DIRECTION('',(0.,0.,1.));
#4512 = DEFINITIONAL_REPRESENTATION('',(#4513),#4516);
#4513 = B_SPLINE_CURVE_WITH_KNOTS('',1,(#4514,#4515),.UNSPECIFIED.,.F.,
  .F.,(2,2),(-510.25,-505.25),.PIECEWISE_BEZIER_KNOTS.);
#4514 = CARTESIAN_POINT('',(5.,-2.));
#4515 = CARTESIAN_POINT('',(0.,-2.));
#4516 = ( GEOMETRIC_REPRESENTATION_CONTEXT(2) 
PARAMETRIC_REPRESENTATION_CONTEXT() REPRESENTATION_CONTEXT('2D SPACE',''
  ) );
#4517 = FACE_BOUND('',#4518,.F.);
#4518 = EDGE_LOOP('',(#4519,#4547,#4573,#4599));
#4519 = ORIENTED_EDGE('',*,*,#4520,.F.);
#4520 = EDGE_CURVE('',#4521,#4523,#4525,.T.);
#4521 = VERTEX_POINT('',#4522);
#4522 = CARTESIAN_POINT('',(-198.5,-100.,276.5));
#4523 = VERTEX_POINT('',#4524);
#4524 = CARTESIAN_POINT('',(198.5,-100.,276.5));
#4525 = SURFACE_CURVE('',#4526,(#4530,#4536),.PCURVE_S1.);
#4526 = LINE('',#4527,#4528);
#4527 = CARTESIAN_POINT('',(-220.25,-100.,276.5));
#4528 = VECTOR('',#4529,1.);
#4529 = DIRECTION('',(1.,0.,0.));
#4530 = PCURVE('',#2652,#4531);
#4531 = DEFINITIONAL_REPRESENTATION('',(#4532),#4535);
#4532 = B_SPLINE_CURVE_WITH_KNOTS('',1,(#4533,#4534),.UNSPECIFIED.,.F.,
  .F.,(2,2),(21.75,418.75),.PIECEWISE_BEZIER_KNOTS.);
#4533 = CARTESIAN_POINT('',(1.077E+03,43.5));
#4534 = CARTESIAN_POINT('',(1.077E+03,440.5));
#4535 = ( GEOMETRIC_REPRESENTATION_CONTEXT(2) 
PARAMETRIC_REPRESENTATION_CONTEXT() REPRESENTATION_CONTEXT('2D SPACE',''
  ) );
#4536 = PCURVE('',#4537,#4542);
#4537 = PLANE('',#4538);
#4538 = AXIS2_PLACEMENT_3D('',#4539,#4540,#4541);
#4539 = CARTESIAN_POINT('',(-198.5,-102.,276.5));
#4540 = DIRECTION('',(0.,0.,1.));
#4541 = DIRECTION('',(1.,0.,0.));
#4542 = DEFINITIONAL_REPRESENTATION('',(#4543),#4546);
#4543 = B_SPLINE_CURVE_WITH_KNOTS('',1,(#4544,#4545),.UNSPECIFIED.,.F.,
  .F.,(2,2),(21.75,418.75),.PIECEWISE_BEZIER_KNOTS.);
#4544 = CARTESIAN_POINT('',(0.,2.));
#4545 = CARTESIAN_POINT('',(397.,2.));
#4546 = ( GEOMETRIC_REPRESENTATION_CONTEXT(2) 
PARAMETRIC_REPRESENTATION_CONTEXT() REPRESENTATION_CONTEXT('2D SPACE',''
  ) );
#4547 = ORIENTED_EDGE('',*,*,#4548,.T.);
#4548 = EDGE_CURVE('',#4521,#4549,#4551,.T.);
#4549 = VERTEX_POINT('',#4550);
#4550 = CARTESIAN_POINT('',(-198.5,-100.,271.5));
#4551 = SURFACE_CURVE('',#4552,(#4556,#4562),.PCURVE_S1.);
#4552 = LINE('',#4553,#4554);
#4553 = CARTESIAN_POINT('',(-198.5,-100.,-264.5));
#4554 = VECTOR('',#4555,1.);
#4555 = DIRECTION('',(0.,0.,-1.));
#4556 = PCURVE('',#2652,#4557);
#4557 = DEFINITIONAL_REPRESENTATION('',(#4558),#4561);
#4558 = B_SPLINE_CURVE_WITH_KNOTS('',1,(#4559,#4560),.UNSPECIFIED.,.F.,
  .F.,(2,2),(-541.,-536.),.PIECEWISE_BEZIER_KNOTS.);
#4559 = CARTESIAN_POINT('',(1.077E+03,43.5));
#4560 = CARTESIAN_POINT('',(1.072E+03,43.5));
#4561 = ( GEOMETRIC_REPRESENTATION_CONTEXT(2) 
PARAMETRIC_REPRESENTATION_CONTEXT() REPRESENTATION_CONTEXT('2D SPACE',''
  ) );
#4562 = PCURVE('',#4563,#4568);
#4563 = PLANE('',#4564);
#4564 = AXIS2_PLACEMENT_3D('',#4565,#4566,#4567);
#4565 = CARTESIAN_POINT('',(-198.5,-102.,271.5));
#4566 = DIRECTION('',(1.,0.,0.));
#4567 = DIRECTION('',(0.,0.,1.));
#4568 = DEFINITIONAL_REPRESENTATION('',(#4569),#4572);
#4569 = B_SPLINE_CURVE_WITH_KNOTS('',1,(#4570,#4571),.UNSPECIFIED.,.F.,
  .F.,(2,2),(-541.,-536.),.PIECEWISE_BEZIER_KNOTS.);
#4570 = CARTESIAN_POINT('',(5.,-2.));
#4571 = CARTESIAN_POINT('',(0.,-2.));
#4572 = ( GEOMETRIC_REPRESENTATION_CONTEXT(2) 
PARAMETRIC_REPRESENTATION_CONTEXT() REPRESENTATION_CONTEXT('2D SPACE',''
  ) );
#4573 = ORIENTED_EDGE('',*,*,#4574,.T.);
#4574 = EDGE_CURVE('',#4549,#4575,#4577,.T.);
#4575 = VERTEX_POINT('',#4576);
#4576 = CARTESIAN_POINT('',(198.5,-100.,271.5));
#4577 = SURFACE_CURVE('',#4578,(#4582,#4588),.PCURVE_S1.);
#4578 = LINE('',#4579,#4580);
#4579 = CARTESIAN_POINT('',(-220.25,-100.,271.5));
#4580 = VECTOR('',#4581,1.);
#4581 = DIRECTION('',(1.,0.,0.));
#4582 = PCURVE('',#2652,#4583);
#4583 = DEFINITIONAL_REPRESENTATION('',(#4584),#4587);
#4584 = B_SPLINE_CURVE_WITH_KNOTS('',1,(#4585,#4586),.UNSPECIFIED.,.F.,
  .F.,(2,2),(21.75,418.75),.PIECEWISE_BEZIER_KNOTS.);
#4585 = CARTESIAN_POINT('',(1.072E+03,43.5));
#4586 = CARTESIAN_POINT('',(1.072E+03,440.5));
#4587 = ( GEOMETRIC_REPRESENTATION_CONTEXT(2) 
PARAMETRIC_REPRESENTATION_CONTEXT() REPRESENTATION_CONTEXT('2D SPACE',''
  ) );
#4588 = PCURVE('',#4589,#4594);
#4589 = PLANE('',#4590);
#4590 = AXIS2_PLACEMENT_3D('',#4591,#4592,#4593);
#4591 = CARTESIAN_POINT('',(-198.5,-102.,271.5));
#4592 = DIRECTION('',(0.,0.,1.));
#4593 = DIRECTION('',(1.,0.,0.));
#4594 = DEFINITIONAL_REPRESENTATION('',(#4595),#4598);
#4595 = B_SPLINE_CURVE_WITH_KNOTS('',1,(#4596,#4597),.UNSPECIFIED.,.F.,
  .F.,(2,2),(21.75,418.75),.PIECEWISE_BEZIER_KNOTS.);
#4596 = CARTESIAN_POINT('',(0.,2.));
#4597 = CARTESIAN_POINT('',(397.,2.));
#4598 = ( GEOMETRIC_REPRESENTATION_CONTEXT(2) 
PARAMETRIC_REPRESENTATION_CONTEXT() REPRESENTATION_CONTEXT('2D SPACE',''
  ) );
#4599 = ORIENTED_EDGE('',*,*,#4600,.F.);
#4600 = EDGE_CURVE('',#4523,#4575,#4601,.T.);
#4601 = SURFACE_CURVE('',#4602,(#4606,#4612),.PCURVE_S1.);
#4602 = LINE('',#4603,#4604);
#4603 = CARTESIAN_POINT('',(198.5,-100.,-264.5));
#4604 = VECTOR('',#4605,1.);
#4605 = DIRECTION('',(0.,0.,-1.));
#4606 = PCURVE('',#2652,#4607);
#4607 = DEFINITIONAL_REPRESENTATION('',(#4608),#4611);
#4608 = B_SPLINE_CURVE_WITH_KNOTS('',1,(#4609,#4610),.UNSPECIFIED.,.F.,
  .F.,(2,2),(-541.,-536.),.PIECEWISE_BEZIER_KNOTS.);
#4609 = CARTESIAN_POINT('',(1.077E+03,440.5));
#4610 = CARTESIAN_POINT('',(1.072E+03,440.5));
#4611 = ( GEOMETRIC_REPRESENTATION_CONTEXT(2) 
PARAMETRIC_REPRESENTATION_CONTEXT() REPRESENTATION_CONTEXT('2D SPACE',''
  ) );
#4612 = PCURVE('',#4613,#4618);
#4613 = PLANE('',#4614);
#4614 = AXIS2_PLACEMENT_3D('',#4615,#4616,#4617);
#4615 = CARTESIAN_POINT('',(198.5,-102.,271.5));
#4616 = DIRECTION('',(1.,0.,0.));
#4617 = DIRECTION('',(0.,0.,1.));
#4618 = DEFINITIONAL_REPRESENTATION('',(#4619),#4622);
#4619 = B_SPLINE_CURVE_WITH_KNOTS('',1,(#4620,#4621),.UNSPECIFIED.,.F.,
  .F.,(2,2),(-541.,-536.),.PIECEWISE_BEZIER_KNOTS.);
#4620 = CARTESIAN_POINT('',(5.,-2.));
#4621 = CARTESIAN_POINT('',(0.,-2.));
#4622 = ( GEOMETRIC_REPRESENTATION_CONTEXT(2) 
PARAMETRIC_REPRESENTATION_CONTEXT() REPRESENTATION_CONTEXT('2D SPACE',''
  ) );
#4623 = FACE_BOUND('',#4624,.F.);
#4624 = EDGE_LOOP('',(#4625,#4653,#4679,#4705));
#4625 = ORIENTED_EDGE('',*,*,#4626,.F.);
#4626 = EDGE_CURVE('',#4627,#4629,#4631,.T.);
#4627 = VERTEX_POINT('',#4628);
#4628 = CARTESIAN_POINT('',(-198.5,-100.,338.));
#4629 = VERTEX_POINT('',#4630);
#4630 = CARTESIAN_POINT('',(198.5,-100.,338.));
#4631 = SURFACE_CURVE('',#4632,(#4636,#4642),.PCURVE_S1.);
#4632 = LINE('',#4633,#4634);
#4633 = CARTESIAN_POINT('',(-220.25,-100.,338.));
#4634 = VECTOR('',#4635,1.);
#4635 = DIRECTION('',(1.,0.,0.));
#4636 = PCURVE('',#2652,#4637);
#4637 = DEFINITIONAL_REPRESENTATION('',(#4638),#4641);
#4638 = B_SPLINE_CURVE_WITH_KNOTS('',1,(#4639,#4640),.UNSPECIFIED.,.F.,
  .F.,(2,2),(21.75,418.75),.PIECEWISE_BEZIER_KNOTS.);
#4639 = CARTESIAN_POINT('',(1.1385E+03,43.5));
#4640 = CARTESIAN_POINT('',(1.1385E+03,440.5));
#4641 = ( GEOMETRIC_REPRESENTATION_CONTEXT(2) 
PARAMETRIC_REPRESENTATION_CONTEXT() REPRESENTATION_CONTEXT('2D SPACE',''
  ) );
#4642 = PCURVE('',#4643,#4648);
#4643 = PLANE('',#4644);
#4644 = AXIS2_PLACEMENT_3D('',#4645,#4646,#4647);
#4645 = CARTESIAN_POINT('',(-198.5,-102.,338.));
#4646 = DIRECTION('',(0.,0.,1.));
#4647 = DIRECTION('',(1.,0.,0.));
#4648 = DEFINITIONAL_REPRESENTATION('',(#4649),#4652);
#4649 = B_SPLINE_CURVE_WITH_KNOTS('',1,(#4650,#4651),.UNSPECIFIED.,.F.,
  .F.,(2,2),(21.75,418.75),.PIECEWISE_BEZIER_KNOTS.);
#4650 = CARTESIAN_POINT('',(0.,2.));
#4651 = CARTESIAN_POINT('',(397.,2.));
#4652 = ( GEOMETRIC_REPRESENTATION_CONTEXT(2) 
PARAMETRIC_REPRESENTATION_CONTEXT() REPRESENTATION_CONTEXT('2D SPACE',''
  ) );
#4653 = ORIENTED_EDGE('',*,*,#4654,.T.);
#4654 = EDGE_CURVE('',#4627,#4655,#4657,.T.);
#4655 = VERTEX_POINT('',#4656);
#4656 = CARTESIAN_POINT('',(-198.5,-100.,333.));
#4657 = SURFACE_CURVE('',#4658,(#4662,#4668),.PCURVE_S1.);
#4658 = LINE('',#4659,#4660);
#4659 = CARTESIAN_POINT('',(-198.5,-100.,-233.75));
#4660 = VECTOR('',#4661,1.);
#4661 = DIRECTION('',(0.,0.,-1.));
#4662 = PCURVE('',#2652,#4663);
#4663 = DEFINITIONAL_REPRESENTATION('',(#4664),#4667);
#4664 = B_SPLINE_CURVE_WITH_KNOTS('',1,(#4665,#4666),.UNSPECIFIED.,.F.,
  .F.,(2,2),(-571.75,-566.75),.PIECEWISE_BEZIER_KNOTS.);
#4665 = CARTESIAN_POINT('',(1.1385E+03,43.5));
#4666 = CARTESIAN_POINT('',(1.1335E+03,43.5));
#4667 = ( GEOMETRIC_REPRESENTATION_CONTEXT(2) 
PARAMETRIC_REPRESENTATION_CONTEXT() REPRESENTATION_CONTEXT('2D SPACE',''
  ) );
#4668 = PCURVE('',#4669,#4674);
#4669 = PLANE('',#4670);
#4670 = AXIS2_PLACEMENT_3D('',#4671,#4672,#4673);
#4671 = CARTESIAN_POINT('',(-198.5,-102.,333.));
#4672 = DIRECTION('',(1.,0.,0.));
#4673 = DIRECTION('',(0.,0.,1.));
#4674 = DEFINITIONAL_REPRESENTATION('',(#4675),#4678);
#4675 = B_SPLINE_CURVE_WITH_KNOTS('',1,(#4676,#4677),.UNSPECIFIED.,.F.,
  .F.,(2,2),(-571.75,-566.75),.PIECEWISE_BEZIER_KNOTS.);
#4676 = CARTESIAN_POINT('',(5.,-2.));
#4677 = CARTESIAN_POINT('',(0.,-2.));
#4678 = ( GEOMETRIC_REPRESENTATION_CONTEXT(2) 
PARAMETRIC_REPRESENTATION_CONTEXT() REPRESENTATION_CONTEXT('2D SPACE',''
  ) );
#4679 = ORIENTED_EDGE('',*,*,#4680,.T.);
#4680 = EDGE_CURVE('',#4655,#4681,#4683,.T.);
#4681 = VERTEX_POINT('',#4682);
#4682 = CARTESIAN_POINT('',(198.5,-100.,333.));
#4683 = SURFACE_CURVE('',#4684,(#4688,#4694),.PCURVE_S1.);
#4684 = LINE('',#4685,#4686);
#4685 = CARTESIAN_POINT('',(-220.25,-100.,333.));
#4686 = VECTOR('',#4687,1.);
#4687 = DIRECTION('',(1.,0.,0.));
#4688 = PCURVE('',#2652,#4689);
#4689 = DEFINITIONAL_REPRESENTATION('',(#4690),#4693);
#4690 = B_SPLINE_CURVE_WITH_KNOTS('',1,(#4691,#4692),.UNSPECIFIED.,.F.,
  .F.,(2,2),(21.75,418.75),.PIECEWISE_BEZIER_KNOTS.);
#4691 = CARTESIAN_POINT('',(1.1335E+03,43.5));
#4692 = CARTESIAN_POINT('',(1.1335E+03,440.5));
#4693 = ( GEOMETRIC_REPRESENTATION_CONTEXT(2) 
PARAMETRIC_REPRESENTATION_CONTEXT() REPRESENTATION_CONTEXT('2D SPACE',''
  ) );
#4694 = PCURVE('',#4695,#4700);
#4695 = PLANE('',#4696);
#4696 = AXIS2_PLACEMENT_3D('',#4697,#4698,#4699);
#4697 = CARTESIAN_POINT('',(-198.5,-102.,333.));
#4698 = DIRECTION('',(0.,0.,1.));
#4699 = DIRECTION('',(1.,0.,0.));
#4700 = DEFINITIONAL_REPRESENTATION('',(#4701),#4704);
#4701 = B_SPLINE_CURVE_WITH_KNOTS('',1,(#4702,#4703),.UNSPECIFIED.,.F.,
  .F.,(2,2),(21.75,418.75),.PIECEWISE_BEZIER_KNOTS.);
#4702 = CARTESIAN_POINT('',(0.,2.));
#4703 = CARTESIAN_POINT('',(397.,2.));
#4704 = ( GEOMETRIC_REPRESENTATION_CONTEXT(2) 
PARAMETRIC_REPRESENTATION_CONTEXT() REPRESENTATION_CONTEXT('2D SPACE',''
  ) );
#4705 = ORIENTED_EDGE('',*,*,#4706,.F.);
#4706 = EDGE_CURVE('',#4629,#4681,#4707,.T.);
#4707 = SURFACE_CURVE('',#4708,(#4712,#4718),.PCURVE_S1.);
#4708 = LINE('',#4709,#4710);
#4709 = CARTESIAN_POINT('',(198.5,-100.,-233.75));
#4710 = VECTOR('',#4711,1.);
#4711 = DIRECTION('',(0.,0.,-1.));
#4712 = PCURVE('',#2652,#4713);
#4713 = DEFINITIONAL_REPRESENTATION('',(#4714),#4717);
#4714 = B_SPLINE_CURVE_WITH_KNOTS('',1,(#4715,#4716),.UNSPECIFIED.,.F.,
  .F.,(2,2),(-571.75,-566.75),.PIECEWISE_BEZIER_KNOTS.);
#4715 = CARTESIAN_POINT('',(1.1385E+03,440.5));
#4716 = CARTESIAN_POINT('',(1.1335E+03,440.5));
#4717 = ( GEOMETRIC_REPRESENTATION_CONTEXT(2) 
PARAMETRIC_REPRESENTATION_CONTEXT() REPRESENTATION_CONTEXT('2D SPACE',''
  ) );
#4718 = PCURVE('',#4719,#4724);
#4719 = PLANE('',#4720);
#4720 = AXIS2_PLACEMENT_3D('',#4721,#4722,#4723);
#4721 = CARTESIAN_POINT('',(198.5,-102.,333.));
#4722 = DIRECTION('',(1.,0.,0.));
#4723 = DIRECTION('',(0.,0.,1.));
#4724 = DEFINITIONAL_REPRESENTATION('',(#4725),#4728);
#4725 = B_SPLINE_CURVE_WITH_KNOTS('',1,(#4726,#4727),.UNSPECIFIED.,.F.,
  .F.,(2,2),(-571.75,-566.75),.PIECEWISE_BEZIER_KNOTS.);
#4726 = CARTESIAN_POINT('',(5.,-2.));
#4727 = CARTESIAN_POINT('',(0.,-2.));
#4728 = ( GEOMETRIC_REPRESENTATION_CONTEXT(2) 
PARAMETRIC_REPRESENTATION_CONTEXT() REPRESENTATION_CONTEXT('2D SPACE',''
  ) );
#4729 = FACE_BOUND('',#4730,.F.);
#4730 = EDGE_LOOP('',(#4731,#4759,#4785,#4811));
#4731 = ORIENTED_EDGE('',*,*,#4732,.F.);
#4732 = EDGE_CURVE('',#4733,#4735,#4737,.T.);
#4733 = VERTEX_POINT('',#4734);
#4734 = CARTESIAN_POINT('',(-198.5,-100.,399.5));
#4735 = VERTEX_POINT('',#4736);
#4736 = CARTESIAN_POINT('',(198.5,-100.,399.5));
#4737 = SURFACE_CURVE('',#4738,(#4742,#4748),.PCURVE_S1.);
#4738 = LINE('',#4739,#4740);
#4739 = CARTESIAN_POINT('',(-220.25,-100.,399.5));
#4740 = VECTOR('',#4741,1.);
#4741 = DIRECTION('',(1.,0.,0.));
#4742 = PCURVE('',#2652,#4743);
#4743 = DEFINITIONAL_REPRESENTATION('',(#4744),#4747);
#4744 = B_SPLINE_CURVE_WITH_KNOTS('',1,(#4745,#4746),.UNSPECIFIED.,.F.,
  .F.,(2,2),(21.75,418.75),.PIECEWISE_BEZIER_KNOTS.);
#4745 = CARTESIAN_POINT('',(1.2E+03,43.5));
#4746 = CARTESIAN_POINT('',(1.2E+03,440.5));
#4747 = ( GEOMETRIC_REPRESENTATION_CONTEXT(2) 
PARAMETRIC_REPRESENTATION_CONTEXT() REPRESENTATION_CONTEXT('2D SPACE',''
  ) );
#4748 = PCURVE('',#4749,#4754);
#4749 = PLANE('',#4750);
#4750 = AXIS2_PLACEMENT_3D('',#4751,#4752,#4753);
#4751 = CARTESIAN_POINT('',(-198.5,-102.,399.5));
#4752 = DIRECTION('',(0.,0.,1.));
#4753 = DIRECTION('',(1.,0.,0.));
#4754 = DEFINITIONAL_REPRESENTATION('',(#4755),#4758);
#4755 = B_SPLINE_CURVE_WITH_KNOTS('',1,(#4756,#4757),.UNSPECIFIED.,.F.,
  .F.,(2,2),(21.75,418.75),.PIECEWISE_BEZIER_KNOTS.);
#4756 = CARTESIAN_POINT('',(0.,2.));
#4757 = CARTESIAN_POINT('',(397.,2.));
#4758 = ( GEOMETRIC_REPRESENTATION_CONTEXT(2) 
PARAMETRIC_REPRESENTATION_CONTEXT() REPRESENTATION_CONTEXT('2D SPACE',''
  ) );
#4759 = ORIENTED_EDGE('',*,*,#4760,.T.);
#4760 = EDGE_CURVE('',#4733,#4761,#4763,.T.);
#4761 = VERTEX_POINT('',#4762);
#4762 = CARTESIAN_POINT('',(-198.5,-100.,394.5));
#4763 = SURFACE_CURVE('',#4764,(#4768,#4774),.PCURVE_S1.);
#4764 = LINE('',#4765,#4766);
#4765 = CARTESIAN_POINT('',(-198.5,-100.,-203.));
#4766 = VECTOR('',#4767,1.);
#4767 = DIRECTION('',(0.,0.,-1.));
#4768 = PCURVE('',#2652,#4769);
#4769 = DEFINITIONAL_REPRESENTATION('',(#4770),#4773);
#4770 = B_SPLINE_CURVE_WITH_KNOTS('',1,(#4771,#4772),.UNSPECIFIED.,.F.,
  .F.,(2,2),(-602.5,-597.5),.PIECEWISE_BEZIER_KNOTS.);
#4771 = CARTESIAN_POINT('',(1.2E+03,43.5));
#4772 = CARTESIAN_POINT('',(1.195E+03,43.5));
#4773 = ( GEOMETRIC_REPRESENTATION_CONTEXT(2) 
PARAMETRIC_REPRESENTATION_CONTEXT() REPRESENTATION_CONTEXT('2D SPACE',''
  ) );
#4774 = PCURVE('',#4775,#4780);
#4775 = PLANE('',#4776);
#4776 = AXIS2_PLACEMENT_3D('',#4777,#4778,#4779);
#4777 = CARTESIAN_POINT('',(-198.5,-102.,394.5));
#4778 = DIRECTION('',(1.,0.,0.));
#4779 = DIRECTION('',(0.,0.,1.));
#4780 = DEFINITIONAL_REPRESENTATION('',(#4781),#4784);
#4781 = B_SPLINE_CURVE_WITH_KNOTS('',1,(#4782,#4783),.UNSPECIFIED.,.F.,
  .F.,(2,2),(-602.5,-597.5),.PIECEWISE_BEZIER_KNOTS.);
#4782 = CARTESIAN_POINT('',(5.,-2.));
#4783 = CARTESIAN_POINT('',(0.,-2.));
#4784 = ( GEOMETRIC_REPRESENTATION_CONTEXT(2) 
PARAMETRIC_REPRESENTATION_CONTEXT() REPRESENTATION_CONTEXT('2D SPACE',''
  ) );
#4785 = ORIENTED_EDGE('',*,*,#4786,.T.);
#4786 = EDGE_CURVE('',#4761,#4787,#4789,.T.);
#4787 = VERTEX_POINT('',#4788);
#4788 = CARTESIAN_POINT('',(198.5,-100.,394.5));
#4789 = SURFACE_CURVE('',#4790,(#4794,#4800),.PCURVE_S1.);
#4790 = LINE('',#4791,#4792);
#4791 = CARTESIAN_POINT('',(-220.25,-100.,394.5));
#4792 = VECTOR('',#4793,1.);
#4793 = DIRECTION('',(1.,0.,0.));
#4794 = PCURVE('',#2652,#4795);
#4795 = DEFINITIONAL_REPRESENTATION('',(#4796),#4799);
#4796 = B_SPLINE_CURVE_WITH_KNOTS('',1,(#4797,#4798),.UNSPECIFIED.,.F.,
  .F.,(2,2),(21.75,418.75),.PIECEWISE_BEZIER_KNOTS.);
#4797 = CARTESIAN_POINT('',(1.195E+03,43.5));
#4798 = CARTESIAN_POINT('',(1.195E+03,440.5));
#4799 = ( GEOMETRIC_REPRESENTATION_CONTEXT(2) 
PARAMETRIC_REPRESENTATION_CONTEXT() REPRESENTATION_CONTEXT('2D SPACE',''
  ) );
#4800 = PCURVE('',#4801,#4806);
#4801 = PLANE('',#4802);
#4802 = AXIS2_PLACEMENT_3D('',#4803,#4804,#4805);
#4803 = CARTESIAN_POINT('',(-198.5,-102.,394.5));
#4804 = DIRECTION('',(0.,0.,1.));
#4805 = DIRECTION('',(1.,0.,0.));
#4806 = DEFINITIONAL_REPRESENTATION('',(#4807),#4810);
#4807 = B_SPLINE_CURVE_WITH_KNOTS('',1,(#4808,#4809),.UNSPECIFIED.,.F.,
  .F.,(2,2),(21.75,418.75),.PIECEWISE_BEZIER_KNOTS.);
#4808 = CARTESIAN_POINT('',(0.,2.));
#4809 = CARTESIAN_POINT('',(397.,2.));
#4810 = ( GEOMETRIC_REPRESENTATION_CONTEXT(2) 
PARAMETRIC_REPRESENTATION_CONTEXT() REPRESENTATION_CONTEXT('2D SPACE',''
  ) );
#4811 = ORIENTED_EDGE('',*,*,#4812,.F.);
#4812 = EDGE_CURVE('',#4735,#4787,#4813,.T.);
#4813 = SURFACE_CURVE('',#4814,(#4818,#4824),.PCURVE_S1.);
#4814 = LINE('',#4815,#4816);
#4815 = CARTESIAN_POINT('',(198.5,-100.,-203.));
#4816 = VECTOR('',#4817,1.);
#4817 = DIRECTION('',(0.,0.,-1.));
#4818 = PCURVE('',#2652,#4819);
#4819 = DEFINITIONAL_REPRESENTATION('',(#4820),#4823);
#4820 = B_SPLINE_CURVE_WITH_KNOTS('',1,(#4821,#4822),.UNSPECIFIED.,.F.,
  .F.,(2,2),(-602.5,-597.5),.PIECEWISE_BEZIER_KNOTS.);
#4821 = CARTESIAN_POINT('',(1.2E+03,440.5));
#4822 = CARTESIAN_POINT('',(1.195E+03,440.5));
#4823 = ( GEOMETRIC_REPRESENTATION_CONTEXT(2) 
PARAMETRIC_REPRESENTATION_CONTEXT() REPRESENTATION_CONTEXT('2D SPACE',''
  ) );
#4824 = PCURVE('',#4825,#4830);
#4825 = PLANE('',#4826);
#4826 = AXIS2_PLACEMENT_3D('',#4827,#4828,#4829);
#4827 = CARTESIAN_POINT('',(198.5,-102.,394.5));
#4828 = DIRECTION('',(1.,0.,0.));
#4829 = DIRECTION('',(0.,0.,1.));
#4830 = DEFINITIONAL_REPRESENTATION('',(#4831),#4834);
#4831 = B_SPLINE_CURVE_WITH_KNOTS('',1,(#4832,#4833),.UNSPECIFIED.,.F.,
  .F.,(2,2),(-602.5,-597.5),.PIECEWISE_BEZIER_KNOTS.);
#4832 = CARTESIAN_POINT('',(5.,-2.));
#4833 = CARTESIAN_POINT('',(0.,-2.));
#4834 = ( GEOMETRIC_REPRESENTATION_CONTEXT(2) 
PARAMETRIC_REPRESENTATION_CONTEXT() REPRESENTATION_CONTEXT('2D SPACE',''
  ) );
#4835 = ADVANCED_FACE('',(#4836),#2734,.T.);
#4836 = FACE_BOUND('',#4837,.T.);
#4837 = EDGE_LOOP('',(#4838,#4839,#4840,#4863));
#4838 = ORIENTED_EDGE('',*,*,#2720,.F.);
#4839 = ORIENTED_EDGE('',*,*,#2773,.T.);
#4840 = ORIENTED_EDGE('',*,*,#4841,.T.);
#4841 = EDGE_CURVE('',#2774,#4842,#4844,.T.);
#4842 = VERTEX_POINT('',#4843);
#4843 = CARTESIAN_POINT('',(242.,-98.,452.5));
#4844 = SURFACE_CURVE('',#4845,(#4849,#4856),.PCURVE_S1.);
#4845 = LINE('',#4846,#4847);
#4846 = CARTESIAN_POINT('',(242.,-100.,452.5));
#4847 = VECTOR('',#4848,1.);
#4848 = DIRECTION('',(0.,1.,0.));
#4849 = PCURVE('',#2734,#4850);
#4850 = DEFINITIONAL_REPRESENTATION('',(#4851),#4855);
#4851 = LINE('',#4852,#4853);
#4852 = CARTESIAN_POINT('',(484.,0.));
#4853 = VECTOR('',#4854,1.);
#4854 = DIRECTION('',(0.,1.));
#4855 = ( GEOMETRIC_REPRESENTATION_CONTEXT(2) 
PARAMETRIC_REPRESENTATION_CONTEXT() REPRESENTATION_CONTEXT('2D SPACE',''
  ) );
#4856 = PCURVE('',#2810,#4857);
#4857 = DEFINITIONAL_REPRESENTATION('',(#4858),#4862);
#4858 = LINE('',#4859,#4860);
#4859 = CARTESIAN_POINT('',(1.253E+03,0.));
#4860 = VECTOR('',#4861,1.);
#4861 = DIRECTION('',(0.,-1.));
#4862 = ( GEOMETRIC_REPRESENTATION_CONTEXT(2) 
PARAMETRIC_REPRESENTATION_CONTEXT() REPRESENTATION_CONTEXT('2D SPACE',''
  ) );
#4863 = ORIENTED_EDGE('',*,*,#4864,.F.);
#4864 = EDGE_CURVE('',#2693,#4842,#4865,.T.);
#4865 = SURFACE_CURVE('',#4866,(#4870,#4877),.PCURVE_S1.);
#4866 = LINE('',#4867,#4868);
#4867 = CARTESIAN_POINT('',(-242.,-98.,452.5));
#4868 = VECTOR('',#4869,1.);
#4869 = DIRECTION('',(1.,0.,0.));
#4870 = PCURVE('',#2734,#4871);
#4871 = DEFINITIONAL_REPRESENTATION('',(#4872),#4876);
#4872 = LINE('',#4873,#4874);
#4873 = CARTESIAN_POINT('',(0.,2.));
#4874 = VECTOR('',#4875,1.);
#4875 = DIRECTION('',(1.,0.));
#4876 = ( GEOMETRIC_REPRESENTATION_CONTEXT(2) 
PARAMETRIC_REPRESENTATION_CONTEXT() REPRESENTATION_CONTEXT('2D SPACE',''
  ) );
#4877 = PCURVE('',#2708,#4878);
#4878 = DEFINITIONAL_REPRESENTATION('',(#4879),#4883);
#4879 = LINE('',#4880,#4881);
#4880 = CARTESIAN_POINT('',(1.253E+03,0.));
#4881 = VECTOR('',#4882,1.);
#4882 = DIRECTION('',(0.,1.));
#4883 = ( GEOMETRIC_REPRESENTATION_CONTEXT(2) 
PARAMETRIC_REPRESENTATION_CONTEXT() REPRESENTATION_CONTEXT('2D SPACE',''
  ) );
#4884 = ADVANCED_FACE('',(#4885,#4933,#5019,#5105,#5191,#5277,#5363,
    #5449,#5535,#5621,#5707,#5793,#5879,#5965,#6051,#6137,#6223,#6309,
    #6395,#6481),#2708,.T.);
#4885 = FACE_BOUND('',#4886,.T.);
#4886 = EDGE_LOOP('',(#4887,#4910,#4911,#4912));
#4887 = ORIENTED_EDGE('',*,*,#4888,.F.);
#4888 = EDGE_CURVE('',#2665,#4889,#4891,.T.);
#4889 = VERTEX_POINT('',#4890);
#4890 = CARTESIAN_POINT('',(242.,-98.,-800.5));
#4891 = SURFACE_CURVE('',#4892,(#4896,#4903),.PCURVE_S1.);
#4892 = LINE('',#4893,#4894);
#4893 = CARTESIAN_POINT('',(-242.,-98.,-800.5));
#4894 = VECTOR('',#4895,1.);
#4895 = DIRECTION('',(1.,0.,0.));
#4896 = PCURVE('',#2708,#4897);
#4897 = DEFINITIONAL_REPRESENTATION('',(#4898),#4902);
#4898 = LINE('',#4899,#4900);
#4899 = CARTESIAN_POINT('',(0.,0.));
#4900 = VECTOR('',#4901,1.);
#4901 = DIRECTION('',(0.,1.));
#4902 = ( GEOMETRIC_REPRESENTATION_CONTEXT(2) 
PARAMETRIC_REPRESENTATION_CONTEXT() REPRESENTATION_CONTEXT('2D SPACE',''
  ) );
#4903 = PCURVE('',#2680,#4904);
#4904 = DEFINITIONAL_REPRESENTATION('',(#4905),#4909);
#4905 = LINE('',#4906,#4907);
#4906 = CARTESIAN_POINT('',(0.,2.));
#4907 = VECTOR('',#4908,1.);
#4908 = DIRECTION('',(1.,0.));
#4909 = ( GEOMETRIC_REPRESENTATION_CONTEXT(2) 
PARAMETRIC_REPRESENTATION_CONTEXT() REPRESENTATION_CONTEXT('2D SPACE',''
  ) );
#4910 = ORIENTED_EDGE('',*,*,#2692,.T.);
#4911 = ORIENTED_EDGE('',*,*,#4864,.T.);
#4912 = ORIENTED_EDGE('',*,*,#4913,.F.);
#4913 = EDGE_CURVE('',#4889,#4842,#4914,.T.);
#4914 = SURFACE_CURVE('',#4915,(#4919,#4926),.PCURVE_S1.);
#4915 = LINE('',#4916,#4917);
#4916 = CARTESIAN_POINT('',(242.,-98.,-800.5));
#4917 = VECTOR('',#4918,1.);
#4918 = DIRECTION('',(0.,0.,1.));
#4919 = PCURVE('',#2708,#4920);
#4920 = DEFINITIONAL_REPRESENTATION('',(#4921),#4925);
#4921 = LINE('',#4922,#4923);
#4922 = CARTESIAN_POINT('',(0.,484.));
#4923 = VECTOR('',#4924,1.);
#4924 = DIRECTION('',(1.,0.));
#4925 = ( GEOMETRIC_REPRESENTATION_CONTEXT(2) 
PARAMETRIC_REPRESENTATION_CONTEXT() REPRESENTATION_CONTEXT('2D SPACE',''
  ) );
#4926 = PCURVE('',#2810,#4927);
#4927 = DEFINITIONAL_REPRESENTATION('',(#4928),#4932);
#4928 = LINE('',#4929,#4930);
#4929 = CARTESIAN_POINT('',(0.,-2.));
#4930 = VECTOR('',#4931,1.);
#4931 = DIRECTION('',(1.,0.));
#4932 = ( GEOMETRIC_REPRESENTATION_CONTEXT(2) 
PARAMETRIC_REPRESENTATION_CONTEXT() REPRESENTATION_CONTEXT('2D SPACE',''
  ) );
#4933 = FACE_BOUND('',#4934,.T.);
#4934 = EDGE_LOOP('',(#4935,#4958,#4979,#5000));
#4935 = ORIENTED_EDGE('',*,*,#4936,.F.);
#4936 = EDGE_CURVE('',#4937,#4939,#4941,.T.);
#4937 = VERTEX_POINT('',#4938);
#4938 = CARTESIAN_POINT('',(-198.5,-98.,-707.5));
#4939 = VERTEX_POINT('',#4940);
#4940 = CARTESIAN_POINT('',(198.5,-98.,-707.5));
#4941 = SURFACE_CURVE('',#4942,(#4946,#4952),.PCURVE_S1.);
#4942 = LINE('',#4943,#4944);
#4943 = CARTESIAN_POINT('',(-220.25,-98.,-707.5));
#4944 = VECTOR('',#4945,1.);
#4945 = DIRECTION('',(1.,0.,0.));
#4946 = PCURVE('',#2708,#4947);
#4947 = DEFINITIONAL_REPRESENTATION('',(#4948),#4951);
#4948 = B_SPLINE_CURVE_WITH_KNOTS('',1,(#4949,#4950),.UNSPECIFIED.,.F.,
  .F.,(2,2),(21.75,418.75),.PIECEWISE_BEZIER_KNOTS.);
#4949 = CARTESIAN_POINT('',(93.,43.5));
#4950 = CARTESIAN_POINT('',(93.,440.5));
#4951 = ( GEOMETRIC_REPRESENTATION_CONTEXT(2) 
PARAMETRIC_REPRESENTATION_CONTEXT() REPRESENTATION_CONTEXT('2D SPACE',''
  ) );
#4952 = PCURVE('',#2841,#4953);
#4953 = DEFINITIONAL_REPRESENTATION('',(#4954),#4957);
#4954 = B_SPLINE_CURVE_WITH_KNOTS('',1,(#4955,#4956),.UNSPECIFIED.,.F.,
  .F.,(2,2),(21.75,418.75),.PIECEWISE_BEZIER_KNOTS.);
#4955 = CARTESIAN_POINT('',(0.,4.));
#4956 = CARTESIAN_POINT('',(397.,4.));
#4957 = ( GEOMETRIC_REPRESENTATION_CONTEXT(2) 
PARAMETRIC_REPRESENTATION_CONTEXT() REPRESENTATION_CONTEXT('2D SPACE',''
  ) );
#4958 = ORIENTED_EDGE('',*,*,#4959,.T.);
#4959 = EDGE_CURVE('',#4937,#4960,#4962,.T.);
#4960 = VERTEX_POINT('',#4961);
#4961 = CARTESIAN_POINT('',(-198.5,-98.,-712.5));
#4962 = SURFACE_CURVE('',#4963,(#4967,#4973),.PCURVE_S1.);
#4963 = LINE('',#4964,#4965);
#4964 = CARTESIAN_POINT('',(-198.5,-98.,-756.5));
#4965 = VECTOR('',#4966,1.);
#4966 = DIRECTION('',(0.,0.,-1.));
#4967 = PCURVE('',#2708,#4968);
#4968 = DEFINITIONAL_REPRESENTATION('',(#4969),#4972);
#4969 = B_SPLINE_CURVE_WITH_KNOTS('',1,(#4970,#4971),.UNSPECIFIED.,.F.,
  .F.,(2,2),(-49.,-44.),.PIECEWISE_BEZIER_KNOTS.);
#4970 = CARTESIAN_POINT('',(93.,43.5));
#4971 = CARTESIAN_POINT('',(88.,43.5));
#4972 = ( GEOMETRIC_REPRESENTATION_CONTEXT(2) 
PARAMETRIC_REPRESENTATION_CONTEXT() REPRESENTATION_CONTEXT('2D SPACE',''
  ) );
#4973 = PCURVE('',#2867,#4974);
#4974 = DEFINITIONAL_REPRESENTATION('',(#4975),#4978);
#4975 = B_SPLINE_CURVE_WITH_KNOTS('',1,(#4976,#4977),.UNSPECIFIED.,.F.,
  .F.,(2,2),(-49.,-44.),.PIECEWISE_BEZIER_KNOTS.);
#4976 = CARTESIAN_POINT('',(5.,-4.));
#4977 = CARTESIAN_POINT('',(0.,-4.));
#4978 = ( GEOMETRIC_REPRESENTATION_CONTEXT(2) 
PARAMETRIC_REPRESENTATION_CONTEXT() REPRESENTATION_CONTEXT('2D SPACE',''
  ) );
#4979 = ORIENTED_EDGE('',*,*,#4980,.T.);
#4980 = EDGE_CURVE('',#4960,#4981,#4983,.T.);
#4981 = VERTEX_POINT('',#4982);
#4982 = CARTESIAN_POINT('',(198.5,-98.,-712.5));
#4983 = SURFACE_CURVE('',#4984,(#4988,#4994),.PCURVE_S1.);
#4984 = LINE('',#4985,#4986);
#4985 = CARTESIAN_POINT('',(-220.25,-98.,-712.5));
#4986 = VECTOR('',#4987,1.);
#4987 = DIRECTION('',(1.,0.,0.));
#4988 = PCURVE('',#2708,#4989);
#4989 = DEFINITIONAL_REPRESENTATION('',(#4990),#4993);
#4990 = B_SPLINE_CURVE_WITH_KNOTS('',1,(#4991,#4992),.UNSPECIFIED.,.F.,
  .F.,(2,2),(21.75,418.75),.PIECEWISE_BEZIER_KNOTS.);
#4991 = CARTESIAN_POINT('',(88.,43.5));
#4992 = CARTESIAN_POINT('',(88.,440.5));
#4993 = ( GEOMETRIC_REPRESENTATION_CONTEXT(2) 
PARAMETRIC_REPRESENTATION_CONTEXT() REPRESENTATION_CONTEXT('2D SPACE',''
  ) );
#4994 = PCURVE('',#2893,#4995);
#4995 = DEFINITIONAL_REPRESENTATION('',(#4996),#4999);
#4996 = B_SPLINE_CURVE_WITH_KNOTS('',1,(#4997,#4998),.UNSPECIFIED.,.F.,
  .F.,(2,2),(21.75,418.75),.PIECEWISE_BEZIER_KNOTS.);
#4997 = CARTESIAN_POINT('',(0.,4.));
#4998 = CARTESIAN_POINT('',(397.,4.));
#4999 = ( GEOMETRIC_REPRESENTATION_CONTEXT(2) 
PARAMETRIC_REPRESENTATION_CONTEXT() REPRESENTATION_CONTEXT('2D SPACE',''
  ) );
#5000 = ORIENTED_EDGE('',*,*,#5001,.F.);
#5001 = EDGE_CURVE('',#4939,#4981,#5002,.T.);
#5002 = SURFACE_CURVE('',#5003,(#5007,#5013),.PCURVE_S1.);
#5003 = LINE('',#5004,#5005);
#5004 = CARTESIAN_POINT('',(198.5,-98.,-756.5));
#5005 = VECTOR('',#5006,1.);
#5006 = DIRECTION('',(0.,0.,-1.));
#5007 = PCURVE('',#2708,#5008);
#5008 = DEFINITIONAL_REPRESENTATION('',(#5009),#5012);
#5009 = B_SPLINE_CURVE_WITH_KNOTS('',1,(#5010,#5011),.UNSPECIFIED.,.F.,
  .F.,(2,2),(-49.,-44.),.PIECEWISE_BEZIER_KNOTS.);
#5010 = CARTESIAN_POINT('',(93.,440.5));
#5011 = CARTESIAN_POINT('',(88.,440.5));
#5012 = ( GEOMETRIC_REPRESENTATION_CONTEXT(2) 
PARAMETRIC_REPRESENTATION_CONTEXT() REPRESENTATION_CONTEXT('2D SPACE',''
  ) );
#5013 = PCURVE('',#2917,#5014);
#5014 = DEFINITIONAL_REPRESENTATION('',(#5015),#5018);
#5015 = B_SPLINE_CURVE_WITH_KNOTS('',1,(#5016,#5017),.UNSPECIFIED.,.F.,
  .F.,(2,2),(-49.,-44.),.PIECEWISE_BEZIER_KNOTS.);
#5016 = CARTESIAN_POINT('',(5.,-4.));
#5017 = CARTESIAN_POINT('',(0.,-4.));
#5018 = ( GEOMETRIC_REPRESENTATION_CONTEXT(2) 
PARAMETRIC_REPRESENTATION_CONTEXT() REPRESENTATION_CONTEXT('2D SPACE',''
  ) );
#5019 = FACE_BOUND('',#5020,.T.);
#5020 = EDGE_LOOP('',(#5021,#5044,#5065,#5086));
#5021 = ORIENTED_EDGE('',*,*,#5022,.F.);
#5022 = EDGE_CURVE('',#5023,#5025,#5027,.T.);
#5023 = VERTEX_POINT('',#5024);
#5024 = CARTESIAN_POINT('',(-198.5,-98.,-646.));
#5025 = VERTEX_POINT('',#5026);
#5026 = CARTESIAN_POINT('',(198.5,-98.,-646.));
#5027 = SURFACE_CURVE('',#5028,(#5032,#5038),.PCURVE_S1.);
#5028 = LINE('',#5029,#5030);
#5029 = CARTESIAN_POINT('',(-220.25,-98.,-646.));
#5030 = VECTOR('',#5031,1.);
#5031 = DIRECTION('',(1.,0.,0.));
#5032 = PCURVE('',#2708,#5033);
#5033 = DEFINITIONAL_REPRESENTATION('',(#5034),#5037);
#5034 = B_SPLINE_CURVE_WITH_KNOTS('',1,(#5035,#5036),.UNSPECIFIED.,.F.,
  .F.,(2,2),(21.75,418.75),.PIECEWISE_BEZIER_KNOTS.);
#5035 = CARTESIAN_POINT('',(154.5,43.5));
#5036 = CARTESIAN_POINT('',(154.5,440.5));
#5037 = ( GEOMETRIC_REPRESENTATION_CONTEXT(2) 
PARAMETRIC_REPRESENTATION_CONTEXT() REPRESENTATION_CONTEXT('2D SPACE',''
  ) );
#5038 = PCURVE('',#2947,#5039);
#5039 = DEFINITIONAL_REPRESENTATION('',(#5040),#5043);
#5040 = B_SPLINE_CURVE_WITH_KNOTS('',1,(#5041,#5042),.UNSPECIFIED.,.F.,
  .F.,(2,2),(21.75,418.75),.PIECEWISE_BEZIER_KNOTS.);
#5041 = CARTESIAN_POINT('',(0.,4.));
#5042 = CARTESIAN_POINT('',(397.,4.));
#5043 = ( GEOMETRIC_REPRESENTATION_CONTEXT(2) 
PARAMETRIC_REPRESENTATION_CONTEXT() REPRESENTATION_CONTEXT('2D SPACE',''
  ) );
#5044 = ORIENTED_EDGE('',*,*,#5045,.T.);
#5045 = EDGE_CURVE('',#5023,#5046,#5048,.T.);
#5046 = VERTEX_POINT('',#5047);
#5047 = CARTESIAN_POINT('',(-198.5,-98.,-651.));
#5048 = SURFACE_CURVE('',#5049,(#5053,#5059),.PCURVE_S1.);
#5049 = LINE('',#5050,#5051);
#5050 = CARTESIAN_POINT('',(-198.5,-98.,-725.75));
#5051 = VECTOR('',#5052,1.);
#5052 = DIRECTION('',(0.,0.,-1.));
#5053 = PCURVE('',#2708,#5054);
#5054 = DEFINITIONAL_REPRESENTATION('',(#5055),#5058);
#5055 = B_SPLINE_CURVE_WITH_KNOTS('',1,(#5056,#5057),.UNSPECIFIED.,.F.,
  .F.,(2,2),(-79.75,-74.75),.PIECEWISE_BEZIER_KNOTS.);
#5056 = CARTESIAN_POINT('',(154.5,43.5));
#5057 = CARTESIAN_POINT('',(149.5,43.5));
#5058 = ( GEOMETRIC_REPRESENTATION_CONTEXT(2) 
PARAMETRIC_REPRESENTATION_CONTEXT() REPRESENTATION_CONTEXT('2D SPACE',''
  ) );
#5059 = PCURVE('',#2973,#5060);
#5060 = DEFINITIONAL_REPRESENTATION('',(#5061),#5064);
#5061 = B_SPLINE_CURVE_WITH_KNOTS('',1,(#5062,#5063),.UNSPECIFIED.,.F.,
  .F.,(2,2),(-79.75,-74.75),.PIECEWISE_BEZIER_KNOTS.);
#5062 = CARTESIAN_POINT('',(5.,-4.));
#5063 = CARTESIAN_POINT('',(0.,-4.));
#5064 = ( GEOMETRIC_REPRESENTATION_CONTEXT(2) 
PARAMETRIC_REPRESENTATION_CONTEXT() REPRESENTATION_CONTEXT('2D SPACE',''
  ) );
#5065 = ORIENTED_EDGE('',*,*,#5066,.T.);
#5066 = EDGE_CURVE('',#5046,#5067,#5069,.T.);
#5067 = VERTEX_POINT('',#5068);
#5068 = CARTESIAN_POINT('',(198.5,-98.,-651.));
#5069 = SURFACE_CURVE('',#5070,(#5074,#5080),.PCURVE_S1.);
#5070 = LINE('',#5071,#5072);
#5071 = CARTESIAN_POINT('',(-220.25,-98.,-651.));
#5072 = VECTOR('',#5073,1.);
#5073 = DIRECTION('',(1.,0.,0.));
#5074 = PCURVE('',#2708,#5075);
#5075 = DEFINITIONAL_REPRESENTATION('',(#5076),#5079);
#5076 = B_SPLINE_CURVE_WITH_KNOTS('',1,(#5077,#5078),.UNSPECIFIED.,.F.,
  .F.,(2,2),(21.75,418.75),.PIECEWISE_BEZIER_KNOTS.);
#5077 = CARTESIAN_POINT('',(149.5,43.5));
#5078 = CARTESIAN_POINT('',(149.5,440.5));
#5079 = ( GEOMETRIC_REPRESENTATION_CONTEXT(2) 
PARAMETRIC_REPRESENTATION_CONTEXT() REPRESENTATION_CONTEXT('2D SPACE',''
  ) );
#5080 = PCURVE('',#2999,#5081);
#5081 = DEFINITIONAL_REPRESENTATION('',(#5082),#5085);
#5082 = B_SPLINE_CURVE_WITH_KNOTS('',1,(#5083,#5084),.UNSPECIFIED.,.F.,
  .F.,(2,2),(21.75,418.75),.PIECEWISE_BEZIER_KNOTS.);
#5083 = CARTESIAN_POINT('',(0.,4.));
#5084 = CARTESIAN_POINT('',(397.,4.));
#5085 = ( GEOMETRIC_REPRESENTATION_CONTEXT(2) 
PARAMETRIC_REPRESENTATION_CONTEXT() REPRESENTATION_CONTEXT('2D SPACE',''
  ) );
#5086 = ORIENTED_EDGE('',*,*,#5087,.F.);
#5087 = EDGE_CURVE('',#5025,#5067,#5088,.T.);
#5088 = SURFACE_CURVE('',#5089,(#5093,#5099),.PCURVE_S1.);
#5089 = LINE('',#5090,#5091);
#5090 = CARTESIAN_POINT('',(198.5,-98.,-725.75));
#5091 = VECTOR('',#5092,1.);
#5092 = DIRECTION('',(0.,0.,-1.));
#5093 = PCURVE('',#2708,#5094);
#5094 = DEFINITIONAL_REPRESENTATION('',(#5095),#5098);
#5095 = B_SPLINE_CURVE_WITH_KNOTS('',1,(#5096,#5097),.UNSPECIFIED.,.F.,
  .F.,(2,2),(-79.75,-74.75),.PIECEWISE_BEZIER_KNOTS.);
#5096 = CARTESIAN_POINT('',(154.5,440.5));
#5097 = CARTESIAN_POINT('',(149.5,440.5));
#5098 = ( GEOMETRIC_REPRESENTATION_CONTEXT(2) 
PARAMETRIC_REPRESENTATION_CONTEXT() REPRESENTATION_CONTEXT('2D SPACE',''
  ) );
#5099 = PCURVE('',#3023,#5100);
#5100 = DEFINITIONAL_REPRESENTATION('',(#5101),#5104);
#5101 = B_SPLINE_CURVE_WITH_KNOTS('',1,(#5102,#5103),.UNSPECIFIED.,.F.,
  .F.,(2,2),(-79.75,-74.75),.PIECEWISE_BEZIER_KNOTS.);
#5102 = CARTESIAN_POINT('',(5.,-4.));
#5103 = CARTESIAN_POINT('',(0.,-4.));
#5104 = ( GEOMETRIC_REPRESENTATION_CONTEXT(2) 
PARAMETRIC_REPRESENTATION_CONTEXT() REPRESENTATION_CONTEXT('2D SPACE',''
  ) );
#5105 = FACE_BOUND('',#5106,.T.);
#5106 = EDGE_LOOP('',(#5107,#5130,#5151,#5172));
#5107 = ORIENTED_EDGE('',*,*,#5108,.F.);
#5108 = EDGE_CURVE('',#5109,#5111,#5113,.T.);
#5109 = VERTEX_POINT('',#5110);
#5110 = CARTESIAN_POINT('',(-198.5,-98.,-584.5));
#5111 = VERTEX_POINT('',#5112);
#5112 = CARTESIAN_POINT('',(198.5,-98.,-584.5));
#5113 = SURFACE_CURVE('',#5114,(#5118,#5124),.PCURVE_S1.);
#5114 = LINE('',#5115,#5116);
#5115 = CARTESIAN_POINT('',(-220.25,-98.,-584.5));
#5116 = VECTOR('',#5117,1.);
#5117 = DIRECTION('',(1.,0.,0.));
#5118 = PCURVE('',#2708,#5119);
#5119 = DEFINITIONAL_REPRESENTATION('',(#5120),#5123);
#5120 = B_SPLINE_CURVE_WITH_KNOTS('',1,(#5121,#5122),.UNSPECIFIED.,.F.,
  .F.,(2,2),(21.75,418.75),.PIECEWISE_BEZIER_KNOTS.);
#5121 = CARTESIAN_POINT('',(216.,43.5));
#5122 = CARTESIAN_POINT('',(216.,440.5));
#5123 = ( GEOMETRIC_REPRESENTATION_CONTEXT(2) 
PARAMETRIC_REPRESENTATION_CONTEXT() REPRESENTATION_CONTEXT('2D SPACE',''
  ) );
#5124 = PCURVE('',#3053,#5125);
#5125 = DEFINITIONAL_REPRESENTATION('',(#5126),#5129);
#5126 = B_SPLINE_CURVE_WITH_KNOTS('',1,(#5127,#5128),.UNSPECIFIED.,.F.,
  .F.,(2,2),(21.75,418.75),.PIECEWISE_BEZIER_KNOTS.);
#5127 = CARTESIAN_POINT('',(0.,4.));
#5128 = CARTESIAN_POINT('',(397.,4.));
#5129 = ( GEOMETRIC_REPRESENTATION_CONTEXT(2) 
PARAMETRIC_REPRESENTATION_CONTEXT() REPRESENTATION_CONTEXT('2D SPACE',''
  ) );
#5130 = ORIENTED_EDGE('',*,*,#5131,.T.);
#5131 = EDGE_CURVE('',#5109,#5132,#5134,.T.);
#5132 = VERTEX_POINT('',#5133);
#5133 = CARTESIAN_POINT('',(-198.5,-98.,-589.5));
#5134 = SURFACE_CURVE('',#5135,(#5139,#5145),.PCURVE_S1.);
#5135 = LINE('',#5136,#5137);
#5136 = CARTESIAN_POINT('',(-198.5,-98.,-695.));
#5137 = VECTOR('',#5138,1.);
#5138 = DIRECTION('',(0.,0.,-1.));
#5139 = PCURVE('',#2708,#5140);
#5140 = DEFINITIONAL_REPRESENTATION('',(#5141),#5144);
#5141 = B_SPLINE_CURVE_WITH_KNOTS('',1,(#5142,#5143),.UNSPECIFIED.,.F.,
  .F.,(2,2),(-110.5,-105.5),.PIECEWISE_BEZIER_KNOTS.);
#5142 = CARTESIAN_POINT('',(216.,43.5));
#5143 = CARTESIAN_POINT('',(211.,43.5));
#5144 = ( GEOMETRIC_REPRESENTATION_CONTEXT(2) 
PARAMETRIC_REPRESENTATION_CONTEXT() REPRESENTATION_CONTEXT('2D SPACE',''
  ) );
#5145 = PCURVE('',#3079,#5146);
#5146 = DEFINITIONAL_REPRESENTATION('',(#5147),#5150);
#5147 = B_SPLINE_CURVE_WITH_KNOTS('',1,(#5148,#5149),.UNSPECIFIED.,.F.,
  .F.,(2,2),(-110.5,-105.5),.PIECEWISE_BEZIER_KNOTS.);
#5148 = CARTESIAN_POINT('',(5.,-4.));
#5149 = CARTESIAN_POINT('',(0.,-4.));
#5150 = ( GEOMETRIC_REPRESENTATION_CONTEXT(2) 
PARAMETRIC_REPRESENTATION_CONTEXT() REPRESENTATION_CONTEXT('2D SPACE',''
  ) );
#5151 = ORIENTED_EDGE('',*,*,#5152,.T.);
#5152 = EDGE_CURVE('',#5132,#5153,#5155,.T.);
#5153 = VERTEX_POINT('',#5154);
#5154 = CARTESIAN_POINT('',(198.5,-98.,-589.5));
#5155 = SURFACE_CURVE('',#5156,(#5160,#5166),.PCURVE_S1.);
#5156 = LINE('',#5157,#5158);
#5157 = CARTESIAN_POINT('',(-220.25,-98.,-589.5));
#5158 = VECTOR('',#5159,1.);
#5159 = DIRECTION('',(1.,0.,0.));
#5160 = PCURVE('',#2708,#5161);
#5161 = DEFINITIONAL_REPRESENTATION('',(#5162),#5165);
#5162 = B_SPLINE_CURVE_WITH_KNOTS('',1,(#5163,#5164),.UNSPECIFIED.,.F.,
  .F.,(2,2),(21.75,418.75),.PIECEWISE_BEZIER_KNOTS.);
#5163 = CARTESIAN_POINT('',(211.,43.5));
#5164 = CARTESIAN_POINT('',(211.,440.5));
#5165 = ( GEOMETRIC_REPRESENTATION_CONTEXT(2) 
PARAMETRIC_REPRESENTATION_CONTEXT() REPRESENTATION_CONTEXT('2D SPACE',''
  ) );
#5166 = PCURVE('',#3105,#5167);
#5167 = DEFINITIONAL_REPRESENTATION('',(#5168),#5171);
#5168 = B_SPLINE_CURVE_WITH_KNOTS('',1,(#5169,#5170),.UNSPECIFIED.,.F.,
  .F.,(2,2),(21.75,418.75),.PIECEWISE_BEZIER_KNOTS.);
#5169 = CARTESIAN_POINT('',(0.,4.));
#5170 = CARTESIAN_POINT('',(397.,4.));
#5171 = ( GEOMETRIC_REPRESENTATION_CONTEXT(2) 
PARAMETRIC_REPRESENTATION_CONTEXT() REPRESENTATION_CONTEXT('2D SPACE',''
  ) );
#5172 = ORIENTED_EDGE('',*,*,#5173,.F.);
#5173 = EDGE_CURVE('',#5111,#5153,#5174,.T.);
#5174 = SURFACE_CURVE('',#5175,(#5179,#5185),.PCURVE_S1.);
#5175 = LINE('',#5176,#5177);
#5176 = CARTESIAN_POINT('',(198.5,-98.,-695.));
#5177 = VECTOR('',#5178,1.);
#5178 = DIRECTION('',(0.,0.,-1.));
#5179 = PCURVE('',#2708,#5180);
#5180 = DEFINITIONAL_REPRESENTATION('',(#5181),#5184);
#5181 = B_SPLINE_CURVE_WITH_KNOTS('',1,(#5182,#5183),.UNSPECIFIED.,.F.,
  .F.,(2,2),(-110.5,-105.5),.PIECEWISE_BEZIER_KNOTS.);
#5182 = CARTESIAN_POINT('',(216.,440.5));
#5183 = CARTESIAN_POINT('',(211.,440.5));
#5184 = ( GEOMETRIC_REPRESENTATION_CONTEXT(2) 
PARAMETRIC_REPRESENTATION_CONTEXT() REPRESENTATION_CONTEXT('2D SPACE',''
  ) );
#5185 = PCURVE('',#3129,#5186);
#5186 = DEFINITIONAL_REPRESENTATION('',(#5187),#5190);
#5187 = B_SPLINE_CURVE_WITH_KNOTS('',1,(#5188,#5189),.UNSPECIFIED.,.F.,
  .F.,(2,2),(-110.5,-105.5),.PIECEWISE_BEZIER_KNOTS.);
#5188 = CARTESIAN_POINT('',(5.,-4.));
#5189 = CARTESIAN_POINT('',(0.,-4.));
#5190 = ( GEOMETRIC_REPRESENTATION_CONTEXT(2) 
PARAMETRIC_REPRESENTATION_CONTEXT() REPRESENTATION_CONTEXT('2D SPACE',''
  ) );
#5191 = FACE_BOUND('',#5192,.T.);
#5192 = EDGE_LOOP('',(#5193,#5216,#5237,#5258));
#5193 = ORIENTED_EDGE('',*,*,#5194,.F.);
#5194 = EDGE_CURVE('',#5195,#5197,#5199,.T.);
#5195 = VERTEX_POINT('',#5196);
#5196 = CARTESIAN_POINT('',(-198.5,-98.,-523.));
#5197 = VERTEX_POINT('',#5198);
#5198 = CARTESIAN_POINT('',(198.5,-98.,-523.));
#5199 = SURFACE_CURVE('',#5200,(#5204,#5210),.PCURVE_S1.);
#5200 = LINE('',#5201,#5202);
#5201 = CARTESIAN_POINT('',(-220.25,-98.,-523.));
#5202 = VECTOR('',#5203,1.);
#5203 = DIRECTION('',(1.,0.,0.));
#5204 = PCURVE('',#2708,#5205);
#5205 = DEFINITIONAL_REPRESENTATION('',(#5206),#5209);
#5206 = B_SPLINE_CURVE_WITH_KNOTS('',1,(#5207,#5208),.UNSPECIFIED.,.F.,
  .F.,(2,2),(21.75,418.75),.PIECEWISE_BEZIER_KNOTS.);
#5207 = CARTESIAN_POINT('',(277.5,43.5));
#5208 = CARTESIAN_POINT('',(277.5,440.5));
#5209 = ( GEOMETRIC_REPRESENTATION_CONTEXT(2) 
PARAMETRIC_REPRESENTATION_CONTEXT() REPRESENTATION_CONTEXT('2D SPACE',''
  ) );
#5210 = PCURVE('',#3159,#5211);
#5211 = DEFINITIONAL_REPRESENTATION('',(#5212),#5215);
#5212 = B_SPLINE_CURVE_WITH_KNOTS('',1,(#5213,#5214),.UNSPECIFIED.,.F.,
  .F.,(2,2),(21.75,418.75),.PIECEWISE_BEZIER_KNOTS.);
#5213 = CARTESIAN_POINT('',(0.,4.));
#5214 = CARTESIAN_POINT('',(397.,4.));
#5215 = ( GEOMETRIC_REPRESENTATION_CONTEXT(2) 
PARAMETRIC_REPRESENTATION_CONTEXT() REPRESENTATION_CONTEXT('2D SPACE',''
  ) );
#5216 = ORIENTED_EDGE('',*,*,#5217,.T.);
#5217 = EDGE_CURVE('',#5195,#5218,#5220,.T.);
#5218 = VERTEX_POINT('',#5219);
#5219 = CARTESIAN_POINT('',(-198.5,-98.,-528.));
#5220 = SURFACE_CURVE('',#5221,(#5225,#5231),.PCURVE_S1.);
#5221 = LINE('',#5222,#5223);
#5222 = CARTESIAN_POINT('',(-198.5,-98.,-664.25));
#5223 = VECTOR('',#5224,1.);
#5224 = DIRECTION('',(0.,0.,-1.));
#5225 = PCURVE('',#2708,#5226);
#5226 = DEFINITIONAL_REPRESENTATION('',(#5227),#5230);
#5227 = B_SPLINE_CURVE_WITH_KNOTS('',1,(#5228,#5229),.UNSPECIFIED.,.F.,
  .F.,(2,2),(-141.25,-136.25),.PIECEWISE_BEZIER_KNOTS.);
#5228 = CARTESIAN_POINT('',(277.5,43.5));
#5229 = CARTESIAN_POINT('',(272.5,43.5));
#5230 = ( GEOMETRIC_REPRESENTATION_CONTEXT(2) 
PARAMETRIC_REPRESENTATION_CONTEXT() REPRESENTATION_CONTEXT('2D SPACE',''
  ) );
#5231 = PCURVE('',#3185,#5232);
#5232 = DEFINITIONAL_REPRESENTATION('',(#5233),#5236);
#5233 = B_SPLINE_CURVE_WITH_KNOTS('',1,(#5234,#5235),.UNSPECIFIED.,.F.,
  .F.,(2,2),(-141.25,-136.25),.PIECEWISE_BEZIER_KNOTS.);
#5234 = CARTESIAN_POINT('',(5.,-4.));
#5235 = CARTESIAN_POINT('',(0.,-4.));
#5236 = ( GEOMETRIC_REPRESENTATION_CONTEXT(2) 
PARAMETRIC_REPRESENTATION_CONTEXT() REPRESENTATION_CONTEXT('2D SPACE',''
  ) );
#5237 = ORIENTED_EDGE('',*,*,#5238,.T.);
#5238 = EDGE_CURVE('',#5218,#5239,#5241,.T.);
#5239 = VERTEX_POINT('',#5240);
#5240 = CARTESIAN_POINT('',(198.5,-98.,-528.));
#5241 = SURFACE_CURVE('',#5242,(#5246,#5252),.PCURVE_S1.);
#5242 = LINE('',#5243,#5244);
#5243 = CARTESIAN_POINT('',(-220.25,-98.,-528.));
#5244 = VECTOR('',#5245,1.);
#5245 = DIRECTION('',(1.,0.,0.));
#5246 = PCURVE('',#2708,#5247);
#5247 = DEFINITIONAL_REPRESENTATION('',(#5248),#5251);
#5248 = B_SPLINE_CURVE_WITH_KNOTS('',1,(#5249,#5250),.UNSPECIFIED.,.F.,
  .F.,(2,2),(21.75,418.75),.PIECEWISE_BEZIER_KNOTS.);
#5249 = CARTESIAN_POINT('',(272.5,43.5));
#5250 = CARTESIAN_POINT('',(272.5,440.5));
#5251 = ( GEOMETRIC_REPRESENTATION_CONTEXT(2) 
PARAMETRIC_REPRESENTATION_CONTEXT() REPRESENTATION_CONTEXT('2D SPACE',''
  ) );
#5252 = PCURVE('',#3211,#5253);
#5253 = DEFINITIONAL_REPRESENTATION('',(#5254),#5257);
#5254 = B_SPLINE_CURVE_WITH_KNOTS('',1,(#5255,#5256),.UNSPECIFIED.,.F.,
  .F.,(2,2),(21.75,418.75),.PIECEWISE_BEZIER_KNOTS.);
#5255 = CARTESIAN_POINT('',(0.,4.));
#5256 = CARTESIAN_POINT('',(397.,4.));
#5257 = ( GEOMETRIC_REPRESENTATION_CONTEXT(2) 
PARAMETRIC_REPRESENTATION_CONTEXT() REPRESENTATION_CONTEXT('2D SPACE',''
  ) );
#5258 = ORIENTED_EDGE('',*,*,#5259,.F.);
#5259 = EDGE_CURVE('',#5197,#5239,#5260,.T.);
#5260 = SURFACE_CURVE('',#5261,(#5265,#5271),.PCURVE_S1.);
#5261 = LINE('',#5262,#5263);
#5262 = CARTESIAN_POINT('',(198.5,-98.,-664.25));
#5263 = VECTOR('',#5264,1.);
#5264 = DIRECTION('',(0.,0.,-1.));
#5265 = PCURVE('',#2708,#5266);
#5266 = DEFINITIONAL_REPRESENTATION('',(#5267),#5270);
#5267 = B_SPLINE_CURVE_WITH_KNOTS('',1,(#5268,#5269),.UNSPECIFIED.,.F.,
  .F.,(2,2),(-141.25,-136.25),.PIECEWISE_BEZIER_KNOTS.);
#5268 = CARTESIAN_POINT('',(277.5,440.5));
#5269 = CARTESIAN_POINT('',(272.5,440.5));
#5270 = ( GEOMETRIC_REPRESENTATION_CONTEXT(2) 
PARAMETRIC_REPRESENTATION_CONTEXT() REPRESENTATION_CONTEXT('2D SPACE',''
  ) );
#5271 = PCURVE('',#3235,#5272);
#5272 = DEFINITIONAL_REPRESENTATION('',(#5273),#5276);
#5273 = B_SPLINE_CURVE_WITH_KNOTS('',1,(#5274,#5275),.UNSPECIFIED.,.F.,
  .F.,(2,2),(-141.25,-136.25),.PIECEWISE_BEZIER_KNOTS.);
#5274 = CARTESIAN_POINT('',(5.,-4.));
#5275 = CARTESIAN_POINT('',(0.,-4.));
#5276 = ( GEOMETRIC_REPRESENTATION_CONTEXT(2) 
PARAMETRIC_REPRESENTATION_CONTEXT() REPRESENTATION_CONTEXT('2D SPACE',''
  ) );
#5277 = FACE_BOUND('',#5278,.T.);
#5278 = EDGE_LOOP('',(#5279,#5302,#5323,#5344));
#5279 = ORIENTED_EDGE('',*,*,#5280,.F.);
#5280 = EDGE_CURVE('',#5281,#5283,#5285,.T.);
#5281 = VERTEX_POINT('',#5282);
#5282 = CARTESIAN_POINT('',(-198.5,-98.,-461.5));
#5283 = VERTEX_POINT('',#5284);
#5284 = CARTESIAN_POINT('',(198.5,-98.,-461.5));
#5285 = SURFACE_CURVE('',#5286,(#5290,#5296),.PCURVE_S1.);
#5286 = LINE('',#5287,#5288);
#5287 = CARTESIAN_POINT('',(-220.25,-98.,-461.5));
#5288 = VECTOR('',#5289,1.);
#5289 = DIRECTION('',(1.,0.,0.));
#5290 = PCURVE('',#2708,#5291);
#5291 = DEFINITIONAL_REPRESENTATION('',(#5292),#5295);
#5292 = B_SPLINE_CURVE_WITH_KNOTS('',1,(#5293,#5294),.UNSPECIFIED.,.F.,
  .F.,(2,2),(21.75,418.75),.PIECEWISE_BEZIER_KNOTS.);
#5293 = CARTESIAN_POINT('',(339.,43.5));
#5294 = CARTESIAN_POINT('',(339.,440.5));
#5295 = ( GEOMETRIC_REPRESENTATION_CONTEXT(2) 
PARAMETRIC_REPRESENTATION_CONTEXT() REPRESENTATION_CONTEXT('2D SPACE',''
  ) );
#5296 = PCURVE('',#3265,#5297);
#5297 = DEFINITIONAL_REPRESENTATION('',(#5298),#5301);
#5298 = B_SPLINE_CURVE_WITH_KNOTS('',1,(#5299,#5300),.UNSPECIFIED.,.F.,
  .F.,(2,2),(21.75,418.75),.PIECEWISE_BEZIER_KNOTS.);
#5299 = CARTESIAN_POINT('',(0.,4.));
#5300 = CARTESIAN_POINT('',(397.,4.));
#5301 = ( GEOMETRIC_REPRESENTATION_CONTEXT(2) 
PARAMETRIC_REPRESENTATION_CONTEXT() REPRESENTATION_CONTEXT('2D SPACE',''
  ) );
#5302 = ORIENTED_EDGE('',*,*,#5303,.T.);
#5303 = EDGE_CURVE('',#5281,#5304,#5306,.T.);
#5304 = VERTEX_POINT('',#5305);
#5305 = CARTESIAN_POINT('',(-198.5,-98.,-466.5));
#5306 = SURFACE_CURVE('',#5307,(#5311,#5317),.PCURVE_S1.);
#5307 = LINE('',#5308,#5309);
#5308 = CARTESIAN_POINT('',(-198.5,-98.,-633.5));
#5309 = VECTOR('',#5310,1.);
#5310 = DIRECTION('',(0.,0.,-1.));
#5311 = PCURVE('',#2708,#5312);
#5312 = DEFINITIONAL_REPRESENTATION('',(#5313),#5316);
#5313 = B_SPLINE_CURVE_WITH_KNOTS('',1,(#5314,#5315),.UNSPECIFIED.,.F.,
  .F.,(2,2),(-172.,-167.),.PIECEWISE_BEZIER_KNOTS.);
#5314 = CARTESIAN_POINT('',(339.,43.5));
#5315 = CARTESIAN_POINT('',(334.,43.5));
#5316 = ( GEOMETRIC_REPRESENTATION_CONTEXT(2) 
PARAMETRIC_REPRESENTATION_CONTEXT() REPRESENTATION_CONTEXT('2D SPACE',''
  ) );
#5317 = PCURVE('',#3291,#5318);
#5318 = DEFINITIONAL_REPRESENTATION('',(#5319),#5322);
#5319 = B_SPLINE_CURVE_WITH_KNOTS('',1,(#5320,#5321),.UNSPECIFIED.,.F.,
  .F.,(2,2),(-172.,-167.),.PIECEWISE_BEZIER_KNOTS.);
#5320 = CARTESIAN_POINT('',(5.,-4.));
#5321 = CARTESIAN_POINT('',(0.,-4.));
#5322 = ( GEOMETRIC_REPRESENTATION_CONTEXT(2) 
PARAMETRIC_REPRESENTATION_CONTEXT() REPRESENTATION_CONTEXT('2D SPACE',''
  ) );
#5323 = ORIENTED_EDGE('',*,*,#5324,.T.);
#5324 = EDGE_CURVE('',#5304,#5325,#5327,.T.);
#5325 = VERTEX_POINT('',#5326);
#5326 = CARTESIAN_POINT('',(198.5,-98.,-466.5));
#5327 = SURFACE_CURVE('',#5328,(#5332,#5338),.PCURVE_S1.);
#5328 = LINE('',#5329,#5330);
#5329 = CARTESIAN_POINT('',(-220.25,-98.,-466.5));
#5330 = VECTOR('',#5331,1.);
#5331 = DIRECTION('',(1.,0.,0.));
#5332 = PCURVE('',#2708,#5333);
#5333 = DEFINITIONAL_REPRESENTATION('',(#5334),#5337);
#5334 = B_SPLINE_CURVE_WITH_KNOTS('',1,(#5335,#5336),.UNSPECIFIED.,.F.,
  .F.,(2,2),(21.75,418.75),.PIECEWISE_BEZIER_KNOTS.);
#5335 = CARTESIAN_POINT('',(334.,43.5));
#5336 = CARTESIAN_POINT('',(334.,440.5));
#5337 = ( GEOMETRIC_REPRESENTATION_CONTEXT(2) 
PARAMETRIC_REPRESENTATION_CONTEXT() REPRESENTATION_CONTEXT('2D SPACE',''
  ) );
#5338 = PCURVE('',#3317,#5339);
#5339 = DEFINITIONAL_REPRESENTATION('',(#5340),#5343);
#5340 = B_SPLINE_CURVE_WITH_KNOTS('',1,(#5341,#5342),.UNSPECIFIED.,.F.,
  .F.,(2,2),(21.75,418.75),.PIECEWISE_BEZIER_KNOTS.);
#5341 = CARTESIAN_POINT('',(0.,4.));
#5342 = CARTESIAN_POINT('',(397.,4.));
#5343 = ( GEOMETRIC_REPRESENTATION_CONTEXT(2) 
PARAMETRIC_REPRESENTATION_CONTEXT() REPRESENTATION_CONTEXT('2D SPACE',''
  ) );
#5344 = ORIENTED_EDGE('',*,*,#5345,.F.);
#5345 = EDGE_CURVE('',#5283,#5325,#5346,.T.);
#5346 = SURFACE_CURVE('',#5347,(#5351,#5357),.PCURVE_S1.);
#5347 = LINE('',#5348,#5349);
#5348 = CARTESIAN_POINT('',(198.5,-98.,-633.5));
#5349 = VECTOR('',#5350,1.);
#5350 = DIRECTION('',(0.,0.,-1.));
#5351 = PCURVE('',#2708,#5352);
#5352 = DEFINITIONAL_REPRESENTATION('',(#5353),#5356);
#5353 = B_SPLINE_CURVE_WITH_KNOTS('',1,(#5354,#5355),.UNSPECIFIED.,.F.,
  .F.,(2,2),(-172.,-167.),.PIECEWISE_BEZIER_KNOTS.);
#5354 = CARTESIAN_POINT('',(339.,440.5));
#5355 = CARTESIAN_POINT('',(334.,440.5));
#5356 = ( GEOMETRIC_REPRESENTATION_CONTEXT(2) 
PARAMETRIC_REPRESENTATION_CONTEXT() REPRESENTATION_CONTEXT('2D SPACE',''
  ) );
#5357 = PCURVE('',#3341,#5358);
#5358 = DEFINITIONAL_REPRESENTATION('',(#5359),#5362);
#5359 = B_SPLINE_CURVE_WITH_KNOTS('',1,(#5360,#5361),.UNSPECIFIED.,.F.,
  .F.,(2,2),(-172.,-167.),.PIECEWISE_BEZIER_KNOTS.);
#5360 = CARTESIAN_POINT('',(5.,-4.));
#5361 = CARTESIAN_POINT('',(0.,-4.));
#5362 = ( GEOMETRIC_REPRESENTATION_CONTEXT(2) 
PARAMETRIC_REPRESENTATION_CONTEXT() REPRESENTATION_CONTEXT('2D SPACE',''
  ) );
#5363 = FACE_BOUND('',#5364,.T.);
#5364 = EDGE_LOOP('',(#5365,#5388,#5409,#5430));
#5365 = ORIENTED_EDGE('',*,*,#5366,.F.);
#5366 = EDGE_CURVE('',#5367,#5369,#5371,.T.);
#5367 = VERTEX_POINT('',#5368);
#5368 = CARTESIAN_POINT('',(-198.5,-98.,-400.));
#5369 = VERTEX_POINT('',#5370);
#5370 = CARTESIAN_POINT('',(198.5,-98.,-400.));
#5371 = SURFACE_CURVE('',#5372,(#5376,#5382),.PCURVE_S1.);
#5372 = LINE('',#5373,#5374);
#5373 = CARTESIAN_POINT('',(-220.25,-98.,-400.));
#5374 = VECTOR('',#5375,1.);
#5375 = DIRECTION('',(1.,0.,0.));
#5376 = PCURVE('',#2708,#5377);
#5377 = DEFINITIONAL_REPRESENTATION('',(#5378),#5381);
#5378 = B_SPLINE_CURVE_WITH_KNOTS('',1,(#5379,#5380),.UNSPECIFIED.,.F.,
  .F.,(2,2),(21.75,418.75),.PIECEWISE_BEZIER_KNOTS.);
#5379 = CARTESIAN_POINT('',(400.5,43.5));
#5380 = CARTESIAN_POINT('',(400.5,440.5));
#5381 = ( GEOMETRIC_REPRESENTATION_CONTEXT(2) 
PARAMETRIC_REPRESENTATION_CONTEXT() REPRESENTATION_CONTEXT('2D SPACE',''
  ) );
#5382 = PCURVE('',#3371,#5383);
#5383 = DEFINITIONAL_REPRESENTATION('',(#5384),#5387);
#5384 = B_SPLINE_CURVE_WITH_KNOTS('',1,(#5385,#5386),.UNSPECIFIED.,.F.,
  .F.,(2,2),(21.75,418.75),.PIECEWISE_BEZIER_KNOTS.);
#5385 = CARTESIAN_POINT('',(0.,4.));
#5386 = CARTESIAN_POINT('',(397.,4.));
#5387 = ( GEOMETRIC_REPRESENTATION_CONTEXT(2) 
PARAMETRIC_REPRESENTATION_CONTEXT() REPRESENTATION_CONTEXT('2D SPACE',''
  ) );
#5388 = ORIENTED_EDGE('',*,*,#5389,.T.);
#5389 = EDGE_CURVE('',#5367,#5390,#5392,.T.);
#5390 = VERTEX_POINT('',#5391);
#5391 = CARTESIAN_POINT('',(-198.5,-98.,-405.));
#5392 = SURFACE_CURVE('',#5393,(#5397,#5403),.PCURVE_S1.);
#5393 = LINE('',#5394,#5395);
#5394 = CARTESIAN_POINT('',(-198.5,-98.,-602.75));
#5395 = VECTOR('',#5396,1.);
#5396 = DIRECTION('',(0.,0.,-1.));
#5397 = PCURVE('',#2708,#5398);
#5398 = DEFINITIONAL_REPRESENTATION('',(#5399),#5402);
#5399 = B_SPLINE_CURVE_WITH_KNOTS('',1,(#5400,#5401),.UNSPECIFIED.,.F.,
  .F.,(2,2),(-202.75,-197.75),.PIECEWISE_BEZIER_KNOTS.);
#5400 = CARTESIAN_POINT('',(400.5,43.5));
#5401 = CARTESIAN_POINT('',(395.5,43.5));
#5402 = ( GEOMETRIC_REPRESENTATION_CONTEXT(2) 
PARAMETRIC_REPRESENTATION_CONTEXT() REPRESENTATION_CONTEXT('2D SPACE',''
  ) );
#5403 = PCURVE('',#3397,#5404);
#5404 = DEFINITIONAL_REPRESENTATION('',(#5405),#5408);
#5405 = B_SPLINE_CURVE_WITH_KNOTS('',1,(#5406,#5407),.UNSPECIFIED.,.F.,
  .F.,(2,2),(-202.75,-197.75),.PIECEWISE_BEZIER_KNOTS.);
#5406 = CARTESIAN_POINT('',(5.,-4.));
#5407 = CARTESIAN_POINT('',(0.,-4.));
#5408 = ( GEOMETRIC_REPRESENTATION_CONTEXT(2) 
PARAMETRIC_REPRESENTATION_CONTEXT() REPRESENTATION_CONTEXT('2D SPACE',''
  ) );
#5409 = ORIENTED_EDGE('',*,*,#5410,.T.);
#5410 = EDGE_CURVE('',#5390,#5411,#5413,.T.);
#5411 = VERTEX_POINT('',#5412);
#5412 = CARTESIAN_POINT('',(198.5,-98.,-405.));
#5413 = SURFACE_CURVE('',#5414,(#5418,#5424),.PCURVE_S1.);
#5414 = LINE('',#5415,#5416);
#5415 = CARTESIAN_POINT('',(-220.25,-98.,-405.));
#5416 = VECTOR('',#5417,1.);
#5417 = DIRECTION('',(1.,0.,0.));
#5418 = PCURVE('',#2708,#5419);
#5419 = DEFINITIONAL_REPRESENTATION('',(#5420),#5423);
#5420 = B_SPLINE_CURVE_WITH_KNOTS('',1,(#5421,#5422),.UNSPECIFIED.,.F.,
  .F.,(2,2),(21.75,418.75),.PIECEWISE_BEZIER_KNOTS.);
#5421 = CARTESIAN_POINT('',(395.5,43.5));
#5422 = CARTESIAN_POINT('',(395.5,440.5));
#5423 = ( GEOMETRIC_REPRESENTATION_CONTEXT(2) 
PARAMETRIC_REPRESENTATION_CONTEXT() REPRESENTATION_CONTEXT('2D SPACE',''
  ) );
#5424 = PCURVE('',#3423,#5425);
#5425 = DEFINITIONAL_REPRESENTATION('',(#5426),#5429);
#5426 = B_SPLINE_CURVE_WITH_KNOTS('',1,(#5427,#5428),.UNSPECIFIED.,.F.,
  .F.,(2,2),(21.75,418.75),.PIECEWISE_BEZIER_KNOTS.);
#5427 = CARTESIAN_POINT('',(0.,4.));
#5428 = CARTESIAN_POINT('',(397.,4.));
#5429 = ( GEOMETRIC_REPRESENTATION_CONTEXT(2) 
PARAMETRIC_REPRESENTATION_CONTEXT() REPRESENTATION_CONTEXT('2D SPACE',''
  ) );
#5430 = ORIENTED_EDGE('',*,*,#5431,.F.);
#5431 = EDGE_CURVE('',#5369,#5411,#5432,.T.);
#5432 = SURFACE_CURVE('',#5433,(#5437,#5443),.PCURVE_S1.);
#5433 = LINE('',#5434,#5435);
#5434 = CARTESIAN_POINT('',(198.5,-98.,-602.75));
#5435 = VECTOR('',#5436,1.);
#5436 = DIRECTION('',(0.,0.,-1.));
#5437 = PCURVE('',#2708,#5438);
#5438 = DEFINITIONAL_REPRESENTATION('',(#5439),#5442);
#5439 = B_SPLINE_CURVE_WITH_KNOTS('',1,(#5440,#5441),.UNSPECIFIED.,.F.,
  .F.,(2,2),(-202.75,-197.75),.PIECEWISE_BEZIER_KNOTS.);
#5440 = CARTESIAN_POINT('',(400.5,440.5));
#5441 = CARTESIAN_POINT('',(395.5,440.5));
#5442 = ( GEOMETRIC_REPRESENTATION_CONTEXT(2) 
PARAMETRIC_REPRESENTATION_CONTEXT() REPRESENTATION_CONTEXT('2D SPACE',''
  ) );
#5443 = PCURVE('',#3447,#5444);
#5444 = DEFINITIONAL_REPRESENTATION('',(#5445),#5448);
#5445 = B_SPLINE_CURVE_WITH_KNOTS('',1,(#5446,#5447),.UNSPECIFIED.,.F.,
  .F.,(2,2),(-202.75,-197.75),.PIECEWISE_BEZIER_KNOTS.);
#5446 = CARTESIAN_POINT('',(5.,-4.));
#5447 = CARTESIAN_POINT('',(0.,-4.));
#5448 = ( GEOMETRIC_REPRESENTATION_CONTEXT(2) 
PARAMETRIC_REPRESENTATION_CONTEXT() REPRESENTATION_CONTEXT('2D SPACE',''
  ) );
#5449 = FACE_BOUND('',#5450,.T.);
#5450 = EDGE_LOOP('',(#5451,#5474,#5495,#5516));
#5451 = ORIENTED_EDGE('',*,*,#5452,.F.);
#5452 = EDGE_CURVE('',#5453,#5455,#5457,.T.);
#5453 = VERTEX_POINT('',#5454);
#5454 = CARTESIAN_POINT('',(-198.5,-98.,-338.5));
#5455 = VERTEX_POINT('',#5456);
#5456 = CARTESIAN_POINT('',(198.5,-98.,-338.5));
#5457 = SURFACE_CURVE('',#5458,(#5462,#5468),.PCURVE_S1.);
#5458 = LINE('',#5459,#5460);
#5459 = CARTESIAN_POINT('',(-220.25,-98.,-338.5));
#5460 = VECTOR('',#5461,1.);
#5461 = DIRECTION('',(1.,0.,0.));
#5462 = PCURVE('',#2708,#5463);
#5463 = DEFINITIONAL_REPRESENTATION('',(#5464),#5467);
#5464 = B_SPLINE_CURVE_WITH_KNOTS('',1,(#5465,#5466),.UNSPECIFIED.,.F.,
  .F.,(2,2),(21.75,418.75),.PIECEWISE_BEZIER_KNOTS.);
#5465 = CARTESIAN_POINT('',(462.,43.5));
#5466 = CARTESIAN_POINT('',(462.,440.5));
#5467 = ( GEOMETRIC_REPRESENTATION_CONTEXT(2) 
PARAMETRIC_REPRESENTATION_CONTEXT() REPRESENTATION_CONTEXT('2D SPACE',''
  ) );
#5468 = PCURVE('',#3477,#5469);
#5469 = DEFINITIONAL_REPRESENTATION('',(#5470),#5473);
#5470 = B_SPLINE_CURVE_WITH_KNOTS('',1,(#5471,#5472),.UNSPECIFIED.,.F.,
  .F.,(2,2),(21.75,418.75),.PIECEWISE_BEZIER_KNOTS.);
#5471 = CARTESIAN_POINT('',(0.,4.));
#5472 = CARTESIAN_POINT('',(397.,4.));
#5473 = ( GEOMETRIC_REPRESENTATION_CONTEXT(2) 
PARAMETRIC_REPRESENTATION_CONTEXT() REPRESENTATION_CONTEXT('2D SPACE',''
  ) );
#5474 = ORIENTED_EDGE('',*,*,#5475,.T.);
#5475 = EDGE_CURVE('',#5453,#5476,#5478,.T.);
#5476 = VERTEX_POINT('',#5477);
#5477 = CARTESIAN_POINT('',(-198.5,-98.,-343.5));
#5478 = SURFACE_CURVE('',#5479,(#5483,#5489),.PCURVE_S1.);
#5479 = LINE('',#5480,#5481);
#5480 = CARTESIAN_POINT('',(-198.5,-98.,-572.));
#5481 = VECTOR('',#5482,1.);
#5482 = DIRECTION('',(0.,0.,-1.));
#5483 = PCURVE('',#2708,#5484);
#5484 = DEFINITIONAL_REPRESENTATION('',(#5485),#5488);
#5485 = B_SPLINE_CURVE_WITH_KNOTS('',1,(#5486,#5487),.UNSPECIFIED.,.F.,
  .F.,(2,2),(-233.5,-228.5),.PIECEWISE_BEZIER_KNOTS.);
#5486 = CARTESIAN_POINT('',(462.,43.5));
#5487 = CARTESIAN_POINT('',(457.,43.5));
#5488 = ( GEOMETRIC_REPRESENTATION_CONTEXT(2) 
PARAMETRIC_REPRESENTATION_CONTEXT() REPRESENTATION_CONTEXT('2D SPACE',''
  ) );
#5489 = PCURVE('',#3503,#5490);
#5490 = DEFINITIONAL_REPRESENTATION('',(#5491),#5494);
#5491 = B_SPLINE_CURVE_WITH_KNOTS('',1,(#5492,#5493),.UNSPECIFIED.,.F.,
  .F.,(2,2),(-233.5,-228.5),.PIECEWISE_BEZIER_KNOTS.);
#5492 = CARTESIAN_POINT('',(5.,-4.));
#5493 = CARTESIAN_POINT('',(0.,-4.));
#5494 = ( GEOMETRIC_REPRESENTATION_CONTEXT(2) 
PARAMETRIC_REPRESENTATION_CONTEXT() REPRESENTATION_CONTEXT('2D SPACE',''
  ) );
#5495 = ORIENTED_EDGE('',*,*,#5496,.T.);
#5496 = EDGE_CURVE('',#5476,#5497,#5499,.T.);
#5497 = VERTEX_POINT('',#5498);
#5498 = CARTESIAN_POINT('',(198.5,-98.,-343.5));
#5499 = SURFACE_CURVE('',#5500,(#5504,#5510),.PCURVE_S1.);
#5500 = LINE('',#5501,#5502);
#5501 = CARTESIAN_POINT('',(-220.25,-98.,-343.5));
#5502 = VECTOR('',#5503,1.);
#5503 = DIRECTION('',(1.,0.,0.));
#5504 = PCURVE('',#2708,#5505);
#5505 = DEFINITIONAL_REPRESENTATION('',(#5506),#5509);
#5506 = B_SPLINE_CURVE_WITH_KNOTS('',1,(#5507,#5508),.UNSPECIFIED.,.F.,
  .F.,(2,2),(21.75,418.75),.PIECEWISE_BEZIER_KNOTS.);
#5507 = CARTESIAN_POINT('',(457.,43.5));
#5508 = CARTESIAN_POINT('',(457.,440.5));
#5509 = ( GEOMETRIC_REPRESENTATION_CONTEXT(2) 
PARAMETRIC_REPRESENTATION_CONTEXT() REPRESENTATION_CONTEXT('2D SPACE',''
  ) );
#5510 = PCURVE('',#3529,#5511);
#5511 = DEFINITIONAL_REPRESENTATION('',(#5512),#5515);
#5512 = B_SPLINE_CURVE_WITH_KNOTS('',1,(#5513,#5514),.UNSPECIFIED.,.F.,
  .F.,(2,2),(21.75,418.75),.PIECEWISE_BEZIER_KNOTS.);
#5513 = CARTESIAN_POINT('',(0.,4.));
#5514 = CARTESIAN_POINT('',(397.,4.));
#5515 = ( GEOMETRIC_REPRESENTATION_CONTEXT(2) 
PARAMETRIC_REPRESENTATION_CONTEXT() REPRESENTATION_CONTEXT('2D SPACE',''
  ) );
#5516 = ORIENTED_EDGE('',*,*,#5517,.F.);
#5517 = EDGE_CURVE('',#5455,#5497,#5518,.T.);
#5518 = SURFACE_CURVE('',#5519,(#5523,#5529),.PCURVE_S1.);
#5519 = LINE('',#5520,#5521);
#5520 = CARTESIAN_POINT('',(198.5,-98.,-572.));
#5521 = VECTOR('',#5522,1.);
#5522 = DIRECTION('',(0.,0.,-1.));
#5523 = PCURVE('',#2708,#5524);
#5524 = DEFINITIONAL_REPRESENTATION('',(#5525),#5528);
#5525 = B_SPLINE_CURVE_WITH_KNOTS('',1,(#5526,#5527),.UNSPECIFIED.,.F.,
  .F.,(2,2),(-233.5,-228.5),.PIECEWISE_BEZIER_KNOTS.);
#5526 = CARTESIAN_POINT('',(462.,440.5));
#5527 = CARTESIAN_POINT('',(457.,440.5));
#5528 = ( GEOMETRIC_REPRESENTATION_CONTEXT(2) 
PARAMETRIC_REPRESENTATION_CONTEXT() REPRESENTATION_CONTEXT('2D SPACE',''
  ) );
#5529 = PCURVE('',#3553,#5530);
#5530 = DEFINITIONAL_REPRESENTATION('',(#5531),#5534);
#5531 = B_SPLINE_CURVE_WITH_KNOTS('',1,(#5532,#5533),.UNSPECIFIED.,.F.,
  .F.,(2,2),(-233.5,-228.5),.PIECEWISE_BEZIER_KNOTS.);
#5532 = CARTESIAN_POINT('',(5.,-4.));
#5533 = CARTESIAN_POINT('',(0.,-4.));
#5534 = ( GEOMETRIC_REPRESENTATION_CONTEXT(2) 
PARAMETRIC_REPRESENTATION_CONTEXT() REPRESENTATION_CONTEXT('2D SPACE',''
  ) );
#5535 = FACE_BOUND('',#5536,.T.);
#5536 = EDGE_LOOP('',(#5537,#5560,#5581,#5602));
#5537 = ORIENTED_EDGE('',*,*,#5538,.F.);
#5538 = EDGE_CURVE('',#5539,#5541,#5543,.T.);
#5539 = VERTEX_POINT('',#5540);
#5540 = CARTESIAN_POINT('',(-198.5,-98.,-277.));
#5541 = VERTEX_POINT('',#5542);
#5542 = CARTESIAN_POINT('',(198.5,-98.,-277.));
#5543 = SURFACE_CURVE('',#5544,(#5548,#5554),.PCURVE_S1.);
#5544 = LINE('',#5545,#5546);
#5545 = CARTESIAN_POINT('',(-220.25,-98.,-277.));
#5546 = VECTOR('',#5547,1.);
#5547 = DIRECTION('',(1.,0.,0.));
#5548 = PCURVE('',#2708,#5549);
#5549 = DEFINITIONAL_REPRESENTATION('',(#5550),#5553);
#5550 = B_SPLINE_CURVE_WITH_KNOTS('',1,(#5551,#5552),.UNSPECIFIED.,.F.,
  .F.,(2,2),(21.75,418.75),.PIECEWISE_BEZIER_KNOTS.);
#5551 = CARTESIAN_POINT('',(523.5,43.5));
#5552 = CARTESIAN_POINT('',(523.5,440.5));
#5553 = ( GEOMETRIC_REPRESENTATION_CONTEXT(2) 
PARAMETRIC_REPRESENTATION_CONTEXT() REPRESENTATION_CONTEXT('2D SPACE',''
  ) );
#5554 = PCURVE('',#3583,#5555);
#5555 = DEFINITIONAL_REPRESENTATION('',(#5556),#5559);
#5556 = B_SPLINE_CURVE_WITH_KNOTS('',1,(#5557,#5558),.UNSPECIFIED.,.F.,
  .F.,(2,2),(21.75,418.75),.PIECEWISE_BEZIER_KNOTS.);
#5557 = CARTESIAN_POINT('',(0.,4.));
#5558 = CARTESIAN_POINT('',(397.,4.));
#5559 = ( GEOMETRIC_REPRESENTATION_CONTEXT(2) 
PARAMETRIC_REPRESENTATION_CONTEXT() REPRESENTATION_CONTEXT('2D SPACE',''
  ) );
#5560 = ORIENTED_EDGE('',*,*,#5561,.T.);
#5561 = EDGE_CURVE('',#5539,#5562,#5564,.T.);
#5562 = VERTEX_POINT('',#5563);
#5563 = CARTESIAN_POINT('',(-198.5,-98.,-282.));
#5564 = SURFACE_CURVE('',#5565,(#5569,#5575),.PCURVE_S1.);
#5565 = LINE('',#5566,#5567);
#5566 = CARTESIAN_POINT('',(-198.5,-98.,-541.25));
#5567 = VECTOR('',#5568,1.);
#5568 = DIRECTION('',(0.,0.,-1.));
#5569 = PCURVE('',#2708,#5570);
#5570 = DEFINITIONAL_REPRESENTATION('',(#5571),#5574);
#5571 = B_SPLINE_CURVE_WITH_KNOTS('',1,(#5572,#5573),.UNSPECIFIED.,.F.,
  .F.,(2,2),(-264.25,-259.25),.PIECEWISE_BEZIER_KNOTS.);
#5572 = CARTESIAN_POINT('',(523.5,43.5));
#5573 = CARTESIAN_POINT('',(518.5,43.5));
#5574 = ( GEOMETRIC_REPRESENTATION_CONTEXT(2) 
PARAMETRIC_REPRESENTATION_CONTEXT() REPRESENTATION_CONTEXT('2D SPACE',''
  ) );
#5575 = PCURVE('',#3609,#5576);
#5576 = DEFINITIONAL_REPRESENTATION('',(#5577),#5580);
#5577 = B_SPLINE_CURVE_WITH_KNOTS('',1,(#5578,#5579),.UNSPECIFIED.,.F.,
  .F.,(2,2),(-264.25,-259.25),.PIECEWISE_BEZIER_KNOTS.);
#5578 = CARTESIAN_POINT('',(5.,-4.));
#5579 = CARTESIAN_POINT('',(0.,-4.));
#5580 = ( GEOMETRIC_REPRESENTATION_CONTEXT(2) 
PARAMETRIC_REPRESENTATION_CONTEXT() REPRESENTATION_CONTEXT('2D SPACE',''
  ) );
#5581 = ORIENTED_EDGE('',*,*,#5582,.T.);
#5582 = EDGE_CURVE('',#5562,#5583,#5585,.T.);
#5583 = VERTEX_POINT('',#5584);
#5584 = CARTESIAN_POINT('',(198.5,-98.,-282.));
#5585 = SURFACE_CURVE('',#5586,(#5590,#5596),.PCURVE_S1.);
#5586 = LINE('',#5587,#5588);
#5587 = CARTESIAN_POINT('',(-220.25,-98.,-282.));
#5588 = VECTOR('',#5589,1.);
#5589 = DIRECTION('',(1.,0.,0.));
#5590 = PCURVE('',#2708,#5591);
#5591 = DEFINITIONAL_REPRESENTATION('',(#5592),#5595);
#5592 = B_SPLINE_CURVE_WITH_KNOTS('',1,(#5593,#5594),.UNSPECIFIED.,.F.,
  .F.,(2,2),(21.75,418.75),.PIECEWISE_BEZIER_KNOTS.);
#5593 = CARTESIAN_POINT('',(518.5,43.5));
#5594 = CARTESIAN_POINT('',(518.5,440.5));
#5595 = ( GEOMETRIC_REPRESENTATION_CONTEXT(2) 
PARAMETRIC_REPRESENTATION_CONTEXT() REPRESENTATION_CONTEXT('2D SPACE',''
  ) );
#5596 = PCURVE('',#3635,#5597);
#5597 = DEFINITIONAL_REPRESENTATION('',(#5598),#5601);
#5598 = B_SPLINE_CURVE_WITH_KNOTS('',1,(#5599,#5600),.UNSPECIFIED.,.F.,
  .F.,(2,2),(21.75,418.75),.PIECEWISE_BEZIER_KNOTS.);
#5599 = CARTESIAN_POINT('',(0.,4.));
#5600 = CARTESIAN_POINT('',(397.,4.));
#5601 = ( GEOMETRIC_REPRESENTATION_CONTEXT(2) 
PARAMETRIC_REPRESENTATION_CONTEXT() REPRESENTATION_CONTEXT('2D SPACE',''
  ) );
#5602 = ORIENTED_EDGE('',*,*,#5603,.F.);
#5603 = EDGE_CURVE('',#5541,#5583,#5604,.T.);
#5604 = SURFACE_CURVE('',#5605,(#5609,#5615),.PCURVE_S1.);
#5605 = LINE('',#5606,#5607);
#5606 = CARTESIAN_POINT('',(198.5,-98.,-541.25));
#5607 = VECTOR('',#5608,1.);
#5608 = DIRECTION('',(0.,0.,-1.));
#5609 = PCURVE('',#2708,#5610);
#5610 = DEFINITIONAL_REPRESENTATION('',(#5611),#5614);
#5611 = B_SPLINE_CURVE_WITH_KNOTS('',1,(#5612,#5613),.UNSPECIFIED.,.F.,
  .F.,(2,2),(-264.25,-259.25),.PIECEWISE_BEZIER_KNOTS.);
#5612 = CARTESIAN_POINT('',(523.5,440.5));
#5613 = CARTESIAN_POINT('',(518.5,440.5));
#5614 = ( GEOMETRIC_REPRESENTATION_CONTEXT(2) 
PARAMETRIC_REPRESENTATION_CONTEXT() REPRESENTATION_CONTEXT('2D SPACE',''
  ) );
#5615 = PCURVE('',#3659,#5616);
#5616 = DEFINITIONAL_REPRESENTATION('',(#5617),#5620);
#5617 = B_SPLINE_CURVE_WITH_KNOTS('',1,(#5618,#5619),.UNSPECIFIED.,.F.,
  .F.,(2,2),(-264.25,-259.25),.PIECEWISE_BEZIER_KNOTS.);
#5618 = CARTESIAN_POINT('',(5.,-4.));
#5619 = CARTESIAN_POINT('',(0.,-4.));
#5620 = ( GEOMETRIC_REPRESENTATION_CONTEXT(2) 
PARAMETRIC_REPRESENTATION_CONTEXT() REPRESENTATION_CONTEXT('2D SPACE',''
  ) );
#5621 = FACE_BOUND('',#5622,.T.);
#5622 = EDGE_LOOP('',(#5623,#5646,#5667,#5688));
#5623 = ORIENTED_EDGE('',*,*,#5624,.F.);
#5624 = EDGE_CURVE('',#5625,#5627,#5629,.T.);
#5625 = VERTEX_POINT('',#5626);
#5626 = CARTESIAN_POINT('',(-198.5,-98.,-215.5));
#5627 = VERTEX_POINT('',#5628);
#5628 = CARTESIAN_POINT('',(198.5,-98.,-215.5));
#5629 = SURFACE_CURVE('',#5630,(#5634,#5640),.PCURVE_S1.);
#5630 = LINE('',#5631,#5632);
#5631 = CARTESIAN_POINT('',(-220.25,-98.,-215.5));
#5632 = VECTOR('',#5633,1.);
#5633 = DIRECTION('',(1.,0.,0.));
#5634 = PCURVE('',#2708,#5635);
#5635 = DEFINITIONAL_REPRESENTATION('',(#5636),#5639);
#5636 = B_SPLINE_CURVE_WITH_KNOTS('',1,(#5637,#5638),.UNSPECIFIED.,.F.,
  .F.,(2,2),(21.75,418.75),.PIECEWISE_BEZIER_KNOTS.);
#5637 = CARTESIAN_POINT('',(585.,43.5));
#5638 = CARTESIAN_POINT('',(585.,440.5));
#5639 = ( GEOMETRIC_REPRESENTATION_CONTEXT(2) 
PARAMETRIC_REPRESENTATION_CONTEXT() REPRESENTATION_CONTEXT('2D SPACE',''
  ) );
#5640 = PCURVE('',#3689,#5641);
#5641 = DEFINITIONAL_REPRESENTATION('',(#5642),#5645);
#5642 = B_SPLINE_CURVE_WITH_KNOTS('',1,(#5643,#5644),.UNSPECIFIED.,.F.,
  .F.,(2,2),(21.75,418.75),.PIECEWISE_BEZIER_KNOTS.);
#5643 = CARTESIAN_POINT('',(0.,4.));
#5644 = CARTESIAN_POINT('',(397.,4.));
#5645 = ( GEOMETRIC_REPRESENTATION_CONTEXT(2) 
PARAMETRIC_REPRESENTATION_CONTEXT() REPRESENTATION_CONTEXT('2D SPACE',''
  ) );
#5646 = ORIENTED_EDGE('',*,*,#5647,.T.);
#5647 = EDGE_CURVE('',#5625,#5648,#5650,.T.);
#5648 = VERTEX_POINT('',#5649);
#5649 = CARTESIAN_POINT('',(-198.5,-98.,-220.5));
#5650 = SURFACE_CURVE('',#5651,(#5655,#5661),.PCURVE_S1.);
#5651 = LINE('',#5652,#5653);
#5652 = CARTESIAN_POINT('',(-198.5,-98.,-510.5));
#5653 = VECTOR('',#5654,1.);
#5654 = DIRECTION('',(0.,0.,-1.));
#5655 = PCURVE('',#2708,#5656);
#5656 = DEFINITIONAL_REPRESENTATION('',(#5657),#5660);
#5657 = B_SPLINE_CURVE_WITH_KNOTS('',1,(#5658,#5659),.UNSPECIFIED.,.F.,
  .F.,(2,2),(-295.,-290.),.PIECEWISE_BEZIER_KNOTS.);
#5658 = CARTESIAN_POINT('',(585.,43.5));
#5659 = CARTESIAN_POINT('',(580.,43.5));
#5660 = ( GEOMETRIC_REPRESENTATION_CONTEXT(2) 
PARAMETRIC_REPRESENTATION_CONTEXT() REPRESENTATION_CONTEXT('2D SPACE',''
  ) );
#5661 = PCURVE('',#3715,#5662);
#5662 = DEFINITIONAL_REPRESENTATION('',(#5663),#5666);
#5663 = B_SPLINE_CURVE_WITH_KNOTS('',1,(#5664,#5665),.UNSPECIFIED.,.F.,
  .F.,(2,2),(-295.,-290.),.PIECEWISE_BEZIER_KNOTS.);
#5664 = CARTESIAN_POINT('',(5.,-4.));
#5665 = CARTESIAN_POINT('',(0.,-4.));
#5666 = ( GEOMETRIC_REPRESENTATION_CONTEXT(2) 
PARAMETRIC_REPRESENTATION_CONTEXT() REPRESENTATION_CONTEXT('2D SPACE',''
  ) );
#5667 = ORIENTED_EDGE('',*,*,#5668,.T.);
#5668 = EDGE_CURVE('',#5648,#5669,#5671,.T.);
#5669 = VERTEX_POINT('',#5670);
#5670 = CARTESIAN_POINT('',(198.5,-98.,-220.5));
#5671 = SURFACE_CURVE('',#5672,(#5676,#5682),.PCURVE_S1.);
#5672 = LINE('',#5673,#5674);
#5673 = CARTESIAN_POINT('',(-220.25,-98.,-220.5));
#5674 = VECTOR('',#5675,1.);
#5675 = DIRECTION('',(1.,0.,0.));
#5676 = PCURVE('',#2708,#5677);
#5677 = DEFINITIONAL_REPRESENTATION('',(#5678),#5681);
#5678 = B_SPLINE_CURVE_WITH_KNOTS('',1,(#5679,#5680),.UNSPECIFIED.,.F.,
  .F.,(2,2),(21.75,418.75),.PIECEWISE_BEZIER_KNOTS.);
#5679 = CARTESIAN_POINT('',(580.,43.5));
#5680 = CARTESIAN_POINT('',(580.,440.5));
#5681 = ( GEOMETRIC_REPRESENTATION_CONTEXT(2) 
PARAMETRIC_REPRESENTATION_CONTEXT() REPRESENTATION_CONTEXT('2D SPACE',''
  ) );
#5682 = PCURVE('',#3741,#5683);
#5683 = DEFINITIONAL_REPRESENTATION('',(#5684),#5687);
#5684 = B_SPLINE_CURVE_WITH_KNOTS('',1,(#5685,#5686),.UNSPECIFIED.,.F.,
  .F.,(2,2),(21.75,418.75),.PIECEWISE_BEZIER_KNOTS.);
#5685 = CARTESIAN_POINT('',(0.,4.));
#5686 = CARTESIAN_POINT('',(397.,4.));
#5687 = ( GEOMETRIC_REPRESENTATION_CONTEXT(2) 
PARAMETRIC_REPRESENTATION_CONTEXT() REPRESENTATION_CONTEXT('2D SPACE',''
  ) );
#5688 = ORIENTED_EDGE('',*,*,#5689,.F.);
#5689 = EDGE_CURVE('',#5627,#5669,#5690,.T.);
#5690 = SURFACE_CURVE('',#5691,(#5695,#5701),.PCURVE_S1.);
#5691 = LINE('',#5692,#5693);
#5692 = CARTESIAN_POINT('',(198.5,-98.,-510.5));
#5693 = VECTOR('',#5694,1.);
#5694 = DIRECTION('',(0.,0.,-1.));
#5695 = PCURVE('',#2708,#5696);
#5696 = DEFINITIONAL_REPRESENTATION('',(#5697),#5700);
#5697 = B_SPLINE_CURVE_WITH_KNOTS('',1,(#5698,#5699),.UNSPECIFIED.,.F.,
  .F.,(2,2),(-295.,-290.),.PIECEWISE_BEZIER_KNOTS.);
#5698 = CARTESIAN_POINT('',(585.,440.5));
#5699 = CARTESIAN_POINT('',(580.,440.5));
#5700 = ( GEOMETRIC_REPRESENTATION_CONTEXT(2) 
PARAMETRIC_REPRESENTATION_CONTEXT() REPRESENTATION_CONTEXT('2D SPACE',''
  ) );
#5701 = PCURVE('',#3765,#5702);
#5702 = DEFINITIONAL_REPRESENTATION('',(#5703),#5706);
#5703 = B_SPLINE_CURVE_WITH_KNOTS('',1,(#5704,#5705),.UNSPECIFIED.,.F.,
  .F.,(2,2),(-295.,-290.),.PIECEWISE_BEZIER_KNOTS.);
#5704 = CARTESIAN_POINT('',(5.,-4.));
#5705 = CARTESIAN_POINT('',(0.,-4.));
#5706 = ( GEOMETRIC_REPRESENTATION_CONTEXT(2) 
PARAMETRIC_REPRESENTATION_CONTEXT() REPRESENTATION_CONTEXT('2D SPACE',''
  ) );
#5707 = FACE_BOUND('',#5708,.T.);
#5708 = EDGE_LOOP('',(#5709,#5732,#5753,#5774));
#5709 = ORIENTED_EDGE('',*,*,#5710,.F.);
#5710 = EDGE_CURVE('',#5711,#5713,#5715,.T.);
#5711 = VERTEX_POINT('',#5712);
#5712 = CARTESIAN_POINT('',(-198.5,-98.,-154.));
#5713 = VERTEX_POINT('',#5714);
#5714 = CARTESIAN_POINT('',(198.5,-98.,-154.));
#5715 = SURFACE_CURVE('',#5716,(#5720,#5726),.PCURVE_S1.);
#5716 = LINE('',#5717,#5718);
#5717 = CARTESIAN_POINT('',(-220.25,-98.,-154.));
#5718 = VECTOR('',#5719,1.);
#5719 = DIRECTION('',(1.,0.,0.));
#5720 = PCURVE('',#2708,#5721);
#5721 = DEFINITIONAL_REPRESENTATION('',(#5722),#5725);
#5722 = B_SPLINE_CURVE_WITH_KNOTS('',1,(#5723,#5724),.UNSPECIFIED.,.F.,
  .F.,(2,2),(21.75,418.75),.PIECEWISE_BEZIER_KNOTS.);
#5723 = CARTESIAN_POINT('',(646.5,43.5));
#5724 = CARTESIAN_POINT('',(646.5,440.5));
#5725 = ( GEOMETRIC_REPRESENTATION_CONTEXT(2) 
PARAMETRIC_REPRESENTATION_CONTEXT() REPRESENTATION_CONTEXT('2D SPACE',''
  ) );
#5726 = PCURVE('',#3795,#5727);
#5727 = DEFINITIONAL_REPRESENTATION('',(#5728),#5731);
#5728 = B_SPLINE_CURVE_WITH_KNOTS('',1,(#5729,#5730),.UNSPECIFIED.,.F.,
  .F.,(2,2),(21.75,418.75),.PIECEWISE_BEZIER_KNOTS.);
#5729 = CARTESIAN_POINT('',(0.,4.));
#5730 = CARTESIAN_POINT('',(397.,4.));
#5731 = ( GEOMETRIC_REPRESENTATION_CONTEXT(2) 
PARAMETRIC_REPRESENTATION_CONTEXT() REPRESENTATION_CONTEXT('2D SPACE',''
  ) );
#5732 = ORIENTED_EDGE('',*,*,#5733,.T.);
#5733 = EDGE_CURVE('',#5711,#5734,#5736,.T.);
#5734 = VERTEX_POINT('',#5735);
#5735 = CARTESIAN_POINT('',(-198.5,-98.,-159.));
#5736 = SURFACE_CURVE('',#5737,(#5741,#5747),.PCURVE_S1.);
#5737 = LINE('',#5738,#5739);
#5738 = CARTESIAN_POINT('',(-198.5,-98.,-479.75));
#5739 = VECTOR('',#5740,1.);
#5740 = DIRECTION('',(0.,0.,-1.));
#5741 = PCURVE('',#2708,#5742);
#5742 = DEFINITIONAL_REPRESENTATION('',(#5743),#5746);
#5743 = B_SPLINE_CURVE_WITH_KNOTS('',1,(#5744,#5745),.UNSPECIFIED.,.F.,
  .F.,(2,2),(-325.75,-320.75),.PIECEWISE_BEZIER_KNOTS.);
#5744 = CARTESIAN_POINT('',(646.5,43.5));
#5745 = CARTESIAN_POINT('',(641.5,43.5));
#5746 = ( GEOMETRIC_REPRESENTATION_CONTEXT(2) 
PARAMETRIC_REPRESENTATION_CONTEXT() REPRESENTATION_CONTEXT('2D SPACE',''
  ) );
#5747 = PCURVE('',#3821,#5748);
#5748 = DEFINITIONAL_REPRESENTATION('',(#5749),#5752);
#5749 = B_SPLINE_CURVE_WITH_KNOTS('',1,(#5750,#5751),.UNSPECIFIED.,.F.,
  .F.,(2,2),(-325.75,-320.75),.PIECEWISE_BEZIER_KNOTS.);
#5750 = CARTESIAN_POINT('',(5.,-4.));
#5751 = CARTESIAN_POINT('',(0.,-4.));
#5752 = ( GEOMETRIC_REPRESENTATION_CONTEXT(2) 
PARAMETRIC_REPRESENTATION_CONTEXT() REPRESENTATION_CONTEXT('2D SPACE',''
  ) );
#5753 = ORIENTED_EDGE('',*,*,#5754,.T.);
#5754 = EDGE_CURVE('',#5734,#5755,#5757,.T.);
#5755 = VERTEX_POINT('',#5756);
#5756 = CARTESIAN_POINT('',(198.5,-98.,-159.));
#5757 = SURFACE_CURVE('',#5758,(#5762,#5768),.PCURVE_S1.);
#5758 = LINE('',#5759,#5760);
#5759 = CARTESIAN_POINT('',(-220.25,-98.,-159.));
#5760 = VECTOR('',#5761,1.);
#5761 = DIRECTION('',(1.,0.,0.));
#5762 = PCURVE('',#2708,#5763);
#5763 = DEFINITIONAL_REPRESENTATION('',(#5764),#5767);
#5764 = B_SPLINE_CURVE_WITH_KNOTS('',1,(#5765,#5766),.UNSPECIFIED.,.F.,
  .F.,(2,2),(21.75,418.75),.PIECEWISE_BEZIER_KNOTS.);
#5765 = CARTESIAN_POINT('',(641.5,43.5));
#5766 = CARTESIAN_POINT('',(641.5,440.5));
#5767 = ( GEOMETRIC_REPRESENTATION_CONTEXT(2) 
PARAMETRIC_REPRESENTATION_CONTEXT() REPRESENTATION_CONTEXT('2D SPACE',''
  ) );
#5768 = PCURVE('',#3847,#5769);
#5769 = DEFINITIONAL_REPRESENTATION('',(#5770),#5773);
#5770 = B_SPLINE_CURVE_WITH_KNOTS('',1,(#5771,#5772),.UNSPECIFIED.,.F.,
  .F.,(2,2),(21.75,418.75),.PIECEWISE_BEZIER_KNOTS.);
#5771 = CARTESIAN_POINT('',(0.,4.));
#5772 = CARTESIAN_POINT('',(397.,4.));
#5773 = ( GEOMETRIC_REPRESENTATION_CONTEXT(2) 
PARAMETRIC_REPRESENTATION_CONTEXT() REPRESENTATION_CONTEXT('2D SPACE',''
  ) );
#5774 = ORIENTED_EDGE('',*,*,#5775,.F.);
#5775 = EDGE_CURVE('',#5713,#5755,#5776,.T.);
#5776 = SURFACE_CURVE('',#5777,(#5781,#5787),.PCURVE_S1.);
#5777 = LINE('',#5778,#5779);
#5778 = CARTESIAN_POINT('',(198.5,-98.,-479.75));
#5779 = VECTOR('',#5780,1.);
#5780 = DIRECTION('',(0.,0.,-1.));
#5781 = PCURVE('',#2708,#5782);
#5782 = DEFINITIONAL_REPRESENTATION('',(#5783),#5786);
#5783 = B_SPLINE_CURVE_WITH_KNOTS('',1,(#5784,#5785),.UNSPECIFIED.,.F.,
  .F.,(2,2),(-325.75,-320.75),.PIECEWISE_BEZIER_KNOTS.);
#5784 = CARTESIAN_POINT('',(646.5,440.5));
#5785 = CARTESIAN_POINT('',(641.5,440.5));
#5786 = ( GEOMETRIC_REPRESENTATION_CONTEXT(2) 
PARAMETRIC_REPRESENTATION_CONTEXT() REPRESENTATION_CONTEXT('2D SPACE',''
  ) );
#5787 = PCURVE('',#3871,#5788);
#5788 = DEFINITIONAL_REPRESENTATION('',(#5789),#5792);
#5789 = B_SPLINE_CURVE_WITH_KNOTS('',1,(#5790,#5791),.UNSPECIFIED.,.F.,
  .F.,(2,2),(-325.75,-320.75),.PIECEWISE_BEZIER_KNOTS.);
#5790 = CARTESIAN_POINT('',(5.,-4.));
#5791 = CARTESIAN_POINT('',(0.,-4.));
#5792 = ( GEOMETRIC_REPRESENTATION_CONTEXT(2) 
PARAMETRIC_REPRESENTATION_CONTEXT() REPRESENTATION_CONTEXT('2D SPACE',''
  ) );
#5793 = FACE_BOUND('',#5794,.T.);
#5794 = EDGE_LOOP('',(#5795,#5818,#5839,#5860));
#5795 = ORIENTED_EDGE('',*,*,#5796,.F.);
#5796 = EDGE_CURVE('',#5797,#5799,#5801,.T.);
#5797 = VERTEX_POINT('',#5798);
#5798 = CARTESIAN_POINT('',(-198.5,-98.,-92.5));
#5799 = VERTEX_POINT('',#5800);
#5800 = CARTESIAN_POINT('',(198.5,-98.,-92.5));
#5801 = SURFACE_CURVE('',#5802,(#5806,#5812),.PCURVE_S1.);
#5802 = LINE('',#5803,#5804);
#5803 = CARTESIAN_POINT('',(-220.25,-98.,-92.5));
#5804 = VECTOR('',#5805,1.);
#5805 = DIRECTION('',(1.,0.,0.));
#5806 = PCURVE('',#2708,#5807);
#5807 = DEFINITIONAL_REPRESENTATION('',(#5808),#5811);
#5808 = B_SPLINE_CURVE_WITH_KNOTS('',1,(#5809,#5810),.UNSPECIFIED.,.F.,
  .F.,(2,2),(21.75,418.75),.PIECEWISE_BEZIER_KNOTS.);
#5809 = CARTESIAN_POINT('',(708.,43.5));
#5810 = CARTESIAN_POINT('',(708.,440.5));
#5811 = ( GEOMETRIC_REPRESENTATION_CONTEXT(2) 
PARAMETRIC_REPRESENTATION_CONTEXT() REPRESENTATION_CONTEXT('2D SPACE',''
  ) );
#5812 = PCURVE('',#3901,#5813);
#5813 = DEFINITIONAL_REPRESENTATION('',(#5814),#5817);
#5814 = B_SPLINE_CURVE_WITH_KNOTS('',1,(#5815,#5816),.UNSPECIFIED.,.F.,
  .F.,(2,2),(21.75,418.75),.PIECEWISE_BEZIER_KNOTS.);
#5815 = CARTESIAN_POINT('',(0.,4.));
#5816 = CARTESIAN_POINT('',(397.,4.));
#5817 = ( GEOMETRIC_REPRESENTATION_CONTEXT(2) 
PARAMETRIC_REPRESENTATION_CONTEXT() REPRESENTATION_CONTEXT('2D SPACE',''
  ) );
#5818 = ORIENTED_EDGE('',*,*,#5819,.T.);
#5819 = EDGE_CURVE('',#5797,#5820,#5822,.T.);
#5820 = VERTEX_POINT('',#5821);
#5821 = CARTESIAN_POINT('',(-198.5,-98.,-97.5));
#5822 = SURFACE_CURVE('',#5823,(#5827,#5833),.PCURVE_S1.);
#5823 = LINE('',#5824,#5825);
#5824 = CARTESIAN_POINT('',(-198.5,-98.,-449.));
#5825 = VECTOR('',#5826,1.);
#5826 = DIRECTION('',(0.,0.,-1.));
#5827 = PCURVE('',#2708,#5828);
#5828 = DEFINITIONAL_REPRESENTATION('',(#5829),#5832);
#5829 = B_SPLINE_CURVE_WITH_KNOTS('',1,(#5830,#5831),.UNSPECIFIED.,.F.,
  .F.,(2,2),(-356.5,-351.5),.PIECEWISE_BEZIER_KNOTS.);
#5830 = CARTESIAN_POINT('',(708.,43.5));
#5831 = CARTESIAN_POINT('',(703.,43.5));
#5832 = ( GEOMETRIC_REPRESENTATION_CONTEXT(2) 
PARAMETRIC_REPRESENTATION_CONTEXT() REPRESENTATION_CONTEXT('2D SPACE',''
  ) );
#5833 = PCURVE('',#3927,#5834);
#5834 = DEFINITIONAL_REPRESENTATION('',(#5835),#5838);
#5835 = B_SPLINE_CURVE_WITH_KNOTS('',1,(#5836,#5837),.UNSPECIFIED.,.F.,
  .F.,(2,2),(-356.5,-351.5),.PIECEWISE_BEZIER_KNOTS.);
#5836 = CARTESIAN_POINT('',(5.,-4.));
#5837 = CARTESIAN_POINT('',(0.,-4.));
#5838 = ( GEOMETRIC_REPRESENTATION_CONTEXT(2) 
PARAMETRIC_REPRESENTATION_CONTEXT() REPRESENTATION_CONTEXT('2D SPACE',''
  ) );
#5839 = ORIENTED_EDGE('',*,*,#5840,.T.);
#5840 = EDGE_CURVE('',#5820,#5841,#5843,.T.);
#5841 = VERTEX_POINT('',#5842);
#5842 = CARTESIAN_POINT('',(198.5,-98.,-97.5));
#5843 = SURFACE_CURVE('',#5844,(#5848,#5854),.PCURVE_S1.);
#5844 = LINE('',#5845,#5846);
#5845 = CARTESIAN_POINT('',(-220.25,-98.,-97.5));
#5846 = VECTOR('',#5847,1.);
#5847 = DIRECTION('',(1.,0.,0.));
#5848 = PCURVE('',#2708,#5849);
#5849 = DEFINITIONAL_REPRESENTATION('',(#5850),#5853);
#5850 = B_SPLINE_CURVE_WITH_KNOTS('',1,(#5851,#5852),.UNSPECIFIED.,.F.,
  .F.,(2,2),(21.75,418.75),.PIECEWISE_BEZIER_KNOTS.);
#5851 = CARTESIAN_POINT('',(703.,43.5));
#5852 = CARTESIAN_POINT('',(703.,440.5));
#5853 = ( GEOMETRIC_REPRESENTATION_CONTEXT(2) 
PARAMETRIC_REPRESENTATION_CONTEXT() REPRESENTATION_CONTEXT('2D SPACE',''
  ) );
#5854 = PCURVE('',#3953,#5855);
#5855 = DEFINITIONAL_REPRESENTATION('',(#5856),#5859);
#5856 = B_SPLINE_CURVE_WITH_KNOTS('',1,(#5857,#5858),.UNSPECIFIED.,.F.,
  .F.,(2,2),(21.75,418.75),.PIECEWISE_BEZIER_KNOTS.);
#5857 = CARTESIAN_POINT('',(0.,4.));
#5858 = CARTESIAN_POINT('',(397.,4.));
#5859 = ( GEOMETRIC_REPRESENTATION_CONTEXT(2) 
PARAMETRIC_REPRESENTATION_CONTEXT() REPRESENTATION_CONTEXT('2D SPACE',''
  ) );
#5860 = ORIENTED_EDGE('',*,*,#5861,.F.);
#5861 = EDGE_CURVE('',#5799,#5841,#5862,.T.);
#5862 = SURFACE_CURVE('',#5863,(#5867,#5873),.PCURVE_S1.);
#5863 = LINE('',#5864,#5865);
#5864 = CARTESIAN_POINT('',(198.5,-98.,-449.));
#5865 = VECTOR('',#5866,1.);
#5866 = DIRECTION('',(0.,0.,-1.));
#5867 = PCURVE('',#2708,#5868);
#5868 = DEFINITIONAL_REPRESENTATION('',(#5869),#5872);
#5869 = B_SPLINE_CURVE_WITH_KNOTS('',1,(#5870,#5871),.UNSPECIFIED.,.F.,
  .F.,(2,2),(-356.5,-351.5),.PIECEWISE_BEZIER_KNOTS.);
#5870 = CARTESIAN_POINT('',(708.,440.5));
#5871 = CARTESIAN_POINT('',(703.,440.5));
#5872 = ( GEOMETRIC_REPRESENTATION_CONTEXT(2) 
PARAMETRIC_REPRESENTATION_CONTEXT() REPRESENTATION_CONTEXT('2D SPACE',''
  ) );
#5873 = PCURVE('',#3977,#5874);
#5874 = DEFINITIONAL_REPRESENTATION('',(#5875),#5878);
#5875 = B_SPLINE_CURVE_WITH_KNOTS('',1,(#5876,#5877),.UNSPECIFIED.,.F.,
  .F.,(2,2),(-356.5,-351.5),.PIECEWISE_BEZIER_KNOTS.);
#5876 = CARTESIAN_POINT('',(5.,-4.));
#5877 = CARTESIAN_POINT('',(0.,-4.));
#5878 = ( GEOMETRIC_REPRESENTATION_CONTEXT(2) 
PARAMETRIC_REPRESENTATION_CONTEXT() REPRESENTATION_CONTEXT('2D SPACE',''
  ) );
#5879 = FACE_BOUND('',#5880,.T.);
#5880 = EDGE_LOOP('',(#5881,#5904,#5925,#5946));
#5881 = ORIENTED_EDGE('',*,*,#5882,.F.);
#5882 = EDGE_CURVE('',#5883,#5885,#5887,.T.);
#5883 = VERTEX_POINT('',#5884);
#5884 = CARTESIAN_POINT('',(-198.5,-98.,-31.));
#5885 = VERTEX_POINT('',#5886);
#5886 = CARTESIAN_POINT('',(198.5,-98.,-31.));
#5887 = SURFACE_CURVE('',#5888,(#5892,#5898),.PCURVE_S1.);
#5888 = LINE('',#5889,#5890);
#5889 = CARTESIAN_POINT('',(-220.25,-98.,-31.));
#5890 = VECTOR('',#5891,1.);
#5891 = DIRECTION('',(1.,0.,0.));
#5892 = PCURVE('',#2708,#5893);
#5893 = DEFINITIONAL_REPRESENTATION('',(#5894),#5897);
#5894 = B_SPLINE_CURVE_WITH_KNOTS('',1,(#5895,#5896),.UNSPECIFIED.,.F.,
  .F.,(2,2),(21.75,418.75),.PIECEWISE_BEZIER_KNOTS.);
#5895 = CARTESIAN_POINT('',(769.5,43.5));
#5896 = CARTESIAN_POINT('',(769.5,440.5));
#5897 = ( GEOMETRIC_REPRESENTATION_CONTEXT(2) 
PARAMETRIC_REPRESENTATION_CONTEXT() REPRESENTATION_CONTEXT('2D SPACE',''
  ) );
#5898 = PCURVE('',#4007,#5899);
#5899 = DEFINITIONAL_REPRESENTATION('',(#5900),#5903);
#5900 = B_SPLINE_CURVE_WITH_KNOTS('',1,(#5901,#5902),.UNSPECIFIED.,.F.,
  .F.,(2,2),(21.75,418.75),.PIECEWISE_BEZIER_KNOTS.);
#5901 = CARTESIAN_POINT('',(0.,4.));
#5902 = CARTESIAN_POINT('',(397.,4.));
#5903 = ( GEOMETRIC_REPRESENTATION_CONTEXT(2) 
PARAMETRIC_REPRESENTATION_CONTEXT() REPRESENTATION_CONTEXT('2D SPACE',''
  ) );
#5904 = ORIENTED_EDGE('',*,*,#5905,.T.);
#5905 = EDGE_CURVE('',#5883,#5906,#5908,.T.);
#5906 = VERTEX_POINT('',#5907);
#5907 = CARTESIAN_POINT('',(-198.5,-98.,-36.));
#5908 = SURFACE_CURVE('',#5909,(#5913,#5919),.PCURVE_S1.);
#5909 = LINE('',#5910,#5911);
#5910 = CARTESIAN_POINT('',(-198.5,-98.,-418.25));
#5911 = VECTOR('',#5912,1.);
#5912 = DIRECTION('',(0.,0.,-1.));
#5913 = PCURVE('',#2708,#5914);
#5914 = DEFINITIONAL_REPRESENTATION('',(#5915),#5918);
#5915 = B_SPLINE_CURVE_WITH_KNOTS('',1,(#5916,#5917),.UNSPECIFIED.,.F.,
  .F.,(2,2),(-387.25,-382.25),.PIECEWISE_BEZIER_KNOTS.);
#5916 = CARTESIAN_POINT('',(769.5,43.5));
#5917 = CARTESIAN_POINT('',(764.5,43.5));
#5918 = ( GEOMETRIC_REPRESENTATION_CONTEXT(2) 
PARAMETRIC_REPRESENTATION_CONTEXT() REPRESENTATION_CONTEXT('2D SPACE',''
  ) );
#5919 = PCURVE('',#4033,#5920);
#5920 = DEFINITIONAL_REPRESENTATION('',(#5921),#5924);
#5921 = B_SPLINE_CURVE_WITH_KNOTS('',1,(#5922,#5923),.UNSPECIFIED.,.F.,
  .F.,(2,2),(-387.25,-382.25),.PIECEWISE_BEZIER_KNOTS.);
#5922 = CARTESIAN_POINT('',(5.,-4.));
#5923 = CARTESIAN_POINT('',(0.,-4.));
#5924 = ( GEOMETRIC_REPRESENTATION_CONTEXT(2) 
PARAMETRIC_REPRESENTATION_CONTEXT() REPRESENTATION_CONTEXT('2D SPACE',''
  ) );
#5925 = ORIENTED_EDGE('',*,*,#5926,.T.);
#5926 = EDGE_CURVE('',#5906,#5927,#5929,.T.);
#5927 = VERTEX_POINT('',#5928);
#5928 = CARTESIAN_POINT('',(198.5,-98.,-36.));
#5929 = SURFACE_CURVE('',#5930,(#5934,#5940),.PCURVE_S1.);
#5930 = LINE('',#5931,#5932);
#5931 = CARTESIAN_POINT('',(-220.25,-98.,-36.));
#5932 = VECTOR('',#5933,1.);
#5933 = DIRECTION('',(1.,0.,0.));
#5934 = PCURVE('',#2708,#5935);
#5935 = DEFINITIONAL_REPRESENTATION('',(#5936),#5939);
#5936 = B_SPLINE_CURVE_WITH_KNOTS('',1,(#5937,#5938),.UNSPECIFIED.,.F.,
  .F.,(2,2),(21.75,418.75),.PIECEWISE_BEZIER_KNOTS.);
#5937 = CARTESIAN_POINT('',(764.5,43.5));
#5938 = CARTESIAN_POINT('',(764.5,440.5));
#5939 = ( GEOMETRIC_REPRESENTATION_CONTEXT(2) 
PARAMETRIC_REPRESENTATION_CONTEXT() REPRESENTATION_CONTEXT('2D SPACE',''
  ) );
#5940 = PCURVE('',#4059,#5941);
#5941 = DEFINITIONAL_REPRESENTATION('',(#5942),#5945);
#5942 = B_SPLINE_CURVE_WITH_KNOTS('',1,(#5943,#5944),.UNSPECIFIED.,.F.,
  .F.,(2,2),(21.75,418.75),.PIECEWISE_BEZIER_KNOTS.);
#5943 = CARTESIAN_POINT('',(0.,4.));
#5944 = CARTESIAN_POINT('',(397.,4.));
#5945 = ( GEOMETRIC_REPRESENTATION_CONTEXT(2) 
PARAMETRIC_REPRESENTATION_CONTEXT() REPRESENTATION_CONTEXT('2D SPACE',''
  ) );
#5946 = ORIENTED_EDGE('',*,*,#5947,.F.);
#5947 = EDGE_CURVE('',#5885,#5927,#5948,.T.);
#5948 = SURFACE_CURVE('',#5949,(#5953,#5959),.PCURVE_S1.);
#5949 = LINE('',#5950,#5951);
#5950 = CARTESIAN_POINT('',(198.5,-98.,-418.25));
#5951 = VECTOR('',#5952,1.);
#5952 = DIRECTION('',(0.,0.,-1.));
#5953 = PCURVE('',#2708,#5954);
#5954 = DEFINITIONAL_REPRESENTATION('',(#5955),#5958);
#5955 = B_SPLINE_CURVE_WITH_KNOTS('',1,(#5956,#5957),.UNSPECIFIED.,.F.,
  .F.,(2,2),(-387.25,-382.25),.PIECEWISE_BEZIER_KNOTS.);
#5956 = CARTESIAN_POINT('',(769.5,440.5));
#5957 = CARTESIAN_POINT('',(764.5,440.5));
#5958 = ( GEOMETRIC_REPRESENTATION_CONTEXT(2) 
PARAMETRIC_REPRESENTATION_CONTEXT() REPRESENTATION_CONTEXT('2D SPACE',''
  ) );
#5959 = PCURVE('',#4083,#5960);
#5960 = DEFINITIONAL_REPRESENTATION('',(#5961),#5964);
#5961 = B_SPLINE_CURVE_WITH_KNOTS('',1,(#5962,#5963),.UNSPECIFIED.,.F.,
  .F.,(2,2),(-387.25,-382.25),.PIECEWISE_BEZIER_KNOTS.);
#5962 = CARTESIAN_POINT('',(5.,-4.));
#5963 = CARTESIAN_POINT('',(0.,-4.));
#5964 = ( GEOMETRIC_REPRESENTATION_CONTEXT(2) 
PARAMETRIC_REPRESENTATION_CONTEXT() REPRESENTATION_CONTEXT('2D SPACE',''
  ) );
#5965 = FACE_BOUND('',#5966,.T.);
#5966 = EDGE_LOOP('',(#5967,#5990,#6011,#6032));
#5967 = ORIENTED_EDGE('',*,*,#5968,.F.);
#5968 = EDGE_CURVE('',#5969,#5971,#5973,.T.);
#5969 = VERTEX_POINT('',#5970);
#5970 = CARTESIAN_POINT('',(-198.5,-98.,30.5));
#5971 = VERTEX_POINT('',#5972);
#5972 = CARTESIAN_POINT('',(198.5,-98.,30.5));
#5973 = SURFACE_CURVE('',#5974,(#5978,#5984),.PCURVE_S1.);
#5974 = LINE('',#5975,#5976);
#5975 = CARTESIAN_POINT('',(-220.25,-98.,30.5));
#5976 = VECTOR('',#5977,1.);
#5977 = DIRECTION('',(1.,0.,0.));
#5978 = PCURVE('',#2708,#5979);
#5979 = DEFINITIONAL_REPRESENTATION('',(#5980),#5983);
#5980 = B_SPLINE_CURVE_WITH_KNOTS('',1,(#5981,#5982),.UNSPECIFIED.,.F.,
  .F.,(2,2),(21.75,418.75),.PIECEWISE_BEZIER_KNOTS.);
#5981 = CARTESIAN_POINT('',(831.,43.5));
#5982 = CARTESIAN_POINT('',(831.,440.5));
#5983 = ( GEOMETRIC_REPRESENTATION_CONTEXT(2) 
PARAMETRIC_REPRESENTATION_CONTEXT() REPRESENTATION_CONTEXT('2D SPACE',''
  ) );
#5984 = PCURVE('',#4113,#5985);
#5985 = DEFINITIONAL_REPRESENTATION('',(#5986),#5989);
#5986 = B_SPLINE_CURVE_WITH_KNOTS('',1,(#5987,#5988),.UNSPECIFIED.,.F.,
  .F.,(2,2),(21.75,418.75),.PIECEWISE_BEZIER_KNOTS.);
#5987 = CARTESIAN_POINT('',(0.,4.));
#5988 = CARTESIAN_POINT('',(397.,4.));
#5989 = ( GEOMETRIC_REPRESENTATION_CONTEXT(2) 
PARAMETRIC_REPRESENTATION_CONTEXT() REPRESENTATION_CONTEXT('2D SPACE',''
  ) );
#5990 = ORIENTED_EDGE('',*,*,#5991,.T.);
#5991 = EDGE_CURVE('',#5969,#5992,#5994,.T.);
#5992 = VERTEX_POINT('',#5993);
#5993 = CARTESIAN_POINT('',(-198.5,-98.,25.5));
#5994 = SURFACE_CURVE('',#5995,(#5999,#6005),.PCURVE_S1.);
#5995 = LINE('',#5996,#5997);
#5996 = CARTESIAN_POINT('',(-198.5,-98.,-387.5));
#5997 = VECTOR('',#5998,1.);
#5998 = DIRECTION('',(0.,0.,-1.));
#5999 = PCURVE('',#2708,#6000);
#6000 = DEFINITIONAL_REPRESENTATION('',(#6001),#6004);
#6001 = B_SPLINE_CURVE_WITH_KNOTS('',1,(#6002,#6003),.UNSPECIFIED.,.F.,
  .F.,(2,2),(-418.,-413.),.PIECEWISE_BEZIER_KNOTS.);
#6002 = CARTESIAN_POINT('',(831.,43.5));
#6003 = CARTESIAN_POINT('',(826.,43.5));
#6004 = ( GEOMETRIC_REPRESENTATION_CONTEXT(2) 
PARAMETRIC_REPRESENTATION_CONTEXT() REPRESENTATION_CONTEXT('2D SPACE',''
  ) );
#6005 = PCURVE('',#4139,#6006);
#6006 = DEFINITIONAL_REPRESENTATION('',(#6007),#6010);
#6007 = B_SPLINE_CURVE_WITH_KNOTS('',1,(#6008,#6009),.UNSPECIFIED.,.F.,
  .F.,(2,2),(-418.,-413.),.PIECEWISE_BEZIER_KNOTS.);
#6008 = CARTESIAN_POINT('',(5.,-4.));
#6009 = CARTESIAN_POINT('',(0.,-4.));
#6010 = ( GEOMETRIC_REPRESENTATION_CONTEXT(2) 
PARAMETRIC_REPRESENTATION_CONTEXT() REPRESENTATION_CONTEXT('2D SPACE',''
  ) );
#6011 = ORIENTED_EDGE('',*,*,#6012,.T.);
#6012 = EDGE_CURVE('',#5992,#6013,#6015,.T.);
#6013 = VERTEX_POINT('',#6014);
#6014 = CARTESIAN_POINT('',(198.5,-98.,25.5));
#6015 = SURFACE_CURVE('',#6016,(#6020,#6026),.PCURVE_S1.);
#6016 = LINE('',#6017,#6018);
#6017 = CARTESIAN_POINT('',(-220.25,-98.,25.5));
#6018 = VECTOR('',#6019,1.);
#6019 = DIRECTION('',(1.,0.,0.));
#6020 = PCURVE('',#2708,#6021);
#6021 = DEFINITIONAL_REPRESENTATION('',(#6022),#6025);
#6022 = B_SPLINE_CURVE_WITH_KNOTS('',1,(#6023,#6024),.UNSPECIFIED.,.F.,
  .F.,(2,2),(21.75,418.75),.PIECEWISE_BEZIER_KNOTS.);
#6023 = CARTESIAN_POINT('',(826.,43.5));
#6024 = CARTESIAN_POINT('',(826.,440.5));
#6025 = ( GEOMETRIC_REPRESENTATION_CONTEXT(2) 
PARAMETRIC_REPRESENTATION_CONTEXT() REPRESENTATION_CONTEXT('2D SPACE',''
  ) );
#6026 = PCURVE('',#4165,#6027);
#6027 = DEFINITIONAL_REPRESENTATION('',(#6028),#6031);
#6028 = B_SPLINE_CURVE_WITH_KNOTS('',1,(#6029,#6030),.UNSPECIFIED.,.F.,
  .F.,(2,2),(21.75,418.75),.PIECEWISE_BEZIER_KNOTS.);
#6029 = CARTESIAN_POINT('',(0.,4.));
#6030 = CARTESIAN_POINT('',(397.,4.));
#6031 = ( GEOMETRIC_REPRESENTATION_CONTEXT(2) 
PARAMETRIC_REPRESENTATION_CONTEXT() REPRESENTATION_CONTEXT('2D SPACE',''
  ) );
#6032 = ORIENTED_EDGE('',*,*,#6033,.F.);
#6033 = EDGE_CURVE('',#5971,#6013,#6034,.T.);
#6034 = SURFACE_CURVE('',#6035,(#6039,#6045),.PCURVE_S1.);
#6035 = LINE('',#6036,#6037);
#6036 = CARTESIAN_POINT('',(198.5,-98.,-387.5));
#6037 = VECTOR('',#6038,1.);
#6038 = DIRECTION('',(0.,0.,-1.));
#6039 = PCURVE('',#2708,#6040);
#6040 = DEFINITIONAL_REPRESENTATION('',(#6041),#6044);
#6041 = B_SPLINE_CURVE_WITH_KNOTS('',1,(#6042,#6043),.UNSPECIFIED.,.F.,
  .F.,(2,2),(-418.,-413.),.PIECEWISE_BEZIER_KNOTS.);
#6042 = CARTESIAN_POINT('',(831.,440.5));
#6043 = CARTESIAN_POINT('',(826.,440.5));
#6044 = ( GEOMETRIC_REPRESENTATION_CONTEXT(2) 
PARAMETRIC_REPRESENTATION_CONTEXT() REPRESENTATION_CONTEXT('2D SPACE',''
  ) );
#6045 = PCURVE('',#4189,#6046);
#6046 = DEFINITIONAL_REPRESENTATION('',(#6047),#6050);
#6047 = B_SPLINE_CURVE_WITH_KNOTS('',1,(#6048,#6049),.UNSPECIFIED.,.F.,
  .F.,(2,2),(-418.,-413.),.PIECEWISE_BEZIER_KNOTS.);
#6048 = CARTESIAN_POINT('',(5.,-4.));
#6049 = CARTESIAN_POINT('',(0.,-4.));
#6050 = ( GEOMETRIC_REPRESENTATION_CONTEXT(2) 
PARAMETRIC_REPRESENTATION_CONTEXT() REPRESENTATION_CONTEXT('2D SPACE',''
  ) );
#6051 = FACE_BOUND('',#6052,.T.);
#6052 = EDGE_LOOP('',(#6053,#6076,#6097,#6118));
#6053 = ORIENTED_EDGE('',*,*,#6054,.F.);
#6054 = EDGE_CURVE('',#6055,#6057,#6059,.T.);
#6055 = VERTEX_POINT('',#6056);
#6056 = CARTESIAN_POINT('',(-198.5,-98.,92.));
#6057 = VERTEX_POINT('',#6058);
#6058 = CARTESIAN_POINT('',(198.5,-98.,92.));
#6059 = SURFACE_CURVE('',#6060,(#6064,#6070),.PCURVE_S1.);
#6060 = LINE('',#6061,#6062);
#6061 = CARTESIAN_POINT('',(-220.25,-98.,92.));
#6062 = VECTOR('',#6063,1.);
#6063 = DIRECTION('',(1.,0.,0.));
#6064 = PCURVE('',#2708,#6065);
#6065 = DEFINITIONAL_REPRESENTATION('',(#6066),#6069);
#6066 = B_SPLINE_CURVE_WITH_KNOTS('',1,(#6067,#6068),.UNSPECIFIED.,.F.,
  .F.,(2,2),(21.75,418.75),.PIECEWISE_BEZIER_KNOTS.);
#6067 = CARTESIAN_POINT('',(892.5,43.5));
#6068 = CARTESIAN_POINT('',(892.5,440.5));
#6069 = ( GEOMETRIC_REPRESENTATION_CONTEXT(2) 
PARAMETRIC_REPRESENTATION_CONTEXT() REPRESENTATION_CONTEXT('2D SPACE',''
  ) );
#6070 = PCURVE('',#4219,#6071);
#6071 = DEFINITIONAL_REPRESENTATION('',(#6072),#6075);
#6072 = B_SPLINE_CURVE_WITH_KNOTS('',1,(#6073,#6074),.UNSPECIFIED.,.F.,
  .F.,(2,2),(21.75,418.75),.PIECEWISE_BEZIER_KNOTS.);
#6073 = CARTESIAN_POINT('',(0.,4.));
#6074 = CARTESIAN_POINT('',(397.,4.));
#6075 = ( GEOMETRIC_REPRESENTATION_CONTEXT(2) 
PARAMETRIC_REPRESENTATION_CONTEXT() REPRESENTATION_CONTEXT('2D SPACE',''
  ) );
#6076 = ORIENTED_EDGE('',*,*,#6077,.T.);
#6077 = EDGE_CURVE('',#6055,#6078,#6080,.T.);
#6078 = VERTEX_POINT('',#6079);
#6079 = CARTESIAN_POINT('',(-198.5,-98.,87.));
#6080 = SURFACE_CURVE('',#6081,(#6085,#6091),.PCURVE_S1.);
#6081 = LINE('',#6082,#6083);
#6082 = CARTESIAN_POINT('',(-198.5,-98.,-356.75));
#6083 = VECTOR('',#6084,1.);
#6084 = DIRECTION('',(0.,0.,-1.));
#6085 = PCURVE('',#2708,#6086);
#6086 = DEFINITIONAL_REPRESENTATION('',(#6087),#6090);
#6087 = B_SPLINE_CURVE_WITH_KNOTS('',1,(#6088,#6089),.UNSPECIFIED.,.F.,
  .F.,(2,2),(-448.75,-443.75),.PIECEWISE_BEZIER_KNOTS.);
#6088 = CARTESIAN_POINT('',(892.5,43.5));
#6089 = CARTESIAN_POINT('',(887.5,43.5));
#6090 = ( GEOMETRIC_REPRESENTATION_CONTEXT(2) 
PARAMETRIC_REPRESENTATION_CONTEXT() REPRESENTATION_CONTEXT('2D SPACE',''
  ) );
#6091 = PCURVE('',#4245,#6092);
#6092 = DEFINITIONAL_REPRESENTATION('',(#6093),#6096);
#6093 = B_SPLINE_CURVE_WITH_KNOTS('',1,(#6094,#6095),.UNSPECIFIED.,.F.,
  .F.,(2,2),(-448.75,-443.75),.PIECEWISE_BEZIER_KNOTS.);
#6094 = CARTESIAN_POINT('',(5.,-4.));
#6095 = CARTESIAN_POINT('',(0.,-4.));
#6096 = ( GEOMETRIC_REPRESENTATION_CONTEXT(2) 
PARAMETRIC_REPRESENTATION_CONTEXT() REPRESENTATION_CONTEXT('2D SPACE',''
  ) );
#6097 = ORIENTED_EDGE('',*,*,#6098,.T.);
#6098 = EDGE_CURVE('',#6078,#6099,#6101,.T.);
#6099 = VERTEX_POINT('',#6100);
#6100 = CARTESIAN_POINT('',(198.5,-98.,87.));
#6101 = SURFACE_CURVE('',#6102,(#6106,#6112),.PCURVE_S1.);
#6102 = LINE('',#6103,#6104);
#6103 = CARTESIAN_POINT('',(-220.25,-98.,87.));
#6104 = VECTOR('',#6105,1.);
#6105 = DIRECTION('',(1.,0.,0.));
#6106 = PCURVE('',#2708,#6107);
#6107 = DEFINITIONAL_REPRESENTATION('',(#6108),#6111);
#6108 = B_SPLINE_CURVE_WITH_KNOTS('',1,(#6109,#6110),.UNSPECIFIED.,.F.,
  .F.,(2,2),(21.75,418.75),.PIECEWISE_BEZIER_KNOTS.);
#6109 = CARTESIAN_POINT('',(887.5,43.5));
#6110 = CARTESIAN_POINT('',(887.5,440.5));
#6111 = ( GEOMETRIC_REPRESENTATION_CONTEXT(2) 
PARAMETRIC_REPRESENTATION_CONTEXT() REPRESENTATION_CONTEXT('2D SPACE',''
  ) );
#6112 = PCURVE('',#4271,#6113);
#6113 = DEFINITIONAL_REPRESENTATION('',(#6114),#6117);
#6114 = B_SPLINE_CURVE_WITH_KNOTS('',1,(#6115,#6116),.UNSPECIFIED.,.F.,
  .F.,(2,2),(21.75,418.75),.PIECEWISE_BEZIER_KNOTS.);
#6115 = CARTESIAN_POINT('',(0.,4.));
#6116 = CARTESIAN_POINT('',(397.,4.));
#6117 = ( GEOMETRIC_REPRESENTATION_CONTEXT(2) 
PARAMETRIC_REPRESENTATION_CONTEXT() REPRESENTATION_CONTEXT('2D SPACE',''
  ) );
#6118 = ORIENTED_EDGE('',*,*,#6119,.F.);
#6119 = EDGE_CURVE('',#6057,#6099,#6120,.T.);
#6120 = SURFACE_CURVE('',#6121,(#6125,#6131),.PCURVE_S1.);
#6121 = LINE('',#6122,#6123);
#6122 = CARTESIAN_POINT('',(198.5,-98.,-356.75));
#6123 = VECTOR('',#6124,1.);
#6124 = DIRECTION('',(0.,0.,-1.));
#6125 = PCURVE('',#2708,#6126);
#6126 = DEFINITIONAL_REPRESENTATION('',(#6127),#6130);
#6127 = B_SPLINE_CURVE_WITH_KNOTS('',1,(#6128,#6129),.UNSPECIFIED.,.F.,
  .F.,(2,2),(-448.75,-443.75),.PIECEWISE_BEZIER_KNOTS.);
#6128 = CARTESIAN_POINT('',(892.5,440.5));
#6129 = CARTESIAN_POINT('',(887.5,440.5));
#6130 = ( GEOMETRIC_REPRESENTATION_CONTEXT(2) 
PARAMETRIC_REPRESENTATION_CONTEXT() REPRESENTATION_CONTEXT('2D SPACE',''
  ) );
#6131 = PCURVE('',#4295,#6132);
#6132 = DEFINITIONAL_REPRESENTATION('',(#6133),#6136);
#6133 = B_SPLINE_CURVE_WITH_KNOTS('',1,(#6134,#6135),.UNSPECIFIED.,.F.,
  .F.,(2,2),(-448.75,-443.75),.PIECEWISE_BEZIER_KNOTS.);
#6134 = CARTESIAN_POINT('',(5.,-4.));
#6135 = CARTESIAN_POINT('',(0.,-4.));
#6136 = ( GEOMETRIC_REPRESENTATION_CONTEXT(2) 
PARAMETRIC_REPRESENTATION_CONTEXT() REPRESENTATION_CONTEXT('2D SPACE',''
  ) );
#6137 = FACE_BOUND('',#6138,.T.);
#6138 = EDGE_LOOP('',(#6139,#6162,#6183,#6204));
#6139 = ORIENTED_EDGE('',*,*,#6140,.F.);
#6140 = EDGE_CURVE('',#6141,#6143,#6145,.T.);
#6141 = VERTEX_POINT('',#6142);
#6142 = CARTESIAN_POINT('',(-198.5,-98.,153.5));
#6143 = VERTEX_POINT('',#6144);
#6144 = CARTESIAN_POINT('',(198.5,-98.,153.5));
#6145 = SURFACE_CURVE('',#6146,(#6150,#6156),.PCURVE_S1.);
#6146 = LINE('',#6147,#6148);
#6147 = CARTESIAN_POINT('',(-220.25,-98.,153.5));
#6148 = VECTOR('',#6149,1.);
#6149 = DIRECTION('',(1.,0.,0.));
#6150 = PCURVE('',#2708,#6151);
#6151 = DEFINITIONAL_REPRESENTATION('',(#6152),#6155);
#6152 = B_SPLINE_CURVE_WITH_KNOTS('',1,(#6153,#6154),.UNSPECIFIED.,.F.,
  .F.,(2,2),(21.75,418.75),.PIECEWISE_BEZIER_KNOTS.);
#6153 = CARTESIAN_POINT('',(954.,43.5));
#6154 = CARTESIAN_POINT('',(954.,440.5));
#6155 = ( GEOMETRIC_REPRESENTATION_CONTEXT(2) 
PARAMETRIC_REPRESENTATION_CONTEXT() REPRESENTATION_CONTEXT('2D SPACE',''
  ) );
#6156 = PCURVE('',#4325,#6157);
#6157 = DEFINITIONAL_REPRESENTATION('',(#6158),#6161);
#6158 = B_SPLINE_CURVE_WITH_KNOTS('',1,(#6159,#6160),.UNSPECIFIED.,.F.,
  .F.,(2,2),(21.75,418.75),.PIECEWISE_BEZIER_KNOTS.);
#6159 = CARTESIAN_POINT('',(0.,4.));
#6160 = CARTESIAN_POINT('',(397.,4.));
#6161 = ( GEOMETRIC_REPRESENTATION_CONTEXT(2) 
PARAMETRIC_REPRESENTATION_CONTEXT() REPRESENTATION_CONTEXT('2D SPACE',''
  ) );
#6162 = ORIENTED_EDGE('',*,*,#6163,.T.);
#6163 = EDGE_CURVE('',#6141,#6164,#6166,.T.);
#6164 = VERTEX_POINT('',#6165);
#6165 = CARTESIAN_POINT('',(-198.5,-98.,148.5));
#6166 = SURFACE_CURVE('',#6167,(#6171,#6177),.PCURVE_S1.);
#6167 = LINE('',#6168,#6169);
#6168 = CARTESIAN_POINT('',(-198.5,-98.,-326.));
#6169 = VECTOR('',#6170,1.);
#6170 = DIRECTION('',(0.,0.,-1.));
#6171 = PCURVE('',#2708,#6172);
#6172 = DEFINITIONAL_REPRESENTATION('',(#6173),#6176);
#6173 = B_SPLINE_CURVE_WITH_KNOTS('',1,(#6174,#6175),.UNSPECIFIED.,.F.,
  .F.,(2,2),(-479.5,-474.5),.PIECEWISE_BEZIER_KNOTS.);
#6174 = CARTESIAN_POINT('',(954.,43.5));
#6175 = CARTESIAN_POINT('',(949.,43.5));
#6176 = ( GEOMETRIC_REPRESENTATION_CONTEXT(2) 
PARAMETRIC_REPRESENTATION_CONTEXT() REPRESENTATION_CONTEXT('2D SPACE',''
  ) );
#6177 = PCURVE('',#4351,#6178);
#6178 = DEFINITIONAL_REPRESENTATION('',(#6179),#6182);
#6179 = B_SPLINE_CURVE_WITH_KNOTS('',1,(#6180,#6181),.UNSPECIFIED.,.F.,
  .F.,(2,2),(-479.5,-474.5),.PIECEWISE_BEZIER_KNOTS.);
#6180 = CARTESIAN_POINT('',(5.,-4.));
#6181 = CARTESIAN_POINT('',(0.,-4.));
#6182 = ( GEOMETRIC_REPRESENTATION_CONTEXT(2) 
PARAMETRIC_REPRESENTATION_CONTEXT() REPRESENTATION_CONTEXT('2D SPACE',''
  ) );
#6183 = ORIENTED_EDGE('',*,*,#6184,.T.);
#6184 = EDGE_CURVE('',#6164,#6185,#6187,.T.);
#6185 = VERTEX_POINT('',#6186);
#6186 = CARTESIAN_POINT('',(198.5,-98.,148.5));
#6187 = SURFACE_CURVE('',#6188,(#6192,#6198),.PCURVE_S1.);
#6188 = LINE('',#6189,#6190);
#6189 = CARTESIAN_POINT('',(-220.25,-98.,148.5));
#6190 = VECTOR('',#6191,1.);
#6191 = DIRECTION('',(1.,0.,0.));
#6192 = PCURVE('',#2708,#6193);
#6193 = DEFINITIONAL_REPRESENTATION('',(#6194),#6197);
#6194 = B_SPLINE_CURVE_WITH_KNOTS('',1,(#6195,#6196),.UNSPECIFIED.,.F.,
  .F.,(2,2),(21.75,418.75),.PIECEWISE_BEZIER_KNOTS.);
#6195 = CARTESIAN_POINT('',(949.,43.5));
#6196 = CARTESIAN_POINT('',(949.,440.5));
#6197 = ( GEOMETRIC_REPRESENTATION_CONTEXT(2) 
PARAMETRIC_REPRESENTATION_CONTEXT() REPRESENTATION_CONTEXT('2D SPACE',''
  ) );
#6198 = PCURVE('',#4377,#6199);
#6199 = DEFINITIONAL_REPRESENTATION('',(#6200),#6203);
#6200 = B_SPLINE_CURVE_WITH_KNOTS('',1,(#6201,#6202),.UNSPECIFIED.,.F.,
  .F.,(2,2),(21.75,418.75),.PIECEWISE_BEZIER_KNOTS.);
#6201 = CARTESIAN_POINT('',(0.,4.));
#6202 = CARTESIAN_POINT('',(397.,4.));
#6203 = ( GEOMETRIC_REPRESENTATION_CONTEXT(2) 
PARAMETRIC_REPRESENTATION_CONTEXT() REPRESENTATION_CONTEXT('2D SPACE',''
  ) );
#6204 = ORIENTED_EDGE('',*,*,#6205,.F.);
#6205 = EDGE_CURVE('',#6143,#6185,#6206,.T.);
#6206 = SURFACE_CURVE('',#6207,(#6211,#6217),.PCURVE_S1.);
#6207 = LINE('',#6208,#6209);
#6208 = CARTESIAN_POINT('',(198.5,-98.,-326.));
#6209 = VECTOR('',#6210,1.);
#6210 = DIRECTION('',(0.,0.,-1.));
#6211 = PCURVE('',#2708,#6212);
#6212 = DEFINITIONAL_REPRESENTATION('',(#6213),#6216);
#6213 = B_SPLINE_CURVE_WITH_KNOTS('',1,(#6214,#6215),.UNSPECIFIED.,.F.,
  .F.,(2,2),(-479.5,-474.5),.PIECEWISE_BEZIER_KNOTS.);
#6214 = CARTESIAN_POINT('',(954.,440.5));
#6215 = CARTESIAN_POINT('',(949.,440.5));
#6216 = ( GEOMETRIC_REPRESENTATION_CONTEXT(2) 
PARAMETRIC_REPRESENTATION_CONTEXT() REPRESENTATION_CONTEXT('2D SPACE',''
  ) );
#6217 = PCURVE('',#4401,#6218);
#6218 = DEFINITIONAL_REPRESENTATION('',(#6219),#6222);
#6219 = B_SPLINE_CURVE_WITH_KNOTS('',1,(#6220,#6221),.UNSPECIFIED.,.F.,
  .F.,(2,2),(-479.5,-474.5),.PIECEWISE_BEZIER_KNOTS.);
#6220 = CARTESIAN_POINT('',(5.,-4.));
#6221 = CARTESIAN_POINT('',(0.,-4.));
#6222 = ( GEOMETRIC_REPRESENTATION_CONTEXT(2) 
PARAMETRIC_REPRESENTATION_CONTEXT() REPRESENTATION_CONTEXT('2D SPACE',''
  ) );
#6223 = FACE_BOUND('',#6224,.T.);
#6224 = EDGE_LOOP('',(#6225,#6248,#6269,#6290));
#6225 = ORIENTED_EDGE('',*,*,#6226,.F.);
#6226 = EDGE_CURVE('',#6227,#6229,#6231,.T.);
#6227 = VERTEX_POINT('',#6228);
#6228 = CARTESIAN_POINT('',(-198.5,-98.,215.));
#6229 = VERTEX_POINT('',#6230);
#6230 = CARTESIAN_POINT('',(198.5,-98.,215.));
#6231 = SURFACE_CURVE('',#6232,(#6236,#6242),.PCURVE_S1.);
#6232 = LINE('',#6233,#6234);
#6233 = CARTESIAN_POINT('',(-220.25,-98.,215.));
#6234 = VECTOR('',#6235,1.);
#6235 = DIRECTION('',(1.,0.,0.));
#6236 = PCURVE('',#2708,#6237);
#6237 = DEFINITIONAL_REPRESENTATION('',(#6238),#6241);
#6238 = B_SPLINE_CURVE_WITH_KNOTS('',1,(#6239,#6240),.UNSPECIFIED.,.F.,
  .F.,(2,2),(21.75,418.75),.PIECEWISE_BEZIER_KNOTS.);
#6239 = CARTESIAN_POINT('',(1.0155E+03,43.5));
#6240 = CARTESIAN_POINT('',(1.0155E+03,440.5));
#6241 = ( GEOMETRIC_REPRESENTATION_CONTEXT(2) 
PARAMETRIC_REPRESENTATION_CONTEXT() REPRESENTATION_CONTEXT('2D SPACE',''
  ) );
#6242 = PCURVE('',#4431,#6243);
#6243 = DEFINITIONAL_REPRESENTATION('',(#6244),#6247);
#6244 = B_SPLINE_CURVE_WITH_KNOTS('',1,(#6245,#6246),.UNSPECIFIED.,.F.,
  .F.,(2,2),(21.75,418.75),.PIECEWISE_BEZIER_KNOTS.);
#6245 = CARTESIAN_POINT('',(0.,4.));
#6246 = CARTESIAN_POINT('',(397.,4.));
#6247 = ( GEOMETRIC_REPRESENTATION_CONTEXT(2) 
PARAMETRIC_REPRESENTATION_CONTEXT() REPRESENTATION_CONTEXT('2D SPACE',''
  ) );
#6248 = ORIENTED_EDGE('',*,*,#6249,.T.);
#6249 = EDGE_CURVE('',#6227,#6250,#6252,.T.);
#6250 = VERTEX_POINT('',#6251);
#6251 = CARTESIAN_POINT('',(-198.5,-98.,210.));
#6252 = SURFACE_CURVE('',#6253,(#6257,#6263),.PCURVE_S1.);
#6253 = LINE('',#6254,#6255);
#6254 = CARTESIAN_POINT('',(-198.5,-98.,-295.25));
#6255 = VECTOR('',#6256,1.);
#6256 = DIRECTION('',(0.,0.,-1.));
#6257 = PCURVE('',#2708,#6258);
#6258 = DEFINITIONAL_REPRESENTATION('',(#6259),#6262);
#6259 = B_SPLINE_CURVE_WITH_KNOTS('',1,(#6260,#6261),.UNSPECIFIED.,.F.,
  .F.,(2,2),(-510.25,-505.25),.PIECEWISE_BEZIER_KNOTS.);
#6260 = CARTESIAN_POINT('',(1.0155E+03,43.5));
#6261 = CARTESIAN_POINT('',(1.0105E+03,43.5));
#6262 = ( GEOMETRIC_REPRESENTATION_CONTEXT(2) 
PARAMETRIC_REPRESENTATION_CONTEXT() REPRESENTATION_CONTEXT('2D SPACE',''
  ) );
#6263 = PCURVE('',#4457,#6264);
#6264 = DEFINITIONAL_REPRESENTATION('',(#6265),#6268);
#6265 = B_SPLINE_CURVE_WITH_KNOTS('',1,(#6266,#6267),.UNSPECIFIED.,.F.,
  .F.,(2,2),(-510.25,-505.25),.PIECEWISE_BEZIER_KNOTS.);
#6266 = CARTESIAN_POINT('',(5.,-4.));
#6267 = CARTESIAN_POINT('',(0.,-4.));
#6268 = ( GEOMETRIC_REPRESENTATION_CONTEXT(2) 
PARAMETRIC_REPRESENTATION_CONTEXT() REPRESENTATION_CONTEXT('2D SPACE',''
  ) );
#6269 = ORIENTED_EDGE('',*,*,#6270,.T.);
#6270 = EDGE_CURVE('',#6250,#6271,#6273,.T.);
#6271 = VERTEX_POINT('',#6272);
#6272 = CARTESIAN_POINT('',(198.5,-98.,210.));
#6273 = SURFACE_CURVE('',#6274,(#6278,#6284),.PCURVE_S1.);
#6274 = LINE('',#6275,#6276);
#6275 = CARTESIAN_POINT('',(-220.25,-98.,210.));
#6276 = VECTOR('',#6277,1.);
#6277 = DIRECTION('',(1.,0.,0.));
#6278 = PCURVE('',#2708,#6279);
#6279 = DEFINITIONAL_REPRESENTATION('',(#6280),#6283);
#6280 = B_SPLINE_CURVE_WITH_KNOTS('',1,(#6281,#6282),.UNSPECIFIED.,.F.,
  .F.,(2,2),(21.75,418.75),.PIECEWISE_BEZIER_KNOTS.);
#6281 = CARTESIAN_POINT('',(1.0105E+03,43.5));
#6282 = CARTESIAN_POINT('',(1.0105E+03,440.5));
#6283 = ( GEOMETRIC_REPRESENTATION_CONTEXT(2) 
PARAMETRIC_REPRESENTATION_CONTEXT() REPRESENTATION_CONTEXT('2D SPACE',''
  ) );
#6284 = PCURVE('',#4483,#6285);
#6285 = DEFINITIONAL_REPRESENTATION('',(#6286),#6289);
#6286 = B_SPLINE_CURVE_WITH_KNOTS('',1,(#6287,#6288),.UNSPECIFIED.,.F.,
  .F.,(2,2),(21.75,418.75),.PIECEWISE_BEZIER_KNOTS.);
#6287 = CARTESIAN_POINT('',(0.,4.));
#6288 = CARTESIAN_POINT('',(397.,4.));
#6289 = ( GEOMETRIC_REPRESENTATION_CONTEXT(2) 
PARAMETRIC_REPRESENTATION_CONTEXT() REPRESENTATION_CONTEXT('2D SPACE',''
  ) );
#6290 = ORIENTED_EDGE('',*,*,#6291,.F.);
#6291 = EDGE_CURVE('',#6229,#6271,#6292,.T.);
#6292 = SURFACE_CURVE('',#6293,(#6297,#6303),.PCURVE_S1.);
#6293 = LINE('',#6294,#6295);
#6294 = CARTESIAN_POINT('',(198.5,-98.,-295.25));
#6295 = VECTOR('',#6296,1.);
#6296 = DIRECTION('',(0.,0.,-1.));
#6297 = PCURVE('',#2708,#6298);
#6298 = DEFINITIONAL_REPRESENTATION('',(#6299),#6302);
#6299 = B_SPLINE_CURVE_WITH_KNOTS('',1,(#6300,#6301),.UNSPECIFIED.,.F.,
  .F.,(2,2),(-510.25,-505.25),.PIECEWISE_BEZIER_KNOTS.);
#6300 = CARTESIAN_POINT('',(1.0155E+03,440.5));
#6301 = CARTESIAN_POINT('',(1.0105E+03,440.5));
#6302 = ( GEOMETRIC_REPRESENTATION_CONTEXT(2) 
PARAMETRIC_REPRESENTATION_CONTEXT() REPRESENTATION_CONTEXT('2D SPACE',''
  ) );
#6303 = PCURVE('',#4507,#6304);
#6304 = DEFINITIONAL_REPRESENTATION('',(#6305),#6308);
#6305 = B_SPLINE_CURVE_WITH_KNOTS('',1,(#6306,#6307),.UNSPECIFIED.,.F.,
  .F.,(2,2),(-510.25,-505.25),.PIECEWISE_BEZIER_KNOTS.);
#6306 = CARTESIAN_POINT('',(5.,-4.));
#6307 = CARTESIAN_POINT('',(0.,-4.));
#6308 = ( GEOMETRIC_REPRESENTATION_CONTEXT(2) 
PARAMETRIC_REPRESENTATION_CONTEXT() REPRESENTATION_CONTEXT('2D SPACE',''
  ) );
#6309 = FACE_BOUND('',#6310,.T.);
#6310 = EDGE_LOOP('',(#6311,#6334,#6355,#6376));
#6311 = ORIENTED_EDGE('',*,*,#6312,.F.);
#6312 = EDGE_CURVE('',#6313,#6315,#6317,.T.);
#6313 = VERTEX_POINT('',#6314);
#6314 = CARTESIAN_POINT('',(-198.5,-98.,276.5));
#6315 = VERTEX_POINT('',#6316);
#6316 = CARTESIAN_POINT('',(198.5,-98.,276.5));
#6317 = SURFACE_CURVE('',#6318,(#6322,#6328),.PCURVE_S1.);
#6318 = LINE('',#6319,#6320);
#6319 = CARTESIAN_POINT('',(-220.25,-98.,276.5));
#6320 = VECTOR('',#6321,1.);
#6321 = DIRECTION('',(1.,0.,0.));
#6322 = PCURVE('',#2708,#6323);
#6323 = DEFINITIONAL_REPRESENTATION('',(#6324),#6327);
#6324 = B_SPLINE_CURVE_WITH_KNOTS('',1,(#6325,#6326),.UNSPECIFIED.,.F.,
  .F.,(2,2),(21.75,418.75),.PIECEWISE_BEZIER_KNOTS.);
#6325 = CARTESIAN_POINT('',(1.077E+03,43.5));
#6326 = CARTESIAN_POINT('',(1.077E+03,440.5));
#6327 = ( GEOMETRIC_REPRESENTATION_CONTEXT(2) 
PARAMETRIC_REPRESENTATION_CONTEXT() REPRESENTATION_CONTEXT('2D SPACE',''
  ) );
#6328 = PCURVE('',#4537,#6329);
#6329 = DEFINITIONAL_REPRESENTATION('',(#6330),#6333);
#6330 = B_SPLINE_CURVE_WITH_KNOTS('',1,(#6331,#6332),.UNSPECIFIED.,.F.,
  .F.,(2,2),(21.75,418.75),.PIECEWISE_BEZIER_KNOTS.);
#6331 = CARTESIAN_POINT('',(0.,4.));
#6332 = CARTESIAN_POINT('',(397.,4.));
#6333 = ( GEOMETRIC_REPRESENTATION_CONTEXT(2) 
PARAMETRIC_REPRESENTATION_CONTEXT() REPRESENTATION_CONTEXT('2D SPACE',''
  ) );
#6334 = ORIENTED_EDGE('',*,*,#6335,.T.);
#6335 = EDGE_CURVE('',#6313,#6336,#6338,.T.);
#6336 = VERTEX_POINT('',#6337);
#6337 = CARTESIAN_POINT('',(-198.5,-98.,271.5));
#6338 = SURFACE_CURVE('',#6339,(#6343,#6349),.PCURVE_S1.);
#6339 = LINE('',#6340,#6341);
#6340 = CARTESIAN_POINT('',(-198.5,-98.,-264.5));
#6341 = VECTOR('',#6342,1.);
#6342 = DIRECTION('',(0.,0.,-1.));
#6343 = PCURVE('',#2708,#6344);
#6344 = DEFINITIONAL_REPRESENTATION('',(#6345),#6348);
#6345 = B_SPLINE_CURVE_WITH_KNOTS('',1,(#6346,#6347),.UNSPECIFIED.,.F.,
  .F.,(2,2),(-541.,-536.),.PIECEWISE_BEZIER_KNOTS.);
#6346 = CARTESIAN_POINT('',(1.077E+03,43.5));
#6347 = CARTESIAN_POINT('',(1.072E+03,43.5));
#6348 = ( GEOMETRIC_REPRESENTATION_CONTEXT(2) 
PARAMETRIC_REPRESENTATION_CONTEXT() REPRESENTATION_CONTEXT('2D SPACE',''
  ) );
#6349 = PCURVE('',#4563,#6350);
#6350 = DEFINITIONAL_REPRESENTATION('',(#6351),#6354);
#6351 = B_SPLINE_CURVE_WITH_KNOTS('',1,(#6352,#6353),.UNSPECIFIED.,.F.,
  .F.,(2,2),(-541.,-536.),.PIECEWISE_BEZIER_KNOTS.);
#6352 = CARTESIAN_POINT('',(5.,-4.));
#6353 = CARTESIAN_POINT('',(0.,-4.));
#6354 = ( GEOMETRIC_REPRESENTATION_CONTEXT(2) 
PARAMETRIC_REPRESENTATION_CONTEXT() REPRESENTATION_CONTEXT('2D SPACE',''
  ) );
#6355 = ORIENTED_EDGE('',*,*,#6356,.T.);
#6356 = EDGE_CURVE('',#6336,#6357,#6359,.T.);
#6357 = VERTEX_POINT('',#6358);
#6358 = CARTESIAN_POINT('',(198.5,-98.,271.5));
#6359 = SURFACE_CURVE('',#6360,(#6364,#6370),.PCURVE_S1.);
#6360 = LINE('',#6361,#6362);
#6361 = CARTESIAN_POINT('',(-220.25,-98.,271.5));
#6362 = VECTOR('',#6363,1.);
#6363 = DIRECTION('',(1.,0.,0.));
#6364 = PCURVE('',#2708,#6365);
#6365 = DEFINITIONAL_REPRESENTATION('',(#6366),#6369);
#6366 = B_SPLINE_CURVE_WITH_KNOTS('',1,(#6367,#6368),.UNSPECIFIED.,.F.,
  .F.,(2,2),(21.75,418.75),.PIECEWISE_BEZIER_KNOTS.);
#6367 = CARTESIAN_POINT('',(1.072E+03,43.5));
#6368 = CARTESIAN_POINT('',(1.072E+03,440.5));
#6369 = ( GEOMETRIC_REPRESENTATION_CONTEXT(2) 
PARAMETRIC_REPRESENTATION_CONTEXT() REPRESENTATION_CONTEXT('2D SPACE',''
  ) );
#6370 = PCURVE('',#4589,#6371);
#6371 = DEFINITIONAL_REPRESENTATION('',(#6372),#6375);
#6372 = B_SPLINE_CURVE_WITH_KNOTS('',1,(#6373,#6374),.UNSPECIFIED.,.F.,
  .F.,(2,2),(21.75,418.75),.PIECEWISE_BEZIER_KNOTS.);
#6373 = CARTESIAN_POINT('',(0.,4.));
#6374 = CARTESIAN_POINT('',(397.,4.));
#6375 = ( GEOMETRIC_REPRESENTATION_CONTEXT(2) 
PARAMETRIC_REPRESENTATION_CONTEXT() REPRESENTATION_CONTEXT('2D SPACE',''
  ) );
#6376 = ORIENTED_EDGE('',*,*,#6377,.F.);
#6377 = EDGE_CURVE('',#6315,#6357,#6378,.T.);
#6378 = SURFACE_CURVE('',#6379,(#6383,#6389),.PCURVE_S1.);
#6379 = LINE('',#6380,#6381);
#6380 = CARTESIAN_POINT('',(198.5,-98.,-264.5));
#6381 = VECTOR('',#6382,1.);
#6382 = DIRECTION('',(0.,0.,-1.));
#6383 = PCURVE('',#2708,#6384);
#6384 = DEFINITIONAL_REPRESENTATION('',(#6385),#6388);
#6385 = B_SPLINE_CURVE_WITH_KNOTS('',1,(#6386,#6387),.UNSPECIFIED.,.F.,
  .F.,(2,2),(-541.,-536.),.PIECEWISE_BEZIER_KNOTS.);
#6386 = CARTESIAN_POINT('',(1.077E+03,440.5));
#6387 = CARTESIAN_POINT('',(1.072E+03,440.5));
#6388 = ( GEOMETRIC_REPRESENTATION_CONTEXT(2) 
PARAMETRIC_REPRESENTATION_CONTEXT() REPRESENTATION_CONTEXT('2D SPACE',''
  ) );
#6389 = PCURVE('',#4613,#6390);
#6390 = DEFINITIONAL_REPRESENTATION('',(#6391),#6394);
#6391 = B_SPLINE_CURVE_WITH_KNOTS('',1,(#6392,#6393),.UNSPECIFIED.,.F.,
  .F.,(2,2),(-541.,-536.),.PIECEWISE_BEZIER_KNOTS.);
#6392 = CARTESIAN_POINT('',(5.,-4.));
#6393 = CARTESIAN_POINT('',(0.,-4.));
#6394 = ( GEOMETRIC_REPRESENTATION_CONTEXT(2) 
PARAMETRIC_REPRESENTATION_CONTEXT() REPRESENTATION_CONTEXT('2D SPACE',''
  ) );
#6395 = FACE_BOUND('',#6396,.T.);
#6396 = EDGE_LOOP('',(#6397,#6420,#6441,#6462));
#6397 = ORIENTED_EDGE('',*,*,#6398,.F.);
#6398 = EDGE_CURVE('',#6399,#6401,#6403,.T.);
#6399 = VERTEX_POINT('',#6400);
#6400 = CARTESIAN_POINT('',(-198.5,-98.,338.));
#6401 = VERTEX_POINT('',#6402);
#6402 = CARTESIAN_POINT('',(198.5,-98.,338.));
#6403 = SURFACE_CURVE('',#6404,(#6408,#6414),.PCURVE_S1.);
#6404 = LINE('',#6405,#6406);
#6405 = CARTESIAN_POINT('',(-220.25,-98.,338.));
#6406 = VECTOR('',#6407,1.);
#6407 = DIRECTION('',(1.,0.,0.));
#6408 = PCURVE('',#2708,#6409);
#6409 = DEFINITIONAL_REPRESENTATION('',(#6410),#6413);
#6410 = B_SPLINE_CURVE_WITH_KNOTS('',1,(#6411,#6412),.UNSPECIFIED.,.F.,
  .F.,(2,2),(21.75,418.75),.PIECEWISE_BEZIER_KNOTS.);
#6411 = CARTESIAN_POINT('',(1.1385E+03,43.5));
#6412 = CARTESIAN_POINT('',(1.1385E+03,440.5));
#6413 = ( GEOMETRIC_REPRESENTATION_CONTEXT(2) 
PARAMETRIC_REPRESENTATION_CONTEXT() REPRESENTATION_CONTEXT('2D SPACE',''
  ) );
#6414 = PCURVE('',#4643,#6415);
#6415 = DEFINITIONAL_REPRESENTATION('',(#6416),#6419);
#6416 = B_SPLINE_CURVE_WITH_KNOTS('',1,(#6417,#6418),.UNSPECIFIED.,.F.,
  .F.,(2,2),(21.75,418.75),.PIECEWISE_BEZIER_KNOTS.);
#6417 = CARTESIAN_POINT('',(0.,4.));
#6418 = CARTESIAN_POINT('',(397.,4.));
#6419 = ( GEOMETRIC_REPRESENTATION_CONTEXT(2) 
PARAMETRIC_REPRESENTATION_CONTEXT() REPRESENTATION_CONTEXT('2D SPACE',''
  ) );
#6420 = ORIENTED_EDGE('',*,*,#6421,.T.);
#6421 = EDGE_CURVE('',#6399,#6422,#6424,.T.);
#6422 = VERTEX_POINT('',#6423);
#6423 = CARTESIAN_POINT('',(-198.5,-98.,333.));
#6424 = SURFACE_CURVE('',#6425,(#6429,#6435),.PCURVE_S1.);
#6425 = LINE('',#6426,#6427);
#6426 = CARTESIAN_POINT('',(-198.5,-98.,-233.75));
#6427 = VECTOR('',#6428,1.);
#6428 = DIRECTION('',(0.,0.,-1.));
#6429 = PCURVE('',#2708,#6430);
#6430 = DEFINITIONAL_REPRESENTATION('',(#6431),#6434);
#6431 = B_SPLINE_CURVE_WITH_KNOTS('',1,(#6432,#6433),.UNSPECIFIED.,.F.,
  .F.,(2,2),(-571.75,-566.75),.PIECEWISE_BEZIER_KNOTS.);
#6432 = CARTESIAN_POINT('',(1.1385E+03,43.5));
#6433 = CARTESIAN_POINT('',(1.1335E+03,43.5));
#6434 = ( GEOMETRIC_REPRESENTATION_CONTEXT(2) 
PARAMETRIC_REPRESENTATION_CONTEXT() REPRESENTATION_CONTEXT('2D SPACE',''
  ) );
#6435 = PCURVE('',#4669,#6436);
#6436 = DEFINITIONAL_REPRESENTATION('',(#6437),#6440);
#6437 = B_SPLINE_CURVE_WITH_KNOTS('',1,(#6438,#6439),.UNSPECIFIED.,.F.,
  .F.,(2,2),(-571.75,-566.75),.PIECEWISE_BEZIER_KNOTS.);
#6438 = CARTESIAN_POINT('',(5.,-4.));
#6439 = CARTESIAN_POINT('',(0.,-4.));
#6440 = ( GEOMETRIC_REPRESENTATION_CONTEXT(2) 
PARAMETRIC_REPRESENTATION_CONTEXT() REPRESENTATION_CONTEXT('2D SPACE',''
  ) );
#6441 = ORIENTED_EDGE('',*,*,#6442,.T.);
#6442 = EDGE_CURVE('',#6422,#6443,#6445,.T.);
#6443 = VERTEX_POINT('',#6444);
#6444 = CARTESIAN_POINT('',(198.5,-98.,333.));
#6445 = SURFACE_CURVE('',#6446,(#6450,#6456),.PCURVE_S1.);
#6446 = LINE('',#6447,#6448);
#6447 = CARTESIAN_POINT('',(-220.25,-98.,333.));
#6448 = VECTOR('',#6449,1.);
#6449 = DIRECTION('',(1.,0.,0.));
#6450 = PCURVE('',#2708,#6451);
#6451 = DEFINITIONAL_REPRESENTATION('',(#6452),#6455);
#6452 = B_SPLINE_CURVE_WITH_KNOTS('',1,(#6453,#6454),.UNSPECIFIED.,.F.,
  .F.,(2,2),(21.75,418.75),.PIECEWISE_BEZIER_KNOTS.);
#6453 = CARTESIAN_POINT('',(1.1335E+03,43.5));
#6454 = CARTESIAN_POINT('',(1.1335E+03,440.5));
#6455 = ( GEOMETRIC_REPRESENTATION_CONTEXT(2) 
PARAMETRIC_REPRESENTATION_CONTEXT() REPRESENTATION_CONTEXT('2D SPACE',''
  ) );
#6456 = PCURVE('',#4695,#6457);
#6457 = DEFINITIONAL_REPRESENTATION('',(#6458),#6461);
#6458 = B_SPLINE_CURVE_WITH_KNOTS('',1,(#6459,#6460),.UNSPECIFIED.,.F.,
  .F.,(2,2),(21.75,418.75),.PIECEWISE_BEZIER_KNOTS.);
#6459 = CARTESIAN_POINT('',(0.,4.));
#6460 = CARTESIAN_POINT('',(397.,4.));
#6461 = ( GEOMETRIC_REPRESENTATION_CONTEXT(2) 
PARAMETRIC_REPRESENTATION_CONTEXT() REPRESENTATION_CONTEXT('2D SPACE',''
  ) );
#6462 = ORIENTED_EDGE('',*,*,#6463,.F.);
#6463 = EDGE_CURVE('',#6401,#6443,#6464,.T.);
#6464 = SURFACE_CURVE('',#6465,(#6469,#6475),.PCURVE_S1.);
#6465 = LINE('',#6466,#6467);
#6466 = CARTESIAN_POINT('',(198.5,-98.,-233.75));
#6467 = VECTOR('',#6468,1.);
#6468 = DIRECTION('',(0.,0.,-1.));
#6469 = PCURVE('',#2708,#6470);
#6470 = DEFINITIONAL_REPRESENTATION('',(#6471),#6474);
#6471 = B_SPLINE_CURVE_WITH_KNOTS('',1,(#6472,#6473),.UNSPECIFIED.,.F.,
  .F.,(2,2),(-571.75,-566.75),.PIECEWISE_BEZIER_KNOTS.);
#6472 = CARTESIAN_POINT('',(1.1385E+03,440.5));
#6473 = CARTESIAN_POINT('',(1.1335E+03,440.5));
#6474 = ( GEOMETRIC_REPRESENTATION_CONTEXT(2) 
PARAMETRIC_REPRESENTATION_CONTEXT() REPRESENTATION_CONTEXT('2D SPACE',''
  ) );
#6475 = PCURVE('',#4719,#6476);
#6476 = DEFINITIONAL_REPRESENTATION('',(#6477),#6480);
#6477 = B_SPLINE_CURVE_WITH_KNOTS('',1,(#6478,#6479),.UNSPECIFIED.,.F.,
  .F.,(2,2),(-571.75,-566.75),.PIECEWISE_BEZIER_KNOTS.);
#6478 = CARTESIAN_POINT('',(5.,-4.));
#6479 = CARTESIAN_POINT('',(0.,-4.));
#6480 = ( GEOMETRIC_REPRESENTATION_CONTEXT(2) 
PARAMETRIC_REPRESENTATION_CONTEXT() REPRESENTATION_CONTEXT('2D SPACE',''
  ) );
#6481 = FACE_BOUND('',#6482,.T.);
#6482 = EDGE_LOOP('',(#6483,#6506,#6527,#6548));
#6483 = ORIENTED_EDGE('',*,*,#6484,.F.);
#6484 = EDGE_CURVE('',#6485,#6487,#6489,.T.);
#6485 = VERTEX_POINT('',#6486);
#6486 = CARTESIAN_POINT('',(-198.5,-98.,399.5));
#6487 = VERTEX_POINT('',#6488);
#6488 = CARTESIAN_POINT('',(198.5,-98.,399.5));
#6489 = SURFACE_CURVE('',#6490,(#6494,#6500),.PCURVE_S1.);
#6490 = LINE('',#6491,#6492);
#6491 = CARTESIAN_POINT('',(-220.25,-98.,399.5));
#6492 = VECTOR('',#6493,1.);
#6493 = DIRECTION('',(1.,0.,0.));
#6494 = PCURVE('',#2708,#6495);
#6495 = DEFINITIONAL_REPRESENTATION('',(#6496),#6499);
#6496 = B_SPLINE_CURVE_WITH_KNOTS('',1,(#6497,#6498),.UNSPECIFIED.,.F.,
  .F.,(2,2),(21.75,418.75),.PIECEWISE_BEZIER_KNOTS.);
#6497 = CARTESIAN_POINT('',(1.2E+03,43.5));
#6498 = CARTESIAN_POINT('',(1.2E+03,440.5));
#6499 = ( GEOMETRIC_REPRESENTATION_CONTEXT(2) 
PARAMETRIC_REPRESENTATION_CONTEXT() REPRESENTATION_CONTEXT('2D SPACE',''
  ) );
#6500 = PCURVE('',#4749,#6501);
#6501 = DEFINITIONAL_REPRESENTATION('',(#6502),#6505);
#6502 = B_SPLINE_CURVE_WITH_KNOTS('',1,(#6503,#6504),.UNSPECIFIED.,.F.,
  .F.,(2,2),(21.75,418.75),.PIECEWISE_BEZIER_KNOTS.);
#6503 = CARTESIAN_POINT('',(0.,4.));
#6504 = CARTESIAN_POINT('',(397.,4.));
#6505 = ( GEOMETRIC_REPRESENTATION_CONTEXT(2) 
PARAMETRIC_REPRESENTATION_CONTEXT() REPRESENTATION_CONTEXT('2D SPACE',''
  ) );
#6506 = ORIENTED_EDGE('',*,*,#6507,.T.);
#6507 = EDGE_CURVE('',#6485,#6508,#6510,.T.);
#6508 = VERTEX_POINT('',#6509);
#6509 = CARTESIAN_POINT('',(-198.5,-98.,394.5));
#6510 = SURFACE_CURVE('',#6511,(#6515,#6521),.PCURVE_S1.);
#6511 = LINE('',#6512,#6513);
#6512 = CARTESIAN_POINT('',(-198.5,-98.,-203.));
#6513 = VECTOR('',#6514,1.);
#6514 = DIRECTION('',(0.,0.,-1.));
#6515 = PCURVE('',#2708,#6516);
#6516 = DEFINITIONAL_REPRESENTATION('',(#6517),#6520);
#6517 = B_SPLINE_CURVE_WITH_KNOTS('',1,(#6518,#6519),.UNSPECIFIED.,.F.,
  .F.,(2,2),(-602.5,-597.5),.PIECEWISE_BEZIER_KNOTS.);
#6518 = CARTESIAN_POINT('',(1.2E+03,43.5));
#6519 = CARTESIAN_POINT('',(1.195E+03,43.5));
#6520 = ( GEOMETRIC_REPRESENTATION_CONTEXT(2) 
PARAMETRIC_REPRESENTATION_CONTEXT() REPRESENTATION_CONTEXT('2D SPACE',''
  ) );
#6521 = PCURVE('',#4775,#6522);
#6522 = DEFINITIONAL_REPRESENTATION('',(#6523),#6526);
#6523 = B_SPLINE_CURVE_WITH_KNOTS('',1,(#6524,#6525),.UNSPECIFIED.,.F.,
  .F.,(2,2),(-602.5,-597.5),.PIECEWISE_BEZIER_KNOTS.);
#6524 = CARTESIAN_POINT('',(5.,-4.));
#6525 = CARTESIAN_POINT('',(0.,-4.));
#6526 = ( GEOMETRIC_REPRESENTATION_CONTEXT(2) 
PARAMETRIC_REPRESENTATION_CONTEXT() REPRESENTATION_CONTEXT('2D SPACE',''
  ) );
#6527 = ORIENTED_EDGE('',*,*,#6528,.T.);
#6528 = EDGE_CURVE('',#6508,#6529,#6531,.T.);
#6529 = VERTEX_POINT('',#6530);
#6530 = CARTESIAN_POINT('',(198.5,-98.,394.5));
#6531 = SURFACE_CURVE('',#6532,(#6536,#6542),.PCURVE_S1.);
#6532 = LINE('',#6533,#6534);
#6533 = CARTESIAN_POINT('',(-220.25,-98.,394.5));
#6534 = VECTOR('',#6535,1.);
#6535 = DIRECTION('',(1.,0.,0.));
#6536 = PCURVE('',#2708,#6537);
#6537 = DEFINITIONAL_REPRESENTATION('',(#6538),#6541);
#6538 = B_SPLINE_CURVE_WITH_KNOTS('',1,(#6539,#6540),.UNSPECIFIED.,.F.,
  .F.,(2,2),(21.75,418.75),.PIECEWISE_BEZIER_KNOTS.);
#6539 = CARTESIAN_POINT('',(1.195E+03,43.5));
#6540 = CARTESIAN_POINT('',(1.195E+03,440.5));
#6541 = ( GEOMETRIC_REPRESENTATION_CONTEXT(2) 
PARAMETRIC_REPRESENTATION_CONTEXT() REPRESENTATION_CONTEXT('2D SPACE',''
  ) );
#6542 = PCURVE('',#4801,#6543);
#6543 = DEFINITIONAL_REPRESENTATION('',(#6544),#6547);
#6544 = B_SPLINE_CURVE_WITH_KNOTS('',1,(#6545,#6546),.UNSPECIFIED.,.F.,
  .F.,(2,2),(21.75,418.75),.PIECEWISE_BEZIER_KNOTS.);
#6545 = CARTESIAN_POINT('',(0.,4.));
#6546 = CARTESIAN_POINT('',(397.,4.));
#6547 = ( GEOMETRIC_REPRESENTATION_CONTEXT(2) 
PARAMETRIC_REPRESENTATION_CONTEXT() REPRESENTATION_CONTEXT('2D SPACE',''
  ) );
#6548 = ORIENTED_EDGE('',*,*,#6549,.F.);
#6549 = EDGE_CURVE('',#6487,#6529,#6550,.T.);
#6550 = SURFACE_CURVE('',#6551,(#6555,#6561),.PCURVE_S1.);
#6551 = LINE('',#6552,#6553);
#6552 = CARTESIAN_POINT('',(198.5,-98.,-203.));
#6553 = VECTOR('',#6554,1.);
#6554 = DIRECTION('',(0.,0.,-1.));
#6555 = PCURVE('',#2708,#6556);
#6556 = DEFINITIONAL_REPRESENTATION('',(#6557),#6560);
#6557 = B_SPLINE_CURVE_WITH_KNOTS('',1,(#6558,#6559),.UNSPECIFIED.,.F.,
  .F.,(2,2),(-602.5,-597.5),.PIECEWISE_BEZIER_KNOTS.);
#6558 = CARTESIAN_POINT('',(1.2E+03,440.5));
#6559 = CARTESIAN_POINT('',(1.195E+03,440.5));
#6560 = ( GEOMETRIC_REPRESENTATION_CONTEXT(2) 
PARAMETRIC_REPRESENTATION_CONTEXT() REPRESENTATION_CONTEXT('2D SPACE',''
  ) );
#6561 = PCURVE('',#4825,#6562);
#6562 = DEFINITIONAL_REPRESENTATION('',(#6563),#6566);
#6563 = B_SPLINE_CURVE_WITH_KNOTS('',1,(#6564,#6565),.UNSPECIFIED.,.F.,
  .F.,(2,2),(-602.5,-597.5),.PIECEWISE_BEZIER_KNOTS.);
#6564 = CARTESIAN_POINT('',(5.,-4.));
#6565 = CARTESIAN_POINT('',(0.,-4.));
#6566 = ( GEOMETRIC_REPRESENTATION_CONTEXT(2) 
PARAMETRIC_REPRESENTATION_CONTEXT() REPRESENTATION_CONTEXT('2D SPACE',''
  ) );
#6567 = ADVANCED_FACE('',(#6568),#2680,.F.);
#6568 = FACE_BOUND('',#6569,.F.);
#6569 = EDGE_LOOP('',(#6570,#6571,#6572,#6593));
#6570 = ORIENTED_EDGE('',*,*,#2664,.F.);
#6571 = ORIENTED_EDGE('',*,*,#2749,.T.);
#6572 = ORIENTED_EDGE('',*,*,#6573,.T.);
#6573 = EDGE_CURVE('',#2750,#4889,#6574,.T.);
#6574 = SURFACE_CURVE('',#6575,(#6579,#6586),.PCURVE_S1.);
#6575 = LINE('',#6576,#6577);
#6576 = CARTESIAN_POINT('',(242.,-100.,-800.5));
#6577 = VECTOR('',#6578,1.);
#6578 = DIRECTION('',(0.,1.,0.));
#6579 = PCURVE('',#2680,#6580);
#6580 = DEFINITIONAL_REPRESENTATION('',(#6581),#6585);
#6581 = LINE('',#6582,#6583);
#6582 = CARTESIAN_POINT('',(484.,0.));
#6583 = VECTOR('',#6584,1.);
#6584 = DIRECTION('',(0.,1.));
#6585 = ( GEOMETRIC_REPRESENTATION_CONTEXT(2) 
PARAMETRIC_REPRESENTATION_CONTEXT() REPRESENTATION_CONTEXT('2D SPACE',''
  ) );
#6586 = PCURVE('',#2810,#6587);
#6587 = DEFINITIONAL_REPRESENTATION('',(#6588),#6592);
#6588 = LINE('',#6589,#6590);
#6589 = CARTESIAN_POINT('',(0.,0.));
#6590 = VECTOR('',#6591,1.);
#6591 = DIRECTION('',(0.,-1.));
#6592 = ( GEOMETRIC_REPRESENTATION_CONTEXT(2) 
PARAMETRIC_REPRESENTATION_CONTEXT() REPRESENTATION_CONTEXT('2D SPACE',''
  ) );
#6593 = ORIENTED_EDGE('',*,*,#4888,.F.);
#6594 = ADVANCED_FACE('',(#6595),#2810,.T.);
#6595 = FACE_BOUND('',#6596,.T.);
#6596 = EDGE_LOOP('',(#6597,#6598,#6599,#6600));
#6597 = ORIENTED_EDGE('',*,*,#2796,.F.);
#6598 = ORIENTED_EDGE('',*,*,#6573,.T.);
#6599 = ORIENTED_EDGE('',*,*,#4913,.T.);
#6600 = ORIENTED_EDGE('',*,*,#4841,.F.);
#6601 = ADVANCED_FACE('',(#6602),#2841,.F.);
#6602 = FACE_BOUND('',#6603,.F.);
#6603 = EDGE_LOOP('',(#6604,#6625,#6626,#6647));
#6604 = ORIENTED_EDGE('',*,*,#6605,.F.);
#6605 = EDGE_CURVE('',#2825,#4937,#6606,.T.);
#6606 = SURFACE_CURVE('',#6607,(#6611,#6618),.PCURVE_S1.);
#6607 = LINE('',#6608,#6609);
#6608 = CARTESIAN_POINT('',(-198.5,-102.,-707.5));
#6609 = VECTOR('',#6610,1.);
#6610 = DIRECTION('',(0.,1.,0.));
#6611 = PCURVE('',#2841,#6612);
#6612 = DEFINITIONAL_REPRESENTATION('',(#6613),#6617);
#6613 = LINE('',#6614,#6615);
#6614 = CARTESIAN_POINT('',(0.,0.));
#6615 = VECTOR('',#6616,1.);
#6616 = DIRECTION('',(0.,1.));
#6617 = ( GEOMETRIC_REPRESENTATION_CONTEXT(2) 
PARAMETRIC_REPRESENTATION_CONTEXT() REPRESENTATION_CONTEXT('2D SPACE',''
  ) );
#6618 = PCURVE('',#2867,#6619);
#6619 = DEFINITIONAL_REPRESENTATION('',(#6620),#6624);
#6620 = LINE('',#6621,#6622);
#6621 = CARTESIAN_POINT('',(5.,0.));
#6622 = VECTOR('',#6623,1.);
#6623 = DIRECTION('',(0.,-1.));
#6624 = ( GEOMETRIC_REPRESENTATION_CONTEXT(2) 
PARAMETRIC_REPRESENTATION_CONTEXT() REPRESENTATION_CONTEXT('2D SPACE',''
  ) );
#6625 = ORIENTED_EDGE('',*,*,#2824,.T.);
#6626 = ORIENTED_EDGE('',*,*,#6627,.T.);
#6627 = EDGE_CURVE('',#2827,#4939,#6628,.T.);
#6628 = SURFACE_CURVE('',#6629,(#6633,#6640),.PCURVE_S1.);
#6629 = LINE('',#6630,#6631);
#6630 = CARTESIAN_POINT('',(198.5,-102.,-707.5));
#6631 = VECTOR('',#6632,1.);
#6632 = DIRECTION('',(0.,1.,0.));
#6633 = PCURVE('',#2841,#6634);
#6634 = DEFINITIONAL_REPRESENTATION('',(#6635),#6639);
#6635 = LINE('',#6636,#6637);
#6636 = CARTESIAN_POINT('',(397.,0.));
#6637 = VECTOR('',#6638,1.);
#6638 = DIRECTION('',(0.,1.));
#6639 = ( GEOMETRIC_REPRESENTATION_CONTEXT(2) 
PARAMETRIC_REPRESENTATION_CONTEXT() REPRESENTATION_CONTEXT('2D SPACE',''
  ) );
#6640 = PCURVE('',#2917,#6641);
#6641 = DEFINITIONAL_REPRESENTATION('',(#6642),#6646);
#6642 = LINE('',#6643,#6644);
#6643 = CARTESIAN_POINT('',(5.,0.));
#6644 = VECTOR('',#6645,1.);
#6645 = DIRECTION('',(0.,-1.));
#6646 = ( GEOMETRIC_REPRESENTATION_CONTEXT(2) 
PARAMETRIC_REPRESENTATION_CONTEXT() REPRESENTATION_CONTEXT('2D SPACE',''
  ) );
#6647 = ORIENTED_EDGE('',*,*,#4936,.F.);
#6648 = ADVANCED_FACE('',(#6649),#2867,.T.);
#6649 = FACE_BOUND('',#6650,.T.);
#6650 = EDGE_LOOP('',(#6651,#6652,#6653,#6674));
#6651 = ORIENTED_EDGE('',*,*,#6605,.F.);
#6652 = ORIENTED_EDGE('',*,*,#2852,.T.);
#6653 = ORIENTED_EDGE('',*,*,#6654,.T.);
#6654 = EDGE_CURVE('',#2853,#4960,#6655,.T.);
#6655 = SURFACE_CURVE('',#6656,(#6660,#6667),.PCURVE_S1.);
#6656 = LINE('',#6657,#6658);
#6657 = CARTESIAN_POINT('',(-198.5,-102.,-712.5));
#6658 = VECTOR('',#6659,1.);
#6659 = DIRECTION('',(0.,1.,0.));
#6660 = PCURVE('',#2867,#6661);
#6661 = DEFINITIONAL_REPRESENTATION('',(#6662),#6666);
#6662 = LINE('',#6663,#6664);
#6663 = CARTESIAN_POINT('',(0.,0.));
#6664 = VECTOR('',#6665,1.);
#6665 = DIRECTION('',(0.,-1.));
#6666 = ( GEOMETRIC_REPRESENTATION_CONTEXT(2) 
PARAMETRIC_REPRESENTATION_CONTEXT() REPRESENTATION_CONTEXT('2D SPACE',''
  ) );
#6667 = PCURVE('',#2893,#6668);
#6668 = DEFINITIONAL_REPRESENTATION('',(#6669),#6673);
#6669 = LINE('',#6670,#6671);
#6670 = CARTESIAN_POINT('',(0.,0.));
#6671 = VECTOR('',#6672,1.);
#6672 = DIRECTION('',(0.,1.));
#6673 = ( GEOMETRIC_REPRESENTATION_CONTEXT(2) 
PARAMETRIC_REPRESENTATION_CONTEXT() REPRESENTATION_CONTEXT('2D SPACE',''
  ) );
#6674 = ORIENTED_EDGE('',*,*,#4959,.F.);
#6675 = ADVANCED_FACE('',(#6676),#2917,.F.);
#6676 = FACE_BOUND('',#6677,.F.);
#6677 = EDGE_LOOP('',(#6678,#6679,#6680,#6701));
#6678 = ORIENTED_EDGE('',*,*,#6627,.F.);
#6679 = ORIENTED_EDGE('',*,*,#2904,.T.);
#6680 = ORIENTED_EDGE('',*,*,#6681,.T.);
#6681 = EDGE_CURVE('',#2879,#4981,#6682,.T.);
#6682 = SURFACE_CURVE('',#6683,(#6687,#6694),.PCURVE_S1.);
#6683 = LINE('',#6684,#6685);
#6684 = CARTESIAN_POINT('',(198.5,-102.,-712.5));
#6685 = VECTOR('',#6686,1.);
#6686 = DIRECTION('',(0.,1.,0.));
#6687 = PCURVE('',#2917,#6688);
#6688 = DEFINITIONAL_REPRESENTATION('',(#6689),#6693);
#6689 = LINE('',#6690,#6691);
#6690 = CARTESIAN_POINT('',(0.,0.));
#6691 = VECTOR('',#6692,1.);
#6692 = DIRECTION('',(0.,-1.));
#6693 = ( GEOMETRIC_REPRESENTATION_CONTEXT(2) 
PARAMETRIC_REPRESENTATION_CONTEXT() REPRESENTATION_CONTEXT('2D SPACE',''
  ) );
#6694 = PCURVE('',#2893,#6695);
#6695 = DEFINITIONAL_REPRESENTATION('',(#6696),#6700);
#6696 = LINE('',#6697,#6698);
#6697 = CARTESIAN_POINT('',(397.,0.));
#6698 = VECTOR('',#6699,1.);
#6699 = DIRECTION('',(0.,1.));
#6700 = ( GEOMETRIC_REPRESENTATION_CONTEXT(2) 
PARAMETRIC_REPRESENTATION_CONTEXT() REPRESENTATION_CONTEXT('2D SPACE',''
  ) );
#6701 = ORIENTED_EDGE('',*,*,#5001,.F.);
#6702 = ADVANCED_FACE('',(#6703),#2893,.T.);
#6703 = FACE_BOUND('',#6704,.T.);
#6704 = EDGE_LOOP('',(#6705,#6706,#6707,#6708));
#6705 = ORIENTED_EDGE('',*,*,#6654,.F.);
#6706 = ORIENTED_EDGE('',*,*,#2878,.T.);
#6707 = ORIENTED_EDGE('',*,*,#6681,.T.);
#6708 = ORIENTED_EDGE('',*,*,#4980,.F.);
#6709 = ADVANCED_FACE('',(#6710),#2947,.F.);
#6710 = FACE_BOUND('',#6711,.F.);
#6711 = EDGE_LOOP('',(#6712,#6733,#6734,#6755));
#6712 = ORIENTED_EDGE('',*,*,#6713,.F.);
#6713 = EDGE_CURVE('',#2931,#5023,#6714,.T.);
#6714 = SURFACE_CURVE('',#6715,(#6719,#6726),.PCURVE_S1.);
#6715 = LINE('',#6716,#6717);
#6716 = CARTESIAN_POINT('',(-198.5,-102.,-646.));
#6717 = VECTOR('',#6718,1.);
#6718 = DIRECTION('',(0.,1.,0.));
#6719 = PCURVE('',#2947,#6720);
#6720 = DEFINITIONAL_REPRESENTATION('',(#6721),#6725);
#6721 = LINE('',#6722,#6723);
#6722 = CARTESIAN_POINT('',(0.,0.));
#6723 = VECTOR('',#6724,1.);
#6724 = DIRECTION('',(0.,1.));
#6725 = ( GEOMETRIC_REPRESENTATION_CONTEXT(2) 
PARAMETRIC_REPRESENTATION_CONTEXT() REPRESENTATION_CONTEXT('2D SPACE',''
  ) );
#6726 = PCURVE('',#2973,#6727);
#6727 = DEFINITIONAL_REPRESENTATION('',(#6728),#6732);
#6728 = LINE('',#6729,#6730);
#6729 = CARTESIAN_POINT('',(5.,0.));
#6730 = VECTOR('',#6731,1.);
#6731 = DIRECTION('',(0.,-1.));
#6732 = ( GEOMETRIC_REPRESENTATION_CONTEXT(2) 
PARAMETRIC_REPRESENTATION_CONTEXT() REPRESENTATION_CONTEXT('2D SPACE',''
  ) );
#6733 = ORIENTED_EDGE('',*,*,#2930,.T.);
#6734 = ORIENTED_EDGE('',*,*,#6735,.T.);
#6735 = EDGE_CURVE('',#2933,#5025,#6736,.T.);
#6736 = SURFACE_CURVE('',#6737,(#6741,#6748),.PCURVE_S1.);
#6737 = LINE('',#6738,#6739);
#6738 = CARTESIAN_POINT('',(198.5,-102.,-646.));
#6739 = VECTOR('',#6740,1.);
#6740 = DIRECTION('',(0.,1.,0.));
#6741 = PCURVE('',#2947,#6742);
#6742 = DEFINITIONAL_REPRESENTATION('',(#6743),#6747);
#6743 = LINE('',#6744,#6745);
#6744 = CARTESIAN_POINT('',(397.,0.));
#6745 = VECTOR('',#6746,1.);
#6746 = DIRECTION('',(0.,1.));
#6747 = ( GEOMETRIC_REPRESENTATION_CONTEXT(2) 
PARAMETRIC_REPRESENTATION_CONTEXT() REPRESENTATION_CONTEXT('2D SPACE',''
  ) );
#6748 = PCURVE('',#3023,#6749);
#6749 = DEFINITIONAL_REPRESENTATION('',(#6750),#6754);
#6750 = LINE('',#6751,#6752);
#6751 = CARTESIAN_POINT('',(5.,0.));
#6752 = VECTOR('',#6753,1.);
#6753 = DIRECTION('',(0.,-1.));
#6754 = ( GEOMETRIC_REPRESENTATION_CONTEXT(2) 
PARAMETRIC_REPRESENTATION_CONTEXT() REPRESENTATION_CONTEXT('2D SPACE',''
  ) );
#6755 = ORIENTED_EDGE('',*,*,#5022,.F.);
#6756 = ADVANCED_FACE('',(#6757),#2973,.T.);
#6757 = FACE_BOUND('',#6758,.T.);
#6758 = EDGE_LOOP('',(#6759,#6760,#6761,#6782));
#6759 = ORIENTED_EDGE('',*,*,#6713,.F.);
#6760 = ORIENTED_EDGE('',*,*,#2958,.T.);
#6761 = ORIENTED_EDGE('',*,*,#6762,.T.);
#6762 = EDGE_CURVE('',#2959,#5046,#6763,.T.);
#6763 = SURFACE_CURVE('',#6764,(#6768,#6775),.PCURVE_S1.);
#6764 = LINE('',#6765,#6766);
#6765 = CARTESIAN_POINT('',(-198.5,-102.,-651.));
#6766 = VECTOR('',#6767,1.);
#6767 = DIRECTION('',(0.,1.,0.));
#6768 = PCURVE('',#2973,#6769);
#6769 = DEFINITIONAL_REPRESENTATION('',(#6770),#6774);
#6770 = LINE('',#6771,#6772);
#6771 = CARTESIAN_POINT('',(0.,0.));
#6772 = VECTOR('',#6773,1.);
#6773 = DIRECTION('',(0.,-1.));
#6774 = ( GEOMETRIC_REPRESENTATION_CONTEXT(2) 
PARAMETRIC_REPRESENTATION_CONTEXT() REPRESENTATION_CONTEXT('2D SPACE',''
  ) );
#6775 = PCURVE('',#2999,#6776);
#6776 = DEFINITIONAL_REPRESENTATION('',(#6777),#6781);
#6777 = LINE('',#6778,#6779);
#6778 = CARTESIAN_POINT('',(0.,0.));
#6779 = VECTOR('',#6780,1.);
#6780 = DIRECTION('',(0.,1.));
#6781 = ( GEOMETRIC_REPRESENTATION_CONTEXT(2) 
PARAMETRIC_REPRESENTATION_CONTEXT() REPRESENTATION_CONTEXT('2D SPACE',''
  ) );
#6782 = ORIENTED_EDGE('',*,*,#5045,.F.);
#6783 = ADVANCED_FACE('',(#6784),#3023,.F.);
#6784 = FACE_BOUND('',#6785,.F.);
#6785 = EDGE_LOOP('',(#6786,#6787,#6788,#6809));
#6786 = ORIENTED_EDGE('',*,*,#6735,.F.);
#6787 = ORIENTED_EDGE('',*,*,#3010,.T.);
#6788 = ORIENTED_EDGE('',*,*,#6789,.T.);
#6789 = EDGE_CURVE('',#2985,#5067,#6790,.T.);
#6790 = SURFACE_CURVE('',#6791,(#6795,#6802),.PCURVE_S1.);
#6791 = LINE('',#6792,#6793);
#6792 = CARTESIAN_POINT('',(198.5,-102.,-651.));
#6793 = VECTOR('',#6794,1.);
#6794 = DIRECTION('',(0.,1.,0.));
#6795 = PCURVE('',#3023,#6796);
#6796 = DEFINITIONAL_REPRESENTATION('',(#6797),#6801);
#6797 = LINE('',#6798,#6799);
#6798 = CARTESIAN_POINT('',(0.,0.));
#6799 = VECTOR('',#6800,1.);
#6800 = DIRECTION('',(0.,-1.));
#6801 = ( GEOMETRIC_REPRESENTATION_CONTEXT(2) 
PARAMETRIC_REPRESENTATION_CONTEXT() REPRESENTATION_CONTEXT('2D SPACE',''
  ) );
#6802 = PCURVE('',#2999,#6803);
#6803 = DEFINITIONAL_REPRESENTATION('',(#6804),#6808);
#6804 = LINE('',#6805,#6806);
#6805 = CARTESIAN_POINT('',(397.,0.));
#6806 = VECTOR('',#6807,1.);
#6807 = DIRECTION('',(0.,1.));
#6808 = ( GEOMETRIC_REPRESENTATION_CONTEXT(2) 
PARAMETRIC_REPRESENTATION_CONTEXT() REPRESENTATION_CONTEXT('2D SPACE',''
  ) );
#6809 = ORIENTED_EDGE('',*,*,#5087,.F.);
#6810 = ADVANCED_FACE('',(#6811),#2999,.T.);
#6811 = FACE_BOUND('',#6812,.T.);
#6812 = EDGE_LOOP('',(#6813,#6814,#6815,#6816));
#6813 = ORIENTED_EDGE('',*,*,#6762,.F.);
#6814 = ORIENTED_EDGE('',*,*,#2984,.T.);
#6815 = ORIENTED_EDGE('',*,*,#6789,.T.);
#6816 = ORIENTED_EDGE('',*,*,#5066,.F.);
#6817 = ADVANCED_FACE('',(#6818),#3053,.F.);
#6818 = FACE_BOUND('',#6819,.F.);
#6819 = EDGE_LOOP('',(#6820,#6841,#6842,#6863));
#6820 = ORIENTED_EDGE('',*,*,#6821,.F.);
#6821 = EDGE_CURVE('',#3037,#5109,#6822,.T.);
#6822 = SURFACE_CURVE('',#6823,(#6827,#6834),.PCURVE_S1.);
#6823 = LINE('',#6824,#6825);
#6824 = CARTESIAN_POINT('',(-198.5,-102.,-584.5));
#6825 = VECTOR('',#6826,1.);
#6826 = DIRECTION('',(0.,1.,0.));
#6827 = PCURVE('',#3053,#6828);
#6828 = DEFINITIONAL_REPRESENTATION('',(#6829),#6833);
#6829 = LINE('',#6830,#6831);
#6830 = CARTESIAN_POINT('',(0.,0.));
#6831 = VECTOR('',#6832,1.);
#6832 = DIRECTION('',(0.,1.));
#6833 = ( GEOMETRIC_REPRESENTATION_CONTEXT(2) 
PARAMETRIC_REPRESENTATION_CONTEXT() REPRESENTATION_CONTEXT('2D SPACE',''
  ) );
#6834 = PCURVE('',#3079,#6835);
#6835 = DEFINITIONAL_REPRESENTATION('',(#6836),#6840);
#6836 = LINE('',#6837,#6838);
#6837 = CARTESIAN_POINT('',(5.,0.));
#6838 = VECTOR('',#6839,1.);
#6839 = DIRECTION('',(0.,-1.));
#6840 = ( GEOMETRIC_REPRESENTATION_CONTEXT(2) 
PARAMETRIC_REPRESENTATION_CONTEXT() REPRESENTATION_CONTEXT('2D SPACE',''
  ) );
#6841 = ORIENTED_EDGE('',*,*,#3036,.T.);
#6842 = ORIENTED_EDGE('',*,*,#6843,.T.);
#6843 = EDGE_CURVE('',#3039,#5111,#6844,.T.);
#6844 = SURFACE_CURVE('',#6845,(#6849,#6856),.PCURVE_S1.);
#6845 = LINE('',#6846,#6847);
#6846 = CARTESIAN_POINT('',(198.5,-102.,-584.5));
#6847 = VECTOR('',#6848,1.);
#6848 = DIRECTION('',(0.,1.,0.));
#6849 = PCURVE('',#3053,#6850);
#6850 = DEFINITIONAL_REPRESENTATION('',(#6851),#6855);
#6851 = LINE('',#6852,#6853);
#6852 = CARTESIAN_POINT('',(397.,0.));
#6853 = VECTOR('',#6854,1.);
#6854 = DIRECTION('',(0.,1.));
#6855 = ( GEOMETRIC_REPRESENTATION_CONTEXT(2) 
PARAMETRIC_REPRESENTATION_CONTEXT() REPRESENTATION_CONTEXT('2D SPACE',''
  ) );
#6856 = PCURVE('',#3129,#6857);
#6857 = DEFINITIONAL_REPRESENTATION('',(#6858),#6862);
#6858 = LINE('',#6859,#6860);
#6859 = CARTESIAN_POINT('',(5.,0.));
#6860 = VECTOR('',#6861,1.);
#6861 = DIRECTION('',(0.,-1.));
#6862 = ( GEOMETRIC_REPRESENTATION_CONTEXT(2) 
PARAMETRIC_REPRESENTATION_CONTEXT() REPRESENTATION_CONTEXT('2D SPACE',''
  ) );
#6863 = ORIENTED_EDGE('',*,*,#5108,.F.);
#6864 = ADVANCED_FACE('',(#6865),#3079,.T.);
#6865 = FACE_BOUND('',#6866,.T.);
#6866 = EDGE_LOOP('',(#6867,#6868,#6869,#6890));
#6867 = ORIENTED_EDGE('',*,*,#6821,.F.);
#6868 = ORIENTED_EDGE('',*,*,#3064,.T.);
#6869 = ORIENTED_EDGE('',*,*,#6870,.T.);
#6870 = EDGE_CURVE('',#3065,#5132,#6871,.T.);
#6871 = SURFACE_CURVE('',#6872,(#6876,#6883),.PCURVE_S1.);
#6872 = LINE('',#6873,#6874);
#6873 = CARTESIAN_POINT('',(-198.5,-102.,-589.5));
#6874 = VECTOR('',#6875,1.);
#6875 = DIRECTION('',(0.,1.,0.));
#6876 = PCURVE('',#3079,#6877);
#6877 = DEFINITIONAL_REPRESENTATION('',(#6878),#6882);
#6878 = LINE('',#6879,#6880);
#6879 = CARTESIAN_POINT('',(0.,0.));
#6880 = VECTOR('',#6881,1.);
#6881 = DIRECTION('',(0.,-1.));
#6882 = ( GEOMETRIC_REPRESENTATION_CONTEXT(2) 
PARAMETRIC_REPRESENTATION_CONTEXT() REPRESENTATION_CONTEXT('2D SPACE',''
  ) );
#6883 = PCURVE('',#3105,#6884);
#6884 = DEFINITIONAL_REPRESENTATION('',(#6885),#6889);
#6885 = LINE('',#6886,#6887);
#6886 = CARTESIAN_POINT('',(0.,0.));
#6887 = VECTOR('',#6888,1.);
#6888 = DIRECTION('',(0.,1.));
#6889 = ( GEOMETRIC_REPRESENTATION_CONTEXT(2) 
PARAMETRIC_REPRESENTATION_CONTEXT() REPRESENTATION_CONTEXT('2D SPACE',''
  ) );
#6890 = ORIENTED_EDGE('',*,*,#5131,.F.);
#6891 = ADVANCED_FACE('',(#6892),#3129,.F.);
#6892 = FACE_BOUND('',#6893,.F.);
#6893 = EDGE_LOOP('',(#6894,#6895,#6896,#6917));
#6894 = ORIENTED_EDGE('',*,*,#6843,.F.);
#6895 = ORIENTED_EDGE('',*,*,#3116,.T.);
#6896 = ORIENTED_EDGE('',*,*,#6897,.T.);
#6897 = EDGE_CURVE('',#3091,#5153,#6898,.T.);
#6898 = SURFACE_CURVE('',#6899,(#6903,#6910),.PCURVE_S1.);
#6899 = LINE('',#6900,#6901);
#6900 = CARTESIAN_POINT('',(198.5,-102.,-589.5));
#6901 = VECTOR('',#6902,1.);
#6902 = DIRECTION('',(0.,1.,0.));
#6903 = PCURVE('',#3129,#6904);
#6904 = DEFINITIONAL_REPRESENTATION('',(#6905),#6909);
#6905 = LINE('',#6906,#6907);
#6906 = CARTESIAN_POINT('',(0.,0.));
#6907 = VECTOR('',#6908,1.);
#6908 = DIRECTION('',(0.,-1.));
#6909 = ( GEOMETRIC_REPRESENTATION_CONTEXT(2) 
PARAMETRIC_REPRESENTATION_CONTEXT() REPRESENTATION_CONTEXT('2D SPACE',''
  ) );
#6910 = PCURVE('',#3105,#6911);
#6911 = DEFINITIONAL_REPRESENTATION('',(#6912),#6916);
#6912 = LINE('',#6913,#6914);
#6913 = CARTESIAN_POINT('',(397.,0.));
#6914 = VECTOR('',#6915,1.);
#6915 = DIRECTION('',(0.,1.));
#6916 = ( GEOMETRIC_REPRESENTATION_CONTEXT(2) 
PARAMETRIC_REPRESENTATION_CONTEXT() REPRESENTATION_CONTEXT('2D SPACE',''
  ) );
#6917 = ORIENTED_EDGE('',*,*,#5173,.F.);
#6918 = ADVANCED_FACE('',(#6919),#3105,.T.);
#6919 = FACE_BOUND('',#6920,.T.);
#6920 = EDGE_LOOP('',(#6921,#6922,#6923,#6924));
#6921 = ORIENTED_EDGE('',*,*,#6870,.F.);
#6922 = ORIENTED_EDGE('',*,*,#3090,.T.);
#6923 = ORIENTED_EDGE('',*,*,#6897,.T.);
#6924 = ORIENTED_EDGE('',*,*,#5152,.F.);
#6925 = ADVANCED_FACE('',(#6926),#3159,.F.);
#6926 = FACE_BOUND('',#6927,.F.);
#6927 = EDGE_LOOP('',(#6928,#6949,#6950,#6971));
#6928 = ORIENTED_EDGE('',*,*,#6929,.F.);
#6929 = EDGE_CURVE('',#3143,#5195,#6930,.T.);
#6930 = SURFACE_CURVE('',#6931,(#6935,#6942),.PCURVE_S1.);
#6931 = LINE('',#6932,#6933);
#6932 = CARTESIAN_POINT('',(-198.5,-102.,-523.));
#6933 = VECTOR('',#6934,1.);
#6934 = DIRECTION('',(0.,1.,0.));
#6935 = PCURVE('',#3159,#6936);
#6936 = DEFINITIONAL_REPRESENTATION('',(#6937),#6941);
#6937 = LINE('',#6938,#6939);
#6938 = CARTESIAN_POINT('',(0.,0.));
#6939 = VECTOR('',#6940,1.);
#6940 = DIRECTION('',(0.,1.));
#6941 = ( GEOMETRIC_REPRESENTATION_CONTEXT(2) 
PARAMETRIC_REPRESENTATION_CONTEXT() REPRESENTATION_CONTEXT('2D SPACE',''
  ) );
#6942 = PCURVE('',#3185,#6943);
#6943 = DEFINITIONAL_REPRESENTATION('',(#6944),#6948);
#6944 = LINE('',#6945,#6946);
#6945 = CARTESIAN_POINT('',(5.,0.));
#6946 = VECTOR('',#6947,1.);
#6947 = DIRECTION('',(0.,-1.));
#6948 = ( GEOMETRIC_REPRESENTATION_CONTEXT(2) 
PARAMETRIC_REPRESENTATION_CONTEXT() REPRESENTATION_CONTEXT('2D SPACE',''
  ) );
#6949 = ORIENTED_EDGE('',*,*,#3142,.T.);
#6950 = ORIENTED_EDGE('',*,*,#6951,.T.);
#6951 = EDGE_CURVE('',#3145,#5197,#6952,.T.);
#6952 = SURFACE_CURVE('',#6953,(#6957,#6964),.PCURVE_S1.);
#6953 = LINE('',#6954,#6955);
#6954 = CARTESIAN_POINT('',(198.5,-102.,-523.));
#6955 = VECTOR('',#6956,1.);
#6956 = DIRECTION('',(0.,1.,0.));
#6957 = PCURVE('',#3159,#6958);
#6958 = DEFINITIONAL_REPRESENTATION('',(#6959),#6963);
#6959 = LINE('',#6960,#6961);
#6960 = CARTESIAN_POINT('',(397.,0.));
#6961 = VECTOR('',#6962,1.);
#6962 = DIRECTION('',(0.,1.));
#6963 = ( GEOMETRIC_REPRESENTATION_CONTEXT(2) 
PARAMETRIC_REPRESENTATION_CONTEXT() REPRESENTATION_CONTEXT('2D SPACE',''
  ) );
#6964 = PCURVE('',#3235,#6965);
#6965 = DEFINITIONAL_REPRESENTATION('',(#6966),#6970);
#6966 = LINE('',#6967,#6968);
#6967 = CARTESIAN_POINT('',(5.,0.));
#6968 = VECTOR('',#6969,1.);
#6969 = DIRECTION('',(0.,-1.));
#6970 = ( GEOMETRIC_REPRESENTATION_CONTEXT(2) 
PARAMETRIC_REPRESENTATION_CONTEXT() REPRESENTATION_CONTEXT('2D SPACE',''
  ) );
#6971 = ORIENTED_EDGE('',*,*,#5194,.F.);
#6972 = ADVANCED_FACE('',(#6973),#3185,.T.);
#6973 = FACE_BOUND('',#6974,.T.);
#6974 = EDGE_LOOP('',(#6975,#6976,#6977,#6998));
#6975 = ORIENTED_EDGE('',*,*,#6929,.F.);
#6976 = ORIENTED_EDGE('',*,*,#3170,.T.);
#6977 = ORIENTED_EDGE('',*,*,#6978,.T.);
#6978 = EDGE_CURVE('',#3171,#5218,#6979,.T.);
#6979 = SURFACE_CURVE('',#6980,(#6984,#6991),.PCURVE_S1.);
#6980 = LINE('',#6981,#6982);
#6981 = CARTESIAN_POINT('',(-198.5,-102.,-528.));
#6982 = VECTOR('',#6983,1.);
#6983 = DIRECTION('',(0.,1.,0.));
#6984 = PCURVE('',#3185,#6985);
#6985 = DEFINITIONAL_REPRESENTATION('',(#6986),#6990);
#6986 = LINE('',#6987,#6988);
#6987 = CARTESIAN_POINT('',(0.,0.));
#6988 = VECTOR('',#6989,1.);
#6989 = DIRECTION('',(0.,-1.));
#6990 = ( GEOMETRIC_REPRESENTATION_CONTEXT(2) 
PARAMETRIC_REPRESENTATION_CONTEXT() REPRESENTATION_CONTEXT('2D SPACE',''
  ) );
#6991 = PCURVE('',#3211,#6992);
#6992 = DEFINITIONAL_REPRESENTATION('',(#6993),#6997);
#6993 = LINE('',#6994,#6995);
#6994 = CARTESIAN_POINT('',(0.,0.));
#6995 = VECTOR('',#6996,1.);
#6996 = DIRECTION('',(0.,1.));
#6997 = ( GEOMETRIC_REPRESENTATION_CONTEXT(2) 
PARAMETRIC_REPRESENTATION_CONTEXT() REPRESENTATION_CONTEXT('2D SPACE',''
  ) );
#6998 = ORIENTED_EDGE('',*,*,#5217,.F.);
#6999 = ADVANCED_FACE('',(#7000),#3235,.F.);
#7000 = FACE_BOUND('',#7001,.F.);
#7001 = EDGE_LOOP('',(#7002,#7003,#7004,#7025));
#7002 = ORIENTED_EDGE('',*,*,#6951,.F.);
#7003 = ORIENTED_EDGE('',*,*,#3222,.T.);
#7004 = ORIENTED_EDGE('',*,*,#7005,.T.);
#7005 = EDGE_CURVE('',#3197,#5239,#7006,.T.);
#7006 = SURFACE_CURVE('',#7007,(#7011,#7018),.PCURVE_S1.);
#7007 = LINE('',#7008,#7009);
#7008 = CARTESIAN_POINT('',(198.5,-102.,-528.));
#7009 = VECTOR('',#7010,1.);
#7010 = DIRECTION('',(0.,1.,0.));
#7011 = PCURVE('',#3235,#7012);
#7012 = DEFINITIONAL_REPRESENTATION('',(#7013),#7017);
#7013 = LINE('',#7014,#7015);
#7014 = CARTESIAN_POINT('',(0.,0.));
#7015 = VECTOR('',#7016,1.);
#7016 = DIRECTION('',(0.,-1.));
#7017 = ( GEOMETRIC_REPRESENTATION_CONTEXT(2) 
PARAMETRIC_REPRESENTATION_CONTEXT() REPRESENTATION_CONTEXT('2D SPACE',''
  ) );
#7018 = PCURVE('',#3211,#7019);
#7019 = DEFINITIONAL_REPRESENTATION('',(#7020),#7024);
#7020 = LINE('',#7021,#7022);
#7021 = CARTESIAN_POINT('',(397.,0.));
#7022 = VECTOR('',#7023,1.);
#7023 = DIRECTION('',(0.,1.));
#7024 = ( GEOMETRIC_REPRESENTATION_CONTEXT(2) 
PARAMETRIC_REPRESENTATION_CONTEXT() REPRESENTATION_CONTEXT('2D SPACE',''
  ) );
#7025 = ORIENTED_EDGE('',*,*,#5259,.F.);
#7026 = ADVANCED_FACE('',(#7027),#3211,.T.);
#7027 = FACE_BOUND('',#7028,.T.);
#7028 = EDGE_LOOP('',(#7029,#7030,#7031,#7032));
#7029 = ORIENTED_EDGE('',*,*,#6978,.F.);
#7030 = ORIENTED_EDGE('',*,*,#3196,.T.);
#7031 = ORIENTED_EDGE('',*,*,#7005,.T.);
#7032 = ORIENTED_EDGE('',*,*,#5238,.F.);
#7033 = ADVANCED_FACE('',(#7034),#3265,.F.);
#7034 = FACE_BOUND('',#7035,.F.);
#7035 = EDGE_LOOP('',(#7036,#7057,#7058,#7079));
#7036 = ORIENTED_EDGE('',*,*,#7037,.F.);
#7037 = EDGE_CURVE('',#3249,#5281,#7038,.T.);
#7038 = SURFACE_CURVE('',#7039,(#7043,#7050),.PCURVE_S1.);
#7039 = LINE('',#7040,#7041);
#7040 = CARTESIAN_POINT('',(-198.5,-102.,-461.5));
#7041 = VECTOR('',#7042,1.);
#7042 = DIRECTION('',(0.,1.,0.));
#7043 = PCURVE('',#3265,#7044);
#7044 = DEFINITIONAL_REPRESENTATION('',(#7045),#7049);
#7045 = LINE('',#7046,#7047);
#7046 = CARTESIAN_POINT('',(0.,0.));
#7047 = VECTOR('',#7048,1.);
#7048 = DIRECTION('',(0.,1.));
#7049 = ( GEOMETRIC_REPRESENTATION_CONTEXT(2) 
PARAMETRIC_REPRESENTATION_CONTEXT() REPRESENTATION_CONTEXT('2D SPACE',''
  ) );
#7050 = PCURVE('',#3291,#7051);
#7051 = DEFINITIONAL_REPRESENTATION('',(#7052),#7056);
#7052 = LINE('',#7053,#7054);
#7053 = CARTESIAN_POINT('',(5.,0.));
#7054 = VECTOR('',#7055,1.);
#7055 = DIRECTION('',(0.,-1.));
#7056 = ( GEOMETRIC_REPRESENTATION_CONTEXT(2) 
PARAMETRIC_REPRESENTATION_CONTEXT() REPRESENTATION_CONTEXT('2D SPACE',''
  ) );
#7057 = ORIENTED_EDGE('',*,*,#3248,.T.);
#7058 = ORIENTED_EDGE('',*,*,#7059,.T.);
#7059 = EDGE_CURVE('',#3251,#5283,#7060,.T.);
#7060 = SURFACE_CURVE('',#7061,(#7065,#7072),.PCURVE_S1.);
#7061 = LINE('',#7062,#7063);
#7062 = CARTESIAN_POINT('',(198.5,-102.,-461.5));
#7063 = VECTOR('',#7064,1.);
#7064 = DIRECTION('',(0.,1.,0.));
#7065 = PCURVE('',#3265,#7066);
#7066 = DEFINITIONAL_REPRESENTATION('',(#7067),#7071);
#7067 = LINE('',#7068,#7069);
#7068 = CARTESIAN_POINT('',(397.,0.));
#7069 = VECTOR('',#7070,1.);
#7070 = DIRECTION('',(0.,1.));
#7071 = ( GEOMETRIC_REPRESENTATION_CONTEXT(2) 
PARAMETRIC_REPRESENTATION_CONTEXT() REPRESENTATION_CONTEXT('2D SPACE',''
  ) );
#7072 = PCURVE('',#3341,#7073);
#7073 = DEFINITIONAL_REPRESENTATION('',(#7074),#7078);
#7074 = LINE('',#7075,#7076);
#7075 = CARTESIAN_POINT('',(5.,0.));
#7076 = VECTOR('',#7077,1.);
#7077 = DIRECTION('',(0.,-1.));
#7078 = ( GEOMETRIC_REPRESENTATION_CONTEXT(2) 
PARAMETRIC_REPRESENTATION_CONTEXT() REPRESENTATION_CONTEXT('2D SPACE',''
  ) );
#7079 = ORIENTED_EDGE('',*,*,#5280,.F.);
#7080 = ADVANCED_FACE('',(#7081),#3291,.T.);
#7081 = FACE_BOUND('',#7082,.T.);
#7082 = EDGE_LOOP('',(#7083,#7084,#7085,#7106));
#7083 = ORIENTED_EDGE('',*,*,#7037,.F.);
#7084 = ORIENTED_EDGE('',*,*,#3276,.T.);
#7085 = ORIENTED_EDGE('',*,*,#7086,.T.);
#7086 = EDGE_CURVE('',#3277,#5304,#7087,.T.);
#7087 = SURFACE_CURVE('',#7088,(#7092,#7099),.PCURVE_S1.);
#7088 = LINE('',#7089,#7090);
#7089 = CARTESIAN_POINT('',(-198.5,-102.,-466.5));
#7090 = VECTOR('',#7091,1.);
#7091 = DIRECTION('',(0.,1.,0.));
#7092 = PCURVE('',#3291,#7093);
#7093 = DEFINITIONAL_REPRESENTATION('',(#7094),#7098);
#7094 = LINE('',#7095,#7096);
#7095 = CARTESIAN_POINT('',(0.,0.));
#7096 = VECTOR('',#7097,1.);
#7097 = DIRECTION('',(0.,-1.));
#7098 = ( GEOMETRIC_REPRESENTATION_CONTEXT(2) 
PARAMETRIC_REPRESENTATION_CONTEXT() REPRESENTATION_CONTEXT('2D SPACE',''
  ) );
#7099 = PCURVE('',#3317,#7100);
#7100 = DEFINITIONAL_REPRESENTATION('',(#7101),#7105);
#7101 = LINE('',#7102,#7103);
#7102 = CARTESIAN_POINT('',(0.,0.));
#7103 = VECTOR('',#7104,1.);
#7104 = DIRECTION('',(0.,1.));
#7105 = ( GEOMETRIC_REPRESENTATION_CONTEXT(2) 
PARAMETRIC_REPRESENTATION_CONTEXT() REPRESENTATION_CONTEXT('2D SPACE',''
  ) );
#7106 = ORIENTED_EDGE('',*,*,#5303,.F.);
#7107 = ADVANCED_FACE('',(#7108),#3341,.F.);
#7108 = FACE_BOUND('',#7109,.F.);
#7109 = EDGE_LOOP('',(#7110,#7111,#7112,#7133));
#7110 = ORIENTED_EDGE('',*,*,#7059,.F.);
#7111 = ORIENTED_EDGE('',*,*,#3328,.T.);
#7112 = ORIENTED_EDGE('',*,*,#7113,.T.);
#7113 = EDGE_CURVE('',#3303,#5325,#7114,.T.);
#7114 = SURFACE_CURVE('',#7115,(#7119,#7126),.PCURVE_S1.);
#7115 = LINE('',#7116,#7117);
#7116 = CARTESIAN_POINT('',(198.5,-102.,-466.5));
#7117 = VECTOR('',#7118,1.);
#7118 = DIRECTION('',(0.,1.,0.));
#7119 = PCURVE('',#3341,#7120);
#7120 = DEFINITIONAL_REPRESENTATION('',(#7121),#7125);
#7121 = LINE('',#7122,#7123);
#7122 = CARTESIAN_POINT('',(0.,0.));
#7123 = VECTOR('',#7124,1.);
#7124 = DIRECTION('',(0.,-1.));
#7125 = ( GEOMETRIC_REPRESENTATION_CONTEXT(2) 
PARAMETRIC_REPRESENTATION_CONTEXT() REPRESENTATION_CONTEXT('2D SPACE',''
  ) );
#7126 = PCURVE('',#3317,#7127);
#7127 = DEFINITIONAL_REPRESENTATION('',(#7128),#7132);
#7128 = LINE('',#7129,#7130);
#7129 = CARTESIAN_POINT('',(397.,0.));
#7130 = VECTOR('',#7131,1.);
#7131 = DIRECTION('',(0.,1.));
#7132 = ( GEOMETRIC_REPRESENTATION_CONTEXT(2) 
PARAMETRIC_REPRESENTATION_CONTEXT() REPRESENTATION_CONTEXT('2D SPACE',''
  ) );
#7133 = ORIENTED_EDGE('',*,*,#5345,.F.);
#7134 = ADVANCED_FACE('',(#7135),#3317,.T.);
#7135 = FACE_BOUND('',#7136,.T.);
#7136 = EDGE_LOOP('',(#7137,#7138,#7139,#7140));
#7137 = ORIENTED_EDGE('',*,*,#7086,.F.);
#7138 = ORIENTED_EDGE('',*,*,#3302,.T.);
#7139 = ORIENTED_EDGE('',*,*,#7113,.T.);
#7140 = ORIENTED_EDGE('',*,*,#5324,.F.);
#7141 = ADVANCED_FACE('',(#7142),#3371,.F.);
#7142 = FACE_BOUND('',#7143,.F.);
#7143 = EDGE_LOOP('',(#7144,#7165,#7166,#7187));
#7144 = ORIENTED_EDGE('',*,*,#7145,.F.);
#7145 = EDGE_CURVE('',#3355,#5367,#7146,.T.);
#7146 = SURFACE_CURVE('',#7147,(#7151,#7158),.PCURVE_S1.);
#7147 = LINE('',#7148,#7149);
#7148 = CARTESIAN_POINT('',(-198.5,-102.,-400.));
#7149 = VECTOR('',#7150,1.);
#7150 = DIRECTION('',(0.,1.,0.));
#7151 = PCURVE('',#3371,#7152);
#7152 = DEFINITIONAL_REPRESENTATION('',(#7153),#7157);
#7153 = LINE('',#7154,#7155);
#7154 = CARTESIAN_POINT('',(0.,0.));
#7155 = VECTOR('',#7156,1.);
#7156 = DIRECTION('',(0.,1.));
#7157 = ( GEOMETRIC_REPRESENTATION_CONTEXT(2) 
PARAMETRIC_REPRESENTATION_CONTEXT() REPRESENTATION_CONTEXT('2D SPACE',''
  ) );
#7158 = PCURVE('',#3397,#7159);
#7159 = DEFINITIONAL_REPRESENTATION('',(#7160),#7164);
#7160 = LINE('',#7161,#7162);
#7161 = CARTESIAN_POINT('',(5.,0.));
#7162 = VECTOR('',#7163,1.);
#7163 = DIRECTION('',(0.,-1.));
#7164 = ( GEOMETRIC_REPRESENTATION_CONTEXT(2) 
PARAMETRIC_REPRESENTATION_CONTEXT() REPRESENTATION_CONTEXT('2D SPACE',''
  ) );
#7165 = ORIENTED_EDGE('',*,*,#3354,.T.);
#7166 = ORIENTED_EDGE('',*,*,#7167,.T.);
#7167 = EDGE_CURVE('',#3357,#5369,#7168,.T.);
#7168 = SURFACE_CURVE('',#7169,(#7173,#7180),.PCURVE_S1.);
#7169 = LINE('',#7170,#7171);
#7170 = CARTESIAN_POINT('',(198.5,-102.,-400.));
#7171 = VECTOR('',#7172,1.);
#7172 = DIRECTION('',(0.,1.,0.));
#7173 = PCURVE('',#3371,#7174);
#7174 = DEFINITIONAL_REPRESENTATION('',(#7175),#7179);
#7175 = LINE('',#7176,#7177);
#7176 = CARTESIAN_POINT('',(397.,0.));
#7177 = VECTOR('',#7178,1.);
#7178 = DIRECTION('',(0.,1.));
#7179 = ( GEOMETRIC_REPRESENTATION_CONTEXT(2) 
PARAMETRIC_REPRESENTATION_CONTEXT() REPRESENTATION_CONTEXT('2D SPACE',''
  ) );
#7180 = PCURVE('',#3447,#7181);
#7181 = DEFINITIONAL_REPRESENTATION('',(#7182),#7186);
#7182 = LINE('',#7183,#7184);
#7183 = CARTESIAN_POINT('',(5.,0.));
#7184 = VECTOR('',#7185,1.);
#7185 = DIRECTION('',(0.,-1.));
#7186 = ( GEOMETRIC_REPRESENTATION_CONTEXT(2) 
PARAMETRIC_REPRESENTATION_CONTEXT() REPRESENTATION_CONTEXT('2D SPACE',''
  ) );
#7187 = ORIENTED_EDGE('',*,*,#5366,.F.);
#7188 = ADVANCED_FACE('',(#7189),#3397,.T.);
#7189 = FACE_BOUND('',#7190,.T.);
#7190 = EDGE_LOOP('',(#7191,#7192,#7193,#7214));
#7191 = ORIENTED_EDGE('',*,*,#7145,.F.);
#7192 = ORIENTED_EDGE('',*,*,#3382,.T.);
#7193 = ORIENTED_EDGE('',*,*,#7194,.T.);
#7194 = EDGE_CURVE('',#3383,#5390,#7195,.T.);
#7195 = SURFACE_CURVE('',#7196,(#7200,#7207),.PCURVE_S1.);
#7196 = LINE('',#7197,#7198);
#7197 = CARTESIAN_POINT('',(-198.5,-102.,-405.));
#7198 = VECTOR('',#7199,1.);
#7199 = DIRECTION('',(0.,1.,0.));
#7200 = PCURVE('',#3397,#7201);
#7201 = DEFINITIONAL_REPRESENTATION('',(#7202),#7206);
#7202 = LINE('',#7203,#7204);
#7203 = CARTESIAN_POINT('',(0.,0.));
#7204 = VECTOR('',#7205,1.);
#7205 = DIRECTION('',(0.,-1.));
#7206 = ( GEOMETRIC_REPRESENTATION_CONTEXT(2) 
PARAMETRIC_REPRESENTATION_CONTEXT() REPRESENTATION_CONTEXT('2D SPACE',''
  ) );
#7207 = PCURVE('',#3423,#7208);
#7208 = DEFINITIONAL_REPRESENTATION('',(#7209),#7213);
#7209 = LINE('',#7210,#7211);
#7210 = CARTESIAN_POINT('',(0.,0.));
#7211 = VECTOR('',#7212,1.);
#7212 = DIRECTION('',(0.,1.));
#7213 = ( GEOMETRIC_REPRESENTATION_CONTEXT(2) 
PARAMETRIC_REPRESENTATION_CONTEXT() REPRESENTATION_CONTEXT('2D SPACE',''
  ) );
#7214 = ORIENTED_EDGE('',*,*,#5389,.F.);
#7215 = ADVANCED_FACE('',(#7216),#3447,.F.);
#7216 = FACE_BOUND('',#7217,.F.);
#7217 = EDGE_LOOP('',(#7218,#7219,#7220,#7241));
#7218 = ORIENTED_EDGE('',*,*,#7167,.F.);
#7219 = ORIENTED_EDGE('',*,*,#3434,.T.);
#7220 = ORIENTED_EDGE('',*,*,#7221,.T.);
#7221 = EDGE_CURVE('',#3409,#5411,#7222,.T.);
#7222 = SURFACE_CURVE('',#7223,(#7227,#7234),.PCURVE_S1.);
#7223 = LINE('',#7224,#7225);
#7224 = CARTESIAN_POINT('',(198.5,-102.,-405.));
#7225 = VECTOR('',#7226,1.);
#7226 = DIRECTION('',(0.,1.,0.));
#7227 = PCURVE('',#3447,#7228);
#7228 = DEFINITIONAL_REPRESENTATION('',(#7229),#7233);
#7229 = LINE('',#7230,#7231);
#7230 = CARTESIAN_POINT('',(0.,0.));
#7231 = VECTOR('',#7232,1.);
#7232 = DIRECTION('',(0.,-1.));
#7233 = ( GEOMETRIC_REPRESENTATION_CONTEXT(2) 
PARAMETRIC_REPRESENTATION_CONTEXT() REPRESENTATION_CONTEXT('2D SPACE',''
  ) );
#7234 = PCURVE('',#3423,#7235);
#7235 = DEFINITIONAL_REPRESENTATION('',(#7236),#7240);
#7236 = LINE('',#7237,#7238);
#7237 = CARTESIAN_POINT('',(397.,0.));
#7238 = VECTOR('',#7239,1.);
#7239 = DIRECTION('',(0.,1.));
#7240 = ( GEOMETRIC_REPRESENTATION_CONTEXT(2) 
PARAMETRIC_REPRESENTATION_CONTEXT() REPRESENTATION_CONTEXT('2D SPACE',''
  ) );
#7241 = ORIENTED_EDGE('',*,*,#5431,.F.);
#7242 = ADVANCED_FACE('',(#7243),#3423,.T.);
#7243 = FACE_BOUND('',#7244,.T.);
#7244 = EDGE_LOOP('',(#7245,#7246,#7247,#7248));
#7245 = ORIENTED_EDGE('',*,*,#7194,.F.);
#7246 = ORIENTED_EDGE('',*,*,#3408,.T.);
#7247 = ORIENTED_EDGE('',*,*,#7221,.T.);
#7248 = ORIENTED_EDGE('',*,*,#5410,.F.);
#7249 = ADVANCED_FACE('',(#7250),#3477,.F.);
#7250 = FACE_BOUND('',#7251,.F.);
#7251 = EDGE_LOOP('',(#7252,#7273,#7274,#7295));
#7252 = ORIENTED_EDGE('',*,*,#7253,.F.);
#7253 = EDGE_CURVE('',#3461,#5453,#7254,.T.);
#7254 = SURFACE_CURVE('',#7255,(#7259,#7266),.PCURVE_S1.);
#7255 = LINE('',#7256,#7257);
#7256 = CARTESIAN_POINT('',(-198.5,-102.,-338.5));
#7257 = VECTOR('',#7258,1.);
#7258 = DIRECTION('',(0.,1.,0.));
#7259 = PCURVE('',#3477,#7260);
#7260 = DEFINITIONAL_REPRESENTATION('',(#7261),#7265);
#7261 = LINE('',#7262,#7263);
#7262 = CARTESIAN_POINT('',(0.,0.));
#7263 = VECTOR('',#7264,1.);
#7264 = DIRECTION('',(0.,1.));
#7265 = ( GEOMETRIC_REPRESENTATION_CONTEXT(2) 
PARAMETRIC_REPRESENTATION_CONTEXT() REPRESENTATION_CONTEXT('2D SPACE',''
  ) );
#7266 = PCURVE('',#3503,#7267);
#7267 = DEFINITIONAL_REPRESENTATION('',(#7268),#7272);
#7268 = LINE('',#7269,#7270);
#7269 = CARTESIAN_POINT('',(5.,0.));
#7270 = VECTOR('',#7271,1.);
#7271 = DIRECTION('',(0.,-1.));
#7272 = ( GEOMETRIC_REPRESENTATION_CONTEXT(2) 
PARAMETRIC_REPRESENTATION_CONTEXT() REPRESENTATION_CONTEXT('2D SPACE',''
  ) );
#7273 = ORIENTED_EDGE('',*,*,#3460,.T.);
#7274 = ORIENTED_EDGE('',*,*,#7275,.T.);
#7275 = EDGE_CURVE('',#3463,#5455,#7276,.T.);
#7276 = SURFACE_CURVE('',#7277,(#7281,#7288),.PCURVE_S1.);
#7277 = LINE('',#7278,#7279);
#7278 = CARTESIAN_POINT('',(198.5,-102.,-338.5));
#7279 = VECTOR('',#7280,1.);
#7280 = DIRECTION('',(0.,1.,0.));
#7281 = PCURVE('',#3477,#7282);
#7282 = DEFINITIONAL_REPRESENTATION('',(#7283),#7287);
#7283 = LINE('',#7284,#7285);
#7284 = CARTESIAN_POINT('',(397.,0.));
#7285 = VECTOR('',#7286,1.);
#7286 = DIRECTION('',(0.,1.));
#7287 = ( GEOMETRIC_REPRESENTATION_CONTEXT(2) 
PARAMETRIC_REPRESENTATION_CONTEXT() REPRESENTATION_CONTEXT('2D SPACE',''
  ) );
#7288 = PCURVE('',#3553,#7289);
#7289 = DEFINITIONAL_REPRESENTATION('',(#7290),#7294);
#7290 = LINE('',#7291,#7292);
#7291 = CARTESIAN_POINT('',(5.,0.));
#7292 = VECTOR('',#7293,1.);
#7293 = DIRECTION('',(0.,-1.));
#7294 = ( GEOMETRIC_REPRESENTATION_CONTEXT(2) 
PARAMETRIC_REPRESENTATION_CONTEXT() REPRESENTATION_CONTEXT('2D SPACE',''
  ) );
#7295 = ORIENTED_EDGE('',*,*,#5452,.F.);
#7296 = ADVANCED_FACE('',(#7297),#3503,.T.);
#7297 = FACE_BOUND('',#7298,.T.);
#7298 = EDGE_LOOP('',(#7299,#7300,#7301,#7322));
#7299 = ORIENTED_EDGE('',*,*,#7253,.F.);
#7300 = ORIENTED_EDGE('',*,*,#3488,.T.);
#7301 = ORIENTED_EDGE('',*,*,#7302,.T.);
#7302 = EDGE_CURVE('',#3489,#5476,#7303,.T.);
#7303 = SURFACE_CURVE('',#7304,(#7308,#7315),.PCURVE_S1.);
#7304 = LINE('',#7305,#7306);
#7305 = CARTESIAN_POINT('',(-198.5,-102.,-343.5));
#7306 = VECTOR('',#7307,1.);
#7307 = DIRECTION('',(0.,1.,0.));
#7308 = PCURVE('',#3503,#7309);
#7309 = DEFINITIONAL_REPRESENTATION('',(#7310),#7314);
#7310 = LINE('',#7311,#7312);
#7311 = CARTESIAN_POINT('',(0.,0.));
#7312 = VECTOR('',#7313,1.);
#7313 = DIRECTION('',(0.,-1.));
#7314 = ( GEOMETRIC_REPRESENTATION_CONTEXT(2) 
PARAMETRIC_REPRESENTATION_CONTEXT() REPRESENTATION_CONTEXT('2D SPACE',''
  ) );
#7315 = PCURVE('',#3529,#7316);
#7316 = DEFINITIONAL_REPRESENTATION('',(#7317),#7321);
#7317 = LINE('',#7318,#7319);
#7318 = CARTESIAN_POINT('',(0.,0.));
#7319 = VECTOR('',#7320,1.);
#7320 = DIRECTION('',(0.,1.));
#7321 = ( GEOMETRIC_REPRESENTATION_CONTEXT(2) 
PARAMETRIC_REPRESENTATION_CONTEXT() REPRESENTATION_CONTEXT('2D SPACE',''
  ) );
#7322 = ORIENTED_EDGE('',*,*,#5475,.F.);
#7323 = ADVANCED_FACE('',(#7324),#3553,.F.);
#7324 = FACE_BOUND('',#7325,.F.);
#7325 = EDGE_LOOP('',(#7326,#7327,#7328,#7349));
#7326 = ORIENTED_EDGE('',*,*,#7275,.F.);
#7327 = ORIENTED_EDGE('',*,*,#3540,.T.);
#7328 = ORIENTED_EDGE('',*,*,#7329,.T.);
#7329 = EDGE_CURVE('',#3515,#5497,#7330,.T.);
#7330 = SURFACE_CURVE('',#7331,(#7335,#7342),.PCURVE_S1.);
#7331 = LINE('',#7332,#7333);
#7332 = CARTESIAN_POINT('',(198.5,-102.,-343.5));
#7333 = VECTOR('',#7334,1.);
#7334 = DIRECTION('',(0.,1.,0.));
#7335 = PCURVE('',#3553,#7336);
#7336 = DEFINITIONAL_REPRESENTATION('',(#7337),#7341);
#7337 = LINE('',#7338,#7339);
#7338 = CARTESIAN_POINT('',(0.,0.));
#7339 = VECTOR('',#7340,1.);
#7340 = DIRECTION('',(0.,-1.));
#7341 = ( GEOMETRIC_REPRESENTATION_CONTEXT(2) 
PARAMETRIC_REPRESENTATION_CONTEXT() REPRESENTATION_CONTEXT('2D SPACE',''
  ) );
#7342 = PCURVE('',#3529,#7343);
#7343 = DEFINITIONAL_REPRESENTATION('',(#7344),#7348);
#7344 = LINE('',#7345,#7346);
#7345 = CARTESIAN_POINT('',(397.,0.));
#7346 = VECTOR('',#7347,1.);
#7347 = DIRECTION('',(0.,1.));
#7348 = ( GEOMETRIC_REPRESENTATION_CONTEXT(2) 
PARAMETRIC_REPRESENTATION_CONTEXT() REPRESENTATION_CONTEXT('2D SPACE',''
  ) );
#7349 = ORIENTED_EDGE('',*,*,#5517,.F.);
#7350 = ADVANCED_FACE('',(#7351),#3529,.T.);
#7351 = FACE_BOUND('',#7352,.T.);
#7352 = EDGE_LOOP('',(#7353,#7354,#7355,#7356));
#7353 = ORIENTED_EDGE('',*,*,#7302,.F.);
#7354 = ORIENTED_EDGE('',*,*,#3514,.T.);
#7355 = ORIENTED_EDGE('',*,*,#7329,.T.);
#7356 = ORIENTED_EDGE('',*,*,#5496,.F.);
#7357 = ADVANCED_FACE('',(#7358),#3583,.F.);
#7358 = FACE_BOUND('',#7359,.F.);
#7359 = EDGE_LOOP('',(#7360,#7381,#7382,#7403));
#7360 = ORIENTED_EDGE('',*,*,#7361,.F.);
#7361 = EDGE_CURVE('',#3567,#5539,#7362,.T.);
#7362 = SURFACE_CURVE('',#7363,(#7367,#7374),.PCURVE_S1.);
#7363 = LINE('',#7364,#7365);
#7364 = CARTESIAN_POINT('',(-198.5,-102.,-277.));
#7365 = VECTOR('',#7366,1.);
#7366 = DIRECTION('',(0.,1.,0.));
#7367 = PCURVE('',#3583,#7368);
#7368 = DEFINITIONAL_REPRESENTATION('',(#7369),#7373);
#7369 = LINE('',#7370,#7371);
#7370 = CARTESIAN_POINT('',(0.,0.));
#7371 = VECTOR('',#7372,1.);
#7372 = DIRECTION('',(0.,1.));
#7373 = ( GEOMETRIC_REPRESENTATION_CONTEXT(2) 
PARAMETRIC_REPRESENTATION_CONTEXT() REPRESENTATION_CONTEXT('2D SPACE',''
  ) );
#7374 = PCURVE('',#3609,#7375);
#7375 = DEFINITIONAL_REPRESENTATION('',(#7376),#7380);
#7376 = LINE('',#7377,#7378);
#7377 = CARTESIAN_POINT('',(5.,0.));
#7378 = VECTOR('',#7379,1.);
#7379 = DIRECTION('',(0.,-1.));
#7380 = ( GEOMETRIC_REPRESENTATION_CONTEXT(2) 
PARAMETRIC_REPRESENTATION_CONTEXT() REPRESENTATION_CONTEXT('2D SPACE',''
  ) );
#7381 = ORIENTED_EDGE('',*,*,#3566,.T.);
#7382 = ORIENTED_EDGE('',*,*,#7383,.T.);
#7383 = EDGE_CURVE('',#3569,#5541,#7384,.T.);
#7384 = SURFACE_CURVE('',#7385,(#7389,#7396),.PCURVE_S1.);
#7385 = LINE('',#7386,#7387);
#7386 = CARTESIAN_POINT('',(198.5,-102.,-277.));
#7387 = VECTOR('',#7388,1.);
#7388 = DIRECTION('',(0.,1.,0.));
#7389 = PCURVE('',#3583,#7390);
#7390 = DEFINITIONAL_REPRESENTATION('',(#7391),#7395);
#7391 = LINE('',#7392,#7393);
#7392 = CARTESIAN_POINT('',(397.,0.));
#7393 = VECTOR('',#7394,1.);
#7394 = DIRECTION('',(0.,1.));
#7395 = ( GEOMETRIC_REPRESENTATION_CONTEXT(2) 
PARAMETRIC_REPRESENTATION_CONTEXT() REPRESENTATION_CONTEXT('2D SPACE',''
  ) );
#7396 = PCURVE('',#3659,#7397);
#7397 = DEFINITIONAL_REPRESENTATION('',(#7398),#7402);
#7398 = LINE('',#7399,#7400);
#7399 = CARTESIAN_POINT('',(5.,0.));
#7400 = VECTOR('',#7401,1.);
#7401 = DIRECTION('',(0.,-1.));
#7402 = ( GEOMETRIC_REPRESENTATION_CONTEXT(2) 
PARAMETRIC_REPRESENTATION_CONTEXT() REPRESENTATION_CONTEXT('2D SPACE',''
  ) );
#7403 = ORIENTED_EDGE('',*,*,#5538,.F.);
#7404 = ADVANCED_FACE('',(#7405),#3609,.T.);
#7405 = FACE_BOUND('',#7406,.T.);
#7406 = EDGE_LOOP('',(#7407,#7408,#7409,#7430));
#7407 = ORIENTED_EDGE('',*,*,#7361,.F.);
#7408 = ORIENTED_EDGE('',*,*,#3594,.T.);
#7409 = ORIENTED_EDGE('',*,*,#7410,.T.);
#7410 = EDGE_CURVE('',#3595,#5562,#7411,.T.);
#7411 = SURFACE_CURVE('',#7412,(#7416,#7423),.PCURVE_S1.);
#7412 = LINE('',#7413,#7414);
#7413 = CARTESIAN_POINT('',(-198.5,-102.,-282.));
#7414 = VECTOR('',#7415,1.);
#7415 = DIRECTION('',(0.,1.,0.));
#7416 = PCURVE('',#3609,#7417);
#7417 = DEFINITIONAL_REPRESENTATION('',(#7418),#7422);
#7418 = LINE('',#7419,#7420);
#7419 = CARTESIAN_POINT('',(0.,0.));
#7420 = VECTOR('',#7421,1.);
#7421 = DIRECTION('',(0.,-1.));
#7422 = ( GEOMETRIC_REPRESENTATION_CONTEXT(2) 
PARAMETRIC_REPRESENTATION_CONTEXT() REPRESENTATION_CONTEXT('2D SPACE',''
  ) );
#7423 = PCURVE('',#3635,#7424);
#7424 = DEFINITIONAL_REPRESENTATION('',(#7425),#7429);
#7425 = LINE('',#7426,#7427);
#7426 = CARTESIAN_POINT('',(0.,0.));
#7427 = VECTOR('',#7428,1.);
#7428 = DIRECTION('',(0.,1.));
#7429 = ( GEOMETRIC_REPRESENTATION_CONTEXT(2) 
PARAMETRIC_REPRESENTATION_CONTEXT() REPRESENTATION_CONTEXT('2D SPACE',''
  ) );
#7430 = ORIENTED_EDGE('',*,*,#5561,.F.);
#7431 = ADVANCED_FACE('',(#7432),#3659,.F.);
#7432 = FACE_BOUND('',#7433,.F.);
#7433 = EDGE_LOOP('',(#7434,#7435,#7436,#7457));
#7434 = ORIENTED_EDGE('',*,*,#7383,.F.);
#7435 = ORIENTED_EDGE('',*,*,#3646,.T.);
#7436 = ORIENTED_EDGE('',*,*,#7437,.T.);
#7437 = EDGE_CURVE('',#3621,#5583,#7438,.T.);
#7438 = SURFACE_CURVE('',#7439,(#7443,#7450),.PCURVE_S1.);
#7439 = LINE('',#7440,#7441);
#7440 = CARTESIAN_POINT('',(198.5,-102.,-282.));
#7441 = VECTOR('',#7442,1.);
#7442 = DIRECTION('',(0.,1.,0.));
#7443 = PCURVE('',#3659,#7444);
#7444 = DEFINITIONAL_REPRESENTATION('',(#7445),#7449);
#7445 = LINE('',#7446,#7447);
#7446 = CARTESIAN_POINT('',(0.,0.));
#7447 = VECTOR('',#7448,1.);
#7448 = DIRECTION('',(0.,-1.));
#7449 = ( GEOMETRIC_REPRESENTATION_CONTEXT(2) 
PARAMETRIC_REPRESENTATION_CONTEXT() REPRESENTATION_CONTEXT('2D SPACE',''
  ) );
#7450 = PCURVE('',#3635,#7451);
#7451 = DEFINITIONAL_REPRESENTATION('',(#7452),#7456);
#7452 = LINE('',#7453,#7454);
#7453 = CARTESIAN_POINT('',(397.,0.));
#7454 = VECTOR('',#7455,1.);
#7455 = DIRECTION('',(0.,1.));
#7456 = ( GEOMETRIC_REPRESENTATION_CONTEXT(2) 
PARAMETRIC_REPRESENTATION_CONTEXT() REPRESENTATION_CONTEXT('2D SPACE',''
  ) );
#7457 = ORIENTED_EDGE('',*,*,#5603,.F.);
#7458 = ADVANCED_FACE('',(#7459),#3635,.T.);
#7459 = FACE_BOUND('',#7460,.T.);
#7460 = EDGE_LOOP('',(#7461,#7462,#7463,#7464));
#7461 = ORIENTED_EDGE('',*,*,#7410,.F.);
#7462 = ORIENTED_EDGE('',*,*,#3620,.T.);
#7463 = ORIENTED_EDGE('',*,*,#7437,.T.);
#7464 = ORIENTED_EDGE('',*,*,#5582,.F.);
#7465 = ADVANCED_FACE('',(#7466),#3689,.F.);
#7466 = FACE_BOUND('',#7467,.F.);
#7467 = EDGE_LOOP('',(#7468,#7489,#7490,#7511));
#7468 = ORIENTED_EDGE('',*,*,#7469,.F.);
#7469 = EDGE_CURVE('',#3673,#5625,#7470,.T.);
#7470 = SURFACE_CURVE('',#7471,(#7475,#7482),.PCURVE_S1.);
#7471 = LINE('',#7472,#7473);
#7472 = CARTESIAN_POINT('',(-198.5,-102.,-215.5));
#7473 = VECTOR('',#7474,1.);
#7474 = DIRECTION('',(0.,1.,0.));
#7475 = PCURVE('',#3689,#7476);
#7476 = DEFINITIONAL_REPRESENTATION('',(#7477),#7481);
#7477 = LINE('',#7478,#7479);
#7478 = CARTESIAN_POINT('',(0.,0.));
#7479 = VECTOR('',#7480,1.);
#7480 = DIRECTION('',(0.,1.));
#7481 = ( GEOMETRIC_REPRESENTATION_CONTEXT(2) 
PARAMETRIC_REPRESENTATION_CONTEXT() REPRESENTATION_CONTEXT('2D SPACE',''
  ) );
#7482 = PCURVE('',#3715,#7483);
#7483 = DEFINITIONAL_REPRESENTATION('',(#7484),#7488);
#7484 = LINE('',#7485,#7486);
#7485 = CARTESIAN_POINT('',(5.,0.));
#7486 = VECTOR('',#7487,1.);
#7487 = DIRECTION('',(0.,-1.));
#7488 = ( GEOMETRIC_REPRESENTATION_CONTEXT(2) 
PARAMETRIC_REPRESENTATION_CONTEXT() REPRESENTATION_CONTEXT('2D SPACE',''
  ) );
#7489 = ORIENTED_EDGE('',*,*,#3672,.T.);
#7490 = ORIENTED_EDGE('',*,*,#7491,.T.);
#7491 = EDGE_CURVE('',#3675,#5627,#7492,.T.);
#7492 = SURFACE_CURVE('',#7493,(#7497,#7504),.PCURVE_S1.);
#7493 = LINE('',#7494,#7495);
#7494 = CARTESIAN_POINT('',(198.5,-102.,-215.5));
#7495 = VECTOR('',#7496,1.);
#7496 = DIRECTION('',(0.,1.,0.));
#7497 = PCURVE('',#3689,#7498);
#7498 = DEFINITIONAL_REPRESENTATION('',(#7499),#7503);
#7499 = LINE('',#7500,#7501);
#7500 = CARTESIAN_POINT('',(397.,0.));
#7501 = VECTOR('',#7502,1.);
#7502 = DIRECTION('',(0.,1.));
#7503 = ( GEOMETRIC_REPRESENTATION_CONTEXT(2) 
PARAMETRIC_REPRESENTATION_CONTEXT() REPRESENTATION_CONTEXT('2D SPACE',''
  ) );
#7504 = PCURVE('',#3765,#7505);
#7505 = DEFINITIONAL_REPRESENTATION('',(#7506),#7510);
#7506 = LINE('',#7507,#7508);
#7507 = CARTESIAN_POINT('',(5.,0.));
#7508 = VECTOR('',#7509,1.);
#7509 = DIRECTION('',(0.,-1.));
#7510 = ( GEOMETRIC_REPRESENTATION_CONTEXT(2) 
PARAMETRIC_REPRESENTATION_CONTEXT() REPRESENTATION_CONTEXT('2D SPACE',''
  ) );
#7511 = ORIENTED_EDGE('',*,*,#5624,.F.);
#7512 = ADVANCED_FACE('',(#7513),#3715,.T.);
#7513 = FACE_BOUND('',#7514,.T.);
#7514 = EDGE_LOOP('',(#7515,#7516,#7517,#7538));
#7515 = ORIENTED_EDGE('',*,*,#7469,.F.);
#7516 = ORIENTED_EDGE('',*,*,#3700,.T.);
#7517 = ORIENTED_EDGE('',*,*,#7518,.T.);
#7518 = EDGE_CURVE('',#3701,#5648,#7519,.T.);
#7519 = SURFACE_CURVE('',#7520,(#7524,#7531),.PCURVE_S1.);
#7520 = LINE('',#7521,#7522);
#7521 = CARTESIAN_POINT('',(-198.5,-102.,-220.5));
#7522 = VECTOR('',#7523,1.);
#7523 = DIRECTION('',(0.,1.,0.));
#7524 = PCURVE('',#3715,#7525);
#7525 = DEFINITIONAL_REPRESENTATION('',(#7526),#7530);
#7526 = LINE('',#7527,#7528);
#7527 = CARTESIAN_POINT('',(0.,0.));
#7528 = VECTOR('',#7529,1.);
#7529 = DIRECTION('',(0.,-1.));
#7530 = ( GEOMETRIC_REPRESENTATION_CONTEXT(2) 
PARAMETRIC_REPRESENTATION_CONTEXT() REPRESENTATION_CONTEXT('2D SPACE',''
  ) );
#7531 = PCURVE('',#3741,#7532);
#7532 = DEFINITIONAL_REPRESENTATION('',(#7533),#7537);
#7533 = LINE('',#7534,#7535);
#7534 = CARTESIAN_POINT('',(0.,0.));
#7535 = VECTOR('',#7536,1.);
#7536 = DIRECTION('',(0.,1.));
#7537 = ( GEOMETRIC_REPRESENTATION_CONTEXT(2) 
PARAMETRIC_REPRESENTATION_CONTEXT() REPRESENTATION_CONTEXT('2D SPACE',''
  ) );
#7538 = ORIENTED_EDGE('',*,*,#5647,.F.);
#7539 = ADVANCED_FACE('',(#7540),#3765,.F.);
#7540 = FACE_BOUND('',#7541,.F.);
#7541 = EDGE_LOOP('',(#7542,#7543,#7544,#7565));
#7542 = ORIENTED_EDGE('',*,*,#7491,.F.);
#7543 = ORIENTED_EDGE('',*,*,#3752,.T.);
#7544 = ORIENTED_EDGE('',*,*,#7545,.T.);
#7545 = EDGE_CURVE('',#3727,#5669,#7546,.T.);
#7546 = SURFACE_CURVE('',#7547,(#7551,#7558),.PCURVE_S1.);
#7547 = LINE('',#7548,#7549);
#7548 = CARTESIAN_POINT('',(198.5,-102.,-220.5));
#7549 = VECTOR('',#7550,1.);
#7550 = DIRECTION('',(0.,1.,0.));
#7551 = PCURVE('',#3765,#7552);
#7552 = DEFINITIONAL_REPRESENTATION('',(#7553),#7557);
#7553 = LINE('',#7554,#7555);
#7554 = CARTESIAN_POINT('',(0.,0.));
#7555 = VECTOR('',#7556,1.);
#7556 = DIRECTION('',(0.,-1.));
#7557 = ( GEOMETRIC_REPRESENTATION_CONTEXT(2) 
PARAMETRIC_REPRESENTATION_CONTEXT() REPRESENTATION_CONTEXT('2D SPACE',''
  ) );
#7558 = PCURVE('',#3741,#7559);
#7559 = DEFINITIONAL_REPRESENTATION('',(#7560),#7564);
#7560 = LINE('',#7561,#7562);
#7561 = CARTESIAN_POINT('',(397.,0.));
#7562 = VECTOR('',#7563,1.);
#7563 = DIRECTION('',(0.,1.));
#7564 = ( GEOMETRIC_REPRESENTATION_CONTEXT(2) 
PARAMETRIC_REPRESENTATION_CONTEXT() REPRESENTATION_CONTEXT('2D SPACE',''
  ) );
#7565 = ORIENTED_EDGE('',*,*,#5689,.F.);
#7566 = ADVANCED_FACE('',(#7567),#3741,.T.);
#7567 = FACE_BOUND('',#7568,.T.);
#7568 = EDGE_LOOP('',(#7569,#7570,#7571,#7572));
#7569 = ORIENTED_EDGE('',*,*,#7518,.F.);
#7570 = ORIENTED_EDGE('',*,*,#3726,.T.);
#7571 = ORIENTED_EDGE('',*,*,#7545,.T.);
#7572 = ORIENTED_EDGE('',*,*,#5668,.F.);
#7573 = ADVANCED_FACE('',(#7574),#3795,.F.);
#7574 = FACE_BOUND('',#7575,.F.);
#7575 = EDGE_LOOP('',(#7576,#7597,#7598,#7619));
#7576 = ORIENTED_EDGE('',*,*,#7577,.F.);
#7577 = EDGE_CURVE('',#3779,#5711,#7578,.T.);
#7578 = SURFACE_CURVE('',#7579,(#7583,#7590),.PCURVE_S1.);
#7579 = LINE('',#7580,#7581);
#7580 = CARTESIAN_POINT('',(-198.5,-102.,-154.));
#7581 = VECTOR('',#7582,1.);
#7582 = DIRECTION('',(0.,1.,0.));
#7583 = PCURVE('',#3795,#7584);
#7584 = DEFINITIONAL_REPRESENTATION('',(#7585),#7589);
#7585 = LINE('',#7586,#7587);
#7586 = CARTESIAN_POINT('',(0.,0.));
#7587 = VECTOR('',#7588,1.);
#7588 = DIRECTION('',(0.,1.));
#7589 = ( GEOMETRIC_REPRESENTATION_CONTEXT(2) 
PARAMETRIC_REPRESENTATION_CONTEXT() REPRESENTATION_CONTEXT('2D SPACE',''
  ) );
#7590 = PCURVE('',#3821,#7591);
#7591 = DEFINITIONAL_REPRESENTATION('',(#7592),#7596);
#7592 = LINE('',#7593,#7594);
#7593 = CARTESIAN_POINT('',(5.,0.));
#7594 = VECTOR('',#7595,1.);
#7595 = DIRECTION('',(0.,-1.));
#7596 = ( GEOMETRIC_REPRESENTATION_CONTEXT(2) 
PARAMETRIC_REPRESENTATION_CONTEXT() REPRESENTATION_CONTEXT('2D SPACE',''
  ) );
#7597 = ORIENTED_EDGE('',*,*,#3778,.T.);
#7598 = ORIENTED_EDGE('',*,*,#7599,.T.);
#7599 = EDGE_CURVE('',#3781,#5713,#7600,.T.);
#7600 = SURFACE_CURVE('',#7601,(#7605,#7612),.PCURVE_S1.);
#7601 = LINE('',#7602,#7603);
#7602 = CARTESIAN_POINT('',(198.5,-102.,-154.));
#7603 = VECTOR('',#7604,1.);
#7604 = DIRECTION('',(0.,1.,0.));
#7605 = PCURVE('',#3795,#7606);
#7606 = DEFINITIONAL_REPRESENTATION('',(#7607),#7611);
#7607 = LINE('',#7608,#7609);
#7608 = CARTESIAN_POINT('',(397.,0.));
#7609 = VECTOR('',#7610,1.);
#7610 = DIRECTION('',(0.,1.));
#7611 = ( GEOMETRIC_REPRESENTATION_CONTEXT(2) 
PARAMETRIC_REPRESENTATION_CONTEXT() REPRESENTATION_CONTEXT('2D SPACE',''
  ) );
#7612 = PCURVE('',#3871,#7613);
#7613 = DEFINITIONAL_REPRESENTATION('',(#7614),#7618);
#7614 = LINE('',#7615,#7616);
#7615 = CARTESIAN_POINT('',(5.,0.));
#7616 = VECTOR('',#7617,1.);
#7617 = DIRECTION('',(0.,-1.));
#7618 = ( GEOMETRIC_REPRESENTATION_CONTEXT(2) 
PARAMETRIC_REPRESENTATION_CONTEXT() REPRESENTATION_CONTEXT('2D SPACE',''
  ) );
#7619 = ORIENTED_EDGE('',*,*,#5710,.F.);
#7620 = ADVANCED_FACE('',(#7621),#3821,.T.);
#7621 = FACE_BOUND('',#7622,.T.);
#7622 = EDGE_LOOP('',(#7623,#7624,#7625,#7646));
#7623 = ORIENTED_EDGE('',*,*,#7577,.F.);
#7624 = ORIENTED_EDGE('',*,*,#3806,.T.);
#7625 = ORIENTED_EDGE('',*,*,#7626,.T.);
#7626 = EDGE_CURVE('',#3807,#5734,#7627,.T.);
#7627 = SURFACE_CURVE('',#7628,(#7632,#7639),.PCURVE_S1.);
#7628 = LINE('',#7629,#7630);
#7629 = CARTESIAN_POINT('',(-198.5,-102.,-159.));
#7630 = VECTOR('',#7631,1.);
#7631 = DIRECTION('',(0.,1.,0.));
#7632 = PCURVE('',#3821,#7633);
#7633 = DEFINITIONAL_REPRESENTATION('',(#7634),#7638);
#7634 = LINE('',#7635,#7636);
#7635 = CARTESIAN_POINT('',(0.,0.));
#7636 = VECTOR('',#7637,1.);
#7637 = DIRECTION('',(0.,-1.));
#7638 = ( GEOMETRIC_REPRESENTATION_CONTEXT(2) 
PARAMETRIC_REPRESENTATION_CONTEXT() REPRESENTATION_CONTEXT('2D SPACE',''
  ) );
#7639 = PCURVE('',#3847,#7640);
#7640 = DEFINITIONAL_REPRESENTATION('',(#7641),#7645);
#7641 = LINE('',#7642,#7643);
#7642 = CARTESIAN_POINT('',(0.,0.));
#7643 = VECTOR('',#7644,1.);
#7644 = DIRECTION('',(0.,1.));
#7645 = ( GEOMETRIC_REPRESENTATION_CONTEXT(2) 
PARAMETRIC_REPRESENTATION_CONTEXT() REPRESENTATION_CONTEXT('2D SPACE',''
  ) );
#7646 = ORIENTED_EDGE('',*,*,#5733,.F.);
#7647 = ADVANCED_FACE('',(#7648),#3871,.F.);
#7648 = FACE_BOUND('',#7649,.F.);
#7649 = EDGE_LOOP('',(#7650,#7651,#7652,#7673));
#7650 = ORIENTED_EDGE('',*,*,#7599,.F.);
#7651 = ORIENTED_EDGE('',*,*,#3858,.T.);
#7652 = ORIENTED_EDGE('',*,*,#7653,.T.);
#7653 = EDGE_CURVE('',#3833,#5755,#7654,.T.);
#7654 = SURFACE_CURVE('',#7655,(#7659,#7666),.PCURVE_S1.);
#7655 = LINE('',#7656,#7657);
#7656 = CARTESIAN_POINT('',(198.5,-102.,-159.));
#7657 = VECTOR('',#7658,1.);
#7658 = DIRECTION('',(0.,1.,0.));
#7659 = PCURVE('',#3871,#7660);
#7660 = DEFINITIONAL_REPRESENTATION('',(#7661),#7665);
#7661 = LINE('',#7662,#7663);
#7662 = CARTESIAN_POINT('',(0.,0.));
#7663 = VECTOR('',#7664,1.);
#7664 = DIRECTION('',(0.,-1.));
#7665 = ( GEOMETRIC_REPRESENTATION_CONTEXT(2) 
PARAMETRIC_REPRESENTATION_CONTEXT() REPRESENTATION_CONTEXT('2D SPACE',''
  ) );
#7666 = PCURVE('',#3847,#7667);
#7667 = DEFINITIONAL_REPRESENTATION('',(#7668),#7672);
#7668 = LINE('',#7669,#7670);
#7669 = CARTESIAN_POINT('',(397.,0.));
#7670 = VECTOR('',#7671,1.);
#7671 = DIRECTION('',(0.,1.));
#7672 = ( GEOMETRIC_REPRESENTATION_CONTEXT(2) 
PARAMETRIC_REPRESENTATION_CONTEXT() REPRESENTATION_CONTEXT('2D SPACE',''
  ) );
#7673 = ORIENTED_EDGE('',*,*,#5775,.F.);
#7674 = ADVANCED_FACE('',(#7675),#3847,.T.);
#7675 = FACE_BOUND('',#7676,.T.);
#7676 = EDGE_LOOP('',(#7677,#7678,#7679,#7680));
#7677 = ORIENTED_EDGE('',*,*,#7626,.F.);
#7678 = ORIENTED_EDGE('',*,*,#3832,.T.);
#7679 = ORIENTED_EDGE('',*,*,#7653,.T.);
#7680 = ORIENTED_EDGE('',*,*,#5754,.F.);
#7681 = ADVANCED_FACE('',(#7682),#3901,.F.);
#7682 = FACE_BOUND('',#7683,.F.);
#7683 = EDGE_LOOP('',(#7684,#7705,#7706,#7727));
#7684 = ORIENTED_EDGE('',*,*,#7685,.F.);
#7685 = EDGE_CURVE('',#3885,#5797,#7686,.T.);
#7686 = SURFACE_CURVE('',#7687,(#7691,#7698),.PCURVE_S1.);
#7687 = LINE('',#7688,#7689);
#7688 = CARTESIAN_POINT('',(-198.5,-102.,-92.5));
#7689 = VECTOR('',#7690,1.);
#7690 = DIRECTION('',(0.,1.,0.));
#7691 = PCURVE('',#3901,#7692);
#7692 = DEFINITIONAL_REPRESENTATION('',(#7693),#7697);
#7693 = LINE('',#7694,#7695);
#7694 = CARTESIAN_POINT('',(0.,0.));
#7695 = VECTOR('',#7696,1.);
#7696 = DIRECTION('',(0.,1.));
#7697 = ( GEOMETRIC_REPRESENTATION_CONTEXT(2) 
PARAMETRIC_REPRESENTATION_CONTEXT() REPRESENTATION_CONTEXT('2D SPACE',''
  ) );
#7698 = PCURVE('',#3927,#7699);
#7699 = DEFINITIONAL_REPRESENTATION('',(#7700),#7704);
#7700 = LINE('',#7701,#7702);
#7701 = CARTESIAN_POINT('',(5.,0.));
#7702 = VECTOR('',#7703,1.);
#7703 = DIRECTION('',(0.,-1.));
#7704 = ( GEOMETRIC_REPRESENTATION_CONTEXT(2) 
PARAMETRIC_REPRESENTATION_CONTEXT() REPRESENTATION_CONTEXT('2D SPACE',''
  ) );
#7705 = ORIENTED_EDGE('',*,*,#3884,.T.);
#7706 = ORIENTED_EDGE('',*,*,#7707,.T.);
#7707 = EDGE_CURVE('',#3887,#5799,#7708,.T.);
#7708 = SURFACE_CURVE('',#7709,(#7713,#7720),.PCURVE_S1.);
#7709 = LINE('',#7710,#7711);
#7710 = CARTESIAN_POINT('',(198.5,-102.,-92.5));
#7711 = VECTOR('',#7712,1.);
#7712 = DIRECTION('',(0.,1.,0.));
#7713 = PCURVE('',#3901,#7714);
#7714 = DEFINITIONAL_REPRESENTATION('',(#7715),#7719);
#7715 = LINE('',#7716,#7717);
#7716 = CARTESIAN_POINT('',(397.,0.));
#7717 = VECTOR('',#7718,1.);
#7718 = DIRECTION('',(0.,1.));
#7719 = ( GEOMETRIC_REPRESENTATION_CONTEXT(2) 
PARAMETRIC_REPRESENTATION_CONTEXT() REPRESENTATION_CONTEXT('2D SPACE',''
  ) );
#7720 = PCURVE('',#3977,#7721);
#7721 = DEFINITIONAL_REPRESENTATION('',(#7722),#7726);
#7722 = LINE('',#7723,#7724);
#7723 = CARTESIAN_POINT('',(5.,0.));
#7724 = VECTOR('',#7725,1.);
#7725 = DIRECTION('',(0.,-1.));
#7726 = ( GEOMETRIC_REPRESENTATION_CONTEXT(2) 
PARAMETRIC_REPRESENTATION_CONTEXT() REPRESENTATION_CONTEXT('2D SPACE',''
  ) );
#7727 = ORIENTED_EDGE('',*,*,#5796,.F.);
#7728 = ADVANCED_FACE('',(#7729),#3927,.T.);
#7729 = FACE_BOUND('',#7730,.T.);
#7730 = EDGE_LOOP('',(#7731,#7732,#7733,#7754));
#7731 = ORIENTED_EDGE('',*,*,#7685,.F.);
#7732 = ORIENTED_EDGE('',*,*,#3912,.T.);
#7733 = ORIENTED_EDGE('',*,*,#7734,.T.);
#7734 = EDGE_CURVE('',#3913,#5820,#7735,.T.);
#7735 = SURFACE_CURVE('',#7736,(#7740,#7747),.PCURVE_S1.);
#7736 = LINE('',#7737,#7738);
#7737 = CARTESIAN_POINT('',(-198.5,-102.,-97.5));
#7738 = VECTOR('',#7739,1.);
#7739 = DIRECTION('',(0.,1.,0.));
#7740 = PCURVE('',#3927,#7741);
#7741 = DEFINITIONAL_REPRESENTATION('',(#7742),#7746);
#7742 = LINE('',#7743,#7744);
#7743 = CARTESIAN_POINT('',(0.,0.));
#7744 = VECTOR('',#7745,1.);
#7745 = DIRECTION('',(0.,-1.));
#7746 = ( GEOMETRIC_REPRESENTATION_CONTEXT(2) 
PARAMETRIC_REPRESENTATION_CONTEXT() REPRESENTATION_CONTEXT('2D SPACE',''
  ) );
#7747 = PCURVE('',#3953,#7748);
#7748 = DEFINITIONAL_REPRESENTATION('',(#7749),#7753);
#7749 = LINE('',#7750,#7751);
#7750 = CARTESIAN_POINT('',(0.,0.));
#7751 = VECTOR('',#7752,1.);
#7752 = DIRECTION('',(0.,1.));
#7753 = ( GEOMETRIC_REPRESENTATION_CONTEXT(2) 
PARAMETRIC_REPRESENTATION_CONTEXT() REPRESENTATION_CONTEXT('2D SPACE',''
  ) );
#7754 = ORIENTED_EDGE('',*,*,#5819,.F.);
#7755 = ADVANCED_FACE('',(#7756),#3977,.F.);
#7756 = FACE_BOUND('',#7757,.F.);
#7757 = EDGE_LOOP('',(#7758,#7759,#7760,#7781));
#7758 = ORIENTED_EDGE('',*,*,#7707,.F.);
#7759 = ORIENTED_EDGE('',*,*,#3964,.T.);
#7760 = ORIENTED_EDGE('',*,*,#7761,.T.);
#7761 = EDGE_CURVE('',#3939,#5841,#7762,.T.);
#7762 = SURFACE_CURVE('',#7763,(#7767,#7774),.PCURVE_S1.);
#7763 = LINE('',#7764,#7765);
#7764 = CARTESIAN_POINT('',(198.5,-102.,-97.5));
#7765 = VECTOR('',#7766,1.);
#7766 = DIRECTION('',(0.,1.,0.));
#7767 = PCURVE('',#3977,#7768);
#7768 = DEFINITIONAL_REPRESENTATION('',(#7769),#7773);
#7769 = LINE('',#7770,#7771);
#7770 = CARTESIAN_POINT('',(0.,0.));
#7771 = VECTOR('',#7772,1.);
#7772 = DIRECTION('',(0.,-1.));
#7773 = ( GEOMETRIC_REPRESENTATION_CONTEXT(2) 
PARAMETRIC_REPRESENTATION_CONTEXT() REPRESENTATION_CONTEXT('2D SPACE',''
  ) );
#7774 = PCURVE('',#3953,#7775);
#7775 = DEFINITIONAL_REPRESENTATION('',(#7776),#7780);
#7776 = LINE('',#7777,#7778);
#7777 = CARTESIAN_POINT('',(397.,0.));
#7778 = VECTOR('',#7779,1.);
#7779 = DIRECTION('',(0.,1.));
#7780 = ( GEOMETRIC_REPRESENTATION_CONTEXT(2) 
PARAMETRIC_REPRESENTATION_CONTEXT() REPRESENTATION_CONTEXT('2D SPACE',''
  ) );
#7781 = ORIENTED_EDGE('',*,*,#5861,.F.);
#7782 = ADVANCED_FACE('',(#7783),#3953,.T.);
#7783 = FACE_BOUND('',#7784,.T.);
#7784 = EDGE_LOOP('',(#7785,#7786,#7787,#7788));
#7785 = ORIENTED_EDGE('',*,*,#7734,.F.);
#7786 = ORIENTED_EDGE('',*,*,#3938,.T.);
#7787 = ORIENTED_EDGE('',*,*,#7761,.T.);
#7788 = ORIENTED_EDGE('',*,*,#5840,.F.);
#7789 = ADVANCED_FACE('',(#7790),#4007,.F.);
#7790 = FACE_BOUND('',#7791,.F.);
#7791 = EDGE_LOOP('',(#7792,#7813,#7814,#7835));
#7792 = ORIENTED_EDGE('',*,*,#7793,.F.);
#7793 = EDGE_CURVE('',#3991,#5883,#7794,.T.);
#7794 = SURFACE_CURVE('',#7795,(#7799,#7806),.PCURVE_S1.);
#7795 = LINE('',#7796,#7797);
#7796 = CARTESIAN_POINT('',(-198.5,-102.,-31.));
#7797 = VECTOR('',#7798,1.);
#7798 = DIRECTION('',(0.,1.,0.));
#7799 = PCURVE('',#4007,#7800);
#7800 = DEFINITIONAL_REPRESENTATION('',(#7801),#7805);
#7801 = LINE('',#7802,#7803);
#7802 = CARTESIAN_POINT('',(0.,0.));
#7803 = VECTOR('',#7804,1.);
#7804 = DIRECTION('',(0.,1.));
#7805 = ( GEOMETRIC_REPRESENTATION_CONTEXT(2) 
PARAMETRIC_REPRESENTATION_CONTEXT() REPRESENTATION_CONTEXT('2D SPACE',''
  ) );
#7806 = PCURVE('',#4033,#7807);
#7807 = DEFINITIONAL_REPRESENTATION('',(#7808),#7812);
#7808 = LINE('',#7809,#7810);
#7809 = CARTESIAN_POINT('',(5.,0.));
#7810 = VECTOR('',#7811,1.);
#7811 = DIRECTION('',(0.,-1.));
#7812 = ( GEOMETRIC_REPRESENTATION_CONTEXT(2) 
PARAMETRIC_REPRESENTATION_CONTEXT() REPRESENTATION_CONTEXT('2D SPACE',''
  ) );
#7813 = ORIENTED_EDGE('',*,*,#3990,.T.);
#7814 = ORIENTED_EDGE('',*,*,#7815,.T.);
#7815 = EDGE_CURVE('',#3993,#5885,#7816,.T.);
#7816 = SURFACE_CURVE('',#7817,(#7821,#7828),.PCURVE_S1.);
#7817 = LINE('',#7818,#7819);
#7818 = CARTESIAN_POINT('',(198.5,-102.,-31.));
#7819 = VECTOR('',#7820,1.);
#7820 = DIRECTION('',(0.,1.,0.));
#7821 = PCURVE('',#4007,#7822);
#7822 = DEFINITIONAL_REPRESENTATION('',(#7823),#7827);
#7823 = LINE('',#7824,#7825);
#7824 = CARTESIAN_POINT('',(397.,0.));
#7825 = VECTOR('',#7826,1.);
#7826 = DIRECTION('',(0.,1.));
#7827 = ( GEOMETRIC_REPRESENTATION_CONTEXT(2) 
PARAMETRIC_REPRESENTATION_CONTEXT() REPRESENTATION_CONTEXT('2D SPACE',''
  ) );
#7828 = PCURVE('',#4083,#7829);
#7829 = DEFINITIONAL_REPRESENTATION('',(#7830),#7834);
#7830 = LINE('',#7831,#7832);
#7831 = CARTESIAN_POINT('',(5.,0.));
#7832 = VECTOR('',#7833,1.);
#7833 = DIRECTION('',(0.,-1.));
#7834 = ( GEOMETRIC_REPRESENTATION_CONTEXT(2) 
PARAMETRIC_REPRESENTATION_CONTEXT() REPRESENTATION_CONTEXT('2D SPACE',''
  ) );
#7835 = ORIENTED_EDGE('',*,*,#5882,.F.);
#7836 = ADVANCED_FACE('',(#7837),#4033,.T.);
#7837 = FACE_BOUND('',#7838,.T.);
#7838 = EDGE_LOOP('',(#7839,#7840,#7841,#7862));
#7839 = ORIENTED_EDGE('',*,*,#7793,.F.);
#7840 = ORIENTED_EDGE('',*,*,#4018,.T.);
#7841 = ORIENTED_EDGE('',*,*,#7842,.T.);
#7842 = EDGE_CURVE('',#4019,#5906,#7843,.T.);
#7843 = SURFACE_CURVE('',#7844,(#7848,#7855),.PCURVE_S1.);
#7844 = LINE('',#7845,#7846);
#7845 = CARTESIAN_POINT('',(-198.5,-102.,-36.));
#7846 = VECTOR('',#7847,1.);
#7847 = DIRECTION('',(0.,1.,0.));
#7848 = PCURVE('',#4033,#7849);
#7849 = DEFINITIONAL_REPRESENTATION('',(#7850),#7854);
#7850 = LINE('',#7851,#7852);
#7851 = CARTESIAN_POINT('',(0.,0.));
#7852 = VECTOR('',#7853,1.);
#7853 = DIRECTION('',(0.,-1.));
#7854 = ( GEOMETRIC_REPRESENTATION_CONTEXT(2) 
PARAMETRIC_REPRESENTATION_CONTEXT() REPRESENTATION_CONTEXT('2D SPACE',''
  ) );
#7855 = PCURVE('',#4059,#7856);
#7856 = DEFINITIONAL_REPRESENTATION('',(#7857),#7861);
#7857 = LINE('',#7858,#7859);
#7858 = CARTESIAN_POINT('',(0.,0.));
#7859 = VECTOR('',#7860,1.);
#7860 = DIRECTION('',(0.,1.));
#7861 = ( GEOMETRIC_REPRESENTATION_CONTEXT(2) 
PARAMETRIC_REPRESENTATION_CONTEXT() REPRESENTATION_CONTEXT('2D SPACE',''
  ) );
#7862 = ORIENTED_EDGE('',*,*,#5905,.F.);
#7863 = ADVANCED_FACE('',(#7864),#4083,.F.);
#7864 = FACE_BOUND('',#7865,.F.);
#7865 = EDGE_LOOP('',(#7866,#7867,#7868,#7889));
#7866 = ORIENTED_EDGE('',*,*,#7815,.F.);
#7867 = ORIENTED_EDGE('',*,*,#4070,.T.);
#7868 = ORIENTED_EDGE('',*,*,#7869,.T.);
#7869 = EDGE_CURVE('',#4045,#5927,#7870,.T.);
#7870 = SURFACE_CURVE('',#7871,(#7875,#7882),.PCURVE_S1.);
#7871 = LINE('',#7872,#7873);
#7872 = CARTESIAN_POINT('',(198.5,-102.,-36.));
#7873 = VECTOR('',#7874,1.);
#7874 = DIRECTION('',(0.,1.,0.));
#7875 = PCURVE('',#4083,#7876);
#7876 = DEFINITIONAL_REPRESENTATION('',(#7877),#7881);
#7877 = LINE('',#7878,#7879);
#7878 = CARTESIAN_POINT('',(0.,0.));
#7879 = VECTOR('',#7880,1.);
#7880 = DIRECTION('',(0.,-1.));
#7881 = ( GEOMETRIC_REPRESENTATION_CONTEXT(2) 
PARAMETRIC_REPRESENTATION_CONTEXT() REPRESENTATION_CONTEXT('2D SPACE',''
  ) );
#7882 = PCURVE('',#4059,#7883);
#7883 = DEFINITIONAL_REPRESENTATION('',(#7884),#7888);
#7884 = LINE('',#7885,#7886);
#7885 = CARTESIAN_POINT('',(397.,0.));
#7886 = VECTOR('',#7887,1.);
#7887 = DIRECTION('',(0.,1.));
#7888 = ( GEOMETRIC_REPRESENTATION_CONTEXT(2) 
PARAMETRIC_REPRESENTATION_CONTEXT() REPRESENTATION_CONTEXT('2D SPACE',''
  ) );
#7889 = ORIENTED_EDGE('',*,*,#5947,.F.);
#7890 = ADVANCED_FACE('',(#7891),#4059,.T.);
#7891 = FACE_BOUND('',#7892,.T.);
#7892 = EDGE_LOOP('',(#7893,#7894,#7895,#7896));
#7893 = ORIENTED_EDGE('',*,*,#7842,.F.);
#7894 = ORIENTED_EDGE('',*,*,#4044,.T.);
#7895 = ORIENTED_EDGE('',*,*,#7869,.T.);
#7896 = ORIENTED_EDGE('',*,*,#5926,.F.);
#7897 = ADVANCED_FACE('',(#7898),#4113,.F.);
#7898 = FACE_BOUND('',#7899,.F.);
#7899 = EDGE_LOOP('',(#7900,#7921,#7922,#7943));
#7900 = ORIENTED_EDGE('',*,*,#7901,.F.);
#7901 = EDGE_CURVE('',#4097,#5969,#7902,.T.);
#7902 = SURFACE_CURVE('',#7903,(#7907,#7914),.PCURVE_S1.);
#7903 = LINE('',#7904,#7905);
#7904 = CARTESIAN_POINT('',(-198.5,-102.,30.5));
#7905 = VECTOR('',#7906,1.);
#7906 = DIRECTION('',(0.,1.,0.));
#7907 = PCURVE('',#4113,#7908);
#7908 = DEFINITIONAL_REPRESENTATION('',(#7909),#7913);
#7909 = LINE('',#7910,#7911);
#7910 = CARTESIAN_POINT('',(0.,0.));
#7911 = VECTOR('',#7912,1.);
#7912 = DIRECTION('',(0.,1.));
#7913 = ( GEOMETRIC_REPRESENTATION_CONTEXT(2) 
PARAMETRIC_REPRESENTATION_CONTEXT() REPRESENTATION_CONTEXT('2D SPACE',''
  ) );
#7914 = PCURVE('',#4139,#7915);
#7915 = DEFINITIONAL_REPRESENTATION('',(#7916),#7920);
#7916 = LINE('',#7917,#7918);
#7917 = CARTESIAN_POINT('',(5.,0.));
#7918 = VECTOR('',#7919,1.);
#7919 = DIRECTION('',(0.,-1.));
#7920 = ( GEOMETRIC_REPRESENTATION_CONTEXT(2) 
PARAMETRIC_REPRESENTATION_CONTEXT() REPRESENTATION_CONTEXT('2D SPACE',''
  ) );
#7921 = ORIENTED_EDGE('',*,*,#4096,.T.);
#7922 = ORIENTED_EDGE('',*,*,#7923,.T.);
#7923 = EDGE_CURVE('',#4099,#5971,#7924,.T.);
#7924 = SURFACE_CURVE('',#7925,(#7929,#7936),.PCURVE_S1.);
#7925 = LINE('',#7926,#7927);
#7926 = CARTESIAN_POINT('',(198.5,-102.,30.5));
#7927 = VECTOR('',#7928,1.);
#7928 = DIRECTION('',(0.,1.,0.));
#7929 = PCURVE('',#4113,#7930);
#7930 = DEFINITIONAL_REPRESENTATION('',(#7931),#7935);
#7931 = LINE('',#7932,#7933);
#7932 = CARTESIAN_POINT('',(397.,0.));
#7933 = VECTOR('',#7934,1.);
#7934 = DIRECTION('',(0.,1.));
#7935 = ( GEOMETRIC_REPRESENTATION_CONTEXT(2) 
PARAMETRIC_REPRESENTATION_CONTEXT() REPRESENTATION_CONTEXT('2D SPACE',''
  ) );
#7936 = PCURVE('',#4189,#7937);
#7937 = DEFINITIONAL_REPRESENTATION('',(#7938),#7942);
#7938 = LINE('',#7939,#7940);
#7939 = CARTESIAN_POINT('',(5.,0.));
#7940 = VECTOR('',#7941,1.);
#7941 = DIRECTION('',(0.,-1.));
#7942 = ( GEOMETRIC_REPRESENTATION_CONTEXT(2) 
PARAMETRIC_REPRESENTATION_CONTEXT() REPRESENTATION_CONTEXT('2D SPACE',''
  ) );
#7943 = ORIENTED_EDGE('',*,*,#5968,.F.);
#7944 = ADVANCED_FACE('',(#7945),#4139,.T.);
#7945 = FACE_BOUND('',#7946,.T.);
#7946 = EDGE_LOOP('',(#7947,#7948,#7949,#7970));
#7947 = ORIENTED_EDGE('',*,*,#7901,.F.);
#7948 = ORIENTED_EDGE('',*,*,#4124,.T.);
#7949 = ORIENTED_EDGE('',*,*,#7950,.T.);
#7950 = EDGE_CURVE('',#4125,#5992,#7951,.T.);
#7951 = SURFACE_CURVE('',#7952,(#7956,#7963),.PCURVE_S1.);
#7952 = LINE('',#7953,#7954);
#7953 = CARTESIAN_POINT('',(-198.5,-102.,25.5));
#7954 = VECTOR('',#7955,1.);
#7955 = DIRECTION('',(0.,1.,0.));
#7956 = PCURVE('',#4139,#7957);
#7957 = DEFINITIONAL_REPRESENTATION('',(#7958),#7962);
#7958 = LINE('',#7959,#7960);
#7959 = CARTESIAN_POINT('',(0.,0.));
#7960 = VECTOR('',#7961,1.);
#7961 = DIRECTION('',(0.,-1.));
#7962 = ( GEOMETRIC_REPRESENTATION_CONTEXT(2) 
PARAMETRIC_REPRESENTATION_CONTEXT() REPRESENTATION_CONTEXT('2D SPACE',''
  ) );
#7963 = PCURVE('',#4165,#7964);
#7964 = DEFINITIONAL_REPRESENTATION('',(#7965),#7969);
#7965 = LINE('',#7966,#7967);
#7966 = CARTESIAN_POINT('',(0.,0.));
#7967 = VECTOR('',#7968,1.);
#7968 = DIRECTION('',(0.,1.));
#7969 = ( GEOMETRIC_REPRESENTATION_CONTEXT(2) 
PARAMETRIC_REPRESENTATION_CONTEXT() REPRESENTATION_CONTEXT('2D SPACE',''
  ) );
#7970 = ORIENTED_EDGE('',*,*,#5991,.F.);
#7971 = ADVANCED_FACE('',(#7972),#4189,.F.);
#7972 = FACE_BOUND('',#7973,.F.);
#7973 = EDGE_LOOP('',(#7974,#7975,#7976,#7997));
#7974 = ORIENTED_EDGE('',*,*,#7923,.F.);
#7975 = ORIENTED_EDGE('',*,*,#4176,.T.);
#7976 = ORIENTED_EDGE('',*,*,#7977,.T.);
#7977 = EDGE_CURVE('',#4151,#6013,#7978,.T.);
#7978 = SURFACE_CURVE('',#7979,(#7983,#7990),.PCURVE_S1.);
#7979 = LINE('',#7980,#7981);
#7980 = CARTESIAN_POINT('',(198.5,-102.,25.5));
#7981 = VECTOR('',#7982,1.);
#7982 = DIRECTION('',(0.,1.,0.));
#7983 = PCURVE('',#4189,#7984);
#7984 = DEFINITIONAL_REPRESENTATION('',(#7985),#7989);
#7985 = LINE('',#7986,#7987);
#7986 = CARTESIAN_POINT('',(0.,0.));
#7987 = VECTOR('',#7988,1.);
#7988 = DIRECTION('',(0.,-1.));
#7989 = ( GEOMETRIC_REPRESENTATION_CONTEXT(2) 
PARAMETRIC_REPRESENTATION_CONTEXT() REPRESENTATION_CONTEXT('2D SPACE',''
  ) );
#7990 = PCURVE('',#4165,#7991);
#7991 = DEFINITIONAL_REPRESENTATION('',(#7992),#7996);
#7992 = LINE('',#7993,#7994);
#7993 = CARTESIAN_POINT('',(397.,0.));
#7994 = VECTOR('',#7995,1.);
#7995 = DIRECTION('',(0.,1.));
#7996 = ( GEOMETRIC_REPRESENTATION_CONTEXT(2) 
PARAMETRIC_REPRESENTATION_CONTEXT() REPRESENTATION_CONTEXT('2D SPACE',''
  ) );
#7997 = ORIENTED_EDGE('',*,*,#6033,.F.);
#7998 = ADVANCED_FACE('',(#7999),#4165,.T.);
#7999 = FACE_BOUND('',#8000,.T.);
#8000 = EDGE_LOOP('',(#8001,#8002,#8003,#8004));
#8001 = ORIENTED_EDGE('',*,*,#7950,.F.);
#8002 = ORIENTED_EDGE('',*,*,#4150,.T.);
#8003 = ORIENTED_EDGE('',*,*,#7977,.T.);
#8004 = ORIENTED_EDGE('',*,*,#6012,.F.);
#8005 = ADVANCED_FACE('',(#8006),#4219,.F.);
#8006 = FACE_BOUND('',#8007,.F.);
#8007 = EDGE_LOOP('',(#8008,#8029,#8030,#8051));
#8008 = ORIENTED_EDGE('',*,*,#8009,.F.);
#8009 = EDGE_CURVE('',#4203,#6055,#8010,.T.);
#8010 = SURFACE_CURVE('',#8011,(#8015,#8022),.PCURVE_S1.);
#8011 = LINE('',#8012,#8013);
#8012 = CARTESIAN_POINT('',(-198.5,-102.,92.));
#8013 = VECTOR('',#8014,1.);
#8014 = DIRECTION('',(0.,1.,0.));
#8015 = PCURVE('',#4219,#8016);
#8016 = DEFINITIONAL_REPRESENTATION('',(#8017),#8021);
#8017 = LINE('',#8018,#8019);
#8018 = CARTESIAN_POINT('',(0.,0.));
#8019 = VECTOR('',#8020,1.);
#8020 = DIRECTION('',(0.,1.));
#8021 = ( GEOMETRIC_REPRESENTATION_CONTEXT(2) 
PARAMETRIC_REPRESENTATION_CONTEXT() REPRESENTATION_CONTEXT('2D SPACE',''
  ) );
#8022 = PCURVE('',#4245,#8023);
#8023 = DEFINITIONAL_REPRESENTATION('',(#8024),#8028);
#8024 = LINE('',#8025,#8026);
#8025 = CARTESIAN_POINT('',(5.,0.));
#8026 = VECTOR('',#8027,1.);
#8027 = DIRECTION('',(0.,-1.));
#8028 = ( GEOMETRIC_REPRESENTATION_CONTEXT(2) 
PARAMETRIC_REPRESENTATION_CONTEXT() REPRESENTATION_CONTEXT('2D SPACE',''
  ) );
#8029 = ORIENTED_EDGE('',*,*,#4202,.T.);
#8030 = ORIENTED_EDGE('',*,*,#8031,.T.);
#8031 = EDGE_CURVE('',#4205,#6057,#8032,.T.);
#8032 = SURFACE_CURVE('',#8033,(#8037,#8044),.PCURVE_S1.);
#8033 = LINE('',#8034,#8035);
#8034 = CARTESIAN_POINT('',(198.5,-102.,92.));
#8035 = VECTOR('',#8036,1.);
#8036 = DIRECTION('',(0.,1.,0.));
#8037 = PCURVE('',#4219,#8038);
#8038 = DEFINITIONAL_REPRESENTATION('',(#8039),#8043);
#8039 = LINE('',#8040,#8041);
#8040 = CARTESIAN_POINT('',(397.,0.));
#8041 = VECTOR('',#8042,1.);
#8042 = DIRECTION('',(0.,1.));
#8043 = ( GEOMETRIC_REPRESENTATION_CONTEXT(2) 
PARAMETRIC_REPRESENTATION_CONTEXT() REPRESENTATION_CONTEXT('2D SPACE',''
  ) );
#8044 = PCURVE('',#4295,#8045);
#8045 = DEFINITIONAL_REPRESENTATION('',(#8046),#8050);
#8046 = LINE('',#8047,#8048);
#8047 = CARTESIAN_POINT('',(5.,0.));
#8048 = VECTOR('',#8049,1.);
#8049 = DIRECTION('',(0.,-1.));
#8050 = ( GEOMETRIC_REPRESENTATION_CONTEXT(2) 
PARAMETRIC_REPRESENTATION_CONTEXT() REPRESENTATION_CONTEXT('2D SPACE',''
  ) );
#8051 = ORIENTED_EDGE('',*,*,#6054,.F.);
#8052 = ADVANCED_FACE('',(#8053),#4245,.T.);
#8053 = FACE_BOUND('',#8054,.T.);
#8054 = EDGE_LOOP('',(#8055,#8056,#8057,#8078));
#8055 = ORIENTED_EDGE('',*,*,#8009,.F.);
#8056 = ORIENTED_EDGE('',*,*,#4230,.T.);
#8057 = ORIENTED_EDGE('',*,*,#8058,.T.);
#8058 = EDGE_CURVE('',#4231,#6078,#8059,.T.);
#8059 = SURFACE_CURVE('',#8060,(#8064,#8071),.PCURVE_S1.);
#8060 = LINE('',#8061,#8062);
#8061 = CARTESIAN_POINT('',(-198.5,-102.,87.));
#8062 = VECTOR('',#8063,1.);
#8063 = DIRECTION('',(0.,1.,0.));
#8064 = PCURVE('',#4245,#8065);
#8065 = DEFINITIONAL_REPRESENTATION('',(#8066),#8070);
#8066 = LINE('',#8067,#8068);
#8067 = CARTESIAN_POINT('',(0.,0.));
#8068 = VECTOR('',#8069,1.);
#8069 = DIRECTION('',(0.,-1.));
#8070 = ( GEOMETRIC_REPRESENTATION_CONTEXT(2) 
PARAMETRIC_REPRESENTATION_CONTEXT() REPRESENTATION_CONTEXT('2D SPACE',''
  ) );
#8071 = PCURVE('',#4271,#8072);
#8072 = DEFINITIONAL_REPRESENTATION('',(#8073),#8077);
#8073 = LINE('',#8074,#8075);
#8074 = CARTESIAN_POINT('',(0.,0.));
#8075 = VECTOR('',#8076,1.);
#8076 = DIRECTION('',(0.,1.));
#8077 = ( GEOMETRIC_REPRESENTATION_CONTEXT(2) 
PARAMETRIC_REPRESENTATION_CONTEXT() REPRESENTATION_CONTEXT('2D SPACE',''
  ) );
#8078 = ORIENTED_EDGE('',*,*,#6077,.F.);
#8079 = ADVANCED_FACE('',(#8080),#4295,.F.);
#8080 = FACE_BOUND('',#8081,.F.);
#8081 = EDGE_LOOP('',(#8082,#8083,#8084,#8105));
#8082 = ORIENTED_EDGE('',*,*,#8031,.F.);
#8083 = ORIENTED_EDGE('',*,*,#4282,.T.);
#8084 = ORIENTED_EDGE('',*,*,#8085,.T.);
#8085 = EDGE_CURVE('',#4257,#6099,#8086,.T.);
#8086 = SURFACE_CURVE('',#8087,(#8091,#8098),.PCURVE_S1.);
#8087 = LINE('',#8088,#8089);
#8088 = CARTESIAN_POINT('',(198.5,-102.,87.));
#8089 = VECTOR('',#8090,1.);
#8090 = DIRECTION('',(0.,1.,0.));
#8091 = PCURVE('',#4295,#8092);
#8092 = DEFINITIONAL_REPRESENTATION('',(#8093),#8097);
#8093 = LINE('',#8094,#8095);
#8094 = CARTESIAN_POINT('',(0.,0.));
#8095 = VECTOR('',#8096,1.);
#8096 = DIRECTION('',(0.,-1.));
#8097 = ( GEOMETRIC_REPRESENTATION_CONTEXT(2) 
PARAMETRIC_REPRESENTATION_CONTEXT() REPRESENTATION_CONTEXT('2D SPACE',''
  ) );
#8098 = PCURVE('',#4271,#8099);
#8099 = DEFINITIONAL_REPRESENTATION('',(#8100),#8104);
#8100 = LINE('',#8101,#8102);
#8101 = CARTESIAN_POINT('',(397.,0.));
#8102 = VECTOR('',#8103,1.);
#8103 = DIRECTION('',(0.,1.));
#8104 = ( GEOMETRIC_REPRESENTATION_CONTEXT(2) 
PARAMETRIC_REPRESENTATION_CONTEXT() REPRESENTATION_CONTEXT('2D SPACE',''
  ) );
#8105 = ORIENTED_EDGE('',*,*,#6119,.F.);
#8106 = ADVANCED_FACE('',(#8107),#4271,.T.);
#8107 = FACE_BOUND('',#8108,.T.);
#8108 = EDGE_LOOP('',(#8109,#8110,#8111,#8112));
#8109 = ORIENTED_EDGE('',*,*,#8058,.F.);
#8110 = ORIENTED_EDGE('',*,*,#4256,.T.);
#8111 = ORIENTED_EDGE('',*,*,#8085,.T.);
#8112 = ORIENTED_EDGE('',*,*,#6098,.F.);
#8113 = ADVANCED_FACE('',(#8114),#4325,.F.);
#8114 = FACE_BOUND('',#8115,.F.);
#8115 = EDGE_LOOP('',(#8116,#8137,#8138,#8159));
#8116 = ORIENTED_EDGE('',*,*,#8117,.F.);
#8117 = EDGE_CURVE('',#4309,#6141,#8118,.T.);
#8118 = SURFACE_CURVE('',#8119,(#8123,#8130),.PCURVE_S1.);
#8119 = LINE('',#8120,#8121);
#8120 = CARTESIAN_POINT('',(-198.5,-102.,153.5));
#8121 = VECTOR('',#8122,1.);
#8122 = DIRECTION('',(0.,1.,0.));
#8123 = PCURVE('',#4325,#8124);
#8124 = DEFINITIONAL_REPRESENTATION('',(#8125),#8129);
#8125 = LINE('',#8126,#8127);
#8126 = CARTESIAN_POINT('',(0.,0.));
#8127 = VECTOR('',#8128,1.);
#8128 = DIRECTION('',(0.,1.));
#8129 = ( GEOMETRIC_REPRESENTATION_CONTEXT(2) 
PARAMETRIC_REPRESENTATION_CONTEXT() REPRESENTATION_CONTEXT('2D SPACE',''
  ) );
#8130 = PCURVE('',#4351,#8131);
#8131 = DEFINITIONAL_REPRESENTATION('',(#8132),#8136);
#8132 = LINE('',#8133,#8134);
#8133 = CARTESIAN_POINT('',(5.,0.));
#8134 = VECTOR('',#8135,1.);
#8135 = DIRECTION('',(0.,-1.));
#8136 = ( GEOMETRIC_REPRESENTATION_CONTEXT(2) 
PARAMETRIC_REPRESENTATION_CONTEXT() REPRESENTATION_CONTEXT('2D SPACE',''
  ) );
#8137 = ORIENTED_EDGE('',*,*,#4308,.T.);
#8138 = ORIENTED_EDGE('',*,*,#8139,.T.);
#8139 = EDGE_CURVE('',#4311,#6143,#8140,.T.);
#8140 = SURFACE_CURVE('',#8141,(#8145,#8152),.PCURVE_S1.);
#8141 = LINE('',#8142,#8143);
#8142 = CARTESIAN_POINT('',(198.5,-102.,153.5));
#8143 = VECTOR('',#8144,1.);
#8144 = DIRECTION('',(0.,1.,0.));
#8145 = PCURVE('',#4325,#8146);
#8146 = DEFINITIONAL_REPRESENTATION('',(#8147),#8151);
#8147 = LINE('',#8148,#8149);
#8148 = CARTESIAN_POINT('',(397.,0.));
#8149 = VECTOR('',#8150,1.);
#8150 = DIRECTION('',(0.,1.));
#8151 = ( GEOMETRIC_REPRESENTATION_CONTEXT(2) 
PARAMETRIC_REPRESENTATION_CONTEXT() REPRESENTATION_CONTEXT('2D SPACE',''
  ) );
#8152 = PCURVE('',#4401,#8153);
#8153 = DEFINITIONAL_REPRESENTATION('',(#8154),#8158);
#8154 = LINE('',#8155,#8156);
#8155 = CARTESIAN_POINT('',(5.,0.));
#8156 = VECTOR('',#8157,1.);
#8157 = DIRECTION('',(0.,-1.));
#8158 = ( GEOMETRIC_REPRESENTATION_CONTEXT(2) 
PARAMETRIC_REPRESENTATION_CONTEXT() REPRESENTATION_CONTEXT('2D SPACE',''
  ) );
#8159 = ORIENTED_EDGE('',*,*,#6140,.F.);
#8160 = ADVANCED_FACE('',(#8161),#4351,.T.);
#8161 = FACE_BOUND('',#8162,.T.);
#8162 = EDGE_LOOP('',(#8163,#8164,#8165,#8186));
#8163 = ORIENTED_EDGE('',*,*,#8117,.F.);
#8164 = ORIENTED_EDGE('',*,*,#4336,.T.);
#8165 = ORIENTED_EDGE('',*,*,#8166,.T.);
#8166 = EDGE_CURVE('',#4337,#6164,#8167,.T.);
#8167 = SURFACE_CURVE('',#8168,(#8172,#8179),.PCURVE_S1.);
#8168 = LINE('',#8169,#8170);
#8169 = CARTESIAN_POINT('',(-198.5,-102.,148.5));
#8170 = VECTOR('',#8171,1.);
#8171 = DIRECTION('',(0.,1.,0.));
#8172 = PCURVE('',#4351,#8173);
#8173 = DEFINITIONAL_REPRESENTATION('',(#8174),#8178);
#8174 = LINE('',#8175,#8176);
#8175 = CARTESIAN_POINT('',(0.,0.));
#8176 = VECTOR('',#8177,1.);
#8177 = DIRECTION('',(0.,-1.));
#8178 = ( GEOMETRIC_REPRESENTATION_CONTEXT(2) 
PARAMETRIC_REPRESENTATION_CONTEXT() REPRESENTATION_CONTEXT('2D SPACE',''
  ) );
#8179 = PCURVE('',#4377,#8180);
#8180 = DEFINITIONAL_REPRESENTATION('',(#8181),#8185);
#8181 = LINE('',#8182,#8183);
#8182 = CARTESIAN_POINT('',(0.,0.));
#8183 = VECTOR('',#8184,1.);
#8184 = DIRECTION('',(0.,1.));
#8185 = ( GEOMETRIC_REPRESENTATION_CONTEXT(2) 
PARAMETRIC_REPRESENTATION_CONTEXT() REPRESENTATION_CONTEXT('2D SPACE',''
  ) );
#8186 = ORIENTED_EDGE('',*,*,#6163,.F.);
#8187 = ADVANCED_FACE('',(#8188),#4401,.F.);
#8188 = FACE_BOUND('',#8189,.F.);
#8189 = EDGE_LOOP('',(#8190,#8191,#8192,#8213));
#8190 = ORIENTED_EDGE('',*,*,#8139,.F.);
#8191 = ORIENTED_EDGE('',*,*,#4388,.T.);
#8192 = ORIENTED_EDGE('',*,*,#8193,.T.);
#8193 = EDGE_CURVE('',#4363,#6185,#8194,.T.);
#8194 = SURFACE_CURVE('',#8195,(#8199,#8206),.PCURVE_S1.);
#8195 = LINE('',#8196,#8197);
#8196 = CARTESIAN_POINT('',(198.5,-102.,148.5));
#8197 = VECTOR('',#8198,1.);
#8198 = DIRECTION('',(0.,1.,0.));
#8199 = PCURVE('',#4401,#8200);
#8200 = DEFINITIONAL_REPRESENTATION('',(#8201),#8205);
#8201 = LINE('',#8202,#8203);
#8202 = CARTESIAN_POINT('',(0.,0.));
#8203 = VECTOR('',#8204,1.);
#8204 = DIRECTION('',(0.,-1.));
#8205 = ( GEOMETRIC_REPRESENTATION_CONTEXT(2) 
PARAMETRIC_REPRESENTATION_CONTEXT() REPRESENTATION_CONTEXT('2D SPACE',''
  ) );
#8206 = PCURVE('',#4377,#8207);
#8207 = DEFINITIONAL_REPRESENTATION('',(#8208),#8212);
#8208 = LINE('',#8209,#8210);
#8209 = CARTESIAN_POINT('',(397.,0.));
#8210 = VECTOR('',#8211,1.);
#8211 = DIRECTION('',(0.,1.));
#8212 = ( GEOMETRIC_REPRESENTATION_CONTEXT(2) 
PARAMETRIC_REPRESENTATION_CONTEXT() REPRESENTATION_CONTEXT('2D SPACE',''
  ) );
#8213 = ORIENTED_EDGE('',*,*,#6205,.F.);
#8214 = ADVANCED_FACE('',(#8215),#4377,.T.);
#8215 = FACE_BOUND('',#8216,.T.);
#8216 = EDGE_LOOP('',(#8217,#8218,#8219,#8220));
#8217 = ORIENTED_EDGE('',*,*,#8166,.F.);
#8218 = ORIENTED_EDGE('',*,*,#4362,.T.);
#8219 = ORIENTED_EDGE('',*,*,#8193,.T.);
#8220 = ORIENTED_EDGE('',*,*,#6184,.F.);
#8221 = ADVANCED_FACE('',(#8222),#4431,.F.);
#8222 = FACE_BOUND('',#8223,.F.);
#8223 = EDGE_LOOP('',(#8224,#8245,#8246,#8267));
#8224 = ORIENTED_EDGE('',*,*,#8225,.F.);
#8225 = EDGE_CURVE('',#4415,#6227,#8226,.T.);
#8226 = SURFACE_CURVE('',#8227,(#8231,#8238),.PCURVE_S1.);
#8227 = LINE('',#8228,#8229);
#8228 = CARTESIAN_POINT('',(-198.5,-102.,215.));
#8229 = VECTOR('',#8230,1.);
#8230 = DIRECTION('',(0.,1.,0.));
#8231 = PCURVE('',#4431,#8232);
#8232 = DEFINITIONAL_REPRESENTATION('',(#8233),#8237);
#8233 = LINE('',#8234,#8235);
#8234 = CARTESIAN_POINT('',(0.,0.));
#8235 = VECTOR('',#8236,1.);
#8236 = DIRECTION('',(0.,1.));
#8237 = ( GEOMETRIC_REPRESENTATION_CONTEXT(2) 
PARAMETRIC_REPRESENTATION_CONTEXT() REPRESENTATION_CONTEXT('2D SPACE',''
  ) );
#8238 = PCURVE('',#4457,#8239);
#8239 = DEFINITIONAL_REPRESENTATION('',(#8240),#8244);
#8240 = LINE('',#8241,#8242);
#8241 = CARTESIAN_POINT('',(5.,0.));
#8242 = VECTOR('',#8243,1.);
#8243 = DIRECTION('',(0.,-1.));
#8244 = ( GEOMETRIC_REPRESENTATION_CONTEXT(2) 
PARAMETRIC_REPRESENTATION_CONTEXT() REPRESENTATION_CONTEXT('2D SPACE',''
  ) );
#8245 = ORIENTED_EDGE('',*,*,#4414,.T.);
#8246 = ORIENTED_EDGE('',*,*,#8247,.T.);
#8247 = EDGE_CURVE('',#4417,#6229,#8248,.T.);
#8248 = SURFACE_CURVE('',#8249,(#8253,#8260),.PCURVE_S1.);
#8249 = LINE('',#8250,#8251);
#8250 = CARTESIAN_POINT('',(198.5,-102.,215.));
#8251 = VECTOR('',#8252,1.);
#8252 = DIRECTION('',(0.,1.,0.));
#8253 = PCURVE('',#4431,#8254);
#8254 = DEFINITIONAL_REPRESENTATION('',(#8255),#8259);
#8255 = LINE('',#8256,#8257);
#8256 = CARTESIAN_POINT('',(397.,0.));
#8257 = VECTOR('',#8258,1.);
#8258 = DIRECTION('',(0.,1.));
#8259 = ( GEOMETRIC_REPRESENTATION_CONTEXT(2) 
PARAMETRIC_REPRESENTATION_CONTEXT() REPRESENTATION_CONTEXT('2D SPACE',''
  ) );
#8260 = PCURVE('',#4507,#8261);
#8261 = DEFINITIONAL_REPRESENTATION('',(#8262),#8266);
#8262 = LINE('',#8263,#8264);
#8263 = CARTESIAN_POINT('',(5.,0.));
#8264 = VECTOR('',#8265,1.);
#8265 = DIRECTION('',(0.,-1.));
#8266 = ( GEOMETRIC_REPRESENTATION_CONTEXT(2) 
PARAMETRIC_REPRESENTATION_CONTEXT() REPRESENTATION_CONTEXT('2D SPACE',''
  ) );
#8267 = ORIENTED_EDGE('',*,*,#6226,.F.);
#8268 = ADVANCED_FACE('',(#8269),#4457,.T.);
#8269 = FACE_BOUND('',#8270,.T.);
#8270 = EDGE_LOOP('',(#8271,#8272,#8273,#8294));
#8271 = ORIENTED_EDGE('',*,*,#8225,.F.);
#8272 = ORIENTED_EDGE('',*,*,#4442,.T.);
#8273 = ORIENTED_EDGE('',*,*,#8274,.T.);
#8274 = EDGE_CURVE('',#4443,#6250,#8275,.T.);
#8275 = SURFACE_CURVE('',#8276,(#8280,#8287),.PCURVE_S1.);
#8276 = LINE('',#8277,#8278);
#8277 = CARTESIAN_POINT('',(-198.5,-102.,210.));
#8278 = VECTOR('',#8279,1.);
#8279 = DIRECTION('',(0.,1.,0.));
#8280 = PCURVE('',#4457,#8281);
#8281 = DEFINITIONAL_REPRESENTATION('',(#8282),#8286);
#8282 = LINE('',#8283,#8284);
#8283 = CARTESIAN_POINT('',(0.,0.));
#8284 = VECTOR('',#8285,1.);
#8285 = DIRECTION('',(0.,-1.));
#8286 = ( GEOMETRIC_REPRESENTATION_CONTEXT(2) 
PARAMETRIC_REPRESENTATION_CONTEXT() REPRESENTATION_CONTEXT('2D SPACE',''
  ) );
#8287 = PCURVE('',#4483,#8288);
#8288 = DEFINITIONAL_REPRESENTATION('',(#8289),#8293);
#8289 = LINE('',#8290,#8291);
#8290 = CARTESIAN_POINT('',(0.,0.));
#8291 = VECTOR('',#8292,1.);
#8292 = DIRECTION('',(0.,1.));
#8293 = ( GEOMETRIC_REPRESENTATION_CONTEXT(2) 
PARAMETRIC_REPRESENTATION_CONTEXT() REPRESENTATION_CONTEXT('2D SPACE',''
  ) );
#8294 = ORIENTED_EDGE('',*,*,#6249,.F.);
#8295 = ADVANCED_FACE('',(#8296),#4507,.F.);
#8296 = FACE_BOUND('',#8297,.F.);
#8297 = EDGE_LOOP('',(#8298,#8299,#8300,#8321));
#8298 = ORIENTED_EDGE('',*,*,#8247,.F.);
#8299 = ORIENTED_EDGE('',*,*,#4494,.T.);
#8300 = ORIENTED_EDGE('',*,*,#8301,.T.);
#8301 = EDGE_CURVE('',#4469,#6271,#8302,.T.);
#8302 = SURFACE_CURVE('',#8303,(#8307,#8314),.PCURVE_S1.);
#8303 = LINE('',#8304,#8305);
#8304 = CARTESIAN_POINT('',(198.5,-102.,210.));
#8305 = VECTOR('',#8306,1.);
#8306 = DIRECTION('',(0.,1.,0.));
#8307 = PCURVE('',#4507,#8308);
#8308 = DEFINITIONAL_REPRESENTATION('',(#8309),#8313);
#8309 = LINE('',#8310,#8311);
#8310 = CARTESIAN_POINT('',(0.,0.));
#8311 = VECTOR('',#8312,1.);
#8312 = DIRECTION('',(0.,-1.));
#8313 = ( GEOMETRIC_REPRESENTATION_CONTEXT(2) 
PARAMETRIC_REPRESENTATION_CONTEXT() REPRESENTATION_CONTEXT('2D SPACE',''
  ) );
#8314 = PCURVE('',#4483,#8315);
#8315 = DEFINITIONAL_REPRESENTATION('',(#8316),#8320);
#8316 = LINE('',#8317,#8318);
#8317 = CARTESIAN_POINT('',(397.,0.));
#8318 = VECTOR('',#8319,1.);
#8319 = DIRECTION('',(0.,1.));
#8320 = ( GEOMETRIC_REPRESENTATION_CONTEXT(2) 
PARAMETRIC_REPRESENTATION_CONTEXT() REPRESENTATION_CONTEXT('2D SPACE',''
  ) );
#8321 = ORIENTED_EDGE('',*,*,#6291,.F.);
#8322 = ADVANCED_FACE('',(#8323),#4483,.T.);
#8323 = FACE_BOUND('',#8324,.T.);
#8324 = EDGE_LOOP('',(#8325,#8326,#8327,#8328));
#8325 = ORIENTED_EDGE('',*,*,#8274,.F.);
#8326 = ORIENTED_EDGE('',*,*,#4468,.T.);
#8327 = ORIENTED_EDGE('',*,*,#8301,.T.);
#8328 = ORIENTED_EDGE('',*,*,#6270,.F.);
#8329 = ADVANCED_FACE('',(#8330),#4537,.F.);
#8330 = FACE_BOUND('',#8331,.F.);
#8331 = EDGE_LOOP('',(#8332,#8353,#8354,#8375));
#8332 = ORIENTED_EDGE('',*,*,#8333,.F.);
#8333 = EDGE_CURVE('',#4521,#6313,#8334,.T.);
#8334 = SURFACE_CURVE('',#8335,(#8339,#8346),.PCURVE_S1.);
#8335 = LINE('',#8336,#8337);
#8336 = CARTESIAN_POINT('',(-198.5,-102.,276.5));
#8337 = VECTOR('',#8338,1.);
#8338 = DIRECTION('',(0.,1.,0.));
#8339 = PCURVE('',#4537,#8340);
#8340 = DEFINITIONAL_REPRESENTATION('',(#8341),#8345);
#8341 = LINE('',#8342,#8343);
#8342 = CARTESIAN_POINT('',(0.,0.));
#8343 = VECTOR('',#8344,1.);
#8344 = DIRECTION('',(0.,1.));
#8345 = ( GEOMETRIC_REPRESENTATION_CONTEXT(2) 
PARAMETRIC_REPRESENTATION_CONTEXT() REPRESENTATION_CONTEXT('2D SPACE',''
  ) );
#8346 = PCURVE('',#4563,#8347);
#8347 = DEFINITIONAL_REPRESENTATION('',(#8348),#8352);
#8348 = LINE('',#8349,#8350);
#8349 = CARTESIAN_POINT('',(5.,0.));
#8350 = VECTOR('',#8351,1.);
#8351 = DIRECTION('',(0.,-1.));
#8352 = ( GEOMETRIC_REPRESENTATION_CONTEXT(2) 
PARAMETRIC_REPRESENTATION_CONTEXT() REPRESENTATION_CONTEXT('2D SPACE',''
  ) );
#8353 = ORIENTED_EDGE('',*,*,#4520,.T.);
#8354 = ORIENTED_EDGE('',*,*,#8355,.T.);
#8355 = EDGE_CURVE('',#4523,#6315,#8356,.T.);
#8356 = SURFACE_CURVE('',#8357,(#8361,#8368),.PCURVE_S1.);
#8357 = LINE('',#8358,#8359);
#8358 = CARTESIAN_POINT('',(198.5,-102.,276.5));
#8359 = VECTOR('',#8360,1.);
#8360 = DIRECTION('',(0.,1.,0.));
#8361 = PCURVE('',#4537,#8362);
#8362 = DEFINITIONAL_REPRESENTATION('',(#8363),#8367);
#8363 = LINE('',#8364,#8365);
#8364 = CARTESIAN_POINT('',(397.,0.));
#8365 = VECTOR('',#8366,1.);
#8366 = DIRECTION('',(0.,1.));
#8367 = ( GEOMETRIC_REPRESENTATION_CONTEXT(2) 
PARAMETRIC_REPRESENTATION_CONTEXT() REPRESENTATION_CONTEXT('2D SPACE',''
  ) );
#8368 = PCURVE('',#4613,#8369);
#8369 = DEFINITIONAL_REPRESENTATION('',(#8370),#8374);
#8370 = LINE('',#8371,#8372);
#8371 = CARTESIAN_POINT('',(5.,0.));
#8372 = VECTOR('',#8373,1.);
#8373 = DIRECTION('',(0.,-1.));
#8374 = ( GEOMETRIC_REPRESENTATION_CONTEXT(2) 
PARAMETRIC_REPRESENTATION_CONTEXT() REPRESENTATION_CONTEXT('2D SPACE',''
  ) );
#8375 = ORIENTED_EDGE('',*,*,#6312,.F.);
#8376 = ADVANCED_FACE('',(#8377),#4563,.T.);
#8377 = FACE_BOUND('',#8378,.T.);
#8378 = EDGE_LOOP('',(#8379,#8380,#8381,#8402));
#8379 = ORIENTED_EDGE('',*,*,#8333,.F.);
#8380 = ORIENTED_EDGE('',*,*,#4548,.T.);
#8381 = ORIENTED_EDGE('',*,*,#8382,.T.);
#8382 = EDGE_CURVE('',#4549,#6336,#8383,.T.);
#8383 = SURFACE_CURVE('',#8384,(#8388,#8395),.PCURVE_S1.);
#8384 = LINE('',#8385,#8386);
#8385 = CARTESIAN_POINT('',(-198.5,-102.,271.5));
#8386 = VECTOR('',#8387,1.);
#8387 = DIRECTION('',(0.,1.,0.));
#8388 = PCURVE('',#4563,#8389);
#8389 = DEFINITIONAL_REPRESENTATION('',(#8390),#8394);
#8390 = LINE('',#8391,#8392);
#8391 = CARTESIAN_POINT('',(0.,0.));
#8392 = VECTOR('',#8393,1.);
#8393 = DIRECTION('',(0.,-1.));
#8394 = ( GEOMETRIC_REPRESENTATION_CONTEXT(2) 
PARAMETRIC_REPRESENTATION_CONTEXT() REPRESENTATION_CONTEXT('2D SPACE',''
  ) );
#8395 = PCURVE('',#4589,#8396);
#8396 = DEFINITIONAL_REPRESENTATION('',(#8397),#8401);
#8397 = LINE('',#8398,#8399);
#8398 = CARTESIAN_POINT('',(0.,0.));
#8399 = VECTOR('',#8400,1.);
#8400 = DIRECTION('',(0.,1.));
#8401 = ( GEOMETRIC_REPRESENTATION_CONTEXT(2) 
PARAMETRIC_REPRESENTATION_CONTEXT() REPRESENTATION_CONTEXT('2D SPACE',''
  ) );
#8402 = ORIENTED_EDGE('',*,*,#6335,.F.);
#8403 = ADVANCED_FACE('',(#8404),#4613,.F.);
#8404 = FACE_BOUND('',#8405,.F.);
#8405 = EDGE_LOOP('',(#8406,#8407,#8408,#8429));
#8406 = ORIENTED_EDGE('',*,*,#8355,.F.);
#8407 = ORIENTED_EDGE('',*,*,#4600,.T.);
#8408 = ORIENTED_EDGE('',*,*,#8409,.T.);
#8409 = EDGE_CURVE('',#4575,#6357,#8410,.T.);
#8410 = SURFACE_CURVE('',#8411,(#8415,#8422),.PCURVE_S1.);
#8411 = LINE('',#8412,#8413);
#8412 = CARTESIAN_POINT('',(198.5,-102.,271.5));
#8413 = VECTOR('',#8414,1.);
#8414 = DIRECTION('',(0.,1.,0.));
#8415 = PCURVE('',#4613,#8416);
#8416 = DEFINITIONAL_REPRESENTATION('',(#8417),#8421);
#8417 = LINE('',#8418,#8419);
#8418 = CARTESIAN_POINT('',(0.,0.));
#8419 = VECTOR('',#8420,1.);
#8420 = DIRECTION('',(0.,-1.));
#8421 = ( GEOMETRIC_REPRESENTATION_CONTEXT(2) 
PARAMETRIC_REPRESENTATION_CONTEXT() REPRESENTATION_CONTEXT('2D SPACE',''
  ) );
#8422 = PCURVE('',#4589,#8423);
#8423 = DEFINITIONAL_REPRESENTATION('',(#8424),#8428);
#8424 = LINE('',#8425,#8426);
#8425 = CARTESIAN_POINT('',(397.,0.));
#8426 = VECTOR('',#8427,1.);
#8427 = DIRECTION('',(0.,1.));
#8428 = ( GEOMETRIC_REPRESENTATION_CONTEXT(2) 
PARAMETRIC_REPRESENTATION_CONTEXT() REPRESENTATION_CONTEXT('2D SPACE',''
  ) );
#8429 = ORIENTED_EDGE('',*,*,#6377,.F.);
#8430 = ADVANCED_FACE('',(#8431),#4589,.T.);
#8431 = FACE_BOUND('',#8432,.T.);
#8432 = EDGE_LOOP('',(#8433,#8434,#8435,#8436));
#8433 = ORIENTED_EDGE('',*,*,#8382,.F.);
#8434 = ORIENTED_EDGE('',*,*,#4574,.T.);
#8435 = ORIENTED_EDGE('',*,*,#8409,.T.);
#8436 = ORIENTED_EDGE('',*,*,#6356,.F.);
#8437 = ADVANCED_FACE('',(#8438),#4643,.F.);
#8438 = FACE_BOUND('',#8439,.F.);
#8439 = EDGE_LOOP('',(#8440,#8461,#8462,#8483));
#8440 = ORIENTED_EDGE('',*,*,#8441,.F.);
#8441 = EDGE_CURVE('',#4627,#6399,#8442,.T.);
#8442 = SURFACE_CURVE('',#8443,(#8447,#8454),.PCURVE_S1.);
#8443 = LINE('',#8444,#8445);
#8444 = CARTESIAN_POINT('',(-198.5,-102.,338.));
#8445 = VECTOR('',#8446,1.);
#8446 = DIRECTION('',(0.,1.,0.));
#8447 = PCURVE('',#4643,#8448);
#8448 = DEFINITIONAL_REPRESENTATION('',(#8449),#8453);
#8449 = LINE('',#8450,#8451);
#8450 = CARTESIAN_POINT('',(0.,0.));
#8451 = VECTOR('',#8452,1.);
#8452 = DIRECTION('',(0.,1.));
#8453 = ( GEOMETRIC_REPRESENTATION_CONTEXT(2) 
PARAMETRIC_REPRESENTATION_CONTEXT() REPRESENTATION_CONTEXT('2D SPACE',''
  ) );
#8454 = PCURVE('',#4669,#8455);
#8455 = DEFINITIONAL_REPRESENTATION('',(#8456),#8460);
#8456 = LINE('',#8457,#8458);
#8457 = CARTESIAN_POINT('',(5.,0.));
#8458 = VECTOR('',#8459,1.);
#8459 = DIRECTION('',(0.,-1.));
#8460 = ( GEOMETRIC_REPRESENTATION_CONTEXT(2) 
PARAMETRIC_REPRESENTATION_CONTEXT() REPRESENTATION_CONTEXT('2D SPACE',''
  ) );
#8461 = ORIENTED_EDGE('',*,*,#4626,.T.);
#8462 = ORIENTED_EDGE('',*,*,#8463,.T.);
#8463 = EDGE_CURVE('',#4629,#6401,#8464,.T.);
#8464 = SURFACE_CURVE('',#8465,(#8469,#8476),.PCURVE_S1.);
#8465 = LINE('',#8466,#8467);
#8466 = CARTESIAN_POINT('',(198.5,-102.,338.));
#8467 = VECTOR('',#8468,1.);
#8468 = DIRECTION('',(0.,1.,0.));
#8469 = PCURVE('',#4643,#8470);
#8470 = DEFINITIONAL_REPRESENTATION('',(#8471),#8475);
#8471 = LINE('',#8472,#8473);
#8472 = CARTESIAN_POINT('',(397.,0.));
#8473 = VECTOR('',#8474,1.);
#8474 = DIRECTION('',(0.,1.));
#8475 = ( GEOMETRIC_REPRESENTATION_CONTEXT(2) 
PARAMETRIC_REPRESENTATION_CONTEXT() REPRESENTATION_CONTEXT('2D SPACE',''
  ) );
#8476 = PCURVE('',#4719,#8477);
#8477 = DEFINITIONAL_REPRESENTATION('',(#8478),#8482);
#8478 = LINE('',#8479,#8480);
#8479 = CARTESIAN_POINT('',(5.,0.));
#8480 = VECTOR('',#8481,1.);
#8481 = DIRECTION('',(0.,-1.));
#8482 = ( GEOMETRIC_REPRESENTATION_CONTEXT(2) 
PARAMETRIC_REPRESENTATION_CONTEXT() REPRESENTATION_CONTEXT('2D SPACE',''
  ) );
#8483 = ORIENTED_EDGE('',*,*,#6398,.F.);
#8484 = ADVANCED_FACE('',(#8485),#4669,.T.);
#8485 = FACE_BOUND('',#8486,.T.);
#8486 = EDGE_LOOP('',(#8487,#8488,#8489,#8510));
#8487 = ORIENTED_EDGE('',*,*,#8441,.F.);
#8488 = ORIENTED_EDGE('',*,*,#4654,.T.);
#8489 = ORIENTED_EDGE('',*,*,#8490,.T.);
#8490 = EDGE_CURVE('',#4655,#6422,#8491,.T.);
#8491 = SURFACE_CURVE('',#8492,(#8496,#8503),.PCURVE_S1.);
#8492 = LINE('',#8493,#8494);
#8493 = CARTESIAN_POINT('',(-198.5,-102.,333.));
#8494 = VECTOR('',#8495,1.);
#8495 = DIRECTION('',(0.,1.,0.));
#8496 = PCURVE('',#4669,#8497);
#8497 = DEFINITIONAL_REPRESENTATION('',(#8498),#8502);
#8498 = LINE('',#8499,#8500);
#8499 = CARTESIAN_POINT('',(0.,0.));
#8500 = VECTOR('',#8501,1.);
#8501 = DIRECTION('',(0.,-1.));
#8502 = ( GEOMETRIC_REPRESENTATION_CONTEXT(2) 
PARAMETRIC_REPRESENTATION_CONTEXT() REPRESENTATION_CONTEXT('2D SPACE',''
  ) );
#8503 = PCURVE('',#4695,#8504);
#8504 = DEFINITIONAL_REPRESENTATION('',(#8505),#8509);
#8505 = LINE('',#8506,#8507);
#8506 = CARTESIAN_POINT('',(0.,0.));
#8507 = VECTOR('',#8508,1.);
#8508 = DIRECTION('',(0.,1.));
#8509 = ( GEOMETRIC_REPRESENTATION_CONTEXT(2) 
PARAMETRIC_REPRESENTATION_CONTEXT() REPRESENTATION_CONTEXT('2D SPACE',''
  ) );
#8510 = ORIENTED_EDGE('',*,*,#6421,.F.);
#8511 = ADVANCED_FACE('',(#8512),#4719,.F.);
#8512 = FACE_BOUND('',#8513,.F.);
#8513 = EDGE_LOOP('',(#8514,#8515,#8516,#8537));
#8514 = ORIENTED_EDGE('',*,*,#8463,.F.);
#8515 = ORIENTED_EDGE('',*,*,#4706,.T.);
#8516 = ORIENTED_EDGE('',*,*,#8517,.T.);
#8517 = EDGE_CURVE('',#4681,#6443,#8518,.T.);
#8518 = SURFACE_CURVE('',#8519,(#8523,#8530),.PCURVE_S1.);
#8519 = LINE('',#8520,#8521);
#8520 = CARTESIAN_POINT('',(198.5,-102.,333.));
#8521 = VECTOR('',#8522,1.);
#8522 = DIRECTION('',(0.,1.,0.));
#8523 = PCURVE('',#4719,#8524);
#8524 = DEFINITIONAL_REPRESENTATION('',(#8525),#8529);
#8525 = LINE('',#8526,#8527);
#8526 = CARTESIAN_POINT('',(0.,0.));
#8527 = VECTOR('',#8528,1.);
#8528 = DIRECTION('',(0.,-1.));
#8529 = ( GEOMETRIC_REPRESENTATION_CONTEXT(2) 
PARAMETRIC_REPRESENTATION_CONTEXT() REPRESENTATION_CONTEXT('2D SPACE',''
  ) );
#8530 = PCURVE('',#4695,#8531);
#8531 = DEFINITIONAL_REPRESENTATION('',(#8532),#8536);
#8532 = LINE('',#8533,#8534);
#8533 = CARTESIAN_POINT('',(397.,0.));
#8534 = VECTOR('',#8535,1.);
#8535 = DIRECTION('',(0.,1.));
#8536 = ( GEOMETRIC_REPRESENTATION_CONTEXT(2) 
PARAMETRIC_REPRESENTATION_CONTEXT() REPRESENTATION_CONTEXT('2D SPACE',''
  ) );
#8537 = ORIENTED_EDGE('',*,*,#6463,.F.);
#8538 = ADVANCED_FACE('',(#8539),#4695,.T.);
#8539 = FACE_BOUND('',#8540,.T.);
#8540 = EDGE_LOOP('',(#8541,#8542,#8543,#8544));
#8541 = ORIENTED_EDGE('',*,*,#8490,.F.);
#8542 = ORIENTED_EDGE('',*,*,#4680,.T.);
#8543 = ORIENTED_EDGE('',*,*,#8517,.T.);
#8544 = ORIENTED_EDGE('',*,*,#6442,.F.);
#8545 = ADVANCED_FACE('',(#8546),#4749,.F.);
#8546 = FACE_BOUND('',#8547,.F.);
#8547 = EDGE_LOOP('',(#8548,#8569,#8570,#8591));
#8548 = ORIENTED_EDGE('',*,*,#8549,.F.);
#8549 = EDGE_CURVE('',#4733,#6485,#8550,.T.);
#8550 = SURFACE_CURVE('',#8551,(#8555,#8562),.PCURVE_S1.);
#8551 = LINE('',#8552,#8553);
#8552 = CARTESIAN_POINT('',(-198.5,-102.,399.5));
#8553 = VECTOR('',#8554,1.);
#8554 = DIRECTION('',(0.,1.,0.));
#8555 = PCURVE('',#4749,#8556);
#8556 = DEFINITIONAL_REPRESENTATION('',(#8557),#8561);
#8557 = LINE('',#8558,#8559);
#8558 = CARTESIAN_POINT('',(0.,0.));
#8559 = VECTOR('',#8560,1.);
#8560 = DIRECTION('',(0.,1.));
#8561 = ( GEOMETRIC_REPRESENTATION_CONTEXT(2) 
PARAMETRIC_REPRESENTATION_CONTEXT() REPRESENTATION_CONTEXT('2D SPACE',''
  ) );
#8562 = PCURVE('',#4775,#8563);
#8563 = DEFINITIONAL_REPRESENTATION('',(#8564),#8568);
#8564 = LINE('',#8565,#8566);
#8565 = CARTESIAN_POINT('',(5.,0.));
#8566 = VECTOR('',#8567,1.);
#8567 = DIRECTION('',(0.,-1.));
#8568 = ( GEOMETRIC_REPRESENTATION_CONTEXT(2) 
PARAMETRIC_REPRESENTATION_CONTEXT() REPRESENTATION_CONTEXT('2D SPACE',''
  ) );
#8569 = ORIENTED_EDGE('',*,*,#4732,.T.);
#8570 = ORIENTED_EDGE('',*,*,#8571,.T.);
#8571 = EDGE_CURVE('',#4735,#6487,#8572,.T.);
#8572 = SURFACE_CURVE('',#8573,(#8577,#8584),.PCURVE_S1.);
#8573 = LINE('',#8574,#8575);
#8574 = CARTESIAN_POINT('',(198.5,-102.,399.5));
#8575 = VECTOR('',#8576,1.);
#8576 = DIRECTION('',(0.,1.,0.));
#8577 = PCURVE('',#4749,#8578);
#8578 = DEFINITIONAL_REPRESENTATION('',(#8579),#8583);
#8579 = LINE('',#8580,#8581);
#8580 = CARTESIAN_POINT('',(397.,0.));
#8581 = VECTOR('',#8582,1.);
#8582 = DIRECTION('',(0.,1.));
#8583 = ( GEOMETRIC_REPRESENTATION_CONTEXT(2) 
PARAMETRIC_REPRESENTATION_CONTEXT() REPRESENTATION_CONTEXT('2D SPACE',''
  ) );
#8584 = PCURVE('',#4825,#8585);
#8585 = DEFINITIONAL_REPRESENTATION('',(#8586),#8590);
#8586 = LINE('',#8587,#8588);
#8587 = CARTESIAN_POINT('',(5.,0.));
#8588 = VECTOR('',#8589,1.);
#8589 = DIRECTION('',(0.,-1.));
#8590 = ( GEOMETRIC_REPRESENTATION_CONTEXT(2) 
PARAMETRIC_REPRESENTATION_CONTEXT() REPRESENTATION_CONTEXT('2D SPACE',''
  ) );
#8591 = ORIENTED_EDGE('',*,*,#6484,.F.);
#8592 = ADVANCED_FACE('',(#8593),#4825,.F.);
#8593 = FACE_BOUND('',#8594,.F.);
#8594 = EDGE_LOOP('',(#8595,#8596,#8597,#8618));
#8595 = ORIENTED_EDGE('',*,*,#8571,.F.);
#8596 = ORIENTED_EDGE('',*,*,#4812,.T.);
#8597 = ORIENTED_EDGE('',*,*,#8598,.T.);
#8598 = EDGE_CURVE('',#4787,#6529,#8599,.T.);
#8599 = SURFACE_CURVE('',#8600,(#8604,#8611),.PCURVE_S1.);
#8600 = LINE('',#8601,#8602);
#8601 = CARTESIAN_POINT('',(198.5,-102.,394.5));
#8602 = VECTOR('',#8603,1.);
#8603 = DIRECTION('',(0.,1.,0.));
#8604 = PCURVE('',#4825,#8605);
#8605 = DEFINITIONAL_REPRESENTATION('',(#8606),#8610);
#8606 = LINE('',#8607,#8608);
#8607 = CARTESIAN_POINT('',(0.,0.));
#8608 = VECTOR('',#8609,1.);
#8609 = DIRECTION('',(0.,-1.));
#8610 = ( GEOMETRIC_REPRESENTATION_CONTEXT(2) 
PARAMETRIC_REPRESENTATION_CONTEXT() REPRESENTATION_CONTEXT('2D SPACE',''
  ) );
#8611 = PCURVE('',#4801,#8612);
#8612 = DEFINITIONAL_REPRESENTATION('',(#8613),#8617);
#8613 = LINE('',#8614,#8615);
#8614 = CARTESIAN_POINT('',(397.,0.));
#8615 = VECTOR('',#8616,1.);
#8616 = DIRECTION('',(0.,1.));
#8617 = ( GEOMETRIC_REPRESENTATION_CONTEXT(2) 
PARAMETRIC_REPRESENTATION_CONTEXT() REPRESENTATION_CONTEXT('2D SPACE',''
  ) );
#8618 = ORIENTED_EDGE('',*,*,#6549,.F.);
#8619 = ADVANCED_FACE('',(#8620),#4801,.T.);
#8620 = FACE_BOUND('',#8621,.T.);
#8621 = EDGE_LOOP('',(#8622,#8643,#8644,#8645));
#8622 = ORIENTED_EDGE('',*,*,#8623,.F.);
#8623 = EDGE_CURVE('',#4761,#6508,#8624,.T.);
#8624 = SURFACE_CURVE('',#8625,(#8629,#8636),.PCURVE_S1.);
#8625 = LINE('',#8626,#8627);
#8626 = CARTESIAN_POINT('',(-198.5,-102.,394.5));
#8627 = VECTOR('',#8628,1.);
#8628 = DIRECTION('',(0.,1.,0.));
#8629 = PCURVE('',#4801,#8630);
#8630 = DEFINITIONAL_REPRESENTATION('',(#8631),#8635);
#8631 = LINE('',#8632,#8633);
#8632 = CARTESIAN_POINT('',(0.,0.));
#8633 = VECTOR('',#8634,1.);
#8634 = DIRECTION('',(0.,1.));
#8635 = ( GEOMETRIC_REPRESENTATION_CONTEXT(2) 
PARAMETRIC_REPRESENTATION_CONTEXT() REPRESENTATION_CONTEXT('2D SPACE',''
  ) );
#8636 = PCURVE('',#4775,#8637);
#8637 = DEFINITIONAL_REPRESENTATION('',(#8638),#8642);
#8638 = LINE('',#8639,#8640);
#8639 = CARTESIAN_POINT('',(0.,0.));
#8640 = VECTOR('',#8641,1.);
#8641 = DIRECTION('',(0.,-1.));
#8642 = ( GEOMETRIC_REPRESENTATION_CONTEXT(2) 
PARAMETRIC_REPRESENTATION_CONTEXT() REPRESENTATION_CONTEXT('2D SPACE',''
  ) );
#8643 = ORIENTED_EDGE('',*,*,#4786,.T.);
#8644 = ORIENTED_EDGE('',*,*,#8598,.T.);
#8645 = ORIENTED_EDGE('',*,*,#6528,.F.);
#8646 = ADVANCED_FACE('',(#8647),#4775,.T.);
#8647 = FACE_BOUND('',#8648,.T.);
#8648 = EDGE_LOOP('',(#8649,#8650,#8651,#8652));
#8649 = ORIENTED_EDGE('',*,*,#8549,.F.);
#8650 = ORIENTED_EDGE('',*,*,#4760,.T.);
#8651 = ORIENTED_EDGE('',*,*,#8623,.T.);
#8652 = ORIENTED_EDGE('',*,*,#6507,.F.);
#8653 = ( GEOMETRIC_REPRESENTATION_CONTEXT(3) 
GLOBAL_UNCERTAINTY_ASSIGNED_CONTEXT((#8657)) 
GLOBAL_UNIT_ASSIGNED_CONTEXT((#8654,#8655,#8656)) REPRESENTATION_CONTEXT
('Context #1','3D Context with UNIT and UNCERTAINTY') );
#8654 = ( LENGTH_UNIT() NAMED_UNIT(*) SI_UNIT(.MILLI.,.METRE.) );
#8655 = ( NAMED_UNIT(*) PLANE_ANGLE_UNIT() SI_UNIT($,.RADIAN.) );
#8656 = ( NAMED_UNIT(*) SI_UNIT($,.STERADIAN.) SOLID_ANGLE_UNIT() );
#8657 = UNCERTAINTY_MEASURE_WITH_UNIT(LENGTH_MEASURE(2.E-07),#8654,
  'distance_accuracy_value','confusion accuracy');
#8658 = CONTEXT_DEPENDENT_SHAPE_REPRESENTATION(#8659,#8661);
#8659 = ( REPRESENTATION_RELATIONSHIP('','',#2622,#10) 
REPRESENTATION_RELATIONSHIP_WITH_TRANSFORMATION(#8660) 
SHAPE_REPRESENTATION_RELATIONSHIP() );
#8660 = ITEM_DEFINED_TRANSFORMATION('','',#11,#31);
#8661 = PRODUCT_DEFINITION_SHAPE('Placement','Placement of an item',
  #8662);
#8662 = NEXT_ASSEMBLY_USAGE_OCCURRENCE('5','=>[0:1:1:6]','',#5,#2617,$);
#8663 = PRODUCT_RELATED_PRODUCT_CATEGORY('part',$,(#2619));
#8664 = SHAPE_DEFINITION_REPRESENTATION(#8665,#8671);
#8665 = PRODUCT_DEFINITION_SHAPE('','',#8666);
#8666 = PRODUCT_DEFINITION('design','',#8667,#8670);
#8667 = PRODUCT_DEFINITION_FORMATION('','',#8668);
#8668 = PRODUCT('COMPOUND','COMPOUND','',(#8669));
#8669 = PRODUCT_CONTEXT('',#2,'mechanical');
#8670 = PRODUCT_DEFINITION_CONTEXT('part definition',#2,'design');
#8671 = ADVANCED_BREP_SHAPE_REPRESENTATION('',(#11,#8672),#9302);
#8672 = MANIFOLD_SOLID_BREP('',#8673);
#8673 = CLOSED_SHELL('',(#8674,#8794,#8976,#9025,#9160,#9187,#9194,#9241
    ,#9268,#9295));
#8674 = ADVANCED_FACE('',(#8675),#8689,.F.);
#8675 = FACE_BOUND('',#8676,.F.);
#8676 = EDGE_LOOP('',(#8677,#8712,#8740,#8768));
#8677 = ORIENTED_EDGE('',*,*,#8678,.F.);
#8678 = EDGE_CURVE('',#8679,#8681,#8683,.T.);
#8679 = VERTEX_POINT('',#8680);
#8680 = CARTESIAN_POINT('',(-242.,-152.,-800.5));
#8681 = VERTEX_POINT('',#8682);
#8682 = CARTESIAN_POINT('',(-242.,-152.,452.5));
#8683 = SURFACE_CURVE('',#8684,(#8688,#8700),.PCURVE_S1.);
#8684 = LINE('',#8685,#8686);
#8685 = CARTESIAN_POINT('',(-242.,-152.,-800.5));
#8686 = VECTOR('',#8687,1.);
#8687 = DIRECTION('',(0.,0.,1.));
#8688 = PCURVE('',#8689,#8694);
#8689 = PLANE('',#8690);
#8690 = AXIS2_PLACEMENT_3D('',#8691,#8692,#8693);
#8691 = CARTESIAN_POINT('',(-242.,-152.,-800.5));
#8692 = DIRECTION('',(1.,0.,0.));
#8693 = DIRECTION('',(0.,0.,1.));
#8694 = DEFINITIONAL_REPRESENTATION('',(#8695),#8699);
#8695 = LINE('',#8696,#8697);
#8696 = CARTESIAN_POINT('',(0.,0.));
#8697 = VECTOR('',#8698,1.);
#8698 = DIRECTION('',(1.,0.));
#8699 = ( GEOMETRIC_REPRESENTATION_CONTEXT(2) 
PARAMETRIC_REPRESENTATION_CONTEXT() REPRESENTATION_CONTEXT('2D SPACE',''
  ) );
#8700 = PCURVE('',#8701,#8706);
#8701 = PLANE('',#8702);
#8702 = AXIS2_PLACEMENT_3D('',#8703,#8704,#8705);
#8703 = CARTESIAN_POINT('',(-242.,-152.,-800.5));
#8704 = DIRECTION('',(0.,1.,0.));
#8705 = DIRECTION('',(0.,0.,1.));
#8706 = DEFINITIONAL_REPRESENTATION('',(#8707),#8711);
#8707 = LINE('',#8708,#8709);
#8708 = CARTESIAN_POINT('',(0.,0.));
#8709 = VECTOR('',#8710,1.);
#8710 = DIRECTION('',(1.,0.));
#8711 = ( GEOMETRIC_REPRESENTATION_CONTEXT(2) 
PARAMETRIC_REPRESENTATION_CONTEXT() REPRESENTATION_CONTEXT('2D SPACE',''
  ) );
#8712 = ORIENTED_EDGE('',*,*,#8713,.T.);
#8713 = EDGE_CURVE('',#8679,#8714,#8716,.T.);
#8714 = VERTEX_POINT('',#8715);
#8715 = CARTESIAN_POINT('',(-242.,-150.,-800.5));
#8716 = SURFACE_CURVE('',#8717,(#8721,#8728),.PCURVE_S1.);
#8717 = LINE('',#8718,#8719);
#8718 = CARTESIAN_POINT('',(-242.,-152.,-800.5));
#8719 = VECTOR('',#8720,1.);
#8720 = DIRECTION('',(0.,1.,0.));
#8721 = PCURVE('',#8689,#8722);
#8722 = DEFINITIONAL_REPRESENTATION('',(#8723),#8727);
#8723 = LINE('',#8724,#8725);
#8724 = CARTESIAN_POINT('',(0.,0.));
#8725 = VECTOR('',#8726,1.);
#8726 = DIRECTION('',(0.,-1.));
#8727 = ( GEOMETRIC_REPRESENTATION_CONTEXT(2) 
PARAMETRIC_REPRESENTATION_CONTEXT() REPRESENTATION_CONTEXT('2D SPACE',''
  ) );
#8728 = PCURVE('',#8729,#8734);
#8729 = PLANE('',#8730);
#8730 = AXIS2_PLACEMENT_3D('',#8731,#8732,#8733);
#8731 = CARTESIAN_POINT('',(-242.,-152.,-800.5));
#8732 = DIRECTION('',(0.,0.,1.));
#8733 = DIRECTION('',(1.,0.,0.));
#8734 = DEFINITIONAL_REPRESENTATION('',(#8735),#8739);
#8735 = LINE('',#8736,#8737);
#8736 = CARTESIAN_POINT('',(0.,0.));
#8737 = VECTOR('',#8738,1.);
#8738 = DIRECTION('',(0.,1.));
#8739 = ( GEOMETRIC_REPRESENTATION_CONTEXT(2) 
PARAMETRIC_REPRESENTATION_CONTEXT() REPRESENTATION_CONTEXT('2D SPACE',''
  ) );
#8740 = ORIENTED_EDGE('',*,*,#8741,.T.);
#8741 = EDGE_CURVE('',#8714,#8742,#8744,.T.);
#8742 = VERTEX_POINT('',#8743);
#8743 = CARTESIAN_POINT('',(-242.,-150.,452.5));
#8744 = SURFACE_CURVE('',#8745,(#8749,#8756),.PCURVE_S1.);
#8745 = LINE('',#8746,#8747);
#8746 = CARTESIAN_POINT('',(-242.,-150.,-800.5));
#8747 = VECTOR('',#8748,1.);
#8748 = DIRECTION('',(0.,0.,1.));
#8749 = PCURVE('',#8689,#8750);
#8750 = DEFINITIONAL_REPRESENTATION('',(#8751),#8755);
#8751 = LINE('',#8752,#8753);
#8752 = CARTESIAN_POINT('',(0.,-2.));
#8753 = VECTOR('',#8754,1.);
#8754 = DIRECTION('',(1.,0.));
#8755 = ( GEOMETRIC_REPRESENTATION_CONTEXT(2) 
PARAMETRIC_REPRESENTATION_CONTEXT() REPRESENTATION_CONTEXT('2D SPACE',''
  ) );
#8756 = PCURVE('',#8757,#8762);
#8757 = PLANE('',#8758);
#8758 = AXIS2_PLACEMENT_3D('',#8759,#8760,#8761);
#8759 = CARTESIAN_POINT('',(-242.,-150.,-800.5));
#8760 = DIRECTION('',(0.,1.,0.));
#8761 = DIRECTION('',(0.,0.,1.));
#8762 = DEFINITIONAL_REPRESENTATION('',(#8763),#8767);
#8763 = LINE('',#8764,#8765);
#8764 = CARTESIAN_POINT('',(0.,0.));
#8765 = VECTOR('',#8766,1.);
#8766 = DIRECTION('',(1.,0.));
#8767 = ( GEOMETRIC_REPRESENTATION_CONTEXT(2) 
PARAMETRIC_REPRESENTATION_CONTEXT() REPRESENTATION_CONTEXT('2D SPACE',''
  ) );
#8768 = ORIENTED_EDGE('',*,*,#8769,.F.);
#8769 = EDGE_CURVE('',#8681,#8742,#8770,.T.);
#8770 = SURFACE_CURVE('',#8771,(#8775,#8782),.PCURVE_S1.);
#8771 = LINE('',#8772,#8773);
#8772 = CARTESIAN_POINT('',(-242.,-152.,452.5));
#8773 = VECTOR('',#8774,1.);
#8774 = DIRECTION('',(0.,1.,0.));
#8775 = PCURVE('',#8689,#8776);
#8776 = DEFINITIONAL_REPRESENTATION('',(#8777),#8781);
#8777 = LINE('',#8778,#8779);
#8778 = CARTESIAN_POINT('',(1.253E+03,0.));
#8779 = VECTOR('',#8780,1.);
#8780 = DIRECTION('',(0.,-1.));
#8781 = ( GEOMETRIC_REPRESENTATION_CONTEXT(2) 
PARAMETRIC_REPRESENTATION_CONTEXT() REPRESENTATION_CONTEXT('2D SPACE',''
  ) );
#8782 = PCURVE('',#8783,#8788);
#8783 = PLANE('',#8784);
#8784 = AXIS2_PLACEMENT_3D('',#8785,#8786,#8787);
#8785 = CARTESIAN_POINT('',(-242.,-152.,452.5));
#8786 = DIRECTION('',(0.,0.,1.));
#8787 = DIRECTION('',(1.,0.,0.));
#8788 = DEFINITIONAL_REPRESENTATION('',(#8789),#8793);
#8789 = LINE('',#8790,#8791);
#8790 = CARTESIAN_POINT('',(0.,0.));
#8791 = VECTOR('',#8792,1.);
#8792 = DIRECTION('',(0.,1.));
#8793 = ( GEOMETRIC_REPRESENTATION_CONTEXT(2) 
PARAMETRIC_REPRESENTATION_CONTEXT() REPRESENTATION_CONTEXT('2D SPACE',''
  ) );
#8794 = ADVANCED_FACE('',(#8795,#8870),#8701,.F.);
#8795 = FACE_BOUND('',#8796,.F.);
#8796 = EDGE_LOOP('',(#8797,#8820,#8821,#8844));
#8797 = ORIENTED_EDGE('',*,*,#8798,.F.);
#8798 = EDGE_CURVE('',#8679,#8799,#8801,.T.);
#8799 = VERTEX_POINT('',#8800);
#8800 = CARTESIAN_POINT('',(242.,-152.,-800.5));
#8801 = SURFACE_CURVE('',#8802,(#8806,#8813),.PCURVE_S1.);
#8802 = LINE('',#8803,#8804);
#8803 = CARTESIAN_POINT('',(-242.,-152.,-800.5));
#8804 = VECTOR('',#8805,1.);
#8805 = DIRECTION('',(1.,0.,0.));
#8806 = PCURVE('',#8701,#8807);
#8807 = DEFINITIONAL_REPRESENTATION('',(#8808),#8812);
#8808 = LINE('',#8809,#8810);
#8809 = CARTESIAN_POINT('',(0.,0.));
#8810 = VECTOR('',#8811,1.);
#8811 = DIRECTION('',(0.,1.));
#8812 = ( GEOMETRIC_REPRESENTATION_CONTEXT(2) 
PARAMETRIC_REPRESENTATION_CONTEXT() REPRESENTATION_CONTEXT('2D SPACE',''
  ) );
#8813 = PCURVE('',#8729,#8814);
#8814 = DEFINITIONAL_REPRESENTATION('',(#8815),#8819);
#8815 = LINE('',#8816,#8817);
#8816 = CARTESIAN_POINT('',(0.,0.));
#8817 = VECTOR('',#8818,1.);
#8818 = DIRECTION('',(1.,0.));
#8819 = ( GEOMETRIC_REPRESENTATION_CONTEXT(2) 
PARAMETRIC_REPRESENTATION_CONTEXT() REPRESENTATION_CONTEXT('2D SPACE',''
  ) );
#8820 = ORIENTED_EDGE('',*,*,#8678,.T.);
#8821 = ORIENTED_EDGE('',*,*,#8822,.T.);
#8822 = EDGE_CURVE('',#8681,#8823,#8825,.T.);
#8823 = VERTEX_POINT('',#8824);
#8824 = CARTESIAN_POINT('',(242.,-152.,452.5));
#8825 = SURFACE_CURVE('',#8826,(#8830,#8837),.PCURVE_S1.);
#8826 = LINE('',#8827,#8828);
#8827 = CARTESIAN_POINT('',(-242.,-152.,452.5));
#8828 = VECTOR('',#8829,1.);
#8829 = DIRECTION('',(1.,0.,0.));
#8830 = PCURVE('',#8701,#8831);
#8831 = DEFINITIONAL_REPRESENTATION('',(#8832),#8836);
#8832 = LINE('',#8833,#8834);
#8833 = CARTESIAN_POINT('',(1.253E+03,0.));
#8834 = VECTOR('',#8835,1.);
#8835 = DIRECTION('',(0.,1.));
#8836 = ( GEOMETRIC_REPRESENTATION_CONTEXT(2) 
PARAMETRIC_REPRESENTATION_CONTEXT() REPRESENTATION_CONTEXT('2D SPACE',''
  ) );
#8837 = PCURVE('',#8783,#8838);
#8838 = DEFINITIONAL_REPRESENTATION('',(#8839),#8843);
#8839 = LINE('',#8840,#8841);
#8840 = CARTESIAN_POINT('',(0.,0.));
#8841 = VECTOR('',#8842,1.);
#8842 = DIRECTION('',(1.,0.));
#8843 = ( GEOMETRIC_REPRESENTATION_CONTEXT(2) 
PARAMETRIC_REPRESENTATION_CONTEXT() REPRESENTATION_CONTEXT('2D SPACE',''
  ) );
#8844 = ORIENTED_EDGE('',*,*,#8845,.F.);
#8845 = EDGE_CURVE('',#8799,#8823,#8846,.T.);
#8846 = SURFACE_CURVE('',#8847,(#8851,#8858),.PCURVE_S1.);
#8847 = LINE('',#8848,#8849);
#8848 = CARTESIAN_POINT('',(242.,-152.,-800.5));
#8849 = VECTOR('',#8850,1.);
#8850 = DIRECTION('',(0.,0.,1.));
#8851 = PCURVE('',#8701,#8852);
#8852 = DEFINITIONAL_REPRESENTATION('',(#8853),#8857);
#8853 = LINE('',#8854,#8855);
#8854 = CARTESIAN_POINT('',(0.,484.));
#8855 = VECTOR('',#8856,1.);
#8856 = DIRECTION('',(1.,0.));
#8857 = ( GEOMETRIC_REPRESENTATION_CONTEXT(2) 
PARAMETRIC_REPRESENTATION_CONTEXT() REPRESENTATION_CONTEXT('2D SPACE',''
  ) );
#8858 = PCURVE('',#8859,#8864);
#8859 = PLANE('',#8860);
#8860 = AXIS2_PLACEMENT_3D('',#8861,#8862,#8863);
#8861 = CARTESIAN_POINT('',(242.,-152.,-800.5));
#8862 = DIRECTION('',(1.,0.,0.));
#8863 = DIRECTION('',(0.,0.,1.));
#8864 = DEFINITIONAL_REPRESENTATION('',(#8865),#8869);
#8865 = LINE('',#8866,#8867);
#8866 = CARTESIAN_POINT('',(0.,0.));
#8867 = VECTOR('',#8868,1.);
#8868 = DIRECTION('',(1.,0.));
#8869 = ( GEOMETRIC_REPRESENTATION_CONTEXT(2) 
PARAMETRIC_REPRESENTATION_CONTEXT() REPRESENTATION_CONTEXT('2D SPACE',''
  ) );
#8870 = FACE_BOUND('',#8871,.F.);
#8871 = EDGE_LOOP('',(#8872,#8900,#8926,#8952));
#8872 = ORIENTED_EDGE('',*,*,#8873,.F.);
#8873 = EDGE_CURVE('',#8874,#8876,#8878,.T.);
#8874 = VERTEX_POINT('',#8875);
#8875 = CARTESIAN_POINT('',(-222.,-152.,422.5));
#8876 = VERTEX_POINT('',#8877);
#8877 = CARTESIAN_POINT('',(222.,-152.,422.5));
#8878 = SURFACE_CURVE('',#8879,(#8883,#8889),.PCURVE_S1.);
#8879 = LINE('',#8880,#8881);
#8880 = CARTESIAN_POINT('',(-232.,-152.,422.5));
#8881 = VECTOR('',#8882,1.);
#8882 = DIRECTION('',(1.,0.,0.));
#8883 = PCURVE('',#8701,#8884);
#8884 = DEFINITIONAL_REPRESENTATION('',(#8885),#8888);
#8885 = B_SPLINE_CURVE_WITH_KNOTS('',1,(#8886,#8887),.UNSPECIFIED.,.F.,
  .F.,(2,2),(10.,454.),.PIECEWISE_BEZIER_KNOTS.);
#8886 = CARTESIAN_POINT('',(1.223E+03,20.));
#8887 = CARTESIAN_POINT('',(1.223E+03,464.));
#8888 = ( GEOMETRIC_REPRESENTATION_CONTEXT(2) 
PARAMETRIC_REPRESENTATION_CONTEXT() REPRESENTATION_CONTEXT('2D SPACE',''
  ) );
#8889 = PCURVE('',#8890,#8895);
#8890 = PLANE('',#8891);
#8891 = AXIS2_PLACEMENT_3D('',#8892,#8893,#8894);
#8892 = CARTESIAN_POINT('',(-222.,-154.,422.5));
#8893 = DIRECTION('',(0.,0.,1.));
#8894 = DIRECTION('',(1.,0.,0.));
#8895 = DEFINITIONAL_REPRESENTATION('',(#8896),#8899);
#8896 = B_SPLINE_CURVE_WITH_KNOTS('',1,(#8897,#8898),.UNSPECIFIED.,.F.,
  .F.,(2,2),(10.,454.),.PIECEWISE_BEZIER_KNOTS.);
#8897 = CARTESIAN_POINT('',(0.,2.));
#8898 = CARTESIAN_POINT('',(444.,2.));
#8899 = ( GEOMETRIC_REPRESENTATION_CONTEXT(2) 
PARAMETRIC_REPRESENTATION_CONTEXT() REPRESENTATION_CONTEXT('2D SPACE',''
  ) );
#8900 = ORIENTED_EDGE('',*,*,#8901,.T.);
#8901 = EDGE_CURVE('',#8874,#8902,#8904,.T.);
#8902 = VERTEX_POINT('',#8903);
#8903 = CARTESIAN_POINT('',(-222.,-152.,-770.5));
#8904 = SURFACE_CURVE('',#8905,(#8909,#8915),.PCURVE_S1.);
#8905 = LINE('',#8906,#8907);
#8906 = CARTESIAN_POINT('',(-222.,-152.,-785.5));
#8907 = VECTOR('',#8908,1.);
#8908 = DIRECTION('',(0.,0.,-1.));
#8909 = PCURVE('',#8701,#8910);
#8910 = DEFINITIONAL_REPRESENTATION('',(#8911),#8914);
#8911 = B_SPLINE_CURVE_WITH_KNOTS('',1,(#8912,#8913),.UNSPECIFIED.,.F.,
  .F.,(2,2),(-1.208E+03,-15.),.PIECEWISE_BEZIER_KNOTS.);
#8912 = CARTESIAN_POINT('',(1.223E+03,20.));
#8913 = CARTESIAN_POINT('',(30.,20.));
#8914 = ( GEOMETRIC_REPRESENTATION_CONTEXT(2) 
PARAMETRIC_REPRESENTATION_CONTEXT() REPRESENTATION_CONTEXT('2D SPACE',''
  ) );
#8915 = PCURVE('',#8916,#8921);
#8916 = PLANE('',#8917);
#8917 = AXIS2_PLACEMENT_3D('',#8918,#8919,#8920);
#8918 = CARTESIAN_POINT('',(-222.,-154.,-770.5));
#8919 = DIRECTION('',(1.,0.,0.));
#8920 = DIRECTION('',(0.,0.,1.));
#8921 = DEFINITIONAL_REPRESENTATION('',(#8922),#8925);
#8922 = B_SPLINE_CURVE_WITH_KNOTS('',1,(#8923,#8924),.UNSPECIFIED.,.F.,
  .F.,(2,2),(-1.208E+03,-15.),.PIECEWISE_BEZIER_KNOTS.);
#8923 = CARTESIAN_POINT('',(1.193E+03,-2.));
#8924 = CARTESIAN_POINT('',(0.,-2.));
#8925 = ( GEOMETRIC_REPRESENTATION_CONTEXT(2) 
PARAMETRIC_REPRESENTATION_CONTEXT() REPRESENTATION_CONTEXT('2D SPACE',''
  ) );
#8926 = ORIENTED_EDGE('',*,*,#8927,.T.);
#8927 = EDGE_CURVE('',#8902,#8928,#8930,.T.);
#8928 = VERTEX_POINT('',#8929);
#8929 = CARTESIAN_POINT('',(222.,-152.,-770.5));
#8930 = SURFACE_CURVE('',#8931,(#8935,#8941),.PCURVE_S1.);
#8931 = LINE('',#8932,#8933);
#8932 = CARTESIAN_POINT('',(-232.,-152.,-770.5));
#8933 = VECTOR('',#8934,1.);
#8934 = DIRECTION('',(1.,0.,0.));
#8935 = PCURVE('',#8701,#8936);
#8936 = DEFINITIONAL_REPRESENTATION('',(#8937),#8940);
#8937 = B_SPLINE_CURVE_WITH_KNOTS('',1,(#8938,#8939),.UNSPECIFIED.,.F.,
  .F.,(2,2),(10.,454.),.PIECEWISE_BEZIER_KNOTS.);
#8938 = CARTESIAN_POINT('',(30.,20.));
#8939 = CARTESIAN_POINT('',(30.,464.));
#8940 = ( GEOMETRIC_REPRESENTATION_CONTEXT(2) 
PARAMETRIC_REPRESENTATION_CONTEXT() REPRESENTATION_CONTEXT('2D SPACE',''
  ) );
#8941 = PCURVE('',#8942,#8947);
#8942 = PLANE('',#8943);
#8943 = AXIS2_PLACEMENT_3D('',#8944,#8945,#8946);
#8944 = CARTESIAN_POINT('',(-222.,-154.,-770.5));
#8945 = DIRECTION('',(0.,0.,1.));
#8946 = DIRECTION('',(1.,0.,0.));
#8947 = DEFINITIONAL_REPRESENTATION('',(#8948),#8951);
#8948 = B_SPLINE_CURVE_WITH_KNOTS('',1,(#8949,#8950),.UNSPECIFIED.,.F.,
  .F.,(2,2),(10.,454.),.PIECEWISE_BEZIER_KNOTS.);
#8949 = CARTESIAN_POINT('',(0.,2.));
#8950 = CARTESIAN_POINT('',(444.,2.));
#8951 = ( GEOMETRIC_REPRESENTATION_CONTEXT(2) 
PARAMETRIC_REPRESENTATION_CONTEXT() REPRESENTATION_CONTEXT('2D SPACE',''
  ) );
#8952 = ORIENTED_EDGE('',*,*,#8953,.F.);
#8953 = EDGE_CURVE('',#8876,#8928,#8954,.T.);
#8954 = SURFACE_CURVE('',#8955,(#8959,#8965),.PCURVE_S1.);
#8955 = LINE('',#8956,#8957);
#8956 = CARTESIAN_POINT('',(222.,-152.,-785.5));
#8957 = VECTOR('',#8958,1.);
#8958 = DIRECTION('',(0.,0.,-1.));
#8959 = PCURVE('',#8701,#8960);
#8960 = DEFINITIONAL_REPRESENTATION('',(#8961),#8964);
#8961 = B_SPLINE_CURVE_WITH_KNOTS('',1,(#8962,#8963),.UNSPECIFIED.,.F.,
  .F.,(2,2),(-1.208E+03,-15.),.PIECEWISE_BEZIER_KNOTS.);
#8962 = CARTESIAN_POINT('',(1.223E+03,464.));
#8963 = CARTESIAN_POINT('',(30.,464.));
#8964 = ( GEOMETRIC_REPRESENTATION_CONTEXT(2) 
PARAMETRIC_REPRESENTATION_CONTEXT() REPRESENTATION_CONTEXT('2D SPACE',''
  ) );
#8965 = PCURVE('',#8966,#8971);
#8966 = PLANE('',#8967);
#8967 = AXIS2_PLACEMENT_3D('',#8968,#8969,#8970);
#8968 = CARTESIAN_POINT('',(222.,-154.,-770.5));
#8969 = DIRECTION('',(1.,0.,0.));
#8970 = DIRECTION('',(0.,0.,1.));
#8971 = DEFINITIONAL_REPRESENTATION('',(#8972),#8975);
#8972 = B_SPLINE_CURVE_WITH_KNOTS('',1,(#8973,#8974),.UNSPECIFIED.,.F.,
  .F.,(2,2),(-1.208E+03,-15.),.PIECEWISE_BEZIER_KNOTS.);
#8973 = CARTESIAN_POINT('',(1.193E+03,-2.));
#8974 = CARTESIAN_POINT('',(0.,-2.));
#8975 = ( GEOMETRIC_REPRESENTATION_CONTEXT(2) 
PARAMETRIC_REPRESENTATION_CONTEXT() REPRESENTATION_CONTEXT('2D SPACE',''
  ) );
#8976 = ADVANCED_FACE('',(#8977),#8783,.T.);
#8977 = FACE_BOUND('',#8978,.T.);
#8978 = EDGE_LOOP('',(#8979,#8980,#8981,#9004));
#8979 = ORIENTED_EDGE('',*,*,#8769,.F.);
#8980 = ORIENTED_EDGE('',*,*,#8822,.T.);
#8981 = ORIENTED_EDGE('',*,*,#8982,.T.);
#8982 = EDGE_CURVE('',#8823,#8983,#8985,.T.);
#8983 = VERTEX_POINT('',#8984);
#8984 = CARTESIAN_POINT('',(242.,-150.,452.5));
#8985 = SURFACE_CURVE('',#8986,(#8990,#8997),.PCURVE_S1.);
#8986 = LINE('',#8987,#8988);
#8987 = CARTESIAN_POINT('',(242.,-152.,452.5));
#8988 = VECTOR('',#8989,1.);
#8989 = DIRECTION('',(0.,1.,0.));
#8990 = PCURVE('',#8783,#8991);
#8991 = DEFINITIONAL_REPRESENTATION('',(#8992),#8996);
#8992 = LINE('',#8993,#8994);
#8993 = CARTESIAN_POINT('',(484.,0.));
#8994 = VECTOR('',#8995,1.);
#8995 = DIRECTION('',(0.,1.));
#8996 = ( GEOMETRIC_REPRESENTATION_CONTEXT(2) 
PARAMETRIC_REPRESENTATION_CONTEXT() REPRESENTATION_CONTEXT('2D SPACE',''
  ) );
#8997 = PCURVE('',#8859,#8998);
#8998 = DEFINITIONAL_REPRESENTATION('',(#8999),#9003);
#8999 = LINE('',#9000,#9001);
#9000 = CARTESIAN_POINT('',(1.253E+03,0.));
#9001 = VECTOR('',#9002,1.);
#9002 = DIRECTION('',(0.,-1.));
#9003 = ( GEOMETRIC_REPRESENTATION_CONTEXT(2) 
PARAMETRIC_REPRESENTATION_CONTEXT() REPRESENTATION_CONTEXT('2D SPACE',''
  ) );
#9004 = ORIENTED_EDGE('',*,*,#9005,.F.);
#9005 = EDGE_CURVE('',#8742,#8983,#9006,.T.);
#9006 = SURFACE_CURVE('',#9007,(#9011,#9018),.PCURVE_S1.);
#9007 = LINE('',#9008,#9009);
#9008 = CARTESIAN_POINT('',(-242.,-150.,452.5));
#9009 = VECTOR('',#9010,1.);
#9010 = DIRECTION('',(1.,0.,0.));
#9011 = PCURVE('',#8783,#9012);
#9012 = DEFINITIONAL_REPRESENTATION('',(#9013),#9017);
#9013 = LINE('',#9014,#9015);
#9014 = CARTESIAN_POINT('',(0.,2.));
#9015 = VECTOR('',#9016,1.);
#9016 = DIRECTION('',(1.,0.));
#9017 = ( GEOMETRIC_REPRESENTATION_CONTEXT(2) 
PARAMETRIC_REPRESENTATION_CONTEXT() REPRESENTATION_CONTEXT('2D SPACE',''
  ) );
#9018 = PCURVE('',#8757,#9019);
#9019 = DEFINITIONAL_REPRESENTATION('',(#9020),#9024);
#9020 = LINE('',#9021,#9022);
#9021 = CARTESIAN_POINT('',(1.253E+03,0.));
#9022 = VECTOR('',#9023,1.);
#9023 = DIRECTION('',(0.,1.));
#9024 = ( GEOMETRIC_REPRESENTATION_CONTEXT(2) 
PARAMETRIC_REPRESENTATION_CONTEXT() REPRESENTATION_CONTEXT('2D SPACE',''
  ) );
#9025 = ADVANCED_FACE('',(#9026,#9074),#8757,.T.);
#9026 = FACE_BOUND('',#9027,.T.);
#9027 = EDGE_LOOP('',(#9028,#9051,#9052,#9053));
#9028 = ORIENTED_EDGE('',*,*,#9029,.F.);
#9029 = EDGE_CURVE('',#8714,#9030,#9032,.T.);
#9030 = VERTEX_POINT('',#9031);
#9031 = CARTESIAN_POINT('',(242.,-150.,-800.5));
#9032 = SURFACE_CURVE('',#9033,(#9037,#9044),.PCURVE_S1.);
#9033 = LINE('',#9034,#9035);
#9034 = CARTESIAN_POINT('',(-242.,-150.,-800.5));
#9035 = VECTOR('',#9036,1.);
#9036 = DIRECTION('',(1.,0.,0.));
#9037 = PCURVE('',#8757,#9038);
#9038 = DEFINITIONAL_REPRESENTATION('',(#9039),#9043);
#9039 = LINE('',#9040,#9041);
#9040 = CARTESIAN_POINT('',(0.,0.));
#9041 = VECTOR('',#9042,1.);
#9042 = DIRECTION('',(0.,1.));
#9043 = ( GEOMETRIC_REPRESENTATION_CONTEXT(2) 
PARAMETRIC_REPRESENTATION_CONTEXT() REPRESENTATION_CONTEXT('2D SPACE',''
  ) );
#9044 = PCURVE('',#8729,#9045);
#9045 = DEFINITIONAL_REPRESENTATION('',(#9046),#9050);
#9046 = LINE('',#9047,#9048);
#9047 = CARTESIAN_POINT('',(0.,2.));
#9048 = VECTOR('',#9049,1.);
#9049 = DIRECTION('',(1.,0.));
#9050 = ( GEOMETRIC_REPRESENTATION_CONTEXT(2) 
PARAMETRIC_REPRESENTATION_CONTEXT() REPRESENTATION_CONTEXT('2D SPACE',''
  ) );
#9051 = ORIENTED_EDGE('',*,*,#8741,.T.);
#9052 = ORIENTED_EDGE('',*,*,#9005,.T.);
#9053 = ORIENTED_EDGE('',*,*,#9054,.F.);
#9054 = EDGE_CURVE('',#9030,#8983,#9055,.T.);
#9055 = SURFACE_CURVE('',#9056,(#9060,#9067),.PCURVE_S1.);
#9056 = LINE('',#9057,#9058);
#9057 = CARTESIAN_POINT('',(242.,-150.,-800.5));
#9058 = VECTOR('',#9059,1.);
#9059 = DIRECTION('',(0.,0.,1.));
#9060 = PCURVE('',#8757,#9061);
#9061 = DEFINITIONAL_REPRESENTATION('',(#9062),#9066);
#9062 = LINE('',#9063,#9064);
#9063 = CARTESIAN_POINT('',(0.,484.));
#9064 = VECTOR('',#9065,1.);
#9065 = DIRECTION('',(1.,0.));
#9066 = ( GEOMETRIC_REPRESENTATION_CONTEXT(2) 
PARAMETRIC_REPRESENTATION_CONTEXT() REPRESENTATION_CONTEXT('2D SPACE',''
  ) );
#9067 = PCURVE('',#8859,#9068);
#9068 = DEFINITIONAL_REPRESENTATION('',(#9069),#9073);
#9069 = LINE('',#9070,#9071);
#9070 = CARTESIAN_POINT('',(0.,-2.));
#9071 = VECTOR('',#9072,1.);
#9072 = DIRECTION('',(1.,0.));
#9073 = ( GEOMETRIC_REPRESENTATION_CONTEXT(2) 
PARAMETRIC_REPRESENTATION_CONTEXT() REPRESENTATION_CONTEXT('2D SPACE',''
  ) );
#9074 = FACE_BOUND('',#9075,.T.);
#9075 = EDGE_LOOP('',(#9076,#9099,#9120,#9141));
#9076 = ORIENTED_EDGE('',*,*,#9077,.F.);
#9077 = EDGE_CURVE('',#9078,#9080,#9082,.T.);
#9078 = VERTEX_POINT('',#9079);
#9079 = CARTESIAN_POINT('',(-222.,-150.,422.5));
#9080 = VERTEX_POINT('',#9081);
#9081 = CARTESIAN_POINT('',(222.,-150.,422.5));
#9082 = SURFACE_CURVE('',#9083,(#9087,#9093),.PCURVE_S1.);
#9083 = LINE('',#9084,#9085);
#9084 = CARTESIAN_POINT('',(-232.,-150.,422.5));
#9085 = VECTOR('',#9086,1.);
#9086 = DIRECTION('',(1.,0.,0.));
#9087 = PCURVE('',#8757,#9088);
#9088 = DEFINITIONAL_REPRESENTATION('',(#9089),#9092);
#9089 = B_SPLINE_CURVE_WITH_KNOTS('',1,(#9090,#9091),.UNSPECIFIED.,.F.,
  .F.,(2,2),(10.,454.),.PIECEWISE_BEZIER_KNOTS.);
#9090 = CARTESIAN_POINT('',(1.223E+03,20.));
#9091 = CARTESIAN_POINT('',(1.223E+03,464.));
#9092 = ( GEOMETRIC_REPRESENTATION_CONTEXT(2) 
PARAMETRIC_REPRESENTATION_CONTEXT() REPRESENTATION_CONTEXT('2D SPACE',''
  ) );
#9093 = PCURVE('',#8890,#9094);
#9094 = DEFINITIONAL_REPRESENTATION('',(#9095),#9098);
#9095 = B_SPLINE_CURVE_WITH_KNOTS('',1,(#9096,#9097),.UNSPECIFIED.,.F.,
  .F.,(2,2),(10.,454.),.PIECEWISE_BEZIER_KNOTS.);
#9096 = CARTESIAN_POINT('',(0.,4.));
#9097 = CARTESIAN_POINT('',(444.,4.));
#9098 = ( GEOMETRIC_REPRESENTATION_CONTEXT(2) 
PARAMETRIC_REPRESENTATION_CONTEXT() REPRESENTATION_CONTEXT('2D SPACE',''
  ) );
#9099 = ORIENTED_EDGE('',*,*,#9100,.T.);
#9100 = EDGE_CURVE('',#9078,#9101,#9103,.T.);
#9101 = VERTEX_POINT('',#9102);
#9102 = CARTESIAN_POINT('',(-222.,-150.,-770.5));
#9103 = SURFACE_CURVE('',#9104,(#9108,#9114),.PCURVE_S1.);
#9104 = LINE('',#9105,#9106);
#9105 = CARTESIAN_POINT('',(-222.,-150.,-785.5));
#9106 = VECTOR('',#9107,1.);
#9107 = DIRECTION('',(0.,0.,-1.));
#9108 = PCURVE('',#8757,#9109);
#9109 = DEFINITIONAL_REPRESENTATION('',(#9110),#9113);
#9110 = B_SPLINE_CURVE_WITH_KNOTS('',1,(#9111,#9112),.UNSPECIFIED.,.F.,
  .F.,(2,2),(-1.208E+03,-15.),.PIECEWISE_BEZIER_KNOTS.);
#9111 = CARTESIAN_POINT('',(1.223E+03,20.));
#9112 = CARTESIAN_POINT('',(30.,20.));
#9113 = ( GEOMETRIC_REPRESENTATION_CONTEXT(2) 
PARAMETRIC_REPRESENTATION_CONTEXT() REPRESENTATION_CONTEXT('2D SPACE',''
  ) );
#9114 = PCURVE('',#8916,#9115);
#9115 = DEFINITIONAL_REPRESENTATION('',(#9116),#9119);
#9116 = B_SPLINE_CURVE_WITH_KNOTS('',1,(#9117,#9118),.UNSPECIFIED.,.F.,
  .F.,(2,2),(-1.208E+03,-15.),.PIECEWISE_BEZIER_KNOTS.);
#9117 = CARTESIAN_POINT('',(1.193E+03,-4.));
#9118 = CARTESIAN_POINT('',(0.,-4.));
#9119 = ( GEOMETRIC_REPRESENTATION_CONTEXT(2) 
PARAMETRIC_REPRESENTATION_CONTEXT() REPRESENTATION_CONTEXT('2D SPACE',''
  ) );
#9120 = ORIENTED_EDGE('',*,*,#9121,.T.);
#9121 = EDGE_CURVE('',#9101,#9122,#9124,.T.);
#9122 = VERTEX_POINT('',#9123);
#9123 = CARTESIAN_POINT('',(222.,-150.,-770.5));
#9124 = SURFACE_CURVE('',#9125,(#9129,#9135),.PCURVE_S1.);
#9125 = LINE('',#9126,#9127);
#9126 = CARTESIAN_POINT('',(-232.,-150.,-770.5));
#9127 = VECTOR('',#9128,1.);
#9128 = DIRECTION('',(1.,0.,0.));
#9129 = PCURVE('',#8757,#9130);
#9130 = DEFINITIONAL_REPRESENTATION('',(#9131),#9134);
#9131 = B_SPLINE_CURVE_WITH_KNOTS('',1,(#9132,#9133),.UNSPECIFIED.,.F.,
  .F.,(2,2),(10.,454.),.PIECEWISE_BEZIER_KNOTS.);
#9132 = CARTESIAN_POINT('',(30.,20.));
#9133 = CARTESIAN_POINT('',(30.,464.));
#9134 = ( GEOMETRIC_REPRESENTATION_CONTEXT(2) 
PARAMETRIC_REPRESENTATION_CONTEXT() REPRESENTATION_CONTEXT('2D SPACE',''
  ) );
#9135 = PCURVE('',#8942,#9136);
#9136 = DEFINITIONAL_REPRESENTATION('',(#9137),#9140);
#9137 = B_SPLINE_CURVE_WITH_KNOTS('',1,(#9138,#9139),.UNSPECIFIED.,.F.,
  .F.,(2,2),(10.,454.),.PIECEWISE_BEZIER_KNOTS.);
#9138 = CARTESIAN_POINT('',(0.,4.));
#9139 = CARTESIAN_POINT('',(444.,4.));
#9140 = ( GEOMETRIC_REPRESENTATION_CONTEXT(2) 
PARAMETRIC_REPRESENTATION_CONTEXT() REPRESENTATION_CONTEXT('2D SPACE',''
  ) );
#9141 = ORIENTED_EDGE('',*,*,#9142,.F.);
#9142 = EDGE_CURVE('',#9080,#9122,#9143,.T.);
#9143 = SURFACE_CURVE('',#9144,(#9148,#9154),.PCURVE_S1.);
#9144 = LINE('',#9145,#9146);
#9145 = CARTESIAN_POINT('',(222.,-150.,-785.5));
#9146 = VECTOR('',#9147,1.);
#9147 = DIRECTION('',(0.,0.,-1.));
#9148 = PCURVE('',#8757,#9149);
#9149 = DEFINITIONAL_REPRESENTATION('',(#9150),#9153);
#9150 = B_SPLINE_CURVE_WITH_KNOTS('',1,(#9151,#9152),.UNSPECIFIED.,.F.,
  .F.,(2,2),(-1.208E+03,-15.),.PIECEWISE_BEZIER_KNOTS.);
#9151 = CARTESIAN_POINT('',(1.223E+03,464.));
#9152 = CARTESIAN_POINT('',(30.,464.));
#9153 = ( GEOMETRIC_REPRESENTATION_CONTEXT(2) 
PARAMETRIC_REPRESENTATION_CONTEXT() REPRESENTATION_CONTEXT('2D SPACE',''
  ) );
#9154 = PCURVE('',#8966,#9155);
#9155 = DEFINITIONAL_REPRESENTATION('',(#9156),#9159);
#9156 = B_SPLINE_CURVE_WITH_KNOTS('',1,(#9157,#9158),.UNSPECIFIED.,.F.,
  .F.,(2,2),(-1.208E+03,-15.),.PIECEWISE_BEZIER_KNOTS.);
#9157 = CARTESIAN_POINT('',(1.193E+03,-4.));
#9158 = CARTESIAN_POINT('',(0.,-4.));
#9159 = ( GEOMETRIC_REPRESENTATION_CONTEXT(2) 
PARAMETRIC_REPRESENTATION_CONTEXT() REPRESENTATION_CONTEXT('2D SPACE',''
  ) );
#9160 = ADVANCED_FACE('',(#9161),#8729,.F.);
#9161 = FACE_BOUND('',#9162,.F.);
#9162 = EDGE_LOOP('',(#9163,#9164,#9165,#9186));
#9163 = ORIENTED_EDGE('',*,*,#8713,.F.);
#9164 = ORIENTED_EDGE('',*,*,#8798,.T.);
#9165 = ORIENTED_EDGE('',*,*,#9166,.T.);
#9166 = EDGE_CURVE('',#8799,#9030,#9167,.T.);
#9167 = SURFACE_CURVE('',#9168,(#9172,#9179),.PCURVE_S1.);
#9168 = LINE('',#9169,#9170);
#9169 = CARTESIAN_POINT('',(242.,-152.,-800.5));
#9170 = VECTOR('',#9171,1.);
#9171 = DIRECTION('',(0.,1.,0.));
#9172 = PCURVE('',#8729,#9173);
#9173 = DEFINITIONAL_REPRESENTATION('',(#9174),#9178);
#9174 = LINE('',#9175,#9176);
#9175 = CARTESIAN_POINT('',(484.,0.));
#9176 = VECTOR('',#9177,1.);
#9177 = DIRECTION('',(0.,1.));
#9178 = ( GEOMETRIC_REPRESENTATION_CONTEXT(2) 
PARAMETRIC_REPRESENTATION_CONTEXT() REPRESENTATION_CONTEXT('2D SPACE',''
  ) );
#9179 = PCURVE('',#8859,#9180);
#9180 = DEFINITIONAL_REPRESENTATION('',(#9181),#9185);
#9181 = LINE('',#9182,#9183);
#9182 = CARTESIAN_POINT('',(0.,0.));
#9183 = VECTOR('',#9184,1.);
#9184 = DIRECTION('',(0.,-1.));
#9185 = ( GEOMETRIC_REPRESENTATION_CONTEXT(2) 
PARAMETRIC_REPRESENTATION_CONTEXT() REPRESENTATION_CONTEXT('2D SPACE',''
  ) );
#9186 = ORIENTED_EDGE('',*,*,#9029,.F.);
#9187 = ADVANCED_FACE('',(#9188),#8859,.T.);
#9188 = FACE_BOUND('',#9189,.T.);
#9189 = EDGE_LOOP('',(#9190,#9191,#9192,#9193));
#9190 = ORIENTED_EDGE('',*,*,#8845,.F.);
#9191 = ORIENTED_EDGE('',*,*,#9166,.T.);
#9192 = ORIENTED_EDGE('',*,*,#9054,.T.);
#9193 = ORIENTED_EDGE('',*,*,#8982,.F.);
#9194 = ADVANCED_FACE('',(#9195),#8890,.F.);
#9195 = FACE_BOUND('',#9196,.F.);
#9196 = EDGE_LOOP('',(#9197,#9218,#9219,#9240));
#9197 = ORIENTED_EDGE('',*,*,#9198,.F.);
#9198 = EDGE_CURVE('',#8874,#9078,#9199,.T.);
#9199 = SURFACE_CURVE('',#9200,(#9204,#9211),.PCURVE_S1.);
#9200 = LINE('',#9201,#9202);
#9201 = CARTESIAN_POINT('',(-222.,-154.,422.5));
#9202 = VECTOR('',#9203,1.);
#9203 = DIRECTION('',(0.,1.,0.));
#9204 = PCURVE('',#8890,#9205);
#9205 = DEFINITIONAL_REPRESENTATION('',(#9206),#9210);
#9206 = LINE('',#9207,#9208);
#9207 = CARTESIAN_POINT('',(0.,0.));
#9208 = VECTOR('',#9209,1.);
#9209 = DIRECTION('',(0.,1.));
#9210 = ( GEOMETRIC_REPRESENTATION_CONTEXT(2) 
PARAMETRIC_REPRESENTATION_CONTEXT() REPRESENTATION_CONTEXT('2D SPACE',''
  ) );
#9211 = PCURVE('',#8916,#9212);
#9212 = DEFINITIONAL_REPRESENTATION('',(#9213),#9217);
#9213 = LINE('',#9214,#9215);
#9214 = CARTESIAN_POINT('',(1.193E+03,0.));
#9215 = VECTOR('',#9216,1.);
#9216 = DIRECTION('',(0.,-1.));
#9217 = ( GEOMETRIC_REPRESENTATION_CONTEXT(2) 
PARAMETRIC_REPRESENTATION_CONTEXT() REPRESENTATION_CONTEXT('2D SPACE',''
  ) );
#9218 = ORIENTED_EDGE('',*,*,#8873,.T.);
#9219 = ORIENTED_EDGE('',*,*,#9220,.T.);
#9220 = EDGE_CURVE('',#8876,#9080,#9221,.T.);
#9221 = SURFACE_CURVE('',#9222,(#9226,#9233),.PCURVE_S1.);
#9222 = LINE('',#9223,#9224);
#9223 = CARTESIAN_POINT('',(222.,-154.,422.5));
#9224 = VECTOR('',#9225,1.);
#9225 = DIRECTION('',(0.,1.,0.));
#9226 = PCURVE('',#8890,#9227);
#9227 = DEFINITIONAL_REPRESENTATION('',(#9228),#9232);
#9228 = LINE('',#9229,#9230);
#9229 = CARTESIAN_POINT('',(444.,0.));
#9230 = VECTOR('',#9231,1.);
#9231 = DIRECTION('',(0.,1.));
#9232 = ( GEOMETRIC_REPRESENTATION_CONTEXT(2) 
PARAMETRIC_REPRESENTATION_CONTEXT() REPRESENTATION_CONTEXT('2D SPACE',''
  ) );
#9233 = PCURVE('',#8966,#9234);
#9234 = DEFINITIONAL_REPRESENTATION('',(#9235),#9239);
#9235 = LINE('',#9236,#9237);
#9236 = CARTESIAN_POINT('',(1.193E+03,0.));
#9237 = VECTOR('',#9238,1.);
#9238 = DIRECTION('',(0.,-1.));
#9239 = ( GEOMETRIC_REPRESENTATION_CONTEXT(2) 
PARAMETRIC_REPRESENTATION_CONTEXT() REPRESENTATION_CONTEXT('2D SPACE',''
  ) );
#9240 = ORIENTED_EDGE('',*,*,#9077,.F.);
#9241 = ADVANCED_FACE('',(#9242),#8966,.F.);
#9242 = FACE_BOUND('',#9243,.F.);
#9243 = EDGE_LOOP('',(#9244,#9245,#9246,#9267));
#9244 = ORIENTED_EDGE('',*,*,#9220,.F.);
#9245 = ORIENTED_EDGE('',*,*,#8953,.T.);
#9246 = ORIENTED_EDGE('',*,*,#9247,.T.);
#9247 = EDGE_CURVE('',#8928,#9122,#9248,.T.);
#9248 = SURFACE_CURVE('',#9249,(#9253,#9260),.PCURVE_S1.);
#9249 = LINE('',#9250,#9251);
#9250 = CARTESIAN_POINT('',(222.,-154.,-770.5));
#9251 = VECTOR('',#9252,1.);
#9252 = DIRECTION('',(0.,1.,0.));
#9253 = PCURVE('',#8966,#9254);
#9254 = DEFINITIONAL_REPRESENTATION('',(#9255),#9259);
#9255 = LINE('',#9256,#9257);
#9256 = CARTESIAN_POINT('',(0.,0.));
#9257 = VECTOR('',#9258,1.);
#9258 = DIRECTION('',(0.,-1.));
#9259 = ( GEOMETRIC_REPRESENTATION_CONTEXT(2) 
PARAMETRIC_REPRESENTATION_CONTEXT() REPRESENTATION_CONTEXT('2D SPACE',''
  ) );
#9260 = PCURVE('',#8942,#9261);
#9261 = DEFINITIONAL_REPRESENTATION('',(#9262),#9266);
#9262 = LINE('',#9263,#9264);
#9263 = CARTESIAN_POINT('',(444.,0.));
#9264 = VECTOR('',#9265,1.);
#9265 = DIRECTION('',(0.,1.));
#9266 = ( GEOMETRIC_REPRESENTATION_CONTEXT(2) 
PARAMETRIC_REPRESENTATION_CONTEXT() REPRESENTATION_CONTEXT('2D SPACE',''
  ) );
#9267 = ORIENTED_EDGE('',*,*,#9142,.F.);
#9268 = ADVANCED_FACE('',(#9269),#8942,.T.);
#9269 = FACE_BOUND('',#9270,.T.);
#9270 = EDGE_LOOP('',(#9271,#9292,#9293,#9294));
#9271 = ORIENTED_EDGE('',*,*,#9272,.F.);
#9272 = EDGE_CURVE('',#8902,#9101,#9273,.T.);
#9273 = SURFACE_CURVE('',#9274,(#9278,#9285),.PCURVE_S1.);
#9274 = LINE('',#9275,#9276);
#9275 = CARTESIAN_POINT('',(-222.,-154.,-770.5));
#9276 = VECTOR('',#9277,1.);
#9277 = DIRECTION('',(0.,1.,0.));
#9278 = PCURVE('',#8942,#9279);
#9279 = DEFINITIONAL_REPRESENTATION('',(#9280),#9284);
#9280 = LINE('',#9281,#9282);
#9281 = CARTESIAN_POINT('',(0.,0.));
#9282 = VECTOR('',#9283,1.);
#9283 = DIRECTION('',(0.,1.));
#9284 = ( GEOMETRIC_REPRESENTATION_CONTEXT(2) 
PARAMETRIC_REPRESENTATION_CONTEXT() REPRESENTATION_CONTEXT('2D SPACE',''
  ) );
#9285 = PCURVE('',#8916,#9286);
#9286 = DEFINITIONAL_REPRESENTATION('',(#9287),#9291);
#9287 = LINE('',#9288,#9289);
#9288 = CARTESIAN_POINT('',(0.,0.));
#9289 = VECTOR('',#9290,1.);
#9290 = DIRECTION('',(0.,-1.));
#9291 = ( GEOMETRIC_REPRESENTATION_CONTEXT(2) 
PARAMETRIC_REPRESENTATION_CONTEXT() REPRESENTATION_CONTEXT('2D SPACE',''
  ) );
#9292 = ORIENTED_EDGE('',*,*,#8927,.T.);
#9293 = ORIENTED_EDGE('',*,*,#9247,.T.);
#9294 = ORIENTED_EDGE('',*,*,#9121,.F.);
#9295 = ADVANCED_FACE('',(#9296),#8916,.T.);
#9296 = FACE_BOUND('',#9297,.T.);
#9297 = EDGE_LOOP('',(#9298,#9299,#9300,#9301));
#9298 = ORIENTED_EDGE('',*,*,#9198,.F.);
#9299 = ORIENTED_EDGE('',*,*,#8901,.T.);
#9300 = ORIENTED_EDGE('',*,*,#9272,.T.);
#9301 = ORIENTED_EDGE('',*,*,#9100,.F.);
#9302 = ( GEOMETRIC_REPRESENTATION_CONTEXT(3) 
GLOBAL_UNCERTAINTY_ASSIGNED_CONTEXT((#9306)) 
GLOBAL_UNIT_ASSIGNED_CONTEXT((#9303,#9304,#9305)) REPRESENTATION_CONTEXT
('Context #1','3D Context with UNIT and UNCERTAINTY') );
#9303 = ( LENGTH_UNIT() NAMED_UNIT(*) SI_UNIT(.MILLI.,.METRE.) );
#9304 = ( NAMED_UNIT(*) PLANE_ANGLE_UNIT() SI_UNIT($,.RADIAN.) );
#9305 = ( NAMED_UNIT(*) SI_UNIT($,.STERADIAN.) SOLID_ANGLE_UNIT() );
#9306 = UNCERTAINTY_MEASURE_WITH_UNIT(LENGTH_MEASURE(1.E-07),#9303,
  'distance_accuracy_value','confusion accuracy');
#9307 = CONTEXT_DEPENDENT_SHAPE_REPRESENTATION(#9308,#9310);
#9308 = ( REPRESENTATION_RELATIONSHIP('','',#8671,#10) 
REPRESENTATION_RELATIONSHIP_WITH_TRANSFORMATION(#9309) 
SHAPE_REPRESENTATION_RELATIONSHIP() );
#9309 = ITEM_DEFINED_TRANSFORMATION('','',#11,#35);
#9310 = PRODUCT_DEFINITION_SHAPE('Placement','Placement of an item',
  #9311);
#9311 = NEXT_ASSEMBLY_USAGE_OCCURRENCE('6','=>[0:1:1:7]','',#5,#8666,$);
#9312 = PRODUCT_RELATED_PRODUCT_CATEGORY('part',$,(#8668));
#9313 = SHAPE_DEFINITION_REPRESENTATION(#9314,#9320);
#9314 = PRODUCT_DEFINITION_SHAPE('','',#9315);
#9315 = PRODUCT_DEFINITION('design','',#9316,#9319);
#9316 = PRODUCT_DEFINITION_FORMATION('','',#9317);
#9317 = PRODUCT('COMPOUND','COMPOUND','',(#9318));
#9318 = PRODUCT_CONTEXT('',#2,'mechanical');
#9319 = PRODUCT_DEFINITION_CONTEXT('part definition',#2,'design');
#9320 = ADVANCED_BREP_SHAPE_REPRESENTATION('',(#11,#9321),#9419);
#9321 = MANIFOLD_SOLID_BREP('',#9322);
#9322 = CLOSED_SHELL('',(#9323,#9411,#9415));
#9323 = ADVANCED_FACE('',(#9324),#9337,.T.);
#9324 = FACE_BOUND('',#9325,.T.);
#9325 = EDGE_LOOP('',(#9326,#9360,#9383,#9410));
#9326 = ORIENTED_EDGE('',*,*,#9327,.F.);
#9327 = EDGE_CURVE('',#9328,#9328,#9330,.T.);
#9328 = VERTEX_POINT('',#9329);
#9329 = CARTESIAN_POINT('',(157.5,-131.,627.5));
#9330 = SURFACE_CURVE('',#9331,(#9336,#9348),.PCURVE_S1.);
#9331 = CIRCLE('',#9332,157.5);
#9332 = AXIS2_PLACEMENT_3D('',#9333,#9334,#9335);
#9333 = CARTESIAN_POINT('',(0.,-131.,627.5));
#9334 = DIRECTION('',(0.,-1.,0.));
#9335 = DIRECTION('',(1.,0.,0.));
#9336 = PCURVE('',#9337,#9342);
#9337 = CYLINDRICAL_SURFACE('',#9338,157.5);
#9338 = AXIS2_PLACEMENT_3D('',#9339,#9340,#9341);
#9339 = CARTESIAN_POINT('',(0.,-11.,627.5));
#9340 = DIRECTION('',(0.,-1.,0.));
#9341 = DIRECTION('',(1.,0.,0.));
#9342 = DEFINITIONAL_REPRESENTATION('',(#9343),#9347);
#9343 = LINE('',#9344,#9345);
#9344 = CARTESIAN_POINT('',(0.,120.));
#9345 = VECTOR('',#9346,1.);
#9346 = DIRECTION('',(1.,0.));
#9347 = ( GEOMETRIC_REPRESENTATION_CONTEXT(2) 
PARAMETRIC_REPRESENTATION_CONTEXT() REPRESENTATION_CONTEXT('2D SPACE',''
  ) );
#9348 = PCURVE('',#9349,#9354);
#9349 = PLANE('',#9350);
#9350 = AXIS2_PLACEMENT_3D('',#9351,#9352,#9353);
#9351 = CARTESIAN_POINT('',(0.,-131.,627.5));
#9352 = DIRECTION('',(0.,-1.,0.));
#9353 = DIRECTION('',(1.,0.,0.));
#9354 = DEFINITIONAL_REPRESENTATION('',(#9355),#9359);
#9355 = CIRCLE('',#9356,157.5);
#9356 = AXIS2_PLACEMENT_2D('',#9357,#9358);
#9357 = CARTESIAN_POINT('',(0.,0.));
#9358 = DIRECTION('',(1.,0.));
#9359 = ( GEOMETRIC_REPRESENTATION_CONTEXT(2) 
PARAMETRIC_REPRESENTATION_CONTEXT() REPRESENTATION_CONTEXT('2D SPACE',''
  ) );
#9360 = ORIENTED_EDGE('',*,*,#9361,.F.);
#9361 = EDGE_CURVE('',#9362,#9328,#9364,.T.);
#9362 = VERTEX_POINT('',#9363);
#9363 = CARTESIAN_POINT('',(157.5,-11.,627.5));
#9364 = SEAM_CURVE('',#9365,(#9369,#9376),.PCURVE_S1.);
#9365 = LINE('',#9366,#9367);
#9366 = CARTESIAN_POINT('',(157.5,-11.,627.5));
#9367 = VECTOR('',#9368,1.);
#9368 = DIRECTION('',(0.,-1.,0.));
#9369 = PCURVE('',#9337,#9370);
#9370 = DEFINITIONAL_REPRESENTATION('',(#9371),#9375);
#9371 = LINE('',#9372,#9373);
#9372 = CARTESIAN_POINT('',(6.28318530718,-0.));
#9373 = VECTOR('',#9374,1.);
#9374 = DIRECTION('',(0.,1.));
#9375 = ( GEOMETRIC_REPRESENTATION_CONTEXT(2) 
PARAMETRIC_REPRESENTATION_CONTEXT() REPRESENTATION_CONTEXT('2D SPACE',''
  ) );
#9376 = PCURVE('',#9337,#9377);
#9377 = DEFINITIONAL_REPRESENTATION('',(#9378),#9382);
#9378 = LINE('',#9379,#9380);
#9379 = CARTESIAN_POINT('',(0.,-0.));
#9380 = VECTOR('',#9381,1.);
#9381 = DIRECTION('',(0.,1.));
#9382 = ( GEOMETRIC_REPRESENTATION_CONTEXT(2) 
PARAMETRIC_REPRESENTATION_CONTEXT() REPRESENTATION_CONTEXT('2D SPACE',''
  ) );
#9383 = ORIENTED_EDGE('',*,*,#9384,.T.);
#9384 = EDGE_CURVE('',#9362,#9362,#9385,.T.);
#9385 = SURFACE_CURVE('',#9386,(#9391,#9398),.PCURVE_S1.);
#9386 = CIRCLE('',#9387,157.5);
#9387 = AXIS2_PLACEMENT_3D('',#9388,#9389,#9390);
#9388 = CARTESIAN_POINT('',(0.,-11.,627.5));
#9389 = DIRECTION('',(0.,-1.,0.));
#9390 = DIRECTION('',(1.,0.,0.));
#9391 = PCURVE('',#9337,#9392);
#9392 = DEFINITIONAL_REPRESENTATION('',(#9393),#9397);
#9393 = LINE('',#9394,#9395);
#9394 = CARTESIAN_POINT('',(0.,0.));
#9395 = VECTOR('',#9396,1.);
#9396 = DIRECTION('',(1.,0.));
#9397 = ( GEOMETRIC_REPRESENTATION_CONTEXT(2) 
PARAMETRIC_REPRESENTATION_CONTEXT() REPRESENTATION_CONTEXT('2D SPACE',''
  ) );
#9398 = PCURVE('',#9399,#9404);
#9399 = PLANE('',#9400);
#9400 = AXIS2_PLACEMENT_3D('',#9401,#9402,#9403);
#9401 = CARTESIAN_POINT('',(0.,-11.,627.5));
#9402 = DIRECTION('',(0.,-1.,0.));
#9403 = DIRECTION('',(1.,0.,0.));
#9404 = DEFINITIONAL_REPRESENTATION('',(#9405),#9409);
#9405 = CIRCLE('',#9406,157.5);
#9406 = AXIS2_PLACEMENT_2D('',#9407,#9408);
#9407 = CARTESIAN_POINT('',(0.,0.));
#9408 = DIRECTION('',(1.,0.));
#9409 = ( GEOMETRIC_REPRESENTATION_CONTEXT(2) 
PARAMETRIC_REPRESENTATION_CONTEXT() REPRESENTATION_CONTEXT('2D SPACE',''
  ) );
#9410 = ORIENTED_EDGE('',*,*,#9361,.T.);
#9411 = ADVANCED_FACE('',(#9412),#9349,.T.);
#9412 = FACE_BOUND('',#9413,.T.);
#9413 = EDGE_LOOP('',(#9414));
#9414 = ORIENTED_EDGE('',*,*,#9327,.T.);
#9415 = ADVANCED_FACE('',(#9416),#9399,.F.);
#9416 = FACE_BOUND('',#9417,.T.);
#9417 = EDGE_LOOP('',(#9418));
#9418 = ORIENTED_EDGE('',*,*,#9384,.F.);
#9419 = ( GEOMETRIC_REPRESENTATION_CONTEXT(3) 
GLOBAL_UNCERTAINTY_ASSIGNED_CONTEXT((#9423)) 
GLOBAL_UNIT_ASSIGNED_CONTEXT((#9420,#9421,#9422)) REPRESENTATION_CONTEXT
('Context #1','3D Context with UNIT and UNCERTAINTY') );
#9420 = ( LENGTH_UNIT() NAMED_UNIT(*) SI_UNIT(.MILLI.,.METRE.) );
#9421 = ( NAMED_UNIT(*) PLANE_ANGLE_UNIT() SI_UNIT($,.RADIAN.) );
#9422 = ( NAMED_UNIT(*) SI_UNIT($,.STERADIAN.) SOLID_ANGLE_UNIT() );
#9423 = UNCERTAINTY_MEASURE_WITH_UNIT(LENGTH_MEASURE(1.E-07),#9420,
  'distance_accuracy_value','confusion accuracy');
#9424 = CONTEXT_DEPENDENT_SHAPE_REPRESENTATION(#9425,#9427);
#9425 = ( REPRESENTATION_RELATIONSHIP('','',#9320,#10) 
REPRESENTATION_RELATIONSHIP_WITH_TRANSFORMATION(#9426) 
SHAPE_REPRESENTATION_RELATIONSHIP() );
#9426 = ITEM_DEFINED_TRANSFORMATION('','',#11,#39);
#9427 = PRODUCT_DEFINITION_SHAPE('Placement','Placement of an item',
  #9428);
#9428 = NEXT_ASSEMBLY_USAGE_OCCURRENCE('7','=>[0:1:1:8]','',#5,#9315,$);
#9429 = PRODUCT_RELATED_PRODUCT_CATEGORY('part',$,(#9317));
#9430 = SHAPE_DEFINITION_REPRESENTATION(#9431,#9437);
#9431 = PRODUCT_DEFINITION_SHAPE('','',#9432);
#9432 = PRODUCT_DEFINITION('design','',#9433,#9436);
#9433 = PRODUCT_DEFINITION_FORMATION('','',#9434);
#9434 = PRODUCT('COMPOUND','COMPOUND','',(#9435));
#9435 = PRODUCT_CONTEXT('',#2,'mechanical');
#9436 = PRODUCT_DEFINITION_CONTEXT('part definition',#2,'design');
#9437 = ADVANCED_BREP_SHAPE_REPRESENTATION('',(#11,#9438),#9536);
#9438 = MANIFOLD_SOLID_BREP('',#9439);
#9439 = CLOSED_SHELL('',(#9440,#9528,#9532));
#9440 = ADVANCED_FACE('',(#9441),#9455,.T.);
#9441 = FACE_BOUND('',#9442,.F.);
#9442 = EDGE_LOOP('',(#9443,#9473,#9500,#9501));
#9443 = ORIENTED_EDGE('',*,*,#9444,.T.);
#9444 = EDGE_CURVE('',#9445,#9447,#9449,.T.);
#9445 = VERTEX_POINT('',#9446);
#9446 = CARTESIAN_POINT('',(77.,-399.,627.5));
#9447 = VERTEX_POINT('',#9448);
#9448 = CARTESIAN_POINT('',(77.,-401.,627.5));
#9449 = SEAM_CURVE('',#9450,(#9454,#9466),.PCURVE_S1.);
#9450 = LINE('',#9451,#9452);
#9451 = CARTESIAN_POINT('',(77.,-399.,627.5));
#9452 = VECTOR('',#9453,1.);
#9453 = DIRECTION('',(0.,-1.,0.));
#9454 = PCURVE('',#9455,#9460);
#9455 = CYLINDRICAL_SURFACE('',#9456,77.);
#9456 = AXIS2_PLACEMENT_3D('',#9457,#9458,#9459);
#9457 = CARTESIAN_POINT('',(0.,-399.,627.5));
#9458 = DIRECTION('',(-0.,1.,-0.));
#9459 = DIRECTION('',(1.,0.,0.));
#9460 = DEFINITIONAL_REPRESENTATION('',(#9461),#9465);
#9461 = LINE('',#9462,#9463);
#9462 = CARTESIAN_POINT('',(-0.,0.));
#9463 = VECTOR('',#9464,1.);
#9464 = DIRECTION('',(-0.,-1.));
#9465 = ( GEOMETRIC_REPRESENTATION_CONTEXT(2) 
PARAMETRIC_REPRESENTATION_CONTEXT() REPRESENTATION_CONTEXT('2D SPACE',''
  ) );
#9466 = PCURVE('',#9455,#9467);
#9467 = DEFINITIONAL_REPRESENTATION('',(#9468),#9472);
#9468 = LINE('',#9469,#9470);
#9469 = CARTESIAN_POINT('',(-6.28318530718,0.));
#9470 = VECTOR('',#9471,1.);
#9471 = DIRECTION('',(-0.,-1.));
#9472 = ( GEOMETRIC_REPRESENTATION_CONTEXT(2) 
PARAMETRIC_REPRESENTATION_CONTEXT() REPRESENTATION_CONTEXT('2D SPACE',''
  ) );
#9473 = ORIENTED_EDGE('',*,*,#9474,.T.);
#9474 = EDGE_CURVE('',#9447,#9447,#9475,.T.);
#9475 = SURFACE_CURVE('',#9476,(#9481,#9488),.PCURVE_S1.);
#9476 = CIRCLE('',#9477,77.);
#9477 = AXIS2_PLACEMENT_3D('',#9478,#9479,#9480);
#9478 = CARTESIAN_POINT('',(0.,-401.,627.5));
#9479 = DIRECTION('',(0.,-1.,0.));
#9480 = DIRECTION('',(1.,0.,0.));
#9481 = PCURVE('',#9455,#9482);
#9482 = DEFINITIONAL_REPRESENTATION('',(#9483),#9487);
#9483 = LINE('',#9484,#9485);
#9484 = CARTESIAN_POINT('',(-0.,-2.));
#9485 = VECTOR('',#9486,1.);
#9486 = DIRECTION('',(-1.,0.));
#9487 = ( GEOMETRIC_REPRESENTATION_CONTEXT(2) 
PARAMETRIC_REPRESENTATION_CONTEXT() REPRESENTATION_CONTEXT('2D SPACE',''
  ) );
#9488 = PCURVE('',#9489,#9494);
#9489 = PLANE('',#9490);
#9490 = AXIS2_PLACEMENT_3D('',#9491,#9492,#9493);
#9491 = CARTESIAN_POINT('',(-4.546294466625E-15,-401.,627.5));
#9492 = DIRECTION('',(0.,-1.,0.));
#9493 = DIRECTION('',(1.,0.,0.));
#9494 = DEFINITIONAL_REPRESENTATION('',(#9495),#9499);
#9495 = CIRCLE('',#9496,77.);
#9496 = AXIS2_PLACEMENT_2D('',#9497,#9498);
#9497 = CARTESIAN_POINT('',(4.546294466625E-15,-1.403034348813E-15));
#9498 = DIRECTION('',(1.,0.));
#9499 = ( GEOMETRIC_REPRESENTATION_CONTEXT(2) 
PARAMETRIC_REPRESENTATION_CONTEXT() REPRESENTATION_CONTEXT('2D SPACE',''
  ) );
#9500 = ORIENTED_EDGE('',*,*,#9444,.F.);
#9501 = ORIENTED_EDGE('',*,*,#9502,.F.);
#9502 = EDGE_CURVE('',#9445,#9445,#9503,.T.);
#9503 = SURFACE_CURVE('',#9504,(#9509,#9516),.PCURVE_S1.);
#9504 = CIRCLE('',#9505,77.);
#9505 = AXIS2_PLACEMENT_3D('',#9506,#9507,#9508);
#9506 = CARTESIAN_POINT('',(0.,-399.,627.5));
#9507 = DIRECTION('',(0.,-1.,0.));
#9508 = DIRECTION('',(1.,0.,0.));
#9509 = PCURVE('',#9455,#9510);
#9510 = DEFINITIONAL_REPRESENTATION('',(#9511),#9515);
#9511 = LINE('',#9512,#9513);
#9512 = CARTESIAN_POINT('',(-0.,0.));
#9513 = VECTOR('',#9514,1.);
#9514 = DIRECTION('',(-1.,0.));
#9515 = ( GEOMETRIC_REPRESENTATION_CONTEXT(2) 
PARAMETRIC_REPRESENTATION_CONTEXT() REPRESENTATION_CONTEXT('2D SPACE',''
  ) );
#9516 = PCURVE('',#9517,#9522);
#9517 = PLANE('',#9518);
#9518 = AXIS2_PLACEMENT_3D('',#9519,#9520,#9521);
#9519 = CARTESIAN_POINT('',(-4.546294466625E-15,-399.,627.5));
#9520 = DIRECTION('',(0.,-1.,0.));
#9521 = DIRECTION('',(1.,0.,0.));
#9522 = DEFINITIONAL_REPRESENTATION('',(#9523),#9527);
#9523 = CIRCLE('',#9524,77.);
#9524 = AXIS2_PLACEMENT_2D('',#9525,#9526);
#9525 = CARTESIAN_POINT('',(4.546294466625E-15,-1.403034348813E-15));
#9526 = DIRECTION('',(1.,0.));
#9527 = ( GEOMETRIC_REPRESENTATION_CONTEXT(2) 
PARAMETRIC_REPRESENTATION_CONTEXT() REPRESENTATION_CONTEXT('2D SPACE',''
  ) );
#9528 = ADVANCED_FACE('',(#9529),#9517,.F.);
#9529 = FACE_BOUND('',#9530,.F.);
#9530 = EDGE_LOOP('',(#9531));
#9531 = ORIENTED_EDGE('',*,*,#9502,.T.);
#9532 = ADVANCED_FACE('',(#9533),#9489,.T.);
#9533 = FACE_BOUND('',#9534,.T.);
#9534 = EDGE_LOOP('',(#9535));
#9535 = ORIENTED_EDGE('',*,*,#9474,.T.);
#9536 = ( GEOMETRIC_REPRESENTATION_CONTEXT(3) 
GLOBAL_UNCERTAINTY_ASSIGNED_CONTEXT((#9540)) 
GLOBAL_UNIT_ASSIGNED_CONTEXT((#9537,#9538,#9539)) REPRESENTATION_CONTEXT
('Context #1','3D Context with UNIT and UNCERTAINTY') );
#9537 = ( LENGTH_UNIT() NAMED_UNIT(*) SI_UNIT(.MILLI.,.METRE.) );
#9538 = ( NAMED_UNIT(*) PLANE_ANGLE_UNIT() SI_UNIT($,.RADIAN.) );
#9539 = ( NAMED_UNIT(*) SI_UNIT($,.STERADIAN.) SOLID_ANGLE_UNIT() );
#9540 = UNCERTAINTY_MEASURE_WITH_UNIT(LENGTH_MEASURE(1.E-07),#9537,
  'distance_accuracy_value','confusion accuracy');
#9541 = CONTEXT_DEPENDENT_SHAPE_REPRESENTATION(#9542,#9544);
#9542 = ( REPRESENTATION_RELATIONSHIP('','',#9437,#10) 
REPRESENTATION_RELATIONSHIP_WITH_TRANSFORMATION(#9543) 
SHAPE_REPRESENTATION_RELATIONSHIP() );
#9543 = ITEM_DEFINED_TRANSFORMATION('','',#11,#43);
#9544 = PRODUCT_DEFINITION_SHAPE('Placement','Placement of an item',
  #9545);
#9545 = NEXT_ASSEMBLY_USAGE_OCCURRENCE('8','=>[0:1:1:9]','',#5,#9432,$);
#9546 = PRODUCT_RELATED_PRODUCT_CATEGORY('part',$,(#9434));
#9547 = SHAPE_DEFINITION_REPRESENTATION(#9548,#9554);
#9548 = PRODUCT_DEFINITION_SHAPE('','',#9549);
#9549 = PRODUCT_DEFINITION('design','',#9550,#9553);
#9550 = PRODUCT_DEFINITION_FORMATION('','',#9551);
#9551 = PRODUCT('COMPOUND','COMPOUND','',(#9552));
#9552 = PRODUCT_CONTEXT('',#2,'mechanical');
#9553 = PRODUCT_DEFINITION_CONTEXT('part definition',#2,'design');
#9554 = ADVANCED_BREP_SHAPE_REPRESENTATION('',(#11,#9555),#9653);
#9555 = MANIFOLD_SOLID_BREP('',#9556);
#9556 = CLOSED_SHELL('',(#9557,#9645,#9649));
#9557 = ADVANCED_FACE('',(#9558),#9572,.T.);
#9558 = FACE_BOUND('',#9559,.F.);
#9559 = EDGE_LOOP('',(#9560,#9590,#9617,#9618));
#9560 = ORIENTED_EDGE('',*,*,#9561,.T.);
#9561 = EDGE_CURVE('',#9562,#9564,#9566,.T.);
#9562 = VERTEX_POINT('',#9563);
#9563 = CARTESIAN_POINT('',(52.,251.,850.5));
#9564 = VERTEX_POINT('',#9565);
#9565 = CARTESIAN_POINT('',(52.,251.,852.5));
#9566 = SEAM_CURVE('',#9567,(#9571,#9583),.PCURVE_S1.);
#9567 = LINE('',#9568,#9569);
#9568 = CARTESIAN_POINT('',(52.,251.,850.5));
#9569 = VECTOR('',#9570,1.);
#9570 = DIRECTION('',(0.,0.,1.));
#9571 = PCURVE('',#9572,#9577);
#9572 = CYLINDRICAL_SURFACE('',#9573,52.);
#9573 = AXIS2_PLACEMENT_3D('',#9574,#9575,#9576);
#9574 = CARTESIAN_POINT('',(0.,251.,850.5));
#9575 = DIRECTION('',(-0.,-0.,-1.));
#9576 = DIRECTION('',(1.,0.,0.));
#9577 = DEFINITIONAL_REPRESENTATION('',(#9578),#9582);
#9578 = LINE('',#9579,#9580);
#9579 = CARTESIAN_POINT('',(-0.,0.));
#9580 = VECTOR('',#9581,1.);
#9581 = DIRECTION('',(-0.,-1.));
#9582 = ( GEOMETRIC_REPRESENTATION_CONTEXT(2) 
PARAMETRIC_REPRESENTATION_CONTEXT() REPRESENTATION_CONTEXT('2D SPACE',''
  ) );
#9583 = PCURVE('',#9572,#9584);
#9584 = DEFINITIONAL_REPRESENTATION('',(#9585),#9589);
#9585 = LINE('',#9586,#9587);
#9586 = CARTESIAN_POINT('',(-6.28318530718,0.));
#9587 = VECTOR('',#9588,1.);
#9588 = DIRECTION('',(-0.,-1.));
#9589 = ( GEOMETRIC_REPRESENTATION_CONTEXT(2) 
PARAMETRIC_REPRESENTATION_CONTEXT() REPRESENTATION_CONTEXT('2D SPACE',''
  ) );
#9590 = ORIENTED_EDGE('',*,*,#9591,.T.);
#9591 = EDGE_CURVE('',#9564,#9564,#9592,.T.);
#9592 = SURFACE_CURVE('',#9593,(#9598,#9605),.PCURVE_S1.);
#9593 = CIRCLE('',#9594,52.);
#9594 = AXIS2_PLACEMENT_3D('',#9595,#9596,#9597);
#9595 = CARTESIAN_POINT('',(0.,251.,852.5));
#9596 = DIRECTION('',(0.,0.,1.));
#9597 = DIRECTION('',(1.,0.,0.));
#9598 = PCURVE('',#9572,#9599);
#9599 = DEFINITIONAL_REPRESENTATION('',(#9600),#9604);
#9600 = LINE('',#9601,#9602);
#9601 = CARTESIAN_POINT('',(-0.,-2.));
#9602 = VECTOR('',#9603,1.);
#9603 = DIRECTION('',(-1.,0.));
#9604 = ( GEOMETRIC_REPRESENTATION_CONTEXT(2) 
PARAMETRIC_REPRESENTATION_CONTEXT() REPRESENTATION_CONTEXT('2D SPACE',''
  ) );
#9605 = PCURVE('',#9606,#9611);
#9606 = PLANE('',#9607);
#9607 = AXIS2_PLACEMENT_3D('',#9608,#9609,#9610);
#9608 = CARTESIAN_POINT('',(-1.683003240049E-15,251.,852.5));
#9609 = DIRECTION('',(0.,0.,1.));
#9610 = DIRECTION('',(1.,0.,0.));
#9611 = DEFINITIONAL_REPRESENTATION('',(#9612),#9616);
#9612 = CIRCLE('',#9613,52.);
#9613 = AXIS2_PLACEMENT_2D('',#9614,#9615);
#9614 = CARTESIAN_POINT('',(1.683003240049E-15,-2.926288601623E-15));
#9615 = DIRECTION('',(1.,0.));
#9616 = ( GEOMETRIC_REPRESENTATION_CONTEXT(2) 
PARAMETRIC_REPRESENTATION_CONTEXT() REPRESENTATION_CONTEXT('2D SPACE',''
  ) );
#9617 = ORIENTED_EDGE('',*,*,#9561,.F.);
#9618 = ORIENTED_EDGE('',*,*,#9619,.F.);
#9619 = EDGE_CURVE('',#9562,#9562,#9620,.T.);
#9620 = SURFACE_CURVE('',#9621,(#9626,#9633),.PCURVE_S1.);
#9621 = CIRCLE('',#9622,52.);
#9622 = AXIS2_PLACEMENT_3D('',#9623,#9624,#9625);
#9623 = CARTESIAN_POINT('',(0.,251.,850.5));
#9624 = DIRECTION('',(0.,0.,1.));
#9625 = DIRECTION('',(1.,0.,0.));
#9626 = PCURVE('',#9572,#9627);
#9627 = DEFINITIONAL_REPRESENTATION('',(#9628),#9632);
#9628 = LINE('',#9629,#9630);
#9629 = CARTESIAN_POINT('',(-0.,0.));
#9630 = VECTOR('',#9631,1.);
#9631 = DIRECTION('',(-1.,0.));
#9632 = ( GEOMETRIC_REPRESENTATION_CONTEXT(2) 
PARAMETRIC_REPRESENTATION_CONTEXT() REPRESENTATION_CONTEXT('2D SPACE',''
  ) );
#9633 = PCURVE('',#9634,#9639);
#9634 = PLANE('',#9635);
#9635 = AXIS2_PLACEMENT_3D('',#9636,#9637,#9638);
#9636 = CARTESIAN_POINT('',(-1.683003240049E-15,251.,850.5));
#9637 = DIRECTION('',(0.,0.,1.));
#9638 = DIRECTION('',(1.,0.,0.));
#9639 = DEFINITIONAL_REPRESENTATION('',(#9640),#9644);
#9640 = CIRCLE('',#9641,52.);
#9641 = AXIS2_PLACEMENT_2D('',#9642,#9643);
#9642 = CARTESIAN_POINT('',(1.683003240049E-15,-2.926288601623E-15));
#9643 = DIRECTION('',(1.,0.));
#9644 = ( GEOMETRIC_REPRESENTATION_CONTEXT(2) 
PARAMETRIC_REPRESENTATION_CONTEXT() REPRESENTATION_CONTEXT('2D SPACE',''
  ) );
#9645 = ADVANCED_FACE('',(#9646),#9634,.F.);
#9646 = FACE_BOUND('',#9647,.F.);
#9647 = EDGE_LOOP('',(#9648));
#9648 = ORIENTED_EDGE('',*,*,#9619,.T.);
#9649 = ADVANCED_FACE('',(#9650),#9606,.T.);
#9650 = FACE_BOUND('',#9651,.T.);
#9651 = EDGE_LOOP('',(#9652));
#9652 = ORIENTED_EDGE('',*,*,#9591,.T.);
#9653 = ( GEOMETRIC_REPRESENTATION_CONTEXT(3) 
GLOBAL_UNCERTAINTY_ASSIGNED_CONTEXT((#9657)) 
GLOBAL_UNIT_ASSIGNED_CONTEXT((#9654,#9655,#9656)) REPRESENTATION_CONTEXT
('Context #1','3D Context with UNIT and UNCERTAINTY') );
#9654 = ( LENGTH_UNIT() NAMED_UNIT(*) SI_UNIT(.MILLI.,.METRE.) );
#9655 = ( NAMED_UNIT(*) PLANE_ANGLE_UNIT() SI_UNIT($,.RADIAN.) );
#9656 = ( NAMED_UNIT(*) SI_UNIT($,.STERADIAN.) SOLID_ANGLE_UNIT() );
#9657 = UNCERTAINTY_MEASURE_WITH_UNIT(LENGTH_MEASURE(1.E-07),#9654,
  'distance_accuracy_value','confusion accuracy');
#9658 = CONTEXT_DEPENDENT_SHAPE_REPRESENTATION(#9659,#9661);
#9659 = ( REPRESENTATION_RELATIONSHIP('','',#9554,#10) 
REPRESENTATION_RELATIONSHIP_WITH_TRANSFORMATION(#9660) 
SHAPE_REPRESENTATION_RELATIONSHIP() );
#9660 = ITEM_DEFINED_TRANSFORMATION('','',#11,#47);
#9661 = PRODUCT_DEFINITION_SHAPE('Placement','Placement of an item',
  #9662);
#9662 = NEXT_ASSEMBLY_USAGE_OCCURRENCE('9','=>[0:1:1:10]','',#5,#9549,$
  );
#9663 = PRODUCT_RELATED_PRODUCT_CATEGORY('part',$,(#9551));
#9664 = SHAPE_DEFINITION_REPRESENTATION(#9665,#9671);
#9665 = PRODUCT_DEFINITION_SHAPE('','',#9666);
#9666 = PRODUCT_DEFINITION('design','',#9667,#9670);
#9667 = PRODUCT_DEFINITION_FORMATION('','',#9668);
#9668 = PRODUCT('COMPOUND','COMPOUND','',(#9669));
#9669 = PRODUCT_CONTEXT('',#2,'mechanical');
#9670 = PRODUCT_DEFINITION_CONTEXT('part definition',#2,'design');
#9671 = ADVANCED_BREP_SHAPE_REPRESENTATION('',(#11,#9672),#10630);
#9672 = MANIFOLD_SOLID_BREP('',#9673);
#9673 = CLOSED_SHELL('',(#9674,#9906,#10096,#10167,#10216,#10265,#10292,
    #10455,#10482,#10509,#10536,#10569,#10596,#10623));
#9674 = ADVANCED_FACE('',(#9675),#9689,.F.);
#9675 = FACE_BOUND('',#9676,.F.);
#9676 = EDGE_LOOP('',(#9677,#9712,#9740,#9768,#9796,#9824,#9852,#9880));
#9677 = ORIENTED_EDGE('',*,*,#9678,.F.);
#9678 = EDGE_CURVE('',#9679,#9681,#9683,.T.);
#9679 = VERTEX_POINT('',#9680);
#9680 = CARTESIAN_POINT('',(240.,-150.,35.));
#9681 = VERTEX_POINT('',#9682);
#9682 = CARTESIAN_POINT('',(240.,-150.,36.5));
#9683 = SURFACE_CURVE('',#9684,(#9688,#9700),.PCURVE_S1.);
#9684 = LINE('',#9685,#9686);
#9685 = CARTESIAN_POINT('',(240.,-150.,35.));
#9686 = VECTOR('',#9687,1.);
#9687 = DIRECTION('',(0.,0.,1.));
#9688 = PCURVE('',#9689,#9694);
#9689 = PLANE('',#9690);
#9690 = AXIS2_PLACEMENT_3D('',#9691,#9692,#9693);
#9691 = CARTESIAN_POINT('',(200.,-150.,35.));
#9692 = DIRECTION('',(0.,1.,0.));
#9693 = DIRECTION('',(1.,0.,0.));
#9694 = DEFINITIONAL_REPRESENTATION('',(#9695),#9699);
#9695 = LINE('',#9696,#9697);
#9696 = CARTESIAN_POINT('',(40.,0.));
#9697 = VECTOR('',#9698,1.);
#9698 = DIRECTION('',(0.,-1.));
#9699 = ( GEOMETRIC_REPRESENTATION_CONTEXT(2) 
PARAMETRIC_REPRESENTATION_CONTEXT() REPRESENTATION_CONTEXT('2D SPACE',''
  ) );
#9700 = PCURVE('',#9701,#9706);
#9701 = PLANE('',#9702);
#9702 = AXIS2_PLACEMENT_3D('',#9703,#9704,#9705);
#9703 = CARTESIAN_POINT('',(240.,-150.,35.));
#9704 = DIRECTION('',(-1.,0.,0.));
#9705 = DIRECTION('',(0.,1.,0.));
#9706 = DEFINITIONAL_REPRESENTATION('',(#9707),#9711);
#9707 = LINE('',#9708,#9709);
#9708 = CARTESIAN_POINT('',(0.,0.));
#9709 = VECTOR('',#9710,1.);
#9710 = DIRECTION('',(0.,-1.));
#9711 = ( GEOMETRIC_REPRESENTATION_CONTEXT(2) 
PARAMETRIC_REPRESENTATION_CONTEXT() REPRESENTATION_CONTEXT('2D SPACE',''
  ) );
#9712 = ORIENTED_EDGE('',*,*,#9713,.F.);
#9713 = EDGE_CURVE('',#9714,#9679,#9716,.T.);
#9714 = VERTEX_POINT('',#9715);
#9715 = CARTESIAN_POINT('',(200.,-150.,35.));
#9716 = SURFACE_CURVE('',#9717,(#9721,#9728),.PCURVE_S1.);
#9717 = LINE('',#9718,#9719);
#9718 = CARTESIAN_POINT('',(220.,-150.,35.));
#9719 = VECTOR('',#9720,1.);
#9720 = DIRECTION('',(1.,0.,0.));
#9721 = PCURVE('',#9689,#9722);
#9722 = DEFINITIONAL_REPRESENTATION('',(#9723),#9727);
#9723 = LINE('',#9724,#9725);
#9724 = CARTESIAN_POINT('',(20.,0.));
#9725 = VECTOR('',#9726,1.);
#9726 = DIRECTION('',(1.,0.));
#9727 = ( GEOMETRIC_REPRESENTATION_CONTEXT(2) 
PARAMETRIC_REPRESENTATION_CONTEXT() REPRESENTATION_CONTEXT('2D SPACE',''
  ) );
#9728 = PCURVE('',#9729,#9734);
#9729 = PLANE('',#9730);
#9730 = AXIS2_PLACEMENT_3D('',#9731,#9732,#9733);
#9731 = CARTESIAN_POINT('',(220.,0.,35.));
#9732 = DIRECTION('',(0.,0.,1.));
#9733 = DIRECTION('',(1.,0.,0.));
#9734 = DEFINITIONAL_REPRESENTATION('',(#9735),#9739);
#9735 = LINE('',#9736,#9737);
#9736 = CARTESIAN_POINT('',(0.,-150.));
#9737 = VECTOR('',#9738,1.);
#9738 = DIRECTION('',(1.,0.));
#9739 = ( GEOMETRIC_REPRESENTATION_CONTEXT(2) 
PARAMETRIC_REPRESENTATION_CONTEXT() REPRESENTATION_CONTEXT('2D SPACE',''
  ) );
#9740 = ORIENTED_EDGE('',*,*,#9741,.F.);
#9741 = EDGE_CURVE('',#9742,#9714,#9744,.T.);
#9742 = VERTEX_POINT('',#9743);
#9743 = CARTESIAN_POINT('',(200.,-150.,0.));
#9744 = SURFACE_CURVE('',#9745,(#9749,#9756),.PCURVE_S1.);
#9745 = LINE('',#9746,#9747);
#9746 = CARTESIAN_POINT('',(200.,-150.,0.));
#9747 = VECTOR('',#9748,1.);
#9748 = DIRECTION('',(0.,0.,1.));
#9749 = PCURVE('',#9689,#9750);
#9750 = DEFINITIONAL_REPRESENTATION('',(#9751),#9755);
#9751 = LINE('',#9752,#9753);
#9752 = CARTESIAN_POINT('',(0.,35.));
#9753 = VECTOR('',#9754,1.);
#9754 = DIRECTION('',(0.,-1.));
#9755 = ( GEOMETRIC_REPRESENTATION_CONTEXT(2) 
PARAMETRIC_REPRESENTATION_CONTEXT() REPRESENTATION_CONTEXT('2D SPACE',''
  ) );
#9756 = PCURVE('',#9757,#9762);
#9757 = PLANE('',#9758);
#9758 = AXIS2_PLACEMENT_3D('',#9759,#9760,#9761);
#9759 = CARTESIAN_POINT('',(200.,-150.,0.));
#9760 = DIRECTION('',(-1.,0.,0.));
#9761 = DIRECTION('',(0.,1.,0.));
#9762 = DEFINITIONAL_REPRESENTATION('',(#9763),#9767);
#9763 = LINE('',#9764,#9765);
#9764 = CARTESIAN_POINT('',(0.,0.));
#9765 = VECTOR('',#9766,1.);
#9766 = DIRECTION('',(0.,-1.));
#9767 = ( GEOMETRIC_REPRESENTATION_CONTEXT(2) 
PARAMETRIC_REPRESENTATION_CONTEXT() REPRESENTATION_CONTEXT('2D SPACE',''
  ) );
#9768 = ORIENTED_EDGE('',*,*,#9769,.F.);
#9769 = EDGE_CURVE('',#9770,#9742,#9772,.T.);
#9770 = VERTEX_POINT('',#9771);
#9771 = CARTESIAN_POINT('',(-200.,-150.,0.));
#9772 = SURFACE_CURVE('',#9773,(#9777,#9784),.PCURVE_S1.);
#9773 = LINE('',#9774,#9775);
#9774 = CARTESIAN_POINT('',(0.,-150.,0.));
#9775 = VECTOR('',#9776,1.);
#9776 = DIRECTION('',(1.,0.,0.));
#9777 = PCURVE('',#9689,#9778);
#9778 = DEFINITIONAL_REPRESENTATION('',(#9779),#9783);
#9779 = LINE('',#9780,#9781);
#9780 = CARTESIAN_POINT('',(-200.,35.));
#9781 = VECTOR('',#9782,1.);
#9782 = DIRECTION('',(1.,0.));
#9783 = ( GEOMETRIC_REPRESENTATION_CONTEXT(2) 
PARAMETRIC_REPRESENTATION_CONTEXT() REPRESENTATION_CONTEXT('2D SPACE',''
  ) );
#9784 = PCURVE('',#9785,#9790);
#9785 = PLANE('',#9786);
#9786 = AXIS2_PLACEMENT_3D('',#9787,#9788,#9789);
#9787 = CARTESIAN_POINT('',(0.,0.,0.));
#9788 = DIRECTION('',(0.,0.,1.));
#9789 = DIRECTION('',(1.,0.,0.));
#9790 = DEFINITIONAL_REPRESENTATION('',(#9791),#9795);
#9791 = LINE('',#9792,#9793);
#9792 = CARTESIAN_POINT('',(0.,-150.));
#9793 = VECTOR('',#9794,1.);
#9794 = DIRECTION('',(1.,0.));
#9795 = ( GEOMETRIC_REPRESENTATION_CONTEXT(2) 
PARAMETRIC_REPRESENTATION_CONTEXT() REPRESENTATION_CONTEXT('2D SPACE',''
  ) );
#9796 = ORIENTED_EDGE('',*,*,#9797,.T.);
#9797 = EDGE_CURVE('',#9770,#9798,#9800,.T.);
#9798 = VERTEX_POINT('',#9799);
#9799 = CARTESIAN_POINT('',(-200.,-150.,35.));
#9800 = SURFACE_CURVE('',#9801,(#9805,#9812),.PCURVE_S1.);
#9801 = LINE('',#9802,#9803);
#9802 = CARTESIAN_POINT('',(-200.,-150.,0.));
#9803 = VECTOR('',#9804,1.);
#9804 = DIRECTION('',(0.,0.,1.));
#9805 = PCURVE('',#9689,#9806);
#9806 = DEFINITIONAL_REPRESENTATION('',(#9807),#9811);
#9807 = LINE('',#9808,#9809);
#9808 = CARTESIAN_POINT('',(-400.,35.));
#9809 = VECTOR('',#9810,1.);
#9810 = DIRECTION('',(0.,-1.));
#9811 = ( GEOMETRIC_REPRESENTATION_CONTEXT(2) 
PARAMETRIC_REPRESENTATION_CONTEXT() REPRESENTATION_CONTEXT('2D SPACE',''
  ) );
#9812 = PCURVE('',#9813,#9818);
#9813 = PLANE('',#9814);
#9814 = AXIS2_PLACEMENT_3D('',#9815,#9816,#9817);
#9815 = CARTESIAN_POINT('',(-200.,-150.,0.));
#9816 = DIRECTION('',(-1.,0.,0.));
#9817 = DIRECTION('',(0.,1.,0.));
#9818 = DEFINITIONAL_REPRESENTATION('',(#9819),#9823);
#9819 = LINE('',#9820,#9821);
#9820 = CARTESIAN_POINT('',(0.,0.));
#9821 = VECTOR('',#9822,1.);
#9822 = DIRECTION('',(0.,-1.));
#9823 = ( GEOMETRIC_REPRESENTATION_CONTEXT(2) 
PARAMETRIC_REPRESENTATION_CONTEXT() REPRESENTATION_CONTEXT('2D SPACE',''
  ) );
#9824 = ORIENTED_EDGE('',*,*,#9825,.F.);
#9825 = EDGE_CURVE('',#9826,#9798,#9828,.T.);
#9826 = VERTEX_POINT('',#9827);
#9827 = CARTESIAN_POINT('',(-240.,-150.,35.));
#9828 = SURFACE_CURVE('',#9829,(#9833,#9840),.PCURVE_S1.);
#9829 = LINE('',#9830,#9831);
#9830 = CARTESIAN_POINT('',(-220.,-150.,35.));
#9831 = VECTOR('',#9832,1.);
#9832 = DIRECTION('',(1.,0.,0.));
#9833 = PCURVE('',#9689,#9834);
#9834 = DEFINITIONAL_REPRESENTATION('',(#9835),#9839);
#9835 = LINE('',#9836,#9837);
#9836 = CARTESIAN_POINT('',(-420.,0.));
#9837 = VECTOR('',#9838,1.);
#9838 = DIRECTION('',(1.,0.));
#9839 = ( GEOMETRIC_REPRESENTATION_CONTEXT(2) 
PARAMETRIC_REPRESENTATION_CONTEXT() REPRESENTATION_CONTEXT('2D SPACE',''
  ) );
#9840 = PCURVE('',#9841,#9846);
#9841 = PLANE('',#9842);
#9842 = AXIS2_PLACEMENT_3D('',#9843,#9844,#9845);
#9843 = CARTESIAN_POINT('',(-220.,0.,35.));
#9844 = DIRECTION('',(0.,0.,1.));
#9845 = DIRECTION('',(1.,0.,0.));
#9846 = DEFINITIONAL_REPRESENTATION('',(#9847),#9851);
#9847 = LINE('',#9848,#9849);
#9848 = CARTESIAN_POINT('',(0.,-150.));
#9849 = VECTOR('',#9850,1.);
#9850 = DIRECTION('',(1.,0.));
#9851 = ( GEOMETRIC_REPRESENTATION_CONTEXT(2) 
PARAMETRIC_REPRESENTATION_CONTEXT() REPRESENTATION_CONTEXT('2D SPACE',''
  ) );
#9852 = ORIENTED_EDGE('',*,*,#9853,.T.);
#9853 = EDGE_CURVE('',#9826,#9854,#9856,.T.);
#9854 = VERTEX_POINT('',#9855);
#9855 = CARTESIAN_POINT('',(-240.,-150.,36.5));
#9856 = SURFACE_CURVE('',#9857,(#9861,#9868),.PCURVE_S1.);
#9857 = LINE('',#9858,#9859);
#9858 = CARTESIAN_POINT('',(-240.,-150.,35.));
#9859 = VECTOR('',#9860,1.);
#9860 = DIRECTION('',(0.,0.,1.));
#9861 = PCURVE('',#9689,#9862);
#9862 = DEFINITIONAL_REPRESENTATION('',(#9863),#9867);
#9863 = LINE('',#9864,#9865);
#9864 = CARTESIAN_POINT('',(-440.,0.));
#9865 = VECTOR('',#9866,1.);
#9866 = DIRECTION('',(0.,-1.));
#9867 = ( GEOMETRIC_REPRESENTATION_CONTEXT(2) 
PARAMETRIC_REPRESENTATION_CONTEXT() REPRESENTATION_CONTEXT('2D SPACE',''
  ) );
#9868 = PCURVE('',#9869,#9874);
#9869 = PLANE('',#9870);
#9870 = AXIS2_PLACEMENT_3D('',#9871,#9872,#9873);
#9871 = CARTESIAN_POINT('',(-240.,-150.,35.));
#9872 = DIRECTION('',(-1.,0.,0.));
#9873 = DIRECTION('',(0.,1.,0.));
#9874 = DEFINITIONAL_REPRESENTATION('',(#9875),#9879);
#9875 = LINE('',#9876,#9877);
#9876 = CARTESIAN_POINT('',(0.,0.));
#9877 = VECTOR('',#9878,1.);
#9878 = DIRECTION('',(0.,-1.));
#9879 = ( GEOMETRIC_REPRESENTATION_CONTEXT(2) 
PARAMETRIC_REPRESENTATION_CONTEXT() REPRESENTATION_CONTEXT('2D SPACE',''
  ) );
#9880 = ORIENTED_EDGE('',*,*,#9881,.F.);
#9881 = EDGE_CURVE('',#9681,#9854,#9882,.T.);
#9882 = SURFACE_CURVE('',#9883,(#9887,#9894),.PCURVE_S1.);
#9883 = LINE('',#9884,#9885);
#9884 = CARTESIAN_POINT('',(240.,-150.,36.5));
#9885 = VECTOR('',#9886,1.);
#9886 = DIRECTION('',(-1.,0.,0.));
#9887 = PCURVE('',#9689,#9888);
#9888 = DEFINITIONAL_REPRESENTATION('',(#9889),#9893);
#9889 = LINE('',#9890,#9891);
#9890 = CARTESIAN_POINT('',(40.,-1.5));
#9891 = VECTOR('',#9892,1.);
#9892 = DIRECTION('',(-1.,0.));
#9893 = ( GEOMETRIC_REPRESENTATION_CONTEXT(2) 
PARAMETRIC_REPRESENTATION_CONTEXT() REPRESENTATION_CONTEXT('2D SPACE',''
  ) );
#9894 = PCURVE('',#9895,#9900);
#9895 = PLANE('',#9896);
#9896 = AXIS2_PLACEMENT_3D('',#9897,#9898,#9899);
#9897 = CARTESIAN_POINT('',(220.,0.,36.5));
#9898 = DIRECTION('',(0.,0.,1.));
#9899 = DIRECTION('',(1.,0.,0.));
#9900 = DEFINITIONAL_REPRESENTATION('',(#9901),#9905);
#9901 = LINE('',#9902,#9903);
#9902 = CARTESIAN_POINT('',(20.,-150.));
#9903 = VECTOR('',#9904,1.);
#9904 = DIRECTION('',(-1.,0.));
#9905 = ( GEOMETRIC_REPRESENTATION_CONTEXT(2) 
PARAMETRIC_REPRESENTATION_CONTEXT() REPRESENTATION_CONTEXT('2D SPACE',''
  ) );
#9906 = ADVANCED_FACE('',(#9907,#9982),#9895,.T.);
#9907 = FACE_BOUND('',#9908,.T.);
#9908 = EDGE_LOOP('',(#9909,#9910,#9933,#9961));
#9909 = ORIENTED_EDGE('',*,*,#9881,.F.);
#9910 = ORIENTED_EDGE('',*,*,#9911,.T.);
#9911 = EDGE_CURVE('',#9681,#9912,#9914,.T.);
#9912 = VERTEX_POINT('',#9913);
#9913 = CARTESIAN_POINT('',(240.,150.,36.5));
#9914 = SURFACE_CURVE('',#9915,(#9919,#9926),.PCURVE_S1.);
#9915 = LINE('',#9916,#9917);
#9916 = CARTESIAN_POINT('',(240.,0.,36.5));
#9917 = VECTOR('',#9918,1.);
#9918 = DIRECTION('',(0.,1.,0.));
#9919 = PCURVE('',#9895,#9920);
#9920 = DEFINITIONAL_REPRESENTATION('',(#9921),#9925);
#9921 = LINE('',#9922,#9923);
#9922 = CARTESIAN_POINT('',(20.,0.));
#9923 = VECTOR('',#9924,1.);
#9924 = DIRECTION('',(0.,1.));
#9925 = ( GEOMETRIC_REPRESENTATION_CONTEXT(2) 
PARAMETRIC_REPRESENTATION_CONTEXT() REPRESENTATION_CONTEXT('2D SPACE',''
  ) );
#9926 = PCURVE('',#9701,#9927);
#9927 = DEFINITIONAL_REPRESENTATION('',(#9928),#9932);
#9928 = LINE('',#9929,#9930);
#9929 = CARTESIAN_POINT('',(150.,-1.5));
#9930 = VECTOR('',#9931,1.);
#9931 = DIRECTION('',(1.,0.));
#9932 = ( GEOMETRIC_REPRESENTATION_CONTEXT(2) 
PARAMETRIC_REPRESENTATION_CONTEXT() REPRESENTATION_CONTEXT('2D SPACE',''
  ) );
#9933 = ORIENTED_EDGE('',*,*,#9934,.T.);
#9934 = EDGE_CURVE('',#9912,#9935,#9937,.T.);
#9935 = VERTEX_POINT('',#9936);
#9936 = CARTESIAN_POINT('',(-240.,150.,36.5));
#9937 = SURFACE_CURVE('',#9938,(#9942,#9949),.PCURVE_S1.);
#9938 = LINE('',#9939,#9940);
#9939 = CARTESIAN_POINT('',(240.,150.,36.5));
#9940 = VECTOR('',#9941,1.);
#9941 = DIRECTION('',(-1.,0.,0.));
#9942 = PCURVE('',#9895,#9943);
#9943 = DEFINITIONAL_REPRESENTATION('',(#9944),#9948);
#9944 = LINE('',#9945,#9946);
#9945 = CARTESIAN_POINT('',(20.,150.));
#9946 = VECTOR('',#9947,1.);
#9947 = DIRECTION('',(-1.,0.));
#9948 = ( GEOMETRIC_REPRESENTATION_CONTEXT(2) 
PARAMETRIC_REPRESENTATION_CONTEXT() REPRESENTATION_CONTEXT('2D SPACE',''
  ) );
#9949 = PCURVE('',#9950,#9955);
#9950 = PLANE('',#9951);
#9951 = AXIS2_PLACEMENT_3D('',#9952,#9953,#9954);
#9952 = CARTESIAN_POINT('',(200.,150.,35.));
#9953 = DIRECTION('',(0.,1.,0.));
#9954 = DIRECTION('',(1.,0.,0.));
#9955 = DEFINITIONAL_REPRESENTATION('',(#9956),#9960);
#9956 = LINE('',#9957,#9958);
#9957 = CARTESIAN_POINT('',(40.,-1.5));
#9958 = VECTOR('',#9959,1.);
#9959 = DIRECTION('',(-1.,0.));
#9960 = ( GEOMETRIC_REPRESENTATION_CONTEXT(2) 
PARAMETRIC_REPRESENTATION_CONTEXT() REPRESENTATION_CONTEXT('2D SPACE',''
  ) );
#9961 = ORIENTED_EDGE('',*,*,#9962,.F.);
#9962 = EDGE_CURVE('',#9854,#9935,#9963,.T.);
#9963 = SURFACE_CURVE('',#9964,(#9968,#9975),.PCURVE_S1.);
#9964 = LINE('',#9965,#9966);
#9965 = CARTESIAN_POINT('',(-240.,0.,36.5));
#9966 = VECTOR('',#9967,1.);
#9967 = DIRECTION('',(0.,1.,0.));
#9968 = PCURVE('',#9895,#9969);
#9969 = DEFINITIONAL_REPRESENTATION('',(#9970),#9974);
#9970 = LINE('',#9971,#9972);
#9971 = CARTESIAN_POINT('',(-460.,0.));
#9972 = VECTOR('',#9973,1.);
#9973 = DIRECTION('',(0.,1.));
#9974 = ( GEOMETRIC_REPRESENTATION_CONTEXT(2) 
PARAMETRIC_REPRESENTATION_CONTEXT() REPRESENTATION_CONTEXT('2D SPACE',''
  ) );
#9975 = PCURVE('',#9869,#9976);
#9976 = DEFINITIONAL_REPRESENTATION('',(#9977),#9981);
#9977 = LINE('',#9978,#9979);
#9978 = CARTESIAN_POINT('',(150.,-1.5));
#9979 = VECTOR('',#9980,1.);
#9980 = DIRECTION('',(1.,0.));
#9981 = ( GEOMETRIC_REPRESENTATION_CONTEXT(2) 
PARAMETRIC_REPRESENTATION_CONTEXT() REPRESENTATION_CONTEXT('2D SPACE',''
  ) );
#9982 = FACE_BOUND('',#9983,.T.);
#9983 = EDGE_LOOP('',(#9984,#10014,#10042,#10070));
#9984 = ORIENTED_EDGE('',*,*,#9985,.T.);
#9985 = EDGE_CURVE('',#9986,#9988,#9990,.T.);
#9986 = VERTEX_POINT('',#9987);
#9987 = CARTESIAN_POINT('',(-198.5,-148.5,36.5));
#9988 = VERTEX_POINT('',#9989);
#9989 = CARTESIAN_POINT('',(-198.5,148.5,36.5));
#9990 = SURFACE_CURVE('',#9991,(#9995,#10002),.PCURVE_S1.);
#9991 = LINE('',#9992,#9993);
#9992 = CARTESIAN_POINT('',(-198.5,0.,36.5));
#9993 = VECTOR('',#9994,1.);
#9994 = DIRECTION('',(0.,1.,0.));
#9995 = PCURVE('',#9895,#9996);
#9996 = DEFINITIONAL_REPRESENTATION('',(#9997),#10001);
#9997 = LINE('',#9998,#9999);
#9998 = CARTESIAN_POINT('',(-418.5,0.));
#9999 = VECTOR('',#10000,1.);
#10000 = DIRECTION('',(0.,1.));
#10001 = ( GEOMETRIC_REPRESENTATION_CONTEXT(2) 
PARAMETRIC_REPRESENTATION_CONTEXT() REPRESENTATION_CONTEXT('2D SPACE',''
  ) );
#10002 = PCURVE('',#10003,#10008);
#10003 = PLANE('',#10004);
#10004 = AXIS2_PLACEMENT_3D('',#10005,#10006,#10007);
#10005 = CARTESIAN_POINT('',(-198.5,-148.5,0.));
#10006 = DIRECTION('',(-1.,0.,0.));
#10007 = DIRECTION('',(0.,1.,0.));
#10008 = DEFINITIONAL_REPRESENTATION('',(#10009),#10013);
#10009 = LINE('',#10010,#10011);
#10010 = CARTESIAN_POINT('',(148.5,-36.5));
#10011 = VECTOR('',#10012,1.);
#10012 = DIRECTION('',(1.,0.));
#10013 = ( GEOMETRIC_REPRESENTATION_CONTEXT(2) 
PARAMETRIC_REPRESENTATION_CONTEXT() REPRESENTATION_CONTEXT('2D SPACE',''
  ) );
#10014 = ORIENTED_EDGE('',*,*,#10015,.T.);
#10015 = EDGE_CURVE('',#9988,#10016,#10018,.T.);
#10016 = VERTEX_POINT('',#10017);
#10017 = CARTESIAN_POINT('',(198.5,148.5,36.5));
#10018 = SURFACE_CURVE('',#10019,(#10023,#10030),.PCURVE_S1.);
#10019 = LINE('',#10020,#10021);
#10020 = CARTESIAN_POINT('',(0.,148.5,36.5));
#10021 = VECTOR('',#10022,1.);
#10022 = DIRECTION('',(1.,0.,0.));
#10023 = PCURVE('',#9895,#10024);
#10024 = DEFINITIONAL_REPRESENTATION('',(#10025),#10029);
#10025 = LINE('',#10026,#10027);
#10026 = CARTESIAN_POINT('',(-220.,148.5));
#10027 = VECTOR('',#10028,1.);
#10028 = DIRECTION('',(1.,0.));
#10029 = ( GEOMETRIC_REPRESENTATION_CONTEXT(2) 
PARAMETRIC_REPRESENTATION_CONTEXT() REPRESENTATION_CONTEXT('2D SPACE',''
  ) );
#10030 = PCURVE('',#10031,#10036);
#10031 = PLANE('',#10032);
#10032 = AXIS2_PLACEMENT_3D('',#10033,#10034,#10035);
#10033 = CARTESIAN_POINT('',(-198.5,148.5,0.));
#10034 = DIRECTION('',(0.,1.,0.));
#10035 = DIRECTION('',(1.,0.,0.));
#10036 = DEFINITIONAL_REPRESENTATION('',(#10037),#10041);
#10037 = LINE('',#10038,#10039);
#10038 = CARTESIAN_POINT('',(198.5,-36.5));
#10039 = VECTOR('',#10040,1.);
#10040 = DIRECTION('',(1.,0.));
#10041 = ( GEOMETRIC_REPRESENTATION_CONTEXT(2) 
PARAMETRIC_REPRESENTATION_CONTEXT() REPRESENTATION_CONTEXT('2D SPACE',''
  ) );
#10042 = ORIENTED_EDGE('',*,*,#10043,.F.);
#10043 = EDGE_CURVE('',#10044,#10016,#10046,.T.);
#10044 = VERTEX_POINT('',#10045);
#10045 = CARTESIAN_POINT('',(198.5,-148.5,36.5));
#10046 = SURFACE_CURVE('',#10047,(#10051,#10058),.PCURVE_S1.);
#10047 = LINE('',#10048,#10049);
#10048 = CARTESIAN_POINT('',(198.5,0.,36.5));
#10049 = VECTOR('',#10050,1.);
#10050 = DIRECTION('',(0.,1.,0.));
#10051 = PCURVE('',#9895,#10052);
#10052 = DEFINITIONAL_REPRESENTATION('',(#10053),#10057);
#10053 = LINE('',#10054,#10055);
#10054 = CARTESIAN_POINT('',(-21.5,0.));
#10055 = VECTOR('',#10056,1.);
#10056 = DIRECTION('',(0.,1.));
#10057 = ( GEOMETRIC_REPRESENTATION_CONTEXT(2) 
PARAMETRIC_REPRESENTATION_CONTEXT() REPRESENTATION_CONTEXT('2D SPACE',''
  ) );
#10058 = PCURVE('',#10059,#10064);
#10059 = PLANE('',#10060);
#10060 = AXIS2_PLACEMENT_3D('',#10061,#10062,#10063);
#10061 = CARTESIAN_POINT('',(198.5,-148.5,0.));
#10062 = DIRECTION('',(-1.,0.,0.));
#10063 = DIRECTION('',(0.,1.,0.));
#10064 = DEFINITIONAL_REPRESENTATION('',(#10065),#10069);
#10065 = LINE('',#10066,#10067);
#10066 = CARTESIAN_POINT('',(148.5,-36.5));
#10067 = VECTOR('',#10068,1.);
#10068 = DIRECTION('',(1.,0.));
#10069 = ( GEOMETRIC_REPRESENTATION_CONTEXT(2) 
PARAMETRIC_REPRESENTATION_CONTEXT() REPRESENTATION_CONTEXT('2D SPACE',''
  ) );
#10070 = ORIENTED_EDGE('',*,*,#10071,.F.);
#10071 = EDGE_CURVE('',#9986,#10044,#10072,.T.);
#10072 = SURFACE_CURVE('',#10073,(#10077,#10084),.PCURVE_S1.);
#10073 = LINE('',#10074,#10075);
#10074 = CARTESIAN_POINT('',(0.,-148.5,36.5));
#10075 = VECTOR('',#10076,1.);
#10076 = DIRECTION('',(1.,0.,0.));
#10077 = PCURVE('',#9895,#10078);
#10078 = DEFINITIONAL_REPRESENTATION('',(#10079),#10083);
#10079 = LINE('',#10080,#10081);
#10080 = CARTESIAN_POINT('',(-220.,-148.5));
#10081 = VECTOR('',#10082,1.);
#10082 = DIRECTION('',(1.,0.));
#10083 = ( GEOMETRIC_REPRESENTATION_CONTEXT(2) 
PARAMETRIC_REPRESENTATION_CONTEXT() REPRESENTATION_CONTEXT('2D SPACE',''
  ) );
#10084 = PCURVE('',#10085,#10090);
#10085 = PLANE('',#10086);
#10086 = AXIS2_PLACEMENT_3D('',#10087,#10088,#10089);
#10087 = CARTESIAN_POINT('',(-198.5,-148.5,0.));
#10088 = DIRECTION('',(0.,1.,0.));
#10089 = DIRECTION('',(1.,0.,0.));
#10090 = DEFINITIONAL_REPRESENTATION('',(#10091),#10095);
#10091 = LINE('',#10092,#10093);
#10092 = CARTESIAN_POINT('',(198.5,-36.5));
#10093 = VECTOR('',#10094,1.);
#10094 = DIRECTION('',(1.,0.));
#10095 = ( GEOMETRIC_REPRESENTATION_CONTEXT(2) 
PARAMETRIC_REPRESENTATION_CONTEXT() REPRESENTATION_CONTEXT('2D SPACE',''
  ) );
#10096 = ADVANCED_FACE('',(#10097),#10085,.T.);
#10097 = FACE_BOUND('',#10098,.T.);
#10098 = EDGE_LOOP('',(#10099,#10122,#10123,#10146));
#10099 = ORIENTED_EDGE('',*,*,#10100,.T.);
#10100 = EDGE_CURVE('',#10101,#9986,#10103,.T.);
#10101 = VERTEX_POINT('',#10102);
#10102 = CARTESIAN_POINT('',(-198.5,-148.5,0.));
#10103 = SURFACE_CURVE('',#10104,(#10108,#10115),.PCURVE_S1.);
#10104 = LINE('',#10105,#10106);
#10105 = CARTESIAN_POINT('',(-198.5,-148.5,0.));
#10106 = VECTOR('',#10107,1.);
#10107 = DIRECTION('',(0.,0.,1.));
#10108 = PCURVE('',#10085,#10109);
#10109 = DEFINITIONAL_REPRESENTATION('',(#10110),#10114);
#10110 = LINE('',#10111,#10112);
#10111 = CARTESIAN_POINT('',(0.,0.));
#10112 = VECTOR('',#10113,1.);
#10113 = DIRECTION('',(0.,-1.));
#10114 = ( GEOMETRIC_REPRESENTATION_CONTEXT(2) 
PARAMETRIC_REPRESENTATION_CONTEXT() REPRESENTATION_CONTEXT('2D SPACE',''
  ) );
#10115 = PCURVE('',#10003,#10116);
#10116 = DEFINITIONAL_REPRESENTATION('',(#10117),#10121);
#10117 = LINE('',#10118,#10119);
#10118 = CARTESIAN_POINT('',(0.,0.));
#10119 = VECTOR('',#10120,1.);
#10120 = DIRECTION('',(0.,-1.));
#10121 = ( GEOMETRIC_REPRESENTATION_CONTEXT(2) 
PARAMETRIC_REPRESENTATION_CONTEXT() REPRESENTATION_CONTEXT('2D SPACE',''
  ) );
#10122 = ORIENTED_EDGE('',*,*,#10071,.T.);
#10123 = ORIENTED_EDGE('',*,*,#10124,.F.);
#10124 = EDGE_CURVE('',#10125,#10044,#10127,.T.);
#10125 = VERTEX_POINT('',#10126);
#10126 = CARTESIAN_POINT('',(198.5,-148.5,0.));
#10127 = SURFACE_CURVE('',#10128,(#10132,#10139),.PCURVE_S1.);
#10128 = LINE('',#10129,#10130);
#10129 = CARTESIAN_POINT('',(198.5,-148.5,0.));
#10130 = VECTOR('',#10131,1.);
#10131 = DIRECTION('',(0.,0.,1.));
#10132 = PCURVE('',#10085,#10133);
#10133 = DEFINITIONAL_REPRESENTATION('',(#10134),#10138);
#10134 = LINE('',#10135,#10136);
#10135 = CARTESIAN_POINT('',(397.,0.));
#10136 = VECTOR('',#10137,1.);
#10137 = DIRECTION('',(0.,-1.));
#10138 = ( GEOMETRIC_REPRESENTATION_CONTEXT(2) 
PARAMETRIC_REPRESENTATION_CONTEXT() REPRESENTATION_CONTEXT('2D SPACE',''
  ) );
#10139 = PCURVE('',#10059,#10140);
#10140 = DEFINITIONAL_REPRESENTATION('',(#10141),#10145);
#10141 = LINE('',#10142,#10143);
#10142 = CARTESIAN_POINT('',(0.,0.));
#10143 = VECTOR('',#10144,1.);
#10144 = DIRECTION('',(0.,-1.));
#10145 = ( GEOMETRIC_REPRESENTATION_CONTEXT(2) 
PARAMETRIC_REPRESENTATION_CONTEXT() REPRESENTATION_CONTEXT('2D SPACE',''
  ) );
#10146 = ORIENTED_EDGE('',*,*,#10147,.F.);
#10147 = EDGE_CURVE('',#10101,#10125,#10148,.T.);
#10148 = SURFACE_CURVE('',#10149,(#10153,#10160),.PCURVE_S1.);
#10149 = LINE('',#10150,#10151);
#10150 = CARTESIAN_POINT('',(0.,-148.5,0.));
#10151 = VECTOR('',#10152,1.);
#10152 = DIRECTION('',(1.,0.,0.));
#10153 = PCURVE('',#10085,#10154);
#10154 = DEFINITIONAL_REPRESENTATION('',(#10155),#10159);
#10155 = LINE('',#10156,#10157);
#10156 = CARTESIAN_POINT('',(198.5,0.));
#10157 = VECTOR('',#10158,1.);
#10158 = DIRECTION('',(1.,0.));
#10159 = ( GEOMETRIC_REPRESENTATION_CONTEXT(2) 
PARAMETRIC_REPRESENTATION_CONTEXT() REPRESENTATION_CONTEXT('2D SPACE',''
  ) );
#10160 = PCURVE('',#9785,#10161);
#10161 = DEFINITIONAL_REPRESENTATION('',(#10162),#10166);
#10162 = LINE('',#10163,#10164);
#10163 = CARTESIAN_POINT('',(0.,-148.5));
#10164 = VECTOR('',#10165,1.);
#10165 = DIRECTION('',(1.,0.));
#10166 = ( GEOMETRIC_REPRESENTATION_CONTEXT(2) 
PARAMETRIC_REPRESENTATION_CONTEXT() REPRESENTATION_CONTEXT('2D SPACE',''
  ) );
#10167 = ADVANCED_FACE('',(#10168),#10059,.T.);
#10168 = FACE_BOUND('',#10169,.T.);
#10169 = EDGE_LOOP('',(#10170,#10171,#10172,#10195));
#10170 = ORIENTED_EDGE('',*,*,#10124,.T.);
#10171 = ORIENTED_EDGE('',*,*,#10043,.T.);
#10172 = ORIENTED_EDGE('',*,*,#10173,.F.);
#10173 = EDGE_CURVE('',#10174,#10016,#10176,.T.);
#10174 = VERTEX_POINT('',#10175);
#10175 = CARTESIAN_POINT('',(198.5,148.5,0.));
#10176 = SURFACE_CURVE('',#10177,(#10181,#10188),.PCURVE_S1.);
#10177 = LINE('',#10178,#10179);
#10178 = CARTESIAN_POINT('',(198.5,148.5,0.));
#10179 = VECTOR('',#10180,1.);
#10180 = DIRECTION('',(0.,0.,1.));
#10181 = PCURVE('',#10059,#10182);
#10182 = DEFINITIONAL_REPRESENTATION('',(#10183),#10187);
#10183 = LINE('',#10184,#10185);
#10184 = CARTESIAN_POINT('',(297.,0.));
#10185 = VECTOR('',#10186,1.);
#10186 = DIRECTION('',(0.,-1.));
#10187 = ( GEOMETRIC_REPRESENTATION_CONTEXT(2) 
PARAMETRIC_REPRESENTATION_CONTEXT() REPRESENTATION_CONTEXT('2D SPACE',''
  ) );
#10188 = PCURVE('',#10031,#10189);
#10189 = DEFINITIONAL_REPRESENTATION('',(#10190),#10194);
#10190 = LINE('',#10191,#10192);
#10191 = CARTESIAN_POINT('',(397.,0.));
#10192 = VECTOR('',#10193,1.);
#10193 = DIRECTION('',(0.,-1.));
#10194 = ( GEOMETRIC_REPRESENTATION_CONTEXT(2) 
PARAMETRIC_REPRESENTATION_CONTEXT() REPRESENTATION_CONTEXT('2D SPACE',''
  ) );
#10195 = ORIENTED_EDGE('',*,*,#10196,.F.);
#10196 = EDGE_CURVE('',#10125,#10174,#10197,.T.);
#10197 = SURFACE_CURVE('',#10198,(#10202,#10209),.PCURVE_S1.);
#10198 = LINE('',#10199,#10200);
#10199 = CARTESIAN_POINT('',(198.5,0.,0.));
#10200 = VECTOR('',#10201,1.);
#10201 = DIRECTION('',(0.,1.,0.));
#10202 = PCURVE('',#10059,#10203);
#10203 = DEFINITIONAL_REPRESENTATION('',(#10204),#10208);
#10204 = LINE('',#10205,#10206);
#10205 = CARTESIAN_POINT('',(148.5,0.));
#10206 = VECTOR('',#10207,1.);
#10207 = DIRECTION('',(1.,0.));
#10208 = ( GEOMETRIC_REPRESENTATION_CONTEXT(2) 
PARAMETRIC_REPRESENTATION_CONTEXT() REPRESENTATION_CONTEXT('2D SPACE',''
  ) );
#10209 = PCURVE('',#9785,#10210);
#10210 = DEFINITIONAL_REPRESENTATION('',(#10211),#10215);
#10211 = LINE('',#10212,#10213);
#10212 = CARTESIAN_POINT('',(198.5,0.));
#10213 = VECTOR('',#10214,1.);
#10214 = DIRECTION('',(0.,1.));
#10215 = ( GEOMETRIC_REPRESENTATION_CONTEXT(2) 
PARAMETRIC_REPRESENTATION_CONTEXT() REPRESENTATION_CONTEXT('2D SPACE',''
  ) );
#10216 = ADVANCED_FACE('',(#10217),#10031,.F.);
#10217 = FACE_BOUND('',#10218,.F.);
#10218 = EDGE_LOOP('',(#10219,#10242,#10243,#10244));
#10219 = ORIENTED_EDGE('',*,*,#10220,.T.);
#10220 = EDGE_CURVE('',#10221,#9988,#10223,.T.);
#10221 = VERTEX_POINT('',#10222);
#10222 = CARTESIAN_POINT('',(-198.5,148.5,0.));
#10223 = SURFACE_CURVE('',#10224,(#10228,#10235),.PCURVE_S1.);
#10224 = LINE('',#10225,#10226);
#10225 = CARTESIAN_POINT('',(-198.5,148.5,0.));
#10226 = VECTOR('',#10227,1.);
#10227 = DIRECTION('',(0.,0.,1.));
#10228 = PCURVE('',#10031,#10229);
#10229 = DEFINITIONAL_REPRESENTATION('',(#10230),#10234);
#10230 = LINE('',#10231,#10232);
#10231 = CARTESIAN_POINT('',(0.,0.));
#10232 = VECTOR('',#10233,1.);
#10233 = DIRECTION('',(0.,-1.));
#10234 = ( GEOMETRIC_REPRESENTATION_CONTEXT(2) 
PARAMETRIC_REPRESENTATION_CONTEXT() REPRESENTATION_CONTEXT('2D SPACE',''
  ) );
#10235 = PCURVE('',#10003,#10236);
#10236 = DEFINITIONAL_REPRESENTATION('',(#10237),#10241);
#10237 = LINE('',#10238,#10239);
#10238 = CARTESIAN_POINT('',(297.,0.));
#10239 = VECTOR('',#10240,1.);
#10240 = DIRECTION('',(0.,-1.));
#10241 = ( GEOMETRIC_REPRESENTATION_CONTEXT(2) 
PARAMETRIC_REPRESENTATION_CONTEXT() REPRESENTATION_CONTEXT('2D SPACE',''
  ) );
#10242 = ORIENTED_EDGE('',*,*,#10015,.T.);
#10243 = ORIENTED_EDGE('',*,*,#10173,.F.);
#10244 = ORIENTED_EDGE('',*,*,#10245,.F.);
#10245 = EDGE_CURVE('',#10221,#10174,#10246,.T.);
#10246 = SURFACE_CURVE('',#10247,(#10251,#10258),.PCURVE_S1.);
#10247 = LINE('',#10248,#10249);
#10248 = CARTESIAN_POINT('',(0.,148.5,0.));
#10249 = VECTOR('',#10250,1.);
#10250 = DIRECTION('',(1.,0.,0.));
#10251 = PCURVE('',#10031,#10252);
#10252 = DEFINITIONAL_REPRESENTATION('',(#10253),#10257);
#10253 = LINE('',#10254,#10255);
#10254 = CARTESIAN_POINT('',(198.5,0.));
#10255 = VECTOR('',#10256,1.);
#10256 = DIRECTION('',(1.,0.));
#10257 = ( GEOMETRIC_REPRESENTATION_CONTEXT(2) 
PARAMETRIC_REPRESENTATION_CONTEXT() REPRESENTATION_CONTEXT('2D SPACE',''
  ) );
#10258 = PCURVE('',#9785,#10259);
#10259 = DEFINITIONAL_REPRESENTATION('',(#10260),#10264);
#10260 = LINE('',#10261,#10262);
#10261 = CARTESIAN_POINT('',(0.,148.5));
#10262 = VECTOR('',#10263,1.);
#10263 = DIRECTION('',(1.,0.));
#10264 = ( GEOMETRIC_REPRESENTATION_CONTEXT(2) 
PARAMETRIC_REPRESENTATION_CONTEXT() REPRESENTATION_CONTEXT('2D SPACE',''
  ) );
#10265 = ADVANCED_FACE('',(#10266),#10003,.F.);
#10266 = FACE_BOUND('',#10267,.F.);
#10267 = EDGE_LOOP('',(#10268,#10269,#10270,#10271));
#10268 = ORIENTED_EDGE('',*,*,#10100,.T.);
#10269 = ORIENTED_EDGE('',*,*,#9985,.T.);
#10270 = ORIENTED_EDGE('',*,*,#10220,.F.);
#10271 = ORIENTED_EDGE('',*,*,#10272,.F.);
#10272 = EDGE_CURVE('',#10101,#10221,#10273,.T.);
#10273 = SURFACE_CURVE('',#10274,(#10278,#10285),.PCURVE_S1.);
#10274 = LINE('',#10275,#10276);
#10275 = CARTESIAN_POINT('',(-198.5,0.,0.));
#10276 = VECTOR('',#10277,1.);
#10277 = DIRECTION('',(0.,1.,0.));
#10278 = PCURVE('',#10003,#10279);
#10279 = DEFINITIONAL_REPRESENTATION('',(#10280),#10284);
#10280 = LINE('',#10281,#10282);
#10281 = CARTESIAN_POINT('',(148.5,0.));
#10282 = VECTOR('',#10283,1.);
#10283 = DIRECTION('',(1.,0.));
#10284 = ( GEOMETRIC_REPRESENTATION_CONTEXT(2) 
PARAMETRIC_REPRESENTATION_CONTEXT() REPRESENTATION_CONTEXT('2D SPACE',''
  ) );
#10285 = PCURVE('',#9785,#10286);
#10286 = DEFINITIONAL_REPRESENTATION('',(#10287),#10291);
#10287 = LINE('',#10288,#10289);
#10288 = CARTESIAN_POINT('',(-198.5,0.));
#10289 = VECTOR('',#10290,1.);
#10290 = DIRECTION('',(0.,1.));
#10291 = ( GEOMETRIC_REPRESENTATION_CONTEXT(2) 
PARAMETRIC_REPRESENTATION_CONTEXT() REPRESENTATION_CONTEXT('2D SPACE',''
  ) );
#10292 = ADVANCED_FACE('',(#10293),#9950,.T.);
#10293 = FACE_BOUND('',#10294,.T.);
#10294 = EDGE_LOOP('',(#10295,#10318,#10341,#10364,#10387,#10410,#10433,
    #10454));
#10295 = ORIENTED_EDGE('',*,*,#10296,.F.);
#10296 = EDGE_CURVE('',#10297,#9912,#10299,.T.);
#10297 = VERTEX_POINT('',#10298);
#10298 = CARTESIAN_POINT('',(240.,150.,35.));
#10299 = SURFACE_CURVE('',#10300,(#10304,#10311),.PCURVE_S1.);
#10300 = LINE('',#10301,#10302);
#10301 = CARTESIAN_POINT('',(240.,150.,35.));
#10302 = VECTOR('',#10303,1.);
#10303 = DIRECTION('',(0.,0.,1.));
#10304 = PCURVE('',#9950,#10305);
#10305 = DEFINITIONAL_REPRESENTATION('',(#10306),#10310);
#10306 = LINE('',#10307,#10308);
#10307 = CARTESIAN_POINT('',(40.,0.));
#10308 = VECTOR('',#10309,1.);
#10309 = DIRECTION('',(0.,-1.));
#10310 = ( GEOMETRIC_REPRESENTATION_CONTEXT(2) 
PARAMETRIC_REPRESENTATION_CONTEXT() REPRESENTATION_CONTEXT('2D SPACE',''
  ) );
#10311 = PCURVE('',#9701,#10312);
#10312 = DEFINITIONAL_REPRESENTATION('',(#10313),#10317);
#10313 = LINE('',#10314,#10315);
#10314 = CARTESIAN_POINT('',(300.,0.));
#10315 = VECTOR('',#10316,1.);
#10316 = DIRECTION('',(0.,-1.));
#10317 = ( GEOMETRIC_REPRESENTATION_CONTEXT(2) 
PARAMETRIC_REPRESENTATION_CONTEXT() REPRESENTATION_CONTEXT('2D SPACE',''
  ) );
#10318 = ORIENTED_EDGE('',*,*,#10319,.F.);
#10319 = EDGE_CURVE('',#10320,#10297,#10322,.T.);
#10320 = VERTEX_POINT('',#10321);
#10321 = CARTESIAN_POINT('',(200.,150.,35.));
#10322 = SURFACE_CURVE('',#10323,(#10327,#10334),.PCURVE_S1.);
#10323 = LINE('',#10324,#10325);
#10324 = CARTESIAN_POINT('',(220.,150.,35.));
#10325 = VECTOR('',#10326,1.);
#10326 = DIRECTION('',(1.,0.,0.));
#10327 = PCURVE('',#9950,#10328);
#10328 = DEFINITIONAL_REPRESENTATION('',(#10329),#10333);
#10329 = LINE('',#10330,#10331);
#10330 = CARTESIAN_POINT('',(20.,0.));
#10331 = VECTOR('',#10332,1.);
#10332 = DIRECTION('',(1.,0.));
#10333 = ( GEOMETRIC_REPRESENTATION_CONTEXT(2) 
PARAMETRIC_REPRESENTATION_CONTEXT() REPRESENTATION_CONTEXT('2D SPACE',''
  ) );
#10334 = PCURVE('',#9729,#10335);
#10335 = DEFINITIONAL_REPRESENTATION('',(#10336),#10340);
#10336 = LINE('',#10337,#10338);
#10337 = CARTESIAN_POINT('',(0.,150.));
#10338 = VECTOR('',#10339,1.);
#10339 = DIRECTION('',(1.,0.));
#10340 = ( GEOMETRIC_REPRESENTATION_CONTEXT(2) 
PARAMETRIC_REPRESENTATION_CONTEXT() REPRESENTATION_CONTEXT('2D SPACE',''
  ) );
#10341 = ORIENTED_EDGE('',*,*,#10342,.F.);
#10342 = EDGE_CURVE('',#10343,#10320,#10345,.T.);
#10343 = VERTEX_POINT('',#10344);
#10344 = CARTESIAN_POINT('',(200.,150.,0.));
#10345 = SURFACE_CURVE('',#10346,(#10350,#10357),.PCURVE_S1.);
#10346 = LINE('',#10347,#10348);
#10347 = CARTESIAN_POINT('',(200.,150.,0.));
#10348 = VECTOR('',#10349,1.);
#10349 = DIRECTION('',(0.,0.,1.));
#10350 = PCURVE('',#9950,#10351);
#10351 = DEFINITIONAL_REPRESENTATION('',(#10352),#10356);
#10352 = LINE('',#10353,#10354);
#10353 = CARTESIAN_POINT('',(0.,35.));
#10354 = VECTOR('',#10355,1.);
#10355 = DIRECTION('',(0.,-1.));
#10356 = ( GEOMETRIC_REPRESENTATION_CONTEXT(2) 
PARAMETRIC_REPRESENTATION_CONTEXT() REPRESENTATION_CONTEXT('2D SPACE',''
  ) );
#10357 = PCURVE('',#9757,#10358);
#10358 = DEFINITIONAL_REPRESENTATION('',(#10359),#10363);
#10359 = LINE('',#10360,#10361);
#10360 = CARTESIAN_POINT('',(300.,0.));
#10361 = VECTOR('',#10362,1.);
#10362 = DIRECTION('',(0.,-1.));
#10363 = ( GEOMETRIC_REPRESENTATION_CONTEXT(2) 
PARAMETRIC_REPRESENTATION_CONTEXT() REPRESENTATION_CONTEXT('2D SPACE',''
  ) );
#10364 = ORIENTED_EDGE('',*,*,#10365,.F.);
#10365 = EDGE_CURVE('',#10366,#10343,#10368,.T.);
#10366 = VERTEX_POINT('',#10367);
#10367 = CARTESIAN_POINT('',(-200.,150.,0.));
#10368 = SURFACE_CURVE('',#10369,(#10373,#10380),.PCURVE_S1.);
#10369 = LINE('',#10370,#10371);
#10370 = CARTESIAN_POINT('',(0.,150.,0.));
#10371 = VECTOR('',#10372,1.);
#10372 = DIRECTION('',(1.,0.,0.));
#10373 = PCURVE('',#9950,#10374);
#10374 = DEFINITIONAL_REPRESENTATION('',(#10375),#10379);
#10375 = LINE('',#10376,#10377);
#10376 = CARTESIAN_POINT('',(-200.,35.));
#10377 = VECTOR('',#10378,1.);
#10378 = DIRECTION('',(1.,0.));
#10379 = ( GEOMETRIC_REPRESENTATION_CONTEXT(2) 
PARAMETRIC_REPRESENTATION_CONTEXT() REPRESENTATION_CONTEXT('2D SPACE',''
  ) );
#10380 = PCURVE('',#9785,#10381);
#10381 = DEFINITIONAL_REPRESENTATION('',(#10382),#10386);
#10382 = LINE('',#10383,#10384);
#10383 = CARTESIAN_POINT('',(0.,150.));
#10384 = VECTOR('',#10385,1.);
#10385 = DIRECTION('',(1.,0.));
#10386 = ( GEOMETRIC_REPRESENTATION_CONTEXT(2) 
PARAMETRIC_REPRESENTATION_CONTEXT() REPRESENTATION_CONTEXT('2D SPACE',''
  ) );
#10387 = ORIENTED_EDGE('',*,*,#10388,.T.);
#10388 = EDGE_CURVE('',#10366,#10389,#10391,.T.);
#10389 = VERTEX_POINT('',#10390);
#10390 = CARTESIAN_POINT('',(-200.,150.,35.));
#10391 = SURFACE_CURVE('',#10392,(#10396,#10403),.PCURVE_S1.);
#10392 = LINE('',#10393,#10394);
#10393 = CARTESIAN_POINT('',(-200.,150.,0.));
#10394 = VECTOR('',#10395,1.);
#10395 = DIRECTION('',(0.,0.,1.));
#10396 = PCURVE('',#9950,#10397);
#10397 = DEFINITIONAL_REPRESENTATION('',(#10398),#10402);
#10398 = LINE('',#10399,#10400);
#10399 = CARTESIAN_POINT('',(-400.,35.));
#10400 = VECTOR('',#10401,1.);
#10401 = DIRECTION('',(0.,-1.));
#10402 = ( GEOMETRIC_REPRESENTATION_CONTEXT(2) 
PARAMETRIC_REPRESENTATION_CONTEXT() REPRESENTATION_CONTEXT('2D SPACE',''
  ) );
#10403 = PCURVE('',#9813,#10404);
#10404 = DEFINITIONAL_REPRESENTATION('',(#10405),#10409);
#10405 = LINE('',#10406,#10407);
#10406 = CARTESIAN_POINT('',(300.,0.));
#10407 = VECTOR('',#10408,1.);
#10408 = DIRECTION('',(0.,-1.));
#10409 = ( GEOMETRIC_REPRESENTATION_CONTEXT(2) 
PARAMETRIC_REPRESENTATION_CONTEXT() REPRESENTATION_CONTEXT('2D SPACE',''
  ) );
#10410 = ORIENTED_EDGE('',*,*,#10411,.F.);
#10411 = EDGE_CURVE('',#10412,#10389,#10414,.T.);
#10412 = VERTEX_POINT('',#10413);
#10413 = CARTESIAN_POINT('',(-240.,150.,35.));
#10414 = SURFACE_CURVE('',#10415,(#10419,#10426),.PCURVE_S1.);
#10415 = LINE('',#10416,#10417);
#10416 = CARTESIAN_POINT('',(-220.,150.,35.));
#10417 = VECTOR('',#10418,1.);
#10418 = DIRECTION('',(1.,0.,0.));
#10419 = PCURVE('',#9950,#10420);
#10420 = DEFINITIONAL_REPRESENTATION('',(#10421),#10425);
#10421 = LINE('',#10422,#10423);
#10422 = CARTESIAN_POINT('',(-420.,0.));
#10423 = VECTOR('',#10424,1.);
#10424 = DIRECTION('',(1.,0.));
#10425 = ( GEOMETRIC_REPRESENTATION_CONTEXT(2) 
PARAMETRIC_REPRESENTATION_CONTEXT() REPRESENTATION_CONTEXT('2D SPACE',''
  ) );
#10426 = PCURVE('',#9841,#10427);
#10427 = DEFINITIONAL_REPRESENTATION('',(#10428),#10432);
#10428 = LINE('',#10429,#10430);
#10429 = CARTESIAN_POINT('',(0.,150.));
#10430 = VECTOR('',#10431,1.);
#10431 = DIRECTION('',(1.,0.));
#10432 = ( GEOMETRIC_REPRESENTATION_CONTEXT(2) 
PARAMETRIC_REPRESENTATION_CONTEXT() REPRESENTATION_CONTEXT('2D SPACE',''
  ) );
#10433 = ORIENTED_EDGE('',*,*,#10434,.T.);
#10434 = EDGE_CURVE('',#10412,#9935,#10435,.T.);
#10435 = SURFACE_CURVE('',#10436,(#10440,#10447),.PCURVE_S1.);
#10436 = LINE('',#10437,#10438);
#10437 = CARTESIAN_POINT('',(-240.,150.,35.));
#10438 = VECTOR('',#10439,1.);
#10439 = DIRECTION('',(0.,0.,1.));
#10440 = PCURVE('',#9950,#10441);
#10441 = DEFINITIONAL_REPRESENTATION('',(#10442),#10446);
#10442 = LINE('',#10443,#10444);
#10443 = CARTESIAN_POINT('',(-440.,0.));
#10444 = VECTOR('',#10445,1.);
#10445 = DIRECTION('',(0.,-1.));
#10446 = ( GEOMETRIC_REPRESENTATION_CONTEXT(2) 
PARAMETRIC_REPRESENTATION_CONTEXT() REPRESENTATION_CONTEXT('2D SPACE',''
  ) );
#10447 = PCURVE('',#9869,#10448);
#10448 = DEFINITIONAL_REPRESENTATION('',(#10449),#10453);
#10449 = LINE('',#10450,#10451);
#10450 = CARTESIAN_POINT('',(300.,0.));
#10451 = VECTOR('',#10452,1.);
#10452 = DIRECTION('',(0.,-1.));
#10453 = ( GEOMETRIC_REPRESENTATION_CONTEXT(2) 
PARAMETRIC_REPRESENTATION_CONTEXT() REPRESENTATION_CONTEXT('2D SPACE',''
  ) );
#10454 = ORIENTED_EDGE('',*,*,#9934,.F.);
#10455 = ADVANCED_FACE('',(#10456),#9869,.T.);
#10456 = FACE_BOUND('',#10457,.T.);
#10457 = EDGE_LOOP('',(#10458,#10459,#10460,#10461));
#10458 = ORIENTED_EDGE('',*,*,#9853,.T.);
#10459 = ORIENTED_EDGE('',*,*,#9962,.T.);
#10460 = ORIENTED_EDGE('',*,*,#10434,.F.);
#10461 = ORIENTED_EDGE('',*,*,#10462,.F.);
#10462 = EDGE_CURVE('',#9826,#10412,#10463,.T.);
#10463 = SURFACE_CURVE('',#10464,(#10468,#10475),.PCURVE_S1.);
#10464 = LINE('',#10465,#10466);
#10465 = CARTESIAN_POINT('',(-240.,0.,35.));
#10466 = VECTOR('',#10467,1.);
#10467 = DIRECTION('',(0.,1.,0.));
#10468 = PCURVE('',#9869,#10469);
#10469 = DEFINITIONAL_REPRESENTATION('',(#10470),#10474);
#10470 = LINE('',#10471,#10472);
#10471 = CARTESIAN_POINT('',(150.,0.));
#10472 = VECTOR('',#10473,1.);
#10473 = DIRECTION('',(1.,0.));
#10474 = ( GEOMETRIC_REPRESENTATION_CONTEXT(2) 
PARAMETRIC_REPRESENTATION_CONTEXT() REPRESENTATION_CONTEXT('2D SPACE',''
  ) );
#10475 = PCURVE('',#9841,#10476);
#10476 = DEFINITIONAL_REPRESENTATION('',(#10477),#10481);
#10477 = LINE('',#10478,#10479);
#10478 = CARTESIAN_POINT('',(-20.,0.));
#10479 = VECTOR('',#10480,1.);
#10480 = DIRECTION('',(0.,1.));
#10481 = ( GEOMETRIC_REPRESENTATION_CONTEXT(2) 
PARAMETRIC_REPRESENTATION_CONTEXT() REPRESENTATION_CONTEXT('2D SPACE',''
  ) );
#10482 = ADVANCED_FACE('',(#10483),#9841,.F.);
#10483 = FACE_BOUND('',#10484,.F.);
#10484 = EDGE_LOOP('',(#10485,#10486,#10487,#10508));
#10485 = ORIENTED_EDGE('',*,*,#10462,.F.);
#10486 = ORIENTED_EDGE('',*,*,#9825,.T.);
#10487 = ORIENTED_EDGE('',*,*,#10488,.T.);
#10488 = EDGE_CURVE('',#9798,#10389,#10489,.T.);
#10489 = SURFACE_CURVE('',#10490,(#10494,#10501),.PCURVE_S1.);
#10490 = LINE('',#10491,#10492);
#10491 = CARTESIAN_POINT('',(-200.,0.,35.));
#10492 = VECTOR('',#10493,1.);
#10493 = DIRECTION('',(0.,1.,0.));
#10494 = PCURVE('',#9841,#10495);
#10495 = DEFINITIONAL_REPRESENTATION('',(#10496),#10500);
#10496 = LINE('',#10497,#10498);
#10497 = CARTESIAN_POINT('',(20.,0.));
#10498 = VECTOR('',#10499,1.);
#10499 = DIRECTION('',(0.,1.));
#10500 = ( GEOMETRIC_REPRESENTATION_CONTEXT(2) 
PARAMETRIC_REPRESENTATION_CONTEXT() REPRESENTATION_CONTEXT('2D SPACE',''
  ) );
#10501 = PCURVE('',#9813,#10502);
#10502 = DEFINITIONAL_REPRESENTATION('',(#10503),#10507);
#10503 = LINE('',#10504,#10505);
#10504 = CARTESIAN_POINT('',(150.,-35.));
#10505 = VECTOR('',#10506,1.);
#10506 = DIRECTION('',(1.,0.));
#10507 = ( GEOMETRIC_REPRESENTATION_CONTEXT(2) 
PARAMETRIC_REPRESENTATION_CONTEXT() REPRESENTATION_CONTEXT('2D SPACE',''
  ) );
#10508 = ORIENTED_EDGE('',*,*,#10411,.F.);
#10509 = ADVANCED_FACE('',(#10510),#9813,.T.);
#10510 = FACE_BOUND('',#10511,.T.);
#10511 = EDGE_LOOP('',(#10512,#10533,#10534,#10535));
#10512 = ORIENTED_EDGE('',*,*,#10513,.F.);
#10513 = EDGE_CURVE('',#9770,#10366,#10514,.T.);
#10514 = SURFACE_CURVE('',#10515,(#10519,#10526),.PCURVE_S1.);
#10515 = LINE('',#10516,#10517);
#10516 = CARTESIAN_POINT('',(-200.,0.,0.));
#10517 = VECTOR('',#10518,1.);
#10518 = DIRECTION('',(0.,1.,0.));
#10519 = PCURVE('',#9813,#10520);
#10520 = DEFINITIONAL_REPRESENTATION('',(#10521),#10525);
#10521 = LINE('',#10522,#10523);
#10522 = CARTESIAN_POINT('',(150.,0.));
#10523 = VECTOR('',#10524,1.);
#10524 = DIRECTION('',(1.,0.));
#10525 = ( GEOMETRIC_REPRESENTATION_CONTEXT(2) 
PARAMETRIC_REPRESENTATION_CONTEXT() REPRESENTATION_CONTEXT('2D SPACE',''
  ) );
#10526 = PCURVE('',#9785,#10527);
#10527 = DEFINITIONAL_REPRESENTATION('',(#10528),#10532);
#10528 = LINE('',#10529,#10530);
#10529 = CARTESIAN_POINT('',(-200.,0.));
#10530 = VECTOR('',#10531,1.);
#10531 = DIRECTION('',(0.,1.));
#10532 = ( GEOMETRIC_REPRESENTATION_CONTEXT(2) 
PARAMETRIC_REPRESENTATION_CONTEXT() REPRESENTATION_CONTEXT('2D SPACE',''
  ) );
#10533 = ORIENTED_EDGE('',*,*,#9797,.T.);
#10534 = ORIENTED_EDGE('',*,*,#10488,.T.);
#10535 = ORIENTED_EDGE('',*,*,#10388,.F.);
#10536 = ADVANCED_FACE('',(#10537,#10563),#9785,.F.);
#10537 = FACE_BOUND('',#10538,.F.);
#10538 = EDGE_LOOP('',(#10539,#10540,#10541,#10562));
#10539 = ORIENTED_EDGE('',*,*,#10513,.F.);
#10540 = ORIENTED_EDGE('',*,*,#9769,.T.);
#10541 = ORIENTED_EDGE('',*,*,#10542,.T.);
#10542 = EDGE_CURVE('',#9742,#10343,#10543,.T.);
#10543 = SURFACE_CURVE('',#10544,(#10548,#10555),.PCURVE_S1.);
#10544 = LINE('',#10545,#10546);
#10545 = CARTESIAN_POINT('',(200.,0.,0.));
#10546 = VECTOR('',#10547,1.);
#10547 = DIRECTION('',(0.,1.,0.));
#10548 = PCURVE('',#9785,#10549);
#10549 = DEFINITIONAL_REPRESENTATION('',(#10550),#10554);
#10550 = LINE('',#10551,#10552);
#10551 = CARTESIAN_POINT('',(200.,0.));
#10552 = VECTOR('',#10553,1.);
#10553 = DIRECTION('',(0.,1.));
#10554 = ( GEOMETRIC_REPRESENTATION_CONTEXT(2) 
PARAMETRIC_REPRESENTATION_CONTEXT() REPRESENTATION_CONTEXT('2D SPACE',''
  ) );
#10555 = PCURVE('',#9757,#10556);
#10556 = DEFINITIONAL_REPRESENTATION('',(#10557),#10561);
#10557 = LINE('',#10558,#10559);
#10558 = CARTESIAN_POINT('',(150.,0.));
#10559 = VECTOR('',#10560,1.);
#10560 = DIRECTION('',(1.,0.));
#10561 = ( GEOMETRIC_REPRESENTATION_CONTEXT(2) 
PARAMETRIC_REPRESENTATION_CONTEXT() REPRESENTATION_CONTEXT('2D SPACE',''
  ) );
#10562 = ORIENTED_EDGE('',*,*,#10365,.F.);
#10563 = FACE_BOUND('',#10564,.F.);
#10564 = EDGE_LOOP('',(#10565,#10566,#10567,#10568));
#10565 = ORIENTED_EDGE('',*,*,#10147,.F.);
#10566 = ORIENTED_EDGE('',*,*,#10272,.T.);
#10567 = ORIENTED_EDGE('',*,*,#10245,.T.);
#10568 = ORIENTED_EDGE('',*,*,#10196,.F.);
#10569 = ADVANCED_FACE('',(#10570),#9757,.F.);
#10570 = FACE_BOUND('',#10571,.F.);
#10571 = EDGE_LOOP('',(#10572,#10573,#10574,#10595));
#10572 = ORIENTED_EDGE('',*,*,#10542,.F.);
#10573 = ORIENTED_EDGE('',*,*,#9741,.T.);
#10574 = ORIENTED_EDGE('',*,*,#10575,.T.);
#10575 = EDGE_CURVE('',#9714,#10320,#10576,.T.);
#10576 = SURFACE_CURVE('',#10577,(#10581,#10588),.PCURVE_S1.);
#10577 = LINE('',#10578,#10579);
#10578 = CARTESIAN_POINT('',(200.,0.,35.));
#10579 = VECTOR('',#10580,1.);
#10580 = DIRECTION('',(0.,1.,0.));
#10581 = PCURVE('',#9757,#10582);
#10582 = DEFINITIONAL_REPRESENTATION('',(#10583),#10587);
#10583 = LINE('',#10584,#10585);
#10584 = CARTESIAN_POINT('',(150.,-35.));
#10585 = VECTOR('',#10586,1.);
#10586 = DIRECTION('',(1.,0.));
#10587 = ( GEOMETRIC_REPRESENTATION_CONTEXT(2) 
PARAMETRIC_REPRESENTATION_CONTEXT() REPRESENTATION_CONTEXT('2D SPACE',''
  ) );
#10588 = PCURVE('',#9729,#10589);
#10589 = DEFINITIONAL_REPRESENTATION('',(#10590),#10594);
#10590 = LINE('',#10591,#10592);
#10591 = CARTESIAN_POINT('',(-20.,0.));
#10592 = VECTOR('',#10593,1.);
#10593 = DIRECTION('',(0.,1.));
#10594 = ( GEOMETRIC_REPRESENTATION_CONTEXT(2) 
PARAMETRIC_REPRESENTATION_CONTEXT() REPRESENTATION_CONTEXT('2D SPACE',''
  ) );
#10595 = ORIENTED_EDGE('',*,*,#10342,.F.);
#10596 = ADVANCED_FACE('',(#10597),#9729,.F.);
#10597 = FACE_BOUND('',#10598,.F.);
#10598 = EDGE_LOOP('',(#10599,#10600,#10601,#10622));
#10599 = ORIENTED_EDGE('',*,*,#10575,.F.);
#10600 = ORIENTED_EDGE('',*,*,#9713,.T.);
#10601 = ORIENTED_EDGE('',*,*,#10602,.T.);
#10602 = EDGE_CURVE('',#9679,#10297,#10603,.T.);
#10603 = SURFACE_CURVE('',#10604,(#10608,#10615),.PCURVE_S1.);
#10604 = LINE('',#10605,#10606);
#10605 = CARTESIAN_POINT('',(240.,0.,35.));
#10606 = VECTOR('',#10607,1.);
#10607 = DIRECTION('',(0.,1.,0.));
#10608 = PCURVE('',#9729,#10609);
#10609 = DEFINITIONAL_REPRESENTATION('',(#10610),#10614);
#10610 = LINE('',#10611,#10612);
#10611 = CARTESIAN_POINT('',(20.,0.));
#10612 = VECTOR('',#10613,1.);
#10613 = DIRECTION('',(0.,1.));
#10614 = ( GEOMETRIC_REPRESENTATION_CONTEXT(2) 
PARAMETRIC_REPRESENTATION_CONTEXT() REPRESENTATION_CONTEXT('2D SPACE',''
  ) );
#10615 = PCURVE('',#9701,#10616);
#10616 = DEFINITIONAL_REPRESENTATION('',(#10617),#10621);
#10617 = LINE('',#10618,#10619);
#10618 = CARTESIAN_POINT('',(150.,0.));
#10619 = VECTOR('',#10620,1.);
#10620 = DIRECTION('',(1.,0.));
#10621 = ( GEOMETRIC_REPRESENTATION_CONTEXT(2) 
PARAMETRIC_REPRESENTATION_CONTEXT() REPRESENTATION_CONTEXT('2D SPACE',''
  ) );
#10622 = ORIENTED_EDGE('',*,*,#10319,.F.);
#10623 = ADVANCED_FACE('',(#10624),#9701,.F.);
#10624 = FACE_BOUND('',#10625,.F.);
#10625 = EDGE_LOOP('',(#10626,#10627,#10628,#10629));
#10626 = ORIENTED_EDGE('',*,*,#9678,.T.);
#10627 = ORIENTED_EDGE('',*,*,#9911,.T.);
#10628 = ORIENTED_EDGE('',*,*,#10296,.F.);
#10629 = ORIENTED_EDGE('',*,*,#10602,.F.);
#10630 = ( GEOMETRIC_REPRESENTATION_CONTEXT(3) 
GLOBAL_UNCERTAINTY_ASSIGNED_CONTEXT((#10634)) 
GLOBAL_UNIT_ASSIGNED_CONTEXT((#10631,#10632,#10633)) 
REPRESENTATION_CONTEXT('Context #1',
  '3D Context with UNIT and UNCERTAINTY') );
#10631 = ( LENGTH_UNIT() NAMED_UNIT(*) SI_UNIT(.MILLI.,.METRE.) );
#10632 = ( NAMED_UNIT(*) PLANE_ANGLE_UNIT() SI_UNIT($,.RADIAN.) );
#10633 = ( NAMED_UNIT(*) SI_UNIT($,.STERADIAN.) SOLID_ANGLE_UNIT() );
#10634 = UNCERTAINTY_MEASURE_WITH_UNIT(LENGTH_MEASURE(1.E-07),#10631,
  'distance_accuracy_value','confusion accuracy');
#10635 = CONTEXT_DEPENDENT_SHAPE_REPRESENTATION(#10636,#10638);
#10636 = ( REPRESENTATION_RELATIONSHIP('','',#9671,#10) 
REPRESENTATION_RELATIONSHIP_WITH_TRANSFORMATION(#10637) 
SHAPE_REPRESENTATION_RELATIONSHIP() );
#10637 = ITEM_DEFINED_TRANSFORMATION('','',#11,#51);
#10638 = PRODUCT_DEFINITION_SHAPE('Placement','Placement of an item',
  #10639);
#10639 = NEXT_ASSEMBLY_USAGE_OCCURRENCE('10','=>[0:1:1:11]','',#5,#9666,
  $);
#10640 = PRODUCT_RELATED_PRODUCT_CATEGORY('part',$,(#9668));
#10641 = CONTEXT_DEPENDENT_SHAPE_REPRESENTATION(#10642,#10644);
#10642 = ( REPRESENTATION_RELATIONSHIP('','',#9671,#10) 
REPRESENTATION_RELATIONSHIP_WITH_TRANSFORMATION(#10643) 
SHAPE_REPRESENTATION_RELATIONSHIP() );
#10643 = ITEM_DEFINED_TRANSFORMATION('','',#11,#55);
#10644 = PRODUCT_DEFINITION_SHAPE('Placement','Placement of an item',
  #10645);
#10645 = NEXT_ASSEMBLY_USAGE_OCCURRENCE('11','=>[0:1:1:11]','',#5,#9666,
  $);
#10646 = CONTEXT_DEPENDENT_SHAPE_REPRESENTATION(#10647,#10649);
#10647 = ( REPRESENTATION_RELATIONSHIP('','',#9671,#10) 
REPRESENTATION_RELATIONSHIP_WITH_TRANSFORMATION(#10648) 
SHAPE_REPRESENTATION_RELATIONSHIP() );
#10648 = ITEM_DEFINED_TRANSFORMATION('','',#11,#59);
#10649 = PRODUCT_DEFINITION_SHAPE('Placement','Placement of an item',
  #10650);
#10650 = NEXT_ASSEMBLY_USAGE_OCCURRENCE('12','=>[0:1:1:11]','',#5,#9666,
  $);
#10651 = CONTEXT_DEPENDENT_SHAPE_REPRESENTATION(#10652,#10654);
#10652 = ( REPRESENTATION_RELATIONSHIP('','',#9671,#10) 
REPRESENTATION_RELATIONSHIP_WITH_TRANSFORMATION(#10653) 
SHAPE_REPRESENTATION_RELATIONSHIP() );
#10653 = ITEM_DEFINED_TRANSFORMATION('','',#11,#63);
#10654 = PRODUCT_DEFINITION_SHAPE('Placement','Placement of an item',
  #10655);
#10655 = NEXT_ASSEMBLY_USAGE_OCCURRENCE('13','=>[0:1:1:11]','',#5,#9666,
  $);
#10656 = CONTEXT_DEPENDENT_SHAPE_REPRESENTATION(#10657,#10659);
#10657 = ( REPRESENTATION_RELATIONSHIP('','',#9671,#10) 
REPRESENTATION_RELATIONSHIP_WITH_TRANSFORMATION(#10658) 
SHAPE_REPRESENTATION_RELATIONSHIP() );
#10658 = ITEM_DEFINED_TRANSFORMATION('','',#11,#67);
#10659 = PRODUCT_DEFINITION_SHAPE('Placement','Placement of an item',
  #10660);
#10660 = NEXT_ASSEMBLY_USAGE_OCCURRENCE('14','=>[0:1:1:11]','',#5,#9666,
  $);
#10661 = CONTEXT_DEPENDENT_SHAPE_REPRESENTATION(#10662,#10664);
#10662 = ( REPRESENTATION_RELATIONSHIP('','',#9671,#10) 
REPRESENTATION_RELATIONSHIP_WITH_TRANSFORMATION(#10663) 
SHAPE_REPRESENTATION_RELATIONSHIP() );
#10663 = ITEM_DEFINED_TRANSFORMATION('','',#11,#71);
#10664 = PRODUCT_DEFINITION_SHAPE('Placement','Placement of an item',
  #10665);
#10665 = NEXT_ASSEMBLY_USAGE_OCCURRENCE('15','=>[0:1:1:11]','',#5,#9666,
  $);
#10666 = CONTEXT_DEPENDENT_SHAPE_REPRESENTATION(#10667,#10669);
#10667 = ( REPRESENTATION_RELATIONSHIP('','',#9671,#10) 
REPRESENTATION_RELATIONSHIP_WITH_TRANSFORMATION(#10668) 
SHAPE_REPRESENTATION_RELATIONSHIP() );
#10668 = ITEM_DEFINED_TRANSFORMATION('','',#11,#75);
#10669 = PRODUCT_DEFINITION_SHAPE('Placement','Placement of an item',
  #10670);
#10670 = NEXT_ASSEMBLY_USAGE_OCCURRENCE('16','=>[0:1:1:11]','',#5,#9666,
  $);
#10671 = CONTEXT_DEPENDENT_SHAPE_REPRESENTATION(#10672,#10674);
#10672 = ( REPRESENTATION_RELATIONSHIP('','',#9671,#10) 
REPRESENTATION_RELATIONSHIP_WITH_TRANSFORMATION(#10673) 
SHAPE_REPRESENTATION_RELATIONSHIP() );
#10673 = ITEM_DEFINED_TRANSFORMATION('','',#11,#79);
#10674 = PRODUCT_DEFINITION_SHAPE('Placement','Placement of an item',
  #10675);
#10675 = NEXT_ASSEMBLY_USAGE_OCCURRENCE('17','=>[0:1:1:11]','',#5,#9666,
  $);
#10676 = CONTEXT_DEPENDENT_SHAPE_REPRESENTATION(#10677,#10679);
#10677 = ( REPRESENTATION_RELATIONSHIP('','',#9671,#10) 
REPRESENTATION_RELATIONSHIP_WITH_TRANSFORMATION(#10678) 
SHAPE_REPRESENTATION_RELATIONSHIP() );
#10678 = ITEM_DEFINED_TRANSFORMATION('','',#11,#83);
#10679 = PRODUCT_DEFINITION_SHAPE('Placement','Placement of an item',
  #10680);
#10680 = NEXT_ASSEMBLY_USAGE_OCCURRENCE('18','=>[0:1:1:11]','',#5,#9666,
  $);
#10681 = CONTEXT_DEPENDENT_SHAPE_REPRESENTATION(#10682,#10684);
#10682 = ( REPRESENTATION_RELATIONSHIP('','',#9671,#10) 
REPRESENTATION_RELATIONSHIP_WITH_TRANSFORMATION(#10683) 
SHAPE_REPRESENTATION_RELATIONSHIP() );
#10683 = ITEM_DEFINED_TRANSFORMATION('','',#11,#87);
#10684 = PRODUCT_DEFINITION_SHAPE('Placement','Placement of an item',
  #10685);
#10685 = NEXT_ASSEMBLY_USAGE_OCCURRENCE('19','=>[0:1:1:11]','',#5,#9666,
  $);
#10686 = CONTEXT_DEPENDENT_SHAPE_REPRESENTATION(#10687,#10689);
#10687 = ( REPRESENTATION_RELATIONSHIP('','',#9671,#10) 
REPRESENTATION_RELATIONSHIP_WITH_TRANSFORMATION(#10688) 
SHAPE_REPRESENTATION_RELATIONSHIP() );
#10688 = ITEM_DEFINED_TRANSFORMATION('','',#11,#91);
#10689 = PRODUCT_DEFINITION_SHAPE('Placement','Placement of an item',
  #10690);
#10690 = NEXT_ASSEMBLY_USAGE_OCCURRENCE('20','=>[0:1:1:11]','',#5,#9666,
  $);
#10691 = CONTEXT_DEPENDENT_SHAPE_REPRESENTATION(#10692,#10694);
#10692 = ( REPRESENTATION_RELATIONSHIP('','',#9671,#10) 
REPRESENTATION_RELATIONSHIP_WITH_TRANSFORMATION(#10693) 
SHAPE_REPRESENTATION_RELATIONSHIP() );
#10693 = ITEM_DEFINED_TRANSFORMATION('','',#11,#95);
#10694 = PRODUCT_DEFINITION_SHAPE('Placement','Placement of an item',
  #10695);
#10695 = NEXT_ASSEMBLY_USAGE_OCCURRENCE('21','=>[0:1:1:11]','',#5,#9666,
  $);
#10696 = CONTEXT_DEPENDENT_SHAPE_REPRESENTATION(#10697,#10699);
#10697 = ( REPRESENTATION_RELATIONSHIP('','',#9671,#10) 
REPRESENTATION_RELATIONSHIP_WITH_TRANSFORMATION(#10698) 
SHAPE_REPRESENTATION_RELATIONSHIP() );
#10698 = ITEM_DEFINED_TRANSFORMATION('','',#11,#99);
#10699 = PRODUCT_DEFINITION_SHAPE('Placement','Placement of an item',
  #10700);
#10700 = NEXT_ASSEMBLY_USAGE_OCCURRENCE('22','=>[0:1:1:11]','',#5,#9666,
  $);
#10701 = CONTEXT_DEPENDENT_SHAPE_REPRESENTATION(#10702,#10704);
#10702 = ( REPRESENTATION_RELATIONSHIP('','',#9671,#10) 
REPRESENTATION_RELATIONSHIP_WITH_TRANSFORMATION(#10703) 
SHAPE_REPRESENTATION_RELATIONSHIP() );
#10703 = ITEM_DEFINED_TRANSFORMATION('','',#11,#103);
#10704 = PRODUCT_DEFINITION_SHAPE('Placement','Placement of an item',
  #10705);
#10705 = NEXT_ASSEMBLY_USAGE_OCCURRENCE('23','=>[0:1:1:11]','',#5,#9666,
  $);
#10706 = CONTEXT_DEPENDENT_SHAPE_REPRESENTATION(#10707,#10709);
#10707 = ( REPRESENTATION_RELATIONSHIP('','',#9671,#10) 
REPRESENTATION_RELATIONSHIP_WITH_TRANSFORMATION(#10708) 
SHAPE_REPRESENTATION_RELATIONSHIP() );
#10708 = ITEM_DEFINED_TRANSFORMATION('','',#11,#107);
#10709 = PRODUCT_DEFINITION_SHAPE('Placement','Placement of an item',
  #10710);
#10710 = NEXT_ASSEMBLY_USAGE_OCCURRENCE('24','=>[0:1:1:11]','',#5,#9666,
  $);
#10711 = CONTEXT_DEPENDENT_SHAPE_REPRESENTATION(#10712,#10714);
#10712 = ( REPRESENTATION_RELATIONSHIP('','',#9671,#10) 
REPRESENTATION_RELATIONSHIP_WITH_TRANSFORMATION(#10713) 
SHAPE_REPRESENTATION_RELATIONSHIP() );
#10713 = ITEM_DEFINED_TRANSFORMATION('','',#11,#111);
#10714 = PRODUCT_DEFINITION_SHAPE('Placement','Placement of an item',
  #10715);
#10715 = NEXT_ASSEMBLY_USAGE_OCCURRENCE('25','=>[0:1:1:11]','',#5,#9666,
  $);
#10716 = CONTEXT_DEPENDENT_SHAPE_REPRESENTATION(#10717,#10719);
#10717 = ( REPRESENTATION_RELATIONSHIP('','',#9671,#10) 
REPRESENTATION_RELATIONSHIP_WITH_TRANSFORMATION(#10718) 
SHAPE_REPRESENTATION_RELATIONSHIP() );
#10718 = ITEM_DEFINED_TRANSFORMATION('','',#11,#115);
#10719 = PRODUCT_DEFINITION_SHAPE('Placement','Placement of an item',
  #10720);
#10720 = NEXT_ASSEMBLY_USAGE_OCCURRENCE('26','=>[0:1:1:11]','',#5,#9666,
  $);
#10721 = CONTEXT_DEPENDENT_SHAPE_REPRESENTATION(#10722,#10724);
#10722 = ( REPRESENTATION_RELATIONSHIP('','',#9671,#10) 
REPRESENTATION_RELATIONSHIP_WITH_TRANSFORMATION(#10723) 
SHAPE_REPRESENTATION_RELATIONSHIP() );
#10723 = ITEM_DEFINED_TRANSFORMATION('','',#11,#119);
#10724 = PRODUCT_DEFINITION_SHAPE('Placement','Placement of an item',
  #10725);
#10725 = NEXT_ASSEMBLY_USAGE_OCCURRENCE('27','=>[0:1:1:11]','',#5,#9666,
  $);
#10726 = CONTEXT_DEPENDENT_SHAPE_REPRESENTATION(#10727,#10729);
#10727 = ( REPRESENTATION_RELATIONSHIP('','',#9671,#10) 
REPRESENTATION_RELATIONSHIP_WITH_TRANSFORMATION(#10728) 
SHAPE_REPRESENTATION_RELATIONSHIP() );
#10728 = ITEM_DEFINED_TRANSFORMATION('','',#11,#123);
#10729 = PRODUCT_DEFINITION_SHAPE('Placement','Placement of an item',
  #10730);
#10730 = NEXT_ASSEMBLY_USAGE_OCCURRENCE('28','=>[0:1:1:11]','',#5,#9666,
  $);
#10731 = CONTEXT_DEPENDENT_SHAPE_REPRESENTATION(#10732,#10734);
#10732 = ( REPRESENTATION_RELATIONSHIP('','',#9671,#10) 
REPRESENTATION_RELATIONSHIP_WITH_TRANSFORMATION(#10733) 
SHAPE_REPRESENTATION_RELATIONSHIP() );
#10733 = ITEM_DEFINED_TRANSFORMATION('','',#11,#127);
#10734 = PRODUCT_DEFINITION_SHAPE('Placement','Placement of an item',
  #10735);
#10735 = NEXT_ASSEMBLY_USAGE_OCCURRENCE('29','=>[0:1:1:11]','',#5,#9666,
  $);
#10736 = SHAPE_DEFINITION_REPRESENTATION(#10737,#10743);
#10737 = PRODUCT_DEFINITION_SHAPE('','',#10738);
#10738 = PRODUCT_DEFINITION('design','',#10739,#10742);
#10739 = PRODUCT_DEFINITION_FORMATION('','',#10740);
#10740 = PRODUCT('COMPOUND','COMPOUND','',(#10741));
#10741 = PRODUCT_CONTEXT('',#2,'mechanical');
#10742 = PRODUCT_DEFINITION_CONTEXT('part definition',#2,'design');
#10743 = ADVANCED_BREP_SHAPE_REPRESENTATION('',(#11,#10744),#11074);
#10744 = MANIFOLD_SOLID_BREP('',#10745);
#10745 = CLOSED_SHELL('',(#10746,#10866,#10942,#11013,#11060,#11067));
#10746 = ADVANCED_FACE('',(#10747),#10761,.T.);
#10747 = FACE_BOUND('',#10748,.T.);
#10748 = EDGE_LOOP('',(#10749,#10784,#10812,#10840));
#10749 = ORIENTED_EDGE('',*,*,#10750,.T.);
#10750 = EDGE_CURVE('',#10751,#10753,#10755,.T.);
#10751 = VERTEX_POINT('',#10752);
#10752 = CARTESIAN_POINT('',(-200.,-150.,0.));
#10753 = VERTEX_POINT('',#10754);
#10754 = CARTESIAN_POINT('',(-200.,-150.,1.5));
#10755 = SURFACE_CURVE('',#10756,(#10760,#10772),.PCURVE_S1.);
#10756 = LINE('',#10757,#10758);
#10757 = CARTESIAN_POINT('',(-200.,-150.,0.));
#10758 = VECTOR('',#10759,1.);
#10759 = DIRECTION('',(0.,0.,1.));
#10760 = PCURVE('',#10761,#10766);
#10761 = PLANE('',#10762);
#10762 = AXIS2_PLACEMENT_3D('',#10763,#10764,#10765);
#10763 = CARTESIAN_POINT('',(-200.,-150.,0.));
#10764 = DIRECTION('',(-1.,0.,0.));
#10765 = DIRECTION('',(0.,1.,0.));
#10766 = DEFINITIONAL_REPRESENTATION('',(#10767),#10771);
#10767 = LINE('',#10768,#10769);
#10768 = CARTESIAN_POINT('',(0.,0.));
#10769 = VECTOR('',#10770,1.);
#10770 = DIRECTION('',(0.,-1.));
#10771 = ( GEOMETRIC_REPRESENTATION_CONTEXT(2) 
PARAMETRIC_REPRESENTATION_CONTEXT() REPRESENTATION_CONTEXT('2D SPACE',''
  ) );
#10772 = PCURVE('',#10773,#10778);
#10773 = PLANE('',#10774);
#10774 = AXIS2_PLACEMENT_3D('',#10775,#10776,#10777);
#10775 = CARTESIAN_POINT('',(-200.,-150.,0.));
#10776 = DIRECTION('',(0.,1.,0.));
#10777 = DIRECTION('',(1.,0.,0.));
#10778 = DEFINITIONAL_REPRESENTATION('',(#10779),#10783);
#10779 = LINE('',#10780,#10781);
#10780 = CARTESIAN_POINT('',(0.,0.));
#10781 = VECTOR('',#10782,1.);
#10782 = DIRECTION('',(0.,-1.));
#10783 = ( GEOMETRIC_REPRESENTATION_CONTEXT(2) 
PARAMETRIC_REPRESENTATION_CONTEXT() REPRESENTATION_CONTEXT('2D SPACE',''
  ) );
#10784 = ORIENTED_EDGE('',*,*,#10785,.T.);
#10785 = EDGE_CURVE('',#10753,#10786,#10788,.T.);
#10786 = VERTEX_POINT('',#10787);
#10787 = CARTESIAN_POINT('',(-200.,150.,1.5));
#10788 = SURFACE_CURVE('',#10789,(#10793,#10800),.PCURVE_S1.);
#10789 = LINE('',#10790,#10791);
#10790 = CARTESIAN_POINT('',(-200.,0.,1.5));
#10791 = VECTOR('',#10792,1.);
#10792 = DIRECTION('',(0.,1.,0.));
#10793 = PCURVE('',#10761,#10794);
#10794 = DEFINITIONAL_REPRESENTATION('',(#10795),#10799);
#10795 = LINE('',#10796,#10797);
#10796 = CARTESIAN_POINT('',(150.,-1.5));
#10797 = VECTOR('',#10798,1.);
#10798 = DIRECTION('',(1.,0.));
#10799 = ( GEOMETRIC_REPRESENTATION_CONTEXT(2) 
PARAMETRIC_REPRESENTATION_CONTEXT() REPRESENTATION_CONTEXT('2D SPACE',''
  ) );
#10800 = PCURVE('',#10801,#10806);
#10801 = PLANE('',#10802);
#10802 = AXIS2_PLACEMENT_3D('',#10803,#10804,#10805);
#10803 = CARTESIAN_POINT('',(0.,0.,1.5));
#10804 = DIRECTION('',(0.,0.,1.));
#10805 = DIRECTION('',(1.,0.,0.));
#10806 = DEFINITIONAL_REPRESENTATION('',(#10807),#10811);
#10807 = LINE('',#10808,#10809);
#10808 = CARTESIAN_POINT('',(-200.,0.));
#10809 = VECTOR('',#10810,1.);
#10810 = DIRECTION('',(0.,1.));
#10811 = ( GEOMETRIC_REPRESENTATION_CONTEXT(2) 
PARAMETRIC_REPRESENTATION_CONTEXT() REPRESENTATION_CONTEXT('2D SPACE',''
  ) );
#10812 = ORIENTED_EDGE('',*,*,#10813,.F.);
#10813 = EDGE_CURVE('',#10814,#10786,#10816,.T.);
#10814 = VERTEX_POINT('',#10815);
#10815 = CARTESIAN_POINT('',(-200.,150.,0.));
#10816 = SURFACE_CURVE('',#10817,(#10821,#10828),.PCURVE_S1.);
#10817 = LINE('',#10818,#10819);
#10818 = CARTESIAN_POINT('',(-200.,150.,0.));
#10819 = VECTOR('',#10820,1.);
#10820 = DIRECTION('',(0.,0.,1.));
#10821 = PCURVE('',#10761,#10822);
#10822 = DEFINITIONAL_REPRESENTATION('',(#10823),#10827);
#10823 = LINE('',#10824,#10825);
#10824 = CARTESIAN_POINT('',(300.,0.));
#10825 = VECTOR('',#10826,1.);
#10826 = DIRECTION('',(0.,-1.));
#10827 = ( GEOMETRIC_REPRESENTATION_CONTEXT(2) 
PARAMETRIC_REPRESENTATION_CONTEXT() REPRESENTATION_CONTEXT('2D SPACE',''
  ) );
#10828 = PCURVE('',#10829,#10834);
#10829 = PLANE('',#10830);
#10830 = AXIS2_PLACEMENT_3D('',#10831,#10832,#10833);
#10831 = CARTESIAN_POINT('',(-200.,150.,0.));
#10832 = DIRECTION('',(0.,1.,0.));
#10833 = DIRECTION('',(1.,0.,0.));
#10834 = DEFINITIONAL_REPRESENTATION('',(#10835),#10839);
#10835 = LINE('',#10836,#10837);
#10836 = CARTESIAN_POINT('',(0.,0.));
#10837 = VECTOR('',#10838,1.);
#10838 = DIRECTION('',(0.,-1.));
#10839 = ( GEOMETRIC_REPRESENTATION_CONTEXT(2) 
PARAMETRIC_REPRESENTATION_CONTEXT() REPRESENTATION_CONTEXT('2D SPACE',''
  ) );
#10840 = ORIENTED_EDGE('',*,*,#10841,.F.);
#10841 = EDGE_CURVE('',#10751,#10814,#10842,.T.);
#10842 = SURFACE_CURVE('',#10843,(#10847,#10854),.PCURVE_S1.);
#10843 = LINE('',#10844,#10845);
#10844 = CARTESIAN_POINT('',(-200.,0.,0.));
#10845 = VECTOR('',#10846,1.);
#10846 = DIRECTION('',(0.,1.,0.));
#10847 = PCURVE('',#10761,#10848);
#10848 = DEFINITIONAL_REPRESENTATION('',(#10849),#10853);
#10849 = LINE('',#10850,#10851);
#10850 = CARTESIAN_POINT('',(150.,0.));
#10851 = VECTOR('',#10852,1.);
#10852 = DIRECTION('',(1.,0.));
#10853 = ( GEOMETRIC_REPRESENTATION_CONTEXT(2) 
PARAMETRIC_REPRESENTATION_CONTEXT() REPRESENTATION_CONTEXT('2D SPACE',''
  ) );
#10854 = PCURVE('',#10855,#10860);
#10855 = PLANE('',#10856);
#10856 = AXIS2_PLACEMENT_3D('',#10857,#10858,#10859);
#10857 = CARTESIAN_POINT('',(0.,0.,0.));
#10858 = DIRECTION('',(0.,0.,1.));
#10859 = DIRECTION('',(1.,0.,0.));
#10860 = DEFINITIONAL_REPRESENTATION('',(#10861),#10865);
#10861 = LINE('',#10862,#10863);
#10862 = CARTESIAN_POINT('',(-200.,0.));
#10863 = VECTOR('',#10864,1.);
#10864 = DIRECTION('',(0.,1.));
#10865 = ( GEOMETRIC_REPRESENTATION_CONTEXT(2) 
PARAMETRIC_REPRESENTATION_CONTEXT() REPRESENTATION_CONTEXT('2D SPACE',''
  ) );
#10866 = ADVANCED_FACE('',(#10867),#10773,.F.);
#10867 = FACE_BOUND('',#10868,.F.);
#10868 = EDGE_LOOP('',(#10869,#10870,#10893,#10921));
#10869 = ORIENTED_EDGE('',*,*,#10750,.T.);
#10870 = ORIENTED_EDGE('',*,*,#10871,.T.);
#10871 = EDGE_CURVE('',#10753,#10872,#10874,.T.);
#10872 = VERTEX_POINT('',#10873);
#10873 = CARTESIAN_POINT('',(200.,-150.,1.5));
#10874 = SURFACE_CURVE('',#10875,(#10879,#10886),.PCURVE_S1.);
#10875 = LINE('',#10876,#10877);
#10876 = CARTESIAN_POINT('',(0.,-150.,1.5));
#10877 = VECTOR('',#10878,1.);
#10878 = DIRECTION('',(1.,0.,0.));
#10879 = PCURVE('',#10773,#10880);
#10880 = DEFINITIONAL_REPRESENTATION('',(#10881),#10885);
#10881 = LINE('',#10882,#10883);
#10882 = CARTESIAN_POINT('',(200.,-1.5));
#10883 = VECTOR('',#10884,1.);
#10884 = DIRECTION('',(1.,0.));
#10885 = ( GEOMETRIC_REPRESENTATION_CONTEXT(2) 
PARAMETRIC_REPRESENTATION_CONTEXT() REPRESENTATION_CONTEXT('2D SPACE',''
  ) );
#10886 = PCURVE('',#10801,#10887);
#10887 = DEFINITIONAL_REPRESENTATION('',(#10888),#10892);
#10888 = LINE('',#10889,#10890);
#10889 = CARTESIAN_POINT('',(0.,-150.));
#10890 = VECTOR('',#10891,1.);
#10891 = DIRECTION('',(1.,0.));
#10892 = ( GEOMETRIC_REPRESENTATION_CONTEXT(2) 
PARAMETRIC_REPRESENTATION_CONTEXT() REPRESENTATION_CONTEXT('2D SPACE',''
  ) );
#10893 = ORIENTED_EDGE('',*,*,#10894,.F.);
#10894 = EDGE_CURVE('',#10895,#10872,#10897,.T.);
#10895 = VERTEX_POINT('',#10896);
#10896 = CARTESIAN_POINT('',(200.,-150.,0.));
#10897 = SURFACE_CURVE('',#10898,(#10902,#10909),.PCURVE_S1.);
#10898 = LINE('',#10899,#10900);
#10899 = CARTESIAN_POINT('',(200.,-150.,0.));
#10900 = VECTOR('',#10901,1.);
#10901 = DIRECTION('',(0.,0.,1.));
#10902 = PCURVE('',#10773,#10903);
#10903 = DEFINITIONAL_REPRESENTATION('',(#10904),#10908);
#10904 = LINE('',#10905,#10906);
#10905 = CARTESIAN_POINT('',(400.,0.));
#10906 = VECTOR('',#10907,1.);
#10907 = DIRECTION('',(0.,-1.));
#10908 = ( GEOMETRIC_REPRESENTATION_CONTEXT(2) 
PARAMETRIC_REPRESENTATION_CONTEXT() REPRESENTATION_CONTEXT('2D SPACE',''
  ) );
#10909 = PCURVE('',#10910,#10915);
#10910 = PLANE('',#10911);
#10911 = AXIS2_PLACEMENT_3D('',#10912,#10913,#10914);
#10912 = CARTESIAN_POINT('',(200.,-150.,0.));
#10913 = DIRECTION('',(-1.,0.,0.));
#10914 = DIRECTION('',(0.,1.,0.));
#10915 = DEFINITIONAL_REPRESENTATION('',(#10916),#10920);
#10916 = LINE('',#10917,#10918);
#10917 = CARTESIAN_POINT('',(0.,0.));
#10918 = VECTOR('',#10919,1.);
#10919 = DIRECTION('',(0.,-1.));
#10920 = ( GEOMETRIC_REPRESENTATION_CONTEXT(2) 
PARAMETRIC_REPRESENTATION_CONTEXT() REPRESENTATION_CONTEXT('2D SPACE',''
  ) );
#10921 = ORIENTED_EDGE('',*,*,#10922,.F.);
#10922 = EDGE_CURVE('',#10751,#10895,#10923,.T.);
#10923 = SURFACE_CURVE('',#10924,(#10928,#10935),.PCURVE_S1.);
#10924 = LINE('',#10925,#10926);
#10925 = CARTESIAN_POINT('',(0.,-150.,0.));
#10926 = VECTOR('',#10927,1.);
#10927 = DIRECTION('',(1.,0.,0.));
#10928 = PCURVE('',#10773,#10929);
#10929 = DEFINITIONAL_REPRESENTATION('',(#10930),#10934);
#10930 = LINE('',#10931,#10932);
#10931 = CARTESIAN_POINT('',(200.,0.));
#10932 = VECTOR('',#10933,1.);
#10933 = DIRECTION('',(1.,0.));
#10934 = ( GEOMETRIC_REPRESENTATION_CONTEXT(2) 
PARAMETRIC_REPRESENTATION_CONTEXT() REPRESENTATION_CONTEXT('2D SPACE',''
  ) );
#10935 = PCURVE('',#10855,#10936);
#10936 = DEFINITIONAL_REPRESENTATION('',(#10937),#10941);
#10937 = LINE('',#10938,#10939);
#10938 = CARTESIAN_POINT('',(0.,-150.));
#10939 = VECTOR('',#10940,1.);
#10940 = DIRECTION('',(1.,0.));
#10941 = ( GEOMETRIC_REPRESENTATION_CONTEXT(2) 
PARAMETRIC_REPRESENTATION_CONTEXT() REPRESENTATION_CONTEXT('2D SPACE',''
  ) );
#10942 = ADVANCED_FACE('',(#10943),#10910,.F.);
#10943 = FACE_BOUND('',#10944,.F.);
#10944 = EDGE_LOOP('',(#10945,#10946,#10969,#10992));
#10945 = ORIENTED_EDGE('',*,*,#10894,.T.);
#10946 = ORIENTED_EDGE('',*,*,#10947,.T.);
#10947 = EDGE_CURVE('',#10872,#10948,#10950,.T.);
#10948 = VERTEX_POINT('',#10949);
#10949 = CARTESIAN_POINT('',(200.,150.,1.5));
#10950 = SURFACE_CURVE('',#10951,(#10955,#10962),.PCURVE_S1.);
#10951 = LINE('',#10952,#10953);
#10952 = CARTESIAN_POINT('',(200.,0.,1.5));
#10953 = VECTOR('',#10954,1.);
#10954 = DIRECTION('',(0.,1.,0.));
#10955 = PCURVE('',#10910,#10956);
#10956 = DEFINITIONAL_REPRESENTATION('',(#10957),#10961);
#10957 = LINE('',#10958,#10959);
#10958 = CARTESIAN_POINT('',(150.,-1.5));
#10959 = VECTOR('',#10960,1.);
#10960 = DIRECTION('',(1.,0.));
#10961 = ( GEOMETRIC_REPRESENTATION_CONTEXT(2) 
PARAMETRIC_REPRESENTATION_CONTEXT() REPRESENTATION_CONTEXT('2D SPACE',''
  ) );
#10962 = PCURVE('',#10801,#10963);
#10963 = DEFINITIONAL_REPRESENTATION('',(#10964),#10968);
#10964 = LINE('',#10965,#10966);
#10965 = CARTESIAN_POINT('',(200.,0.));
#10966 = VECTOR('',#10967,1.);
#10967 = DIRECTION('',(0.,1.));
#10968 = ( GEOMETRIC_REPRESENTATION_CONTEXT(2) 
PARAMETRIC_REPRESENTATION_CONTEXT() REPRESENTATION_CONTEXT('2D SPACE',''
  ) );
#10969 = ORIENTED_EDGE('',*,*,#10970,.F.);
#10970 = EDGE_CURVE('',#10971,#10948,#10973,.T.);
#10971 = VERTEX_POINT('',#10972);
#10972 = CARTESIAN_POINT('',(200.,150.,0.));
#10973 = SURFACE_CURVE('',#10974,(#10978,#10985),.PCURVE_S1.);
#10974 = LINE('',#10975,#10976);
#10975 = CARTESIAN_POINT('',(200.,150.,0.));
#10976 = VECTOR('',#10977,1.);
#10977 = DIRECTION('',(0.,0.,1.));
#10978 = PCURVE('',#10910,#10979);
#10979 = DEFINITIONAL_REPRESENTATION('',(#10980),#10984);
#10980 = LINE('',#10981,#10982);
#10981 = CARTESIAN_POINT('',(300.,0.));
#10982 = VECTOR('',#10983,1.);
#10983 = DIRECTION('',(0.,-1.));
#10984 = ( GEOMETRIC_REPRESENTATION_CONTEXT(2) 
PARAMETRIC_REPRESENTATION_CONTEXT() REPRESENTATION_CONTEXT('2D SPACE',''
  ) );
#10985 = PCURVE('',#10829,#10986);
#10986 = DEFINITIONAL_REPRESENTATION('',(#10987),#10991);
#10987 = LINE('',#10988,#10989);
#10988 = CARTESIAN_POINT('',(400.,0.));
#10989 = VECTOR('',#10990,1.);
#10990 = DIRECTION('',(0.,-1.));
#10991 = ( GEOMETRIC_REPRESENTATION_CONTEXT(2) 
PARAMETRIC_REPRESENTATION_CONTEXT() REPRESENTATION_CONTEXT('2D SPACE',''
  ) );
#10992 = ORIENTED_EDGE('',*,*,#10993,.F.);
#10993 = EDGE_CURVE('',#10895,#10971,#10994,.T.);
#10994 = SURFACE_CURVE('',#10995,(#10999,#11006),.PCURVE_S1.);
#10995 = LINE('',#10996,#10997);
#10996 = CARTESIAN_POINT('',(200.,0.,0.));
#10997 = VECTOR('',#10998,1.);
#10998 = DIRECTION('',(0.,1.,0.));
#10999 = PCURVE('',#10910,#11000);
#11000 = DEFINITIONAL_REPRESENTATION('',(#11001),#11005);
#11001 = LINE('',#11002,#11003);
#11002 = CARTESIAN_POINT('',(150.,0.));
#11003 = VECTOR('',#11004,1.);
#11004 = DIRECTION('',(1.,0.));
#11005 = ( GEOMETRIC_REPRESENTATION_CONTEXT(2) 
PARAMETRIC_REPRESENTATION_CONTEXT() REPRESENTATION_CONTEXT('2D SPACE',''
  ) );
#11006 = PCURVE('',#10855,#11007);
#11007 = DEFINITIONAL_REPRESENTATION('',(#11008),#11012);
#11008 = LINE('',#11009,#11010);
#11009 = CARTESIAN_POINT('',(200.,0.));
#11010 = VECTOR('',#11011,1.);
#11011 = DIRECTION('',(0.,1.));
#11012 = ( GEOMETRIC_REPRESENTATION_CONTEXT(2) 
PARAMETRIC_REPRESENTATION_CONTEXT() REPRESENTATION_CONTEXT('2D SPACE',''
  ) );
#11013 = ADVANCED_FACE('',(#11014),#10829,.T.);
#11014 = FACE_BOUND('',#11015,.T.);
#11015 = EDGE_LOOP('',(#11016,#11017,#11038,#11039));
#11016 = ORIENTED_EDGE('',*,*,#10813,.T.);
#11017 = ORIENTED_EDGE('',*,*,#11018,.T.);
#11018 = EDGE_CURVE('',#10786,#10948,#11019,.T.);
#11019 = SURFACE_CURVE('',#11020,(#11024,#11031),.PCURVE_S1.);
#11020 = LINE('',#11021,#11022);
#11021 = CARTESIAN_POINT('',(0.,150.,1.5));
#11022 = VECTOR('',#11023,1.);
#11023 = DIRECTION('',(1.,0.,0.));
#11024 = PCURVE('',#10829,#11025);
#11025 = DEFINITIONAL_REPRESENTATION('',(#11026),#11030);
#11026 = LINE('',#11027,#11028);
#11027 = CARTESIAN_POINT('',(200.,-1.5));
#11028 = VECTOR('',#11029,1.);
#11029 = DIRECTION('',(1.,0.));
#11030 = ( GEOMETRIC_REPRESENTATION_CONTEXT(2) 
PARAMETRIC_REPRESENTATION_CONTEXT() REPRESENTATION_CONTEXT('2D SPACE',''
  ) );
#11031 = PCURVE('',#10801,#11032);
#11032 = DEFINITIONAL_REPRESENTATION('',(#11033),#11037);
#11033 = LINE('',#11034,#11035);
#11034 = CARTESIAN_POINT('',(0.,150.));
#11035 = VECTOR('',#11036,1.);
#11036 = DIRECTION('',(1.,0.));
#11037 = ( GEOMETRIC_REPRESENTATION_CONTEXT(2) 
PARAMETRIC_REPRESENTATION_CONTEXT() REPRESENTATION_CONTEXT('2D SPACE',''
  ) );
#11038 = ORIENTED_EDGE('',*,*,#10970,.F.);
#11039 = ORIENTED_EDGE('',*,*,#11040,.F.);
#11040 = EDGE_CURVE('',#10814,#10971,#11041,.T.);
#11041 = SURFACE_CURVE('',#11042,(#11046,#11053),.PCURVE_S1.);
#11042 = LINE('',#11043,#11044);
#11043 = CARTESIAN_POINT('',(0.,150.,0.));
#11044 = VECTOR('',#11045,1.);
#11045 = DIRECTION('',(1.,0.,0.));
#11046 = PCURVE('',#10829,#11047);
#11047 = DEFINITIONAL_REPRESENTATION('',(#11048),#11052);
#11048 = LINE('',#11049,#11050);
#11049 = CARTESIAN_POINT('',(200.,0.));
#11050 = VECTOR('',#11051,1.);
#11051 = DIRECTION('',(1.,0.));
#11052 = ( GEOMETRIC_REPRESENTATION_CONTEXT(2) 
PARAMETRIC_REPRESENTATION_CONTEXT() REPRESENTATION_CONTEXT('2D SPACE',''
  ) );
#11053 = PCURVE('',#10855,#11054);
#11054 = DEFINITIONAL_REPRESENTATION('',(#11055),#11059);
#11055 = LINE('',#11056,#11057);
#11056 = CARTESIAN_POINT('',(0.,150.));
#11057 = VECTOR('',#11058,1.);
#11058 = DIRECTION('',(1.,0.));
#11059 = ( GEOMETRIC_REPRESENTATION_CONTEXT(2) 
PARAMETRIC_REPRESENTATION_CONTEXT() REPRESENTATION_CONTEXT('2D SPACE',''
  ) );
#11060 = ADVANCED_FACE('',(#11061),#10855,.F.);
#11061 = FACE_BOUND('',#11062,.F.);
#11062 = EDGE_LOOP('',(#11063,#11064,#11065,#11066));
#11063 = ORIENTED_EDGE('',*,*,#10841,.F.);
#11064 = ORIENTED_EDGE('',*,*,#10922,.T.);
#11065 = ORIENTED_EDGE('',*,*,#10993,.T.);
#11066 = ORIENTED_EDGE('',*,*,#11040,.F.);
#11067 = ADVANCED_FACE('',(#11068),#10801,.T.);
#11068 = FACE_BOUND('',#11069,.T.);
#11069 = EDGE_LOOP('',(#11070,#11071,#11072,#11073));
#11070 = ORIENTED_EDGE('',*,*,#10785,.F.);
#11071 = ORIENTED_EDGE('',*,*,#10871,.T.);
#11072 = ORIENTED_EDGE('',*,*,#10947,.T.);
#11073 = ORIENTED_EDGE('',*,*,#11018,.F.);
#11074 = ( GEOMETRIC_REPRESENTATION_CONTEXT(3) 
GLOBAL_UNCERTAINTY_ASSIGNED_CONTEXT((#11078)) 
GLOBAL_UNIT_ASSIGNED_CONTEXT((#11075,#11076,#11077)) 
REPRESENTATION_CONTEXT('Context #1',
  '3D Context with UNIT and UNCERTAINTY') );
#11075 = ( LENGTH_UNIT() NAMED_UNIT(*) SI_UNIT(.MILLI.,.METRE.) );
#11076 = ( NAMED_UNIT(*) PLANE_ANGLE_UNIT() SI_UNIT($,.RADIAN.) );
#11077 = ( NAMED_UNIT(*) SI_UNIT($,.STERADIAN.) SOLID_ANGLE_UNIT() );
#11078 = UNCERTAINTY_MEASURE_WITH_UNIT(LENGTH_MEASURE(1.E-07),#11075,
  'distance_accuracy_value','confusion accuracy');
#11079 = CONTEXT_DEPENDENT_SHAPE_REPRESENTATION(#11080,#11082);
#11080 = ( REPRESENTATION_RELATIONSHIP('','',#10743,#10) 
REPRESENTATION_RELATIONSHIP_WITH_TRANSFORMATION(#11081) 
SHAPE_REPRESENTATION_RELATIONSHIP() );
#11081 = ITEM_DEFINED_TRANSFORMATION('','',#11,#131);
#11082 = PRODUCT_DEFINITION_SHAPE('Placement','Placement of an item',
  #11083);
#11083 = NEXT_ASSEMBLY_USAGE_OCCURRENCE('30','=>[0:1:1:12]','',#5,#10738
  ,$);
#11084 = PRODUCT_RELATED_PRODUCT_CATEGORY('part',$,(#10740));
#11085 = CONTEXT_DEPENDENT_SHAPE_REPRESENTATION(#11086,#11088);
#11086 = ( REPRESENTATION_RELATIONSHIP('','',#10743,#10) 
REPRESENTATION_RELATIONSHIP_WITH_TRANSFORMATION(#11087) 
SHAPE_REPRESENTATION_RELATIONSHIP() );
#11087 = ITEM_DEFINED_TRANSFORMATION('','',#11,#135);
#11088 = PRODUCT_DEFINITION_SHAPE('Placement','Placement of an item',
  #11089);
#11089 = NEXT_ASSEMBLY_USAGE_OCCURRENCE('31','=>[0:1:1:12]','',#5,#10738
  ,$);
#11090 = CONTEXT_DEPENDENT_SHAPE_REPRESENTATION(#11091,#11093);
#11091 = ( REPRESENTATION_RELATIONSHIP('','',#10743,#10) 
REPRESENTATION_RELATIONSHIP_WITH_TRANSFORMATION(#11092) 
SHAPE_REPRESENTATION_RELATIONSHIP() );
#11092 = ITEM_DEFINED_TRANSFORMATION('','',#11,#139);
#11093 = PRODUCT_DEFINITION_SHAPE('Placement','Placement of an item',
  #11094);
#11094 = NEXT_ASSEMBLY_USAGE_OCCURRENCE('32','=>[0:1:1:12]','',#5,#10738
  ,$);
#11095 = CONTEXT_DEPENDENT_SHAPE_REPRESENTATION(#11096,#11098);
#11096 = ( REPRESENTATION_RELATIONSHIP('','',#10743,#10) 
REPRESENTATION_RELATIONSHIP_WITH_TRANSFORMATION(#11097) 
SHAPE_REPRESENTATION_RELATIONSHIP() );
#11097 = ITEM_DEFINED_TRANSFORMATION('','',#11,#143);
#11098 = PRODUCT_DEFINITION_SHAPE('Placement','Placement of an item',
  #11099);
#11099 = NEXT_ASSEMBLY_USAGE_OCCURRENCE('33','=>[0:1:1:12]','',#5,#10738
  ,$);
#11100 = CONTEXT_DEPENDENT_SHAPE_REPRESENTATION(#11101,#11103);
#11101 = ( REPRESENTATION_RELATIONSHIP('','',#10743,#10) 
REPRESENTATION_RELATIONSHIP_WITH_TRANSFORMATION(#11102) 
SHAPE_REPRESENTATION_RELATIONSHIP() );
#11102 = ITEM_DEFINED_TRANSFORMATION('','',#11,#147);
#11103 = PRODUCT_DEFINITION_SHAPE('Placement','Placement of an item',
  #11104);
#11104 = NEXT_ASSEMBLY_USAGE_OCCURRENCE('34','=>[0:1:1:12]','',#5,#10738
  ,$);
#11105 = CONTEXT_DEPENDENT_SHAPE_REPRESENTATION(#11106,#11108);
#11106 = ( REPRESENTATION_RELATIONSHIP('','',#10743,#10) 
REPRESENTATION_RELATIONSHIP_WITH_TRANSFORMATION(#11107) 
SHAPE_REPRESENTATION_RELATIONSHIP() );
#11107 = ITEM_DEFINED_TRANSFORMATION('','',#11,#151);
#11108 = PRODUCT_DEFINITION_SHAPE('Placement','Placement of an item',
  #11109);
#11109 = NEXT_ASSEMBLY_USAGE_OCCURRENCE('35','=>[0:1:1:12]','',#5,#10738
  ,$);
#11110 = CONTEXT_DEPENDENT_SHAPE_REPRESENTATION(#11111,#11113);
#11111 = ( REPRESENTATION_RELATIONSHIP('','',#10743,#10) 
REPRESENTATION_RELATIONSHIP_WITH_TRANSFORMATION(#11112) 
SHAPE_REPRESENTATION_RELATIONSHIP() );
#11112 = ITEM_DEFINED_TRANSFORMATION('','',#11,#155);
#11113 = PRODUCT_DEFINITION_SHAPE('Placement','Placement of an item',
  #11114);
#11114 = NEXT_ASSEMBLY_USAGE_OCCURRENCE('36','=>[0:1:1:12]','',#5,#10738
  ,$);
#11115 = CONTEXT_DEPENDENT_SHAPE_REPRESENTATION(#11116,#11118);
#11116 = ( REPRESENTATION_RELATIONSHIP('','',#10743,#10) 
REPRESENTATION_RELATIONSHIP_WITH_TRANSFORMATION(#11117) 
SHAPE_REPRESENTATION_RELATIONSHIP() );
#11117 = ITEM_DEFINED_TRANSFORMATION('','',#11,#159);
#11118 = PRODUCT_DEFINITION_SHAPE('Placement','Placement of an item',
  #11119);
#11119 = NEXT_ASSEMBLY_USAGE_OCCURRENCE('37','=>[0:1:1:12]','',#5,#10738
  ,$);
#11120 = CONTEXT_DEPENDENT_SHAPE_REPRESENTATION(#11121,#11123);
#11121 = ( REPRESENTATION_RELATIONSHIP('','',#10743,#10) 
REPRESENTATION_RELATIONSHIP_WITH_TRANSFORMATION(#11122) 
SHAPE_REPRESENTATION_RELATIONSHIP() );
#11122 = ITEM_DEFINED_TRANSFORMATION('','',#11,#163);
#11123 = PRODUCT_DEFINITION_SHAPE('Placement','Placement of an item',
  #11124);
#11124 = NEXT_ASSEMBLY_USAGE_OCCURRENCE('38','=>[0:1:1:12]','',#5,#10738
  ,$);
#11125 = CONTEXT_DEPENDENT_SHAPE_REPRESENTATION(#11126,#11128);
#11126 = ( REPRESENTATION_RELATIONSHIP('','',#10743,#10) 
REPRESENTATION_RELATIONSHIP_WITH_TRANSFORMATION(#11127) 
SHAPE_REPRESENTATION_RELATIONSHIP() );
#11127 = ITEM_DEFINED_TRANSFORMATION('','',#11,#167);
#11128 = PRODUCT_DEFINITION_SHAPE('Placement','Placement of an item',
  #11129);
#11129 = NEXT_ASSEMBLY_USAGE_OCCURRENCE('39','=>[0:1:1:12]','',#5,#10738
  ,$);
#11130 = CONTEXT_DEPENDENT_SHAPE_REPRESENTATION(#11131,#11133);
#11131 = ( REPRESENTATION_RELATIONSHIP('','',#10743,#10) 
REPRESENTATION_RELATIONSHIP_WITH_TRANSFORMATION(#11132) 
SHAPE_REPRESENTATION_RELATIONSHIP() );
#11132 = ITEM_DEFINED_TRANSFORMATION('','',#11,#171);
#11133 = PRODUCT_DEFINITION_SHAPE('Placement','Placement of an item',
  #11134);
#11134 = NEXT_ASSEMBLY_USAGE_OCCURRENCE('40','=>[0:1:1:12]','',#5,#10738
  ,$);
#11135 = CONTEXT_DEPENDENT_SHAPE_REPRESENTATION(#11136,#11138);
#11136 = ( REPRESENTATION_RELATIONSHIP('','',#10743,#10) 
REPRESENTATION_RELATIONSHIP_WITH_TRANSFORMATION(#11137) 
SHAPE_REPRESENTATION_RELATIONSHIP() );
#11137 = ITEM_DEFINED_TRANSFORMATION('','',#11,#175);
#11138 = PRODUCT_DEFINITION_SHAPE('Placement','Placement of an item',
  #11139);
#11139 = NEXT_ASSEMBLY_USAGE_OCCURRENCE('41','=>[0:1:1:12]','',#5,#10738
  ,$);
#11140 = CONTEXT_DEPENDENT_SHAPE_REPRESENTATION(#11141,#11143);
#11141 = ( REPRESENTATION_RELATIONSHIP('','',#10743,#10) 
REPRESENTATION_RELATIONSHIP_WITH_TRANSFORMATION(#11142) 
SHAPE_REPRESENTATION_RELATIONSHIP() );
#11142 = ITEM_DEFINED_TRANSFORMATION('','',#11,#179);
#11143 = PRODUCT_DEFINITION_SHAPE('Placement','Placement of an item',
  #11144);
#11144 = NEXT_ASSEMBLY_USAGE_OCCURRENCE('42','=>[0:1:1:12]','',#5,#10738
  ,$);
#11145 = CONTEXT_DEPENDENT_SHAPE_REPRESENTATION(#11146,#11148);
#11146 = ( REPRESENTATION_RELATIONSHIP('','',#10743,#10) 
REPRESENTATION_RELATIONSHIP_WITH_TRANSFORMATION(#11147) 
SHAPE_REPRESENTATION_RELATIONSHIP() );
#11147 = ITEM_DEFINED_TRANSFORMATION('','',#11,#183);
#11148 = PRODUCT_DEFINITION_SHAPE('Placement','Placement of an item',
  #11149);
#11149 = NEXT_ASSEMBLY_USAGE_OCCURRENCE('43','=>[0:1:1:12]','',#5,#10738
  ,$);
#11150 = CONTEXT_DEPENDENT_SHAPE_REPRESENTATION(#11151,#11153);
#11151 = ( REPRESENTATION_RELATIONSHIP('','',#10743,#10) 
REPRESENTATION_RELATIONSHIP_WITH_TRANSFORMATION(#11152) 
SHAPE_REPRESENTATION_RELATIONSHIP() );
#11152 = ITEM_DEFINED_TRANSFORMATION('','',#11,#187);
#11153 = PRODUCT_DEFINITION_SHAPE('Placement','Placement of an item',
  #11154);
#11154 = NEXT_ASSEMBLY_USAGE_OCCURRENCE('44','=>[0:1:1:12]','',#5,#10738
  ,$);
#11155 = CONTEXT_DEPENDENT_SHAPE_REPRESENTATION(#11156,#11158);
#11156 = ( REPRESENTATION_RELATIONSHIP('','',#10743,#10) 
REPRESENTATION_RELATIONSHIP_WITH_TRANSFORMATION(#11157) 
SHAPE_REPRESENTATION_RELATIONSHIP() );
#11157 = ITEM_DEFINED_TRANSFORMATION('','',#11,#191);
#11158 = PRODUCT_DEFINITION_SHAPE('Placement','Placement of an item',
  #11159);
#11159 = NEXT_ASSEMBLY_USAGE_OCCURRENCE('45','=>[0:1:1:12]','',#5,#10738
  ,$);
#11160 = CONTEXT_DEPENDENT_SHAPE_REPRESENTATION(#11161,#11163);
#11161 = ( REPRESENTATION_RELATIONSHIP('','',#10743,#10) 
REPRESENTATION_RELATIONSHIP_WITH_TRANSFORMATION(#11162) 
SHAPE_REPRESENTATION_RELATIONSHIP() );
#11162 = ITEM_DEFINED_TRANSFORMATION('','',#11,#195);
#11163 = PRODUCT_DEFINITION_SHAPE('Placement','Placement of an item',
  #11164);
#11164 = NEXT_ASSEMBLY_USAGE_OCCURRENCE('46','=>[0:1:1:12]','',#5,#10738
  ,$);
#11165 = CONTEXT_DEPENDENT_SHAPE_REPRESENTATION(#11166,#11168);
#11166 = ( REPRESENTATION_RELATIONSHIP('','',#10743,#10) 
REPRESENTATION_RELATIONSHIP_WITH_TRANSFORMATION(#11167) 
SHAPE_REPRESENTATION_RELATIONSHIP() );
#11167 = ITEM_DEFINED_TRANSFORMATION('','',#11,#199);
#11168 = PRODUCT_DEFINITION_SHAPE('Placement','Placement of an item',
  #11169);
#11169 = NEXT_ASSEMBLY_USAGE_OCCURRENCE('47','=>[0:1:1:12]','',#5,#10738
  ,$);
#11170 = CONTEXT_DEPENDENT_SHAPE_REPRESENTATION(#11171,#11173);
#11171 = ( REPRESENTATION_RELATIONSHIP('','',#10743,#10) 
REPRESENTATION_RELATIONSHIP_WITH_TRANSFORMATION(#11172) 
SHAPE_REPRESENTATION_RELATIONSHIP() );
#11172 = ITEM_DEFINED_TRANSFORMATION('','',#11,#203);
#11173 = PRODUCT_DEFINITION_SHAPE('Placement','Placement of an item',
  #11174);
#11174 = NEXT_ASSEMBLY_USAGE_OCCURRENCE('48','=>[0:1:1:12]','',#5,#10738
  ,$);
#11175 = CONTEXT_DEPENDENT_SHAPE_REPRESENTATION(#11176,#11178);
#11176 = ( REPRESENTATION_RELATIONSHIP('','',#10743,#10) 
REPRESENTATION_RELATIONSHIP_WITH_TRANSFORMATION(#11177) 
SHAPE_REPRESENTATION_RELATIONSHIP() );
#11177 = ITEM_DEFINED_TRANSFORMATION('','',#11,#207);
#11178 = PRODUCT_DEFINITION_SHAPE('Placement','Placement of an item',
  #11179);
#11179 = NEXT_ASSEMBLY_USAGE_OCCURRENCE('49','=>[0:1:1:12]','',#5,#10738
  ,$);
ENDSEC;
END-ISO-10303-21;
