ISO-10303-21;
HEADER;
FILE_DESCRIPTION(('Open CASCADE Model'),'2;1');
FILE_NAME('Open CASCADE Shape Model','2026-08-11T23:14:42',('Author'),(
    'Open CASCADE'),'Open CASCADE STEP processor 7.9','build123d',
  'Unknown');
FILE_SCHEMA(('AUTOMOTIVE_DESIGN { 1 0 10303 214 1 1 1 1 }'));
ENDSEC;
DATA;
#1 = APPLICATION_PROTOCOL_DEFINITION('international standard',
  'automotive_design',2000,#2);
#2 = APPLICATION_CONTEXT(
  'core data for automotive mechanical design processes');
#3 = SHAPE_DEFINITION_REPRESENTATION(#4,#10);
#4 = PRODUCT_DEFINITION_SHAPE('','',#5);
#5 = PRODUCT_DEFINITION('design','',#6,#9);
#6 = PRODUCT_DEFINITION_FORMATION('','',#7);
#7 = PRODUCT('COMPOUND','COMPOUND','',(#8));
#8 = PRODUCT_CONTEXT('',#2,'mechanical');
#9 = PRODUCT_DEFINITION_CONTEXT('part definition',#2,'design');
#10 = SHAPE_REPRESENTATION('',(#11,#15,#19,#23,#27,#31,#35,#39,#43,#47,
    #51,#55,#59,#63,#67,#71,#75,#79,#83,#87,#91,#95,#99,#103,#107,#111,
    #115,#119,#123,#127,#131,#135,#139,#143,#147,#151,#155,#159,#163,
    #167,#171,#175,#179,#183,#187,#191,#195,#199,#203,#207,#211,#215,
    #219,#223),#227);
#11 = AXIS2_PLACEMENT_3D('',#12,#13,#14);
#12 = CARTESIAN_POINT('',(0.,0.,0.));
#13 = DIRECTION('',(0.,0.,1.));
#14 = DIRECTION('',(1.,0.,-0.));
#15 = AXIS2_PLACEMENT_3D('',#16,#17,#18);
#16 = CARTESIAN_POINT('',(0.,0.,0.));
#17 = DIRECTION('',(0.,0.,1.));
#18 = DIRECTION('',(1.,0.,-0.));
#19 = AXIS2_PLACEMENT_3D('',#20,#21,#22);
#20 = CARTESIAN_POINT('',(0.,0.,0.));
#21 = DIRECTION('',(0.,0.,1.));
#22 = DIRECTION('',(1.,0.,-0.));
#23 = AXIS2_PLACEMENT_3D('',#24,#25,#26);
#24 = CARTESIAN_POINT('',(0.,0.,0.));
#25 = DIRECTION('',(0.,0.,1.));
#26 = DIRECTION('',(1.,0.,-0.));
#27 = AXIS2_PLACEMENT_3D('',#28,#29,#30);
#28 = CARTESIAN_POINT('',(0.,0.,0.));
#29 = DIRECTION('',(0.,0.,1.));
#30 = DIRECTION('',(1.,0.,-0.));
#31 = AXIS2_PLACEMENT_3D('',#32,#33,#34);
#32 = CARTESIAN_POINT('',(0.,0.,0.));
#33 = DIRECTION('',(0.,0.,1.));
#34 = DIRECTION('',(1.,0.,-0.));
#35 = AXIS2_PLACEMENT_3D('',#36,#37,#38);
#36 = CARTESIAN_POINT('',(0.,0.,0.));
#37 = DIRECTION('',(0.,0.,1.));
#38 = DIRECTION('',(1.,0.,-0.));
#39 = AXIS2_PLACEMENT_3D('',#40,#41,#42);
#40 = CARTESIAN_POINT('',(0.,0.,0.));
#41 = DIRECTION('',(0.,0.,1.));
#42 = DIRECTION('',(1.,0.,-0.));
#43 = AXIS2_PLACEMENT_3D('',#44,#45,#46);
#44 = CARTESIAN_POINT('',(0.,0.,0.));
#45 = DIRECTION('',(0.,0.,1.));
#46 = DIRECTION('',(1.,0.,-0.));
#47 = AXIS2_PLACEMENT_3D('',#48,#49,#50);
#48 = CARTESIAN_POINT('',(0.,0.,0.));
#49 = DIRECTION('',(0.,0.,1.));
#50 = DIRECTION('',(1.,0.,-0.));
#51 = AXIS2_PLACEMENT_3D('',#52,#53,#54);
#52 = CARTESIAN_POINT('',(0.,0.,0.));
#53 = DIRECTION('',(0.,0.,1.));
#54 = DIRECTION('',(1.,0.,-0.));
#55 = AXIS2_PLACEMENT_3D('',#56,#57,#58);
#56 = CARTESIAN_POINT('',(0.,0.,0.));
#57 = DIRECTION('',(0.,0.,1.));
#58 = DIRECTION('',(1.,0.,-0.));
#59 = AXIS2_PLACEMENT_3D('',#60,#61,#62);
#60 = CARTESIAN_POINT('',(0.,0.,0.));
#61 = DIRECTION('',(0.,0.,1.));
#62 = DIRECTION('',(1.,0.,-0.));
#63 = AXIS2_PLACEMENT_3D('',#64,#65,#66);
#64 = CARTESIAN_POINT('',(0.,0.,0.));
#65 = DIRECTION('',(0.,0.,1.));
#66 = DIRECTION('',(1.,0.,-0.));
#67 = AXIS2_PLACEMENT_3D('',#68,#69,#70);
#68 = CARTESIAN_POINT('',(0.,21.,-602.5));
#69 = DIRECTION('',(0.,0.,1.));
#70 = DIRECTION('',(1.,0.,-0.));
#71 = AXIS2_PLACEMENT_3D('',#72,#73,#74);
#72 = CARTESIAN_POINT('',(0.,21.,-541.));
#73 = DIRECTION('',(0.,0.,1.));
#74 = DIRECTION('',(1.,0.,-0.));
#75 = AXIS2_PLACEMENT_3D('',#76,#77,#78);
#76 = CARTESIAN_POINT('',(0.,21.,-479.5));
#77 = DIRECTION('',(0.,0.,1.));
#78 = DIRECTION('',(1.,0.,-0.));
#79 = AXIS2_PLACEMENT_3D('',#80,#81,#82);
#80 = CARTESIAN_POINT('',(0.,21.,-418.));
#81 = DIRECTION('',(0.,0.,1.));
#82 = DIRECTION('',(1.,0.,-0.));
#83 = AXIS2_PLACEMENT_3D('',#84,#85,#86);
#84 = CARTESIAN_POINT('',(0.,21.,-356.5));
#85 = DIRECTION('',(0.,0.,1.));
#86 = DIRECTION('',(1.,0.,-0.));
#87 = AXIS2_PLACEMENT_3D('',#88,#89,#90);
#88 = CARTESIAN_POINT('',(0.,21.,-295.));
#89 = DIRECTION('',(0.,0.,1.));
#90 = DIRECTION('',(1.,0.,-0.));
#91 = AXIS2_PLACEMENT_3D('',#92,#93,#94);
#92 = CARTESIAN_POINT('',(0.,21.,-233.5));
#93 = DIRECTION('',(0.,0.,1.));
#94 = DIRECTION('',(1.,0.,-0.));
#95 = AXIS2_PLACEMENT_3D('',#96,#97,#98);
#96 = CARTESIAN_POINT('',(0.,21.,-172.));
#97 = DIRECTION('',(0.,0.,1.));
#98 = DIRECTION('',(1.,0.,-0.));
#99 = AXIS2_PLACEMENT_3D('',#100,#101,#102);
#100 = CARTESIAN_POINT('',(0.,21.,-110.5));
#101 = DIRECTION('',(0.,0.,1.));
#102 = DIRECTION('',(1.,0.,-0.));
#103 = AXIS2_PLACEMENT_3D('',#104,#105,#106);
#104 = CARTESIAN_POINT('',(0.,21.,-49.));
#105 = DIRECTION('',(0.,0.,1.));
#106 = DIRECTION('',(1.,0.,-0.));
#107 = AXIS2_PLACEMENT_3D('',#108,#109,#110);
#108 = CARTESIAN_POINT('',(0.,21.,12.5));
#109 = DIRECTION('',(0.,0.,1.));
#110 = DIRECTION('',(1.,0.,-0.));
#111 = AXIS2_PLACEMENT_3D('',#112,#113,#114);
#112 = CARTESIAN_POINT('',(0.,21.,74.));
#113 = DIRECTION('',(0.,0.,1.));
#114 = DIRECTION('',(1.,0.,-0.));
#115 = AXIS2_PLACEMENT_3D('',#116,#117,#118);
#116 = CARTESIAN_POINT('',(0.,21.,135.5));
#117 = DIRECTION('',(0.,0.,1.));
#118 = DIRECTION('',(1.,0.,-0.));
#119 = AXIS2_PLACEMENT_3D('',#120,#121,#122);
#120 = CARTESIAN_POINT('',(0.,21.,197.));
#121 = DIRECTION('',(0.,0.,1.));
#122 = DIRECTION('',(1.,0.,-0.));
#123 = AXIS2_PLACEMENT_3D('',#124,#125,#126);
#124 = CARTESIAN_POINT('',(0.,21.,258.5));
#125 = DIRECTION('',(0.,0.,1.));
#126 = DIRECTION('',(1.,0.,-0.));
#127 = AXIS2_PLACEMENT_3D('',#128,#129,#130);
#128 = CARTESIAN_POINT('',(0.,21.,320.));
#129 = DIRECTION('',(0.,0.,1.));
#130 = DIRECTION('',(1.,0.,-0.));
#131 = AXIS2_PLACEMENT_3D('',#132,#133,#134);
#132 = CARTESIAN_POINT('',(0.,21.,381.5));
#133 = DIRECTION('',(0.,0.,1.));
#134 = DIRECTION('',(1.,0.,-0.));
#135 = AXIS2_PLACEMENT_3D('',#136,#137,#138);
#136 = CARTESIAN_POINT('',(0.,21.,443.));
#137 = DIRECTION('',(0.,0.,1.));
#138 = DIRECTION('',(1.,0.,-0.));
#139 = AXIS2_PLACEMENT_3D('',#140,#141,#142);
#140 = CARTESIAN_POINT('',(0.,21.,504.5));
#141 = DIRECTION('',(0.,0.,1.));
#142 = DIRECTION('',(1.,0.,-0.));
#143 = AXIS2_PLACEMENT_3D('',#144,#145,#146);
#144 = CARTESIAN_POINT('',(0.,21.,566.));
#145 = DIRECTION('',(0.,0.,1.));
#146 = DIRECTION('',(1.,0.,-0.));
#147 = AXIS2_PLACEMENT_3D('',#148,#149,#150);
#148 = CARTESIAN_POINT('',(0.,21.,-602.5));
#149 = DIRECTION('',(0.,0.,1.));
#150 = DIRECTION('',(1.,0.,-0.));
#151 = AXIS2_PLACEMENT_3D('',#152,#153,#154);
#152 = CARTESIAN_POINT('',(0.,21.,-541.));
#153 = DIRECTION('',(0.,0.,1.));
#154 = DIRECTION('',(1.,0.,-0.));
#155 = AXIS2_PLACEMENT_3D('',#156,#157,#158);
#156 = CARTESIAN_POINT('',(0.,21.,-479.5));
#157 = DIRECTION('',(0.,0.,1.));
#158 = DIRECTION('',(1.,0.,-0.));
#159 = AXIS2_PLACEMENT_3D('',#160,#161,#162);
#160 = CARTESIAN_POINT('',(0.,21.,-418.));
#161 = DIRECTION('',(0.,0.,1.));
#162 = DIRECTION('',(1.,0.,-0.));
#163 = AXIS2_PLACEMENT_3D('',#164,#165,#166);
#164 = CARTESIAN_POINT('',(0.,21.,-356.5));
#165 = DIRECTION('',(0.,0.,1.));
#166 = DIRECTION('',(1.,0.,-0.));
#167 = AXIS2_PLACEMENT_3D('',#168,#169,#170);
#168 = CARTESIAN_POINT('',(0.,21.,-295.));
#169 = DIRECTION('',(0.,0.,1.));
#170 = DIRECTION('',(1.,0.,-0.));
#171 = AXIS2_PLACEMENT_3D('',#172,#173,#174);
#172 = CARTESIAN_POINT('',(0.,21.,-233.5));
#173 = DIRECTION('',(0.,0.,1.));
#174 = DIRECTION('',(1.,0.,-0.));
#175 = AXIS2_PLACEMENT_3D('',#176,#177,#178);
#176 = CARTESIAN_POINT('',(0.,21.,-172.));
#177 = DIRECTION('',(0.,0.,1.));
#178 = DIRECTION('',(1.,0.,-0.));
#179 = AXIS2_PLACEMENT_3D('',#180,#181,#182);
#180 = CARTESIAN_POINT('',(0.,21.,-110.5));
#181 = DIRECTION('',(0.,0.,1.));
#182 = DIRECTION('',(1.,0.,-0.));
#183 = AXIS2_PLACEMENT_3D('',#184,#185,#186);
#184 = CARTESIAN_POINT('',(0.,21.,-49.));
#185 = DIRECTION('',(0.,0.,1.));
#186 = DIRECTION('',(1.,0.,-0.));
#187 = AXIS2_PLACEMENT_3D('',#188,#189,#190);
#188 = CARTESIAN_POINT('',(0.,21.,12.5));
#189 = DIRECTION('',(0.,0.,1.));
#190 = DIRECTION('',(1.,0.,-0.));
#191 = AXIS2_PLACEMENT_3D('',#192,#193,#194);
#192 = CARTESIAN_POINT('',(0.,21.,74.));
#193 = DIRECTION('',(0.,0.,1.));
#194 = DIRECTION('',(1.,0.,-0.));
#195 = AXIS2_PLACEMENT_3D('',#196,#197,#198);
#196 = CARTESIAN_POINT('',(0.,21.,135.5));
#197 = DIRECTION('',(0.,0.,1.));
#198 = DIRECTION('',(1.,0.,-0.));
#199 = AXIS2_PLACEMENT_3D('',#200,#201,#202);
#200 = CARTESIAN_POINT('',(0.,21.,197.));
#201 = DIRECTION('',(0.,0.,1.));
#202 = DIRECTION('',(1.,0.,-0.));
#203 = AXIS2_PLACEMENT_3D('',#204,#205,#206);
#204 = CARTESIAN_POINT('',(0.,21.,258.5));
#205 = DIRECTION('',(0.,0.,1.));
#206 = DIRECTION('',(1.,0.,-0.));
#207 = AXIS2_PLACEMENT_3D('',#208,#209,#210);
#208 = CARTESIAN_POINT('',(0.,21.,320.));
#209 = DIRECTION('',(0.,0.,1.));
#210 = DIRECTION('',(1.,0.,-0.));
#211 = AXIS2_PLACEMENT_3D('',#212,#213,#214);
#212 = CARTESIAN_POINT('',(0.,21.,381.5));
#213 = DIRECTION('',(0.,0.,1.));
#214 = DIRECTION('',(1.,0.,-0.));
#215 = AXIS2_PLACEMENT_3D('',#216,#217,#218);
#216 = CARTESIAN_POINT('',(0.,21.,443.));
#217 = DIRECTION('',(0.,0.,1.));
#218 = DIRECTION('',(1.,0.,-0.));
#219 = AXIS2_PLACEMENT_3D('',#220,#221,#222);
#220 = CARTESIAN_POINT('',(0.,21.,504.5));
#221 = DIRECTION('',(0.,0.,1.));
#222 = DIRECTION('',(1.,0.,-0.));
#223 = AXIS2_PLACEMENT_3D('',#224,#225,#226);
#224 = CARTESIAN_POINT('',(0.,21.,566.));
#225 = DIRECTION('',(0.,0.,1.));
#226 = DIRECTION('',(1.,0.,-0.));
#227 = ( GEOMETRIC_REPRESENTATION_CONTEXT(3) 
GLOBAL_UNCERTAINTY_ASSIGNED_CONTEXT((#231)) GLOBAL_UNIT_ASSIGNED_CONTEXT
((#228,#229,#230)) REPRESENTATION_CONTEXT('Context #1',
  '3D Context with UNIT and UNCERTAINTY') );
#228 = ( LENGTH_UNIT() NAMED_UNIT(*) SI_UNIT(.MILLI.,.METRE.) );
#229 = ( NAMED_UNIT(*) PLANE_ANGLE_UNIT() SI_UNIT($,.RADIAN.) );
#230 = ( NAMED_UNIT(*) SI_UNIT($,.STERADIAN.) SOLID_ANGLE_UNIT() );
#231 = UNCERTAINTY_MEASURE_WITH_UNIT(LENGTH_MEASURE(1.E-07),#228,
  'distance_accuracy_value','confusion accuracy');
#232 = PRODUCT_RELATED_PRODUCT_CATEGORY('part',$,(#7));
#233 = SHAPE_DEFINITION_REPRESENTATION(#234,#240);
#234 = PRODUCT_DEFINITION_SHAPE('','',#235);
#235 = PRODUCT_DEFINITION('design','',#236,#239);
#236 = PRODUCT_DEFINITION_FORMATION('','',#237);
#237 = PRODUCT('sheet_metal_cabinet','sheet_metal_cabinet','',(#238));
#238 = PRODUCT_CONTEXT('',#2,'mechanical');
#239 = PRODUCT_DEFINITION_CONTEXT('part definition',#2,'design');
#240 = ADVANCED_BREP_SHAPE_REPRESENTATION('',(#11,#241),#1429);
#241 = MANIFOLD_SOLID_BREP('',#242);
#242 = CLOSED_SHELL('',(#243,#331,#449,#484,#560,#640,#689,#716,#771,
    #813,#868,#986,#1041,#1076,#1152,#1227,#1276,#1303,#1338,#1365,#1402
    ));
#243 = ADVANCED_FACE('',(#244),#258,.T.);
#244 = FACE_BOUND('',#245,.T.);
#245 = EDGE_LOOP('',(#246,#276,#303,#304));
#246 = ORIENTED_EDGE('',*,*,#247,.T.);
#247 = EDGE_CURVE('',#248,#250,#252,.T.);
#248 = VERTEX_POINT('',#249);
#249 = CARTESIAN_POINT('',(244.,231.,-717.));
#250 = VERTEX_POINT('',#251);
#251 = CARTESIAN_POINT('',(292.,231.,-717.));
#252 = SEAM_CURVE('',#253,(#257,#269),.PCURVE_S1.);
#253 = LINE('',#254,#255);
#254 = CARTESIAN_POINT('',(242.,231.,-717.));
#255 = VECTOR('',#256,1.);
#256 = DIRECTION('',(1.,0.,0.));
#257 = PCURVE('',#258,#263);
#258 = CYLINDRICAL_SURFACE('',#259,39.5);
#259 = AXIS2_PLACEMENT_3D('',#260,#261,#262);
#260 = CARTESIAN_POINT('',(242.,231.,-677.5));
#261 = DIRECTION('',(1.,0.,0.));
#262 = DIRECTION('',(0.,0.,-1.));
#263 = DEFINITIONAL_REPRESENTATION('',(#264),#268);
#264 = LINE('',#265,#266);
#265 = CARTESIAN_POINT('',(6.28318530718,-0.));
#266 = VECTOR('',#267,1.);
#267 = DIRECTION('',(0.,1.));
#268 = ( GEOMETRIC_REPRESENTATION_CONTEXT(2) 
PARAMETRIC_REPRESENTATION_CONTEXT() REPRESENTATION_CONTEXT('2D SPACE',''
  ) );
#269 = PCURVE('',#258,#270);
#270 = DEFINITIONAL_REPRESENTATION('',(#271),#275);
#271 = LINE('',#272,#273);
#272 = CARTESIAN_POINT('',(0.,-0.));
#273 = VECTOR('',#274,1.);
#274 = DIRECTION('',(0.,1.));
#275 = ( GEOMETRIC_REPRESENTATION_CONTEXT(2) 
PARAMETRIC_REPRESENTATION_CONTEXT() REPRESENTATION_CONTEXT('2D SPACE',''
  ) );
#276 = ORIENTED_EDGE('',*,*,#277,.F.);
#277 = EDGE_CURVE('',#250,#250,#278,.T.);
#278 = SURFACE_CURVE('',#279,(#284,#291),.PCURVE_S1.);
#279 = CIRCLE('',#280,39.5);
#280 = AXIS2_PLACEMENT_3D('',#281,#282,#283);
#281 = CARTESIAN_POINT('',(292.,231.,-677.5));
#282 = DIRECTION('',(1.,-0.,0.));
#283 = DIRECTION('',(0.,0.,-1.));
#284 = PCURVE('',#258,#285);
#285 = DEFINITIONAL_REPRESENTATION('',(#286),#290);
#286 = LINE('',#287,#288);
#287 = CARTESIAN_POINT('',(0.,50.));
#288 = VECTOR('',#289,1.);
#289 = DIRECTION('',(1.,0.));
#290 = ( GEOMETRIC_REPRESENTATION_CONTEXT(2) 
PARAMETRIC_REPRESENTATION_CONTEXT() REPRESENTATION_CONTEXT('2D SPACE',''
  ) );
#291 = PCURVE('',#292,#297);
#292 = PLANE('',#293);
#293 = AXIS2_PLACEMENT_3D('',#294,#295,#296);
#294 = CARTESIAN_POINT('',(292.,231.,-677.5));
#295 = DIRECTION('',(1.,0.,0.));
#296 = DIRECTION('',(0.,0.,-1.));
#297 = DEFINITIONAL_REPRESENTATION('',(#298),#302);
#298 = CIRCLE('',#299,39.5);
#299 = AXIS2_PLACEMENT_2D('',#300,#301);
#300 = CARTESIAN_POINT('',(0.,0.));
#301 = DIRECTION('',(1.,0.));
#302 = ( GEOMETRIC_REPRESENTATION_CONTEXT(2) 
PARAMETRIC_REPRESENTATION_CONTEXT() REPRESENTATION_CONTEXT('2D SPACE',''
  ) );
#303 = ORIENTED_EDGE('',*,*,#247,.F.);
#304 = ORIENTED_EDGE('',*,*,#305,.T.);
#305 = EDGE_CURVE('',#248,#248,#306,.T.);
#306 = SURFACE_CURVE('',#307,(#312,#319),.PCURVE_S1.);
#307 = CIRCLE('',#308,39.5);
#308 = AXIS2_PLACEMENT_3D('',#309,#310,#311);
#309 = CARTESIAN_POINT('',(244.,231.,-677.5));
#310 = DIRECTION('',(1.,0.,0.));
#311 = DIRECTION('',(0.,0.,-1.));
#312 = PCURVE('',#258,#313);
#313 = DEFINITIONAL_REPRESENTATION('',(#314),#318);
#314 = LINE('',#315,#316);
#315 = CARTESIAN_POINT('',(0.,2.));
#316 = VECTOR('',#317,1.);
#317 = DIRECTION('',(1.,0.));
#318 = ( GEOMETRIC_REPRESENTATION_CONTEXT(2) 
PARAMETRIC_REPRESENTATION_CONTEXT() REPRESENTATION_CONTEXT('2D SPACE',''
  ) );
#319 = PCURVE('',#320,#325);
#320 = PLANE('',#321);
#321 = AXIS2_PLACEMENT_3D('',#322,#323,#324);
#322 = CARTESIAN_POINT('',(244.,-293.,-754.5));
#323 = DIRECTION('',(1.,0.,-0.));
#324 = DIRECTION('',(0.,0.,1.));
#325 = DEFINITIONAL_REPRESENTATION('',(#326),#330);
#326 = CIRCLE('',#327,39.5);
#327 = AXIS2_PLACEMENT_2D('',#328,#329);
#328 = CARTESIAN_POINT('',(77.,-524.));
#329 = DIRECTION('',(-1.,0.));
#330 = ( GEOMETRIC_REPRESENTATION_CONTEXT(2) 
PARAMETRIC_REPRESENTATION_CONTEXT() REPRESENTATION_CONTEXT('2D SPACE',''
  ) );
#331 = ADVANCED_FACE('',(#332,#446),#320,.T.);
#332 = FACE_BOUND('',#333,.T.);
#333 = EDGE_LOOP('',(#334,#364,#392,#420));
#334 = ORIENTED_EDGE('',*,*,#335,.F.);
#335 = EDGE_CURVE('',#336,#338,#340,.T.);
#336 = VERTEX_POINT('',#337);
#337 = CARTESIAN_POINT('',(244.,-293.,-754.5));
#338 = VERTEX_POINT('',#339);
#339 = CARTESIAN_POINT('',(244.,-293.,754.5));
#340 = SURFACE_CURVE('',#341,(#345,#352),.PCURVE_S1.);
#341 = LINE('',#342,#343);
#342 = CARTESIAN_POINT('',(244.,-293.,-754.5));
#343 = VECTOR('',#344,1.);
#344 = DIRECTION('',(0.,0.,1.));
#345 = PCURVE('',#320,#346);
#346 = DEFINITIONAL_REPRESENTATION('',(#347),#351);
#347 = LINE('',#348,#349);
#348 = CARTESIAN_POINT('',(0.,0.));
#349 = VECTOR('',#350,1.);
#350 = DIRECTION('',(1.,0.));
#351 = ( GEOMETRIC_REPRESENTATION_CONTEXT(2) 
PARAMETRIC_REPRESENTATION_CONTEXT() REPRESENTATION_CONTEXT('2D SPACE',''
  ) );
#352 = PCURVE('',#353,#358);
#353 = PLANE('',#354);
#354 = AXIS2_PLACEMENT_3D('',#355,#356,#357);
#355 = CARTESIAN_POINT('',(-244.,-293.,-754.5));
#356 = DIRECTION('',(-0.,1.,0.));
#357 = DIRECTION('',(0.,0.,1.));
#358 = DEFINITIONAL_REPRESENTATION('',(#359),#363);
#359 = LINE('',#360,#361);
#360 = CARTESIAN_POINT('',(0.,488.));
#361 = VECTOR('',#362,1.);
#362 = DIRECTION('',(1.,0.));
#363 = ( GEOMETRIC_REPRESENTATION_CONTEXT(2) 
PARAMETRIC_REPRESENTATION_CONTEXT() REPRESENTATION_CONTEXT('2D SPACE',''
  ) );
#364 = ORIENTED_EDGE('',*,*,#365,.T.);
#365 = EDGE_CURVE('',#336,#366,#368,.T.);
#366 = VERTEX_POINT('',#367);
#367 = CARTESIAN_POINT('',(244.,293.,-754.5));
#368 = SURFACE_CURVE('',#369,(#373,#380),.PCURVE_S1.);
#369 = LINE('',#370,#371);
#370 = CARTESIAN_POINT('',(244.,-293.,-754.5));
#371 = VECTOR('',#372,1.);
#372 = DIRECTION('',(-0.,1.,0.));
#373 = PCURVE('',#320,#374);
#374 = DEFINITIONAL_REPRESENTATION('',(#375),#379);
#375 = LINE('',#376,#377);
#376 = CARTESIAN_POINT('',(0.,0.));
#377 = VECTOR('',#378,1.);
#378 = DIRECTION('',(0.,-1.));
#379 = ( GEOMETRIC_REPRESENTATION_CONTEXT(2) 
PARAMETRIC_REPRESENTATION_CONTEXT() REPRESENTATION_CONTEXT('2D SPACE',''
  ) );
#380 = PCURVE('',#381,#386);
#381 = PLANE('',#382);
#382 = AXIS2_PLACEMENT_3D('',#383,#384,#385);
#383 = CARTESIAN_POINT('',(-244.,-293.,-754.5));
#384 = DIRECTION('',(0.,0.,1.));
#385 = DIRECTION('',(1.,0.,-0.));
#386 = DEFINITIONAL_REPRESENTATION('',(#387),#391);
#387 = LINE('',#388,#389);
#388 = CARTESIAN_POINT('',(488.,0.));
#389 = VECTOR('',#390,1.);
#390 = DIRECTION('',(0.,1.));
#391 = ( GEOMETRIC_REPRESENTATION_CONTEXT(2) 
PARAMETRIC_REPRESENTATION_CONTEXT() REPRESENTATION_CONTEXT('2D SPACE',''
  ) );
#392 = ORIENTED_EDGE('',*,*,#393,.T.);
#393 = EDGE_CURVE('',#366,#394,#396,.T.);
#394 = VERTEX_POINT('',#395);
#395 = CARTESIAN_POINT('',(244.,293.,754.5));
#396 = SURFACE_CURVE('',#397,(#401,#408),.PCURVE_S1.);
#397 = LINE('',#398,#399);
#398 = CARTESIAN_POINT('',(244.,293.,-754.5));
#399 = VECTOR('',#400,1.);
#400 = DIRECTION('',(0.,0.,1.));
#401 = PCURVE('',#320,#402);
#402 = DEFINITIONAL_REPRESENTATION('',(#403),#407);
#403 = LINE('',#404,#405);
#404 = CARTESIAN_POINT('',(0.,-586.));
#405 = VECTOR('',#406,1.);
#406 = DIRECTION('',(1.,0.));
#407 = ( GEOMETRIC_REPRESENTATION_CONTEXT(2) 
PARAMETRIC_REPRESENTATION_CONTEXT() REPRESENTATION_CONTEXT('2D SPACE',''
  ) );
#408 = PCURVE('',#409,#414);
#409 = PLANE('',#410);
#410 = AXIS2_PLACEMENT_3D('',#411,#412,#413);
#411 = CARTESIAN_POINT('',(-244.,293.,-754.5));
#412 = DIRECTION('',(-0.,1.,0.));
#413 = DIRECTION('',(0.,0.,1.));
#414 = DEFINITIONAL_REPRESENTATION('',(#415),#419);
#415 = LINE('',#416,#417);
#416 = CARTESIAN_POINT('',(0.,488.));
#417 = VECTOR('',#418,1.);
#418 = DIRECTION('',(1.,0.));
#419 = ( GEOMETRIC_REPRESENTATION_CONTEXT(2) 
PARAMETRIC_REPRESENTATION_CONTEXT() REPRESENTATION_CONTEXT('2D SPACE',''
  ) );
#420 = ORIENTED_EDGE('',*,*,#421,.F.);
#421 = EDGE_CURVE('',#338,#394,#422,.T.);
#422 = SURFACE_CURVE('',#423,(#427,#434),.PCURVE_S1.);
#423 = LINE('',#424,#425);
#424 = CARTESIAN_POINT('',(244.,-293.,754.5));
#425 = VECTOR('',#426,1.);
#426 = DIRECTION('',(-0.,1.,0.));
#427 = PCURVE('',#320,#428);
#428 = DEFINITIONAL_REPRESENTATION('',(#429),#433);
#429 = LINE('',#430,#431);
#430 = CARTESIAN_POINT('',(1.509E+03,0.));
#431 = VECTOR('',#432,1.);
#432 = DIRECTION('',(0.,-1.));
#433 = ( GEOMETRIC_REPRESENTATION_CONTEXT(2) 
PARAMETRIC_REPRESENTATION_CONTEXT() REPRESENTATION_CONTEXT('2D SPACE',''
  ) );
#434 = PCURVE('',#435,#440);
#435 = PLANE('',#436);
#436 = AXIS2_PLACEMENT_3D('',#437,#438,#439);
#437 = CARTESIAN_POINT('',(-244.,-293.,754.5));
#438 = DIRECTION('',(0.,0.,1.));
#439 = DIRECTION('',(1.,0.,-0.));
#440 = DEFINITIONAL_REPRESENTATION('',(#441),#445);
#441 = LINE('',#442,#443);
#442 = CARTESIAN_POINT('',(488.,0.));
#443 = VECTOR('',#444,1.);
#444 = DIRECTION('',(0.,1.));
#445 = ( GEOMETRIC_REPRESENTATION_CONTEXT(2) 
PARAMETRIC_REPRESENTATION_CONTEXT() REPRESENTATION_CONTEXT('2D SPACE',''
  ) );
#446 = FACE_BOUND('',#447,.T.);
#447 = EDGE_LOOP('',(#448));
#448 = ORIENTED_EDGE('',*,*,#305,.F.);
#449 = ADVANCED_FACE('',(#450,#453),#292,.T.);
#450 = FACE_BOUND('',#451,.T.);
#451 = EDGE_LOOP('',(#452));
#452 = ORIENTED_EDGE('',*,*,#277,.T.);
#453 = FACE_BOUND('',#454,.T.);
#454 = EDGE_LOOP('',(#455));
#455 = ORIENTED_EDGE('',*,*,#456,.F.);
#456 = EDGE_CURVE('',#457,#457,#459,.T.);
#457 = VERTEX_POINT('',#458);
#458 = CARTESIAN_POINT('',(292.,231.,-715.));
#459 = SURFACE_CURVE('',#460,(#465,#472),.PCURVE_S1.);
#460 = CIRCLE('',#461,37.5);
#461 = AXIS2_PLACEMENT_3D('',#462,#463,#464);
#462 = CARTESIAN_POINT('',(292.,231.,-677.5));
#463 = DIRECTION('',(1.,0.,0.));
#464 = DIRECTION('',(0.,0.,-1.));
#465 = PCURVE('',#292,#466);
#466 = DEFINITIONAL_REPRESENTATION('',(#467),#471);
#467 = CIRCLE('',#468,37.5);
#468 = AXIS2_PLACEMENT_2D('',#469,#470);
#469 = CARTESIAN_POINT('',(0.,0.));
#470 = DIRECTION('',(1.,0.));
#471 = ( GEOMETRIC_REPRESENTATION_CONTEXT(2) 
PARAMETRIC_REPRESENTATION_CONTEXT() REPRESENTATION_CONTEXT('2D SPACE',''
  ) );
#472 = PCURVE('',#473,#478);
#473 = CYLINDRICAL_SURFACE('',#474,37.5);
#474 = AXIS2_PLACEMENT_3D('',#475,#476,#477);
#475 = CARTESIAN_POINT('',(182.,231.,-677.5));
#476 = DIRECTION('',(1.,0.,0.));
#477 = DIRECTION('',(0.,0.,-1.));
#478 = DEFINITIONAL_REPRESENTATION('',(#479),#483);
#479 = LINE('',#480,#481);
#480 = CARTESIAN_POINT('',(0.,110.));
#481 = VECTOR('',#482,1.);
#482 = DIRECTION('',(1.,0.));
#483 = ( GEOMETRIC_REPRESENTATION_CONTEXT(2) 
PARAMETRIC_REPRESENTATION_CONTEXT() REPRESENTATION_CONTEXT('2D SPACE',''
  ) );
#484 = ADVANCED_FACE('',(#485),#353,.F.);
#485 = FACE_BOUND('',#486,.F.);
#486 = EDGE_LOOP('',(#487,#510,#538,#559));
#487 = ORIENTED_EDGE('',*,*,#488,.F.);
#488 = EDGE_CURVE('',#489,#336,#491,.T.);
#489 = VERTEX_POINT('',#490);
#490 = CARTESIAN_POINT('',(-244.,-293.,-754.5));
#491 = SURFACE_CURVE('',#492,(#496,#503),.PCURVE_S1.);
#492 = LINE('',#493,#494);
#493 = CARTESIAN_POINT('',(-244.,-293.,-754.5));
#494 = VECTOR('',#495,1.);
#495 = DIRECTION('',(1.,0.,-0.));
#496 = PCURVE('',#353,#497);
#497 = DEFINITIONAL_REPRESENTATION('',(#498),#502);
#498 = LINE('',#499,#500);
#499 = CARTESIAN_POINT('',(0.,0.));
#500 = VECTOR('',#501,1.);
#501 = DIRECTION('',(0.,1.));
#502 = ( GEOMETRIC_REPRESENTATION_CONTEXT(2) 
PARAMETRIC_REPRESENTATION_CONTEXT() REPRESENTATION_CONTEXT('2D SPACE',''
  ) );
#503 = PCURVE('',#381,#504);
#504 = DEFINITIONAL_REPRESENTATION('',(#505),#509);
#505 = LINE('',#506,#507);
#506 = CARTESIAN_POINT('',(0.,0.));
#507 = VECTOR('',#508,1.);
#508 = DIRECTION('',(1.,0.));
#509 = ( GEOMETRIC_REPRESENTATION_CONTEXT(2) 
PARAMETRIC_REPRESENTATION_CONTEXT() REPRESENTATION_CONTEXT('2D SPACE',''
  ) );
#510 = ORIENTED_EDGE('',*,*,#511,.T.);
#511 = EDGE_CURVE('',#489,#512,#514,.T.);
#512 = VERTEX_POINT('',#513);
#513 = CARTESIAN_POINT('',(-244.,-293.,754.5));
#514 = SURFACE_CURVE('',#515,(#519,#526),.PCURVE_S1.);
#515 = LINE('',#516,#517);
#516 = CARTESIAN_POINT('',(-244.,-293.,-754.5));
#517 = VECTOR('',#518,1.);
#518 = DIRECTION('',(0.,0.,1.));
#519 = PCURVE('',#353,#520);
#520 = DEFINITIONAL_REPRESENTATION('',(#521),#525);
#521 = LINE('',#522,#523);
#522 = CARTESIAN_POINT('',(0.,0.));
#523 = VECTOR('',#524,1.);
#524 = DIRECTION('',(1.,0.));
#525 = ( GEOMETRIC_REPRESENTATION_CONTEXT(2) 
PARAMETRIC_REPRESENTATION_CONTEXT() REPRESENTATION_CONTEXT('2D SPACE',''
  ) );
#526 = PCURVE('',#527,#532);
#527 = PLANE('',#528);
#528 = AXIS2_PLACEMENT_3D('',#529,#530,#531);
#529 = CARTESIAN_POINT('',(-244.,-293.,-754.5));
#530 = DIRECTION('',(1.,0.,-0.));
#531 = DIRECTION('',(0.,0.,1.));
#532 = DEFINITIONAL_REPRESENTATION('',(#533),#537);
#533 = LINE('',#534,#535);
#534 = CARTESIAN_POINT('',(0.,0.));
#535 = VECTOR('',#536,1.);
#536 = DIRECTION('',(1.,0.));
#537 = ( GEOMETRIC_REPRESENTATION_CONTEXT(2) 
PARAMETRIC_REPRESENTATION_CONTEXT() REPRESENTATION_CONTEXT('2D SPACE',''
  ) );
#538 = ORIENTED_EDGE('',*,*,#539,.T.);
#539 = EDGE_CURVE('',#512,#338,#540,.T.);
#540 = SURFACE_CURVE('',#541,(#545,#552),.PCURVE_S1.);
#541 = LINE('',#542,#543);
#542 = CARTESIAN_POINT('',(-244.,-293.,754.5));
#543 = VECTOR('',#544,1.);
#544 = DIRECTION('',(1.,0.,-0.));
#545 = PCURVE('',#353,#546);
#546 = DEFINITIONAL_REPRESENTATION('',(#547),#551);
#547 = LINE('',#548,#549);
#548 = CARTESIAN_POINT('',(1.509E+03,0.));
#549 = VECTOR('',#550,1.);
#550 = DIRECTION('',(0.,1.));
#551 = ( GEOMETRIC_REPRESENTATION_CONTEXT(2) 
PARAMETRIC_REPRESENTATION_CONTEXT() REPRESENTATION_CONTEXT('2D SPACE',''
  ) );
#552 = PCURVE('',#435,#553);
#553 = DEFINITIONAL_REPRESENTATION('',(#554),#558);
#554 = LINE('',#555,#556);
#555 = CARTESIAN_POINT('',(0.,0.));
#556 = VECTOR('',#557,1.);
#557 = DIRECTION('',(1.,0.));
#558 = ( GEOMETRIC_REPRESENTATION_CONTEXT(2) 
PARAMETRIC_REPRESENTATION_CONTEXT() REPRESENTATION_CONTEXT('2D SPACE',''
  ) );
#559 = ORIENTED_EDGE('',*,*,#335,.F.);
#560 = ADVANCED_FACE('',(#561,#609),#435,.T.);
#561 = FACE_BOUND('',#562,.T.);
#562 = EDGE_LOOP('',(#563,#586,#587,#588));
#563 = ORIENTED_EDGE('',*,*,#564,.F.);
#564 = EDGE_CURVE('',#512,#565,#567,.T.);
#565 = VERTEX_POINT('',#566);
#566 = CARTESIAN_POINT('',(-244.,293.,754.5));
#567 = SURFACE_CURVE('',#568,(#572,#579),.PCURVE_S1.);
#568 = LINE('',#569,#570);
#569 = CARTESIAN_POINT('',(-244.,-293.,754.5));
#570 = VECTOR('',#571,1.);
#571 = DIRECTION('',(-0.,1.,0.));
#572 = PCURVE('',#435,#573);
#573 = DEFINITIONAL_REPRESENTATION('',(#574),#578);
#574 = LINE('',#575,#576);
#575 = CARTESIAN_POINT('',(0.,0.));
#576 = VECTOR('',#577,1.);
#577 = DIRECTION('',(0.,1.));
#578 = ( GEOMETRIC_REPRESENTATION_CONTEXT(2) 
PARAMETRIC_REPRESENTATION_CONTEXT() REPRESENTATION_CONTEXT('2D SPACE',''
  ) );
#579 = PCURVE('',#527,#580);
#580 = DEFINITIONAL_REPRESENTATION('',(#581),#585);
#581 = LINE('',#582,#583);
#582 = CARTESIAN_POINT('',(1.509E+03,0.));
#583 = VECTOR('',#584,1.);
#584 = DIRECTION('',(0.,-1.));
#585 = ( GEOMETRIC_REPRESENTATION_CONTEXT(2) 
PARAMETRIC_REPRESENTATION_CONTEXT() REPRESENTATION_CONTEXT('2D SPACE',''
  ) );
#586 = ORIENTED_EDGE('',*,*,#539,.T.);
#587 = ORIENTED_EDGE('',*,*,#421,.T.);
#588 = ORIENTED_EDGE('',*,*,#589,.F.);
#589 = EDGE_CURVE('',#565,#394,#590,.T.);
#590 = SURFACE_CURVE('',#591,(#595,#602),.PCURVE_S1.);
#591 = LINE('',#592,#593);
#592 = CARTESIAN_POINT('',(-244.,293.,754.5));
#593 = VECTOR('',#594,1.);
#594 = DIRECTION('',(1.,0.,-0.));
#595 = PCURVE('',#435,#596);
#596 = DEFINITIONAL_REPRESENTATION('',(#597),#601);
#597 = LINE('',#598,#599);
#598 = CARTESIAN_POINT('',(0.,586.));
#599 = VECTOR('',#600,1.);
#600 = DIRECTION('',(1.,0.));
#601 = ( GEOMETRIC_REPRESENTATION_CONTEXT(2) 
PARAMETRIC_REPRESENTATION_CONTEXT() REPRESENTATION_CONTEXT('2D SPACE',''
  ) );
#602 = PCURVE('',#409,#603);
#603 = DEFINITIONAL_REPRESENTATION('',(#604),#608);
#604 = LINE('',#605,#606);
#605 = CARTESIAN_POINT('',(1.509E+03,0.));
#606 = VECTOR('',#607,1.);
#607 = DIRECTION('',(0.,1.));
#608 = ( GEOMETRIC_REPRESENTATION_CONTEXT(2) 
PARAMETRIC_REPRESENTATION_CONTEXT() REPRESENTATION_CONTEXT('2D SPACE',''
  ) );
#609 = FACE_BOUND('',#610,.T.);
#610 = EDGE_LOOP('',(#611));
#611 = ORIENTED_EDGE('',*,*,#612,.F.);
#612 = EDGE_CURVE('',#613,#613,#615,.T.);
#613 = VERTEX_POINT('',#614);
#614 = CARTESIAN_POINT('',(77.,-211.,754.5));
#615 = SURFACE_CURVE('',#616,(#621,#628),.PCURVE_S1.);
#616 = CIRCLE('',#617,77.);
#617 = AXIS2_PLACEMENT_3D('',#618,#619,#620);
#618 = CARTESIAN_POINT('',(0.,-211.,754.5));
#619 = DIRECTION('',(0.,0.,1.));
#620 = DIRECTION('',(1.,0.,-0.));
#621 = PCURVE('',#435,#622);
#622 = DEFINITIONAL_REPRESENTATION('',(#623),#627);
#623 = CIRCLE('',#624,77.);
#624 = AXIS2_PLACEMENT_2D('',#625,#626);
#625 = CARTESIAN_POINT('',(244.,82.));
#626 = DIRECTION('',(1.,0.));
#627 = ( GEOMETRIC_REPRESENTATION_CONTEXT(2) 
PARAMETRIC_REPRESENTATION_CONTEXT() REPRESENTATION_CONTEXT('2D SPACE',''
  ) );
#628 = PCURVE('',#629,#634);
#629 = CYLINDRICAL_SURFACE('',#630,77.);
#630 = AXIS2_PLACEMENT_3D('',#631,#632,#633);
#631 = CARTESIAN_POINT('',(0.,-211.,752.5));
#632 = DIRECTION('',(0.,0.,1.));
#633 = DIRECTION('',(1.,0.,0.));
#634 = DEFINITIONAL_REPRESENTATION('',(#635),#639);
#635 = LINE('',#636,#637);
#636 = CARTESIAN_POINT('',(0.,2.));
#637 = VECTOR('',#638,1.);
#638 = DIRECTION('',(1.,0.));
#639 = ( GEOMETRIC_REPRESENTATION_CONTEXT(2) 
PARAMETRIC_REPRESENTATION_CONTEXT() REPRESENTATION_CONTEXT('2D SPACE',''
  ) );
#640 = ADVANCED_FACE('',(#641),#381,.F.);
#641 = FACE_BOUND('',#642,.F.);
#642 = EDGE_LOOP('',(#643,#666,#667,#668));
#643 = ORIENTED_EDGE('',*,*,#644,.F.);
#644 = EDGE_CURVE('',#489,#645,#647,.T.);
#645 = VERTEX_POINT('',#646);
#646 = CARTESIAN_POINT('',(-244.,293.,-754.5));
#647 = SURFACE_CURVE('',#648,(#652,#659),.PCURVE_S1.);
#648 = LINE('',#649,#650);
#649 = CARTESIAN_POINT('',(-244.,-293.,-754.5));
#650 = VECTOR('',#651,1.);
#651 = DIRECTION('',(-0.,1.,0.));
#652 = PCURVE('',#381,#653);
#653 = DEFINITIONAL_REPRESENTATION('',(#654),#658);
#654 = LINE('',#655,#656);
#655 = CARTESIAN_POINT('',(0.,0.));
#656 = VECTOR('',#657,1.);
#657 = DIRECTION('',(0.,1.));
#658 = ( GEOMETRIC_REPRESENTATION_CONTEXT(2) 
PARAMETRIC_REPRESENTATION_CONTEXT() REPRESENTATION_CONTEXT('2D SPACE',''
  ) );
#659 = PCURVE('',#527,#660);
#660 = DEFINITIONAL_REPRESENTATION('',(#661),#665);
#661 = LINE('',#662,#663);
#662 = CARTESIAN_POINT('',(0.,0.));
#663 = VECTOR('',#664,1.);
#664 = DIRECTION('',(0.,-1.));
#665 = ( GEOMETRIC_REPRESENTATION_CONTEXT(2) 
PARAMETRIC_REPRESENTATION_CONTEXT() REPRESENTATION_CONTEXT('2D SPACE',''
  ) );
#666 = ORIENTED_EDGE('',*,*,#488,.T.);
#667 = ORIENTED_EDGE('',*,*,#365,.T.);
#668 = ORIENTED_EDGE('',*,*,#669,.F.);
#669 = EDGE_CURVE('',#645,#366,#670,.T.);
#670 = SURFACE_CURVE('',#671,(#675,#682),.PCURVE_S1.);
#671 = LINE('',#672,#673);
#672 = CARTESIAN_POINT('',(-244.,293.,-754.5));
#673 = VECTOR('',#674,1.);
#674 = DIRECTION('',(1.,0.,-0.));
#675 = PCURVE('',#381,#676);
#676 = DEFINITIONAL_REPRESENTATION('',(#677),#681);
#677 = LINE('',#678,#679);
#678 = CARTESIAN_POINT('',(0.,586.));
#679 = VECTOR('',#680,1.);
#680 = DIRECTION('',(1.,0.));
#681 = ( GEOMETRIC_REPRESENTATION_CONTEXT(2) 
PARAMETRIC_REPRESENTATION_CONTEXT() REPRESENTATION_CONTEXT('2D SPACE',''
  ) );
#682 = PCURVE('',#409,#683);
#683 = DEFINITIONAL_REPRESENTATION('',(#684),#688);
#684 = LINE('',#685,#686);
#685 = CARTESIAN_POINT('',(0.,0.));
#686 = VECTOR('',#687,1.);
#687 = DIRECTION('',(0.,1.));
#688 = ( GEOMETRIC_REPRESENTATION_CONTEXT(2) 
PARAMETRIC_REPRESENTATION_CONTEXT() REPRESENTATION_CONTEXT('2D SPACE',''
  ) );
#689 = ADVANCED_FACE('',(#690),#409,.T.);
#690 = FACE_BOUND('',#691,.T.);
#691 = EDGE_LOOP('',(#692,#693,#714,#715));
#692 = ORIENTED_EDGE('',*,*,#669,.F.);
#693 = ORIENTED_EDGE('',*,*,#694,.T.);
#694 = EDGE_CURVE('',#645,#565,#695,.T.);
#695 = SURFACE_CURVE('',#696,(#700,#707),.PCURVE_S1.);
#696 = LINE('',#697,#698);
#697 = CARTESIAN_POINT('',(-244.,293.,-754.5));
#698 = VECTOR('',#699,1.);
#699 = DIRECTION('',(0.,0.,1.));
#700 = PCURVE('',#409,#701);
#701 = DEFINITIONAL_REPRESENTATION('',(#702),#706);
#702 = LINE('',#703,#704);
#703 = CARTESIAN_POINT('',(0.,0.));
#704 = VECTOR('',#705,1.);
#705 = DIRECTION('',(1.,0.));
#706 = ( GEOMETRIC_REPRESENTATION_CONTEXT(2) 
PARAMETRIC_REPRESENTATION_CONTEXT() REPRESENTATION_CONTEXT('2D SPACE',''
  ) );
#707 = PCURVE('',#527,#708);
#708 = DEFINITIONAL_REPRESENTATION('',(#709),#713);
#709 = LINE('',#710,#711);
#710 = CARTESIAN_POINT('',(0.,-586.));
#711 = VECTOR('',#712,1.);
#712 = DIRECTION('',(1.,0.));
#713 = ( GEOMETRIC_REPRESENTATION_CONTEXT(2) 
PARAMETRIC_REPRESENTATION_CONTEXT() REPRESENTATION_CONTEXT('2D SPACE',''
  ) );
#714 = ORIENTED_EDGE('',*,*,#589,.T.);
#715 = ORIENTED_EDGE('',*,*,#393,.F.);
#716 = ADVANCED_FACE('',(#717),#473,.F.);
#717 = FACE_BOUND('',#718,.F.);
#718 = EDGE_LOOP('',(#719,#720,#743,#770));
#719 = ORIENTED_EDGE('',*,*,#456,.F.);
#720 = ORIENTED_EDGE('',*,*,#721,.F.);
#721 = EDGE_CURVE('',#722,#457,#724,.T.);
#722 = VERTEX_POINT('',#723);
#723 = CARTESIAN_POINT('',(242.,231.,-715.));
#724 = SEAM_CURVE('',#725,(#729,#736),.PCURVE_S1.);
#725 = LINE('',#726,#727);
#726 = CARTESIAN_POINT('',(182.,231.,-715.));
#727 = VECTOR('',#728,1.);
#728 = DIRECTION('',(1.,0.,0.));
#729 = PCURVE('',#473,#730);
#730 = DEFINITIONAL_REPRESENTATION('',(#731),#735);
#731 = LINE('',#732,#733);
#732 = CARTESIAN_POINT('',(6.28318530718,-0.));
#733 = VECTOR('',#734,1.);
#734 = DIRECTION('',(0.,1.));
#735 = ( GEOMETRIC_REPRESENTATION_CONTEXT(2) 
PARAMETRIC_REPRESENTATION_CONTEXT() REPRESENTATION_CONTEXT('2D SPACE',''
  ) );
#736 = PCURVE('',#473,#737);
#737 = DEFINITIONAL_REPRESENTATION('',(#738),#742);
#738 = LINE('',#739,#740);
#739 = CARTESIAN_POINT('',(0.,-0.));
#740 = VECTOR('',#741,1.);
#741 = DIRECTION('',(0.,1.));
#742 = ( GEOMETRIC_REPRESENTATION_CONTEXT(2) 
PARAMETRIC_REPRESENTATION_CONTEXT() REPRESENTATION_CONTEXT('2D SPACE',''
  ) );
#743 = ORIENTED_EDGE('',*,*,#744,.T.);
#744 = EDGE_CURVE('',#722,#722,#745,.T.);
#745 = SURFACE_CURVE('',#746,(#751,#758),.PCURVE_S1.);
#746 = CIRCLE('',#747,37.5);
#747 = AXIS2_PLACEMENT_3D('',#748,#749,#750);
#748 = CARTESIAN_POINT('',(242.,231.,-677.5));
#749 = DIRECTION('',(1.,0.,0.));
#750 = DIRECTION('',(0.,0.,-1.));
#751 = PCURVE('',#473,#752);
#752 = DEFINITIONAL_REPRESENTATION('',(#753),#757);
#753 = LINE('',#754,#755);
#754 = CARTESIAN_POINT('',(0.,60.));
#755 = VECTOR('',#756,1.);
#756 = DIRECTION('',(1.,0.));
#757 = ( GEOMETRIC_REPRESENTATION_CONTEXT(2) 
PARAMETRIC_REPRESENTATION_CONTEXT() REPRESENTATION_CONTEXT('2D SPACE',''
  ) );
#758 = PCURVE('',#759,#764);
#759 = PLANE('',#760);
#760 = AXIS2_PLACEMENT_3D('',#761,#762,#763);
#761 = CARTESIAN_POINT('',(242.,-291.,-752.5));
#762 = DIRECTION('',(1.,0.,-0.));
#763 = DIRECTION('',(0.,0.,1.));
#764 = DEFINITIONAL_REPRESENTATION('',(#765),#769);
#765 = CIRCLE('',#766,37.5);
#766 = AXIS2_PLACEMENT_2D('',#767,#768);
#767 = CARTESIAN_POINT('',(75.,-522.));
#768 = DIRECTION('',(-1.,0.));
#769 = ( GEOMETRIC_REPRESENTATION_CONTEXT(2) 
PARAMETRIC_REPRESENTATION_CONTEXT() REPRESENTATION_CONTEXT('2D SPACE',''
  ) );
#770 = ORIENTED_EDGE('',*,*,#721,.T.);
#771 = ADVANCED_FACE('',(#772,#778),#527,.F.);
#772 = FACE_BOUND('',#773,.F.);
#773 = EDGE_LOOP('',(#774,#775,#776,#777));
#774 = ORIENTED_EDGE('',*,*,#511,.F.);
#775 = ORIENTED_EDGE('',*,*,#644,.T.);
#776 = ORIENTED_EDGE('',*,*,#694,.T.);
#777 = ORIENTED_EDGE('',*,*,#564,.F.);
#778 = FACE_BOUND('',#779,.F.);
#779 = EDGE_LOOP('',(#780));
#780 = ORIENTED_EDGE('',*,*,#781,.T.);
#781 = EDGE_CURVE('',#782,#782,#784,.T.);
#782 = VERTEX_POINT('',#783);
#783 = CARTESIAN_POINT('',(-244.,231.,-638.));
#784 = SURFACE_CURVE('',#785,(#790,#801),.PCURVE_S1.);
#785 = CIRCLE('',#786,39.5);
#786 = AXIS2_PLACEMENT_3D('',#787,#788,#789);
#787 = CARTESIAN_POINT('',(-244.,231.,-677.5));
#788 = DIRECTION('',(-1.,0.,0.));
#789 = DIRECTION('',(0.,0.,1.));
#790 = PCURVE('',#527,#791);
#791 = DEFINITIONAL_REPRESENTATION('',(#792),#800);
#792 = ( BOUNDED_CURVE() B_SPLINE_CURVE(2,(#793,#794,#795,#796,#797,#798
,#799),.UNSPECIFIED.,.T.,.F.) B_SPLINE_CURVE_WITH_KNOTS((1,2,2,2,2,1),(
    -2.094395102393,0.,2.094395102393,4.188790204786,6.28318530718,
8.377580409573),.UNSPECIFIED.) CURVE() GEOMETRIC_REPRESENTATION_ITEM() 
RATIONAL_B_SPLINE_CURVE((1.,0.5,1.,0.5,1.,0.5,1.)) REPRESENTATION_ITEM(
  '') );
#793 = CARTESIAN_POINT('',(116.5,-524.));
#794 = CARTESIAN_POINT('',(116.5,-592.4160068989));
#795 = CARTESIAN_POINT('',(57.25,-558.2080034494));
#796 = CARTESIAN_POINT('',(-2.,-524.));
#797 = CARTESIAN_POINT('',(57.25,-489.7919965505));
#798 = CARTESIAN_POINT('',(116.5,-455.583993101));
#799 = CARTESIAN_POINT('',(116.5,-524.));
#800 = ( GEOMETRIC_REPRESENTATION_CONTEXT(2) 
PARAMETRIC_REPRESENTATION_CONTEXT() REPRESENTATION_CONTEXT('2D SPACE',''
  ) );
#801 = PCURVE('',#802,#807);
#802 = CYLINDRICAL_SURFACE('',#803,39.5);
#803 = AXIS2_PLACEMENT_3D('',#804,#805,#806);
#804 = CARTESIAN_POINT('',(-242.,231.,-677.5));
#805 = DIRECTION('',(-1.,0.,0.));
#806 = DIRECTION('',(0.,0.,1.));
#807 = DEFINITIONAL_REPRESENTATION('',(#808),#812);
#808 = LINE('',#809,#810);
#809 = CARTESIAN_POINT('',(0.,2.));
#810 = VECTOR('',#811,1.);
#811 = DIRECTION('',(1.,0.));
#812 = ( GEOMETRIC_REPRESENTATION_CONTEXT(2) 
PARAMETRIC_REPRESENTATION_CONTEXT() REPRESENTATION_CONTEXT('2D SPACE',''
  ) );
#813 = ADVANCED_FACE('',(#814),#629,.T.);
#814 = FACE_BOUND('',#815,.T.);
#815 = EDGE_LOOP('',(#816,#839,#866,#867));
#816 = ORIENTED_EDGE('',*,*,#817,.T.);
#817 = EDGE_CURVE('',#613,#818,#820,.T.);
#818 = VERTEX_POINT('',#819);
#819 = CARTESIAN_POINT('',(77.,-211.,802.5));
#820 = SEAM_CURVE('',#821,(#825,#832),.PCURVE_S1.);
#821 = LINE('',#822,#823);
#822 = CARTESIAN_POINT('',(77.,-211.,752.5));
#823 = VECTOR('',#824,1.);
#824 = DIRECTION('',(0.,0.,1.));
#825 = PCURVE('',#629,#826);
#826 = DEFINITIONAL_REPRESENTATION('',(#827),#831);
#827 = LINE('',#828,#829);
#828 = CARTESIAN_POINT('',(6.28318530718,-0.));
#829 = VECTOR('',#830,1.);
#830 = DIRECTION('',(0.,1.));
#831 = ( GEOMETRIC_REPRESENTATION_CONTEXT(2) 
PARAMETRIC_REPRESENTATION_CONTEXT() REPRESENTATION_CONTEXT('2D SPACE',''
  ) );
#832 = PCURVE('',#629,#833);
#833 = DEFINITIONAL_REPRESENTATION('',(#834),#838);
#834 = LINE('',#835,#836);
#835 = CARTESIAN_POINT('',(0.,-0.));
#836 = VECTOR('',#837,1.);
#837 = DIRECTION('',(0.,1.));
#838 = ( GEOMETRIC_REPRESENTATION_CONTEXT(2) 
PARAMETRIC_REPRESENTATION_CONTEXT() REPRESENTATION_CONTEXT('2D SPACE',''
  ) );
#839 = ORIENTED_EDGE('',*,*,#840,.F.);
#840 = EDGE_CURVE('',#818,#818,#841,.T.);
#841 = SURFACE_CURVE('',#842,(#847,#854),.PCURVE_S1.);
#842 = CIRCLE('',#843,77.);
#843 = AXIS2_PLACEMENT_3D('',#844,#845,#846);
#844 = CARTESIAN_POINT('',(0.,-211.,802.5));
#845 = DIRECTION('',(0.,0.,1.));
#846 = DIRECTION('',(1.,0.,0.));
#847 = PCURVE('',#629,#848);
#848 = DEFINITIONAL_REPRESENTATION('',(#849),#853);
#849 = LINE('',#850,#851);
#850 = CARTESIAN_POINT('',(0.,50.));
#851 = VECTOR('',#852,1.);
#852 = DIRECTION('',(1.,0.));
#853 = ( GEOMETRIC_REPRESENTATION_CONTEXT(2) 
PARAMETRIC_REPRESENTATION_CONTEXT() REPRESENTATION_CONTEXT('2D SPACE',''
  ) );
#854 = PCURVE('',#855,#860);
#855 = PLANE('',#856);
#856 = AXIS2_PLACEMENT_3D('',#857,#858,#859);
#857 = CARTESIAN_POINT('',(0.,-211.,802.5));
#858 = DIRECTION('',(0.,0.,1.));
#859 = DIRECTION('',(1.,0.,0.));
#860 = DEFINITIONAL_REPRESENTATION('',(#861),#865);
#861 = CIRCLE('',#862,77.);
#862 = AXIS2_PLACEMENT_2D('',#863,#864);
#863 = CARTESIAN_POINT('',(0.,0.));
#864 = DIRECTION('',(1.,0.));
#865 = ( GEOMETRIC_REPRESENTATION_CONTEXT(2) 
PARAMETRIC_REPRESENTATION_CONTEXT() REPRESENTATION_CONTEXT('2D SPACE',''
  ) );
#866 = ORIENTED_EDGE('',*,*,#817,.F.);
#867 = ORIENTED_EDGE('',*,*,#612,.T.);
#868 = ADVANCED_FACE('',(#869,#983),#759,.F.);
#869 = FACE_BOUND('',#870,.F.);
#870 = EDGE_LOOP('',(#871,#901,#929,#957));
#871 = ORIENTED_EDGE('',*,*,#872,.F.);
#872 = EDGE_CURVE('',#873,#875,#877,.T.);
#873 = VERTEX_POINT('',#874);
#874 = CARTESIAN_POINT('',(242.,-291.,-752.5));
#875 = VERTEX_POINT('',#876);
#876 = CARTESIAN_POINT('',(242.,-291.,752.5));
#877 = SURFACE_CURVE('',#878,(#882,#889),.PCURVE_S1.);
#878 = LINE('',#879,#880);
#879 = CARTESIAN_POINT('',(242.,-291.,-752.5));
#880 = VECTOR('',#881,1.);
#881 = DIRECTION('',(0.,0.,1.));
#882 = PCURVE('',#759,#883);
#883 = DEFINITIONAL_REPRESENTATION('',(#884),#888);
#884 = LINE('',#885,#886);
#885 = CARTESIAN_POINT('',(0.,0.));
#886 = VECTOR('',#887,1.);
#887 = DIRECTION('',(1.,0.));
#888 = ( GEOMETRIC_REPRESENTATION_CONTEXT(2) 
PARAMETRIC_REPRESENTATION_CONTEXT() REPRESENTATION_CONTEXT('2D SPACE',''
  ) );
#889 = PCURVE('',#890,#895);
#890 = PLANE('',#891);
#891 = AXIS2_PLACEMENT_3D('',#892,#893,#894);
#892 = CARTESIAN_POINT('',(-242.,-291.,-752.5));
#893 = DIRECTION('',(-0.,1.,0.));
#894 = DIRECTION('',(0.,0.,1.));
#895 = DEFINITIONAL_REPRESENTATION('',(#896),#900);
#896 = LINE('',#897,#898);
#897 = CARTESIAN_POINT('',(0.,484.));
#898 = VECTOR('',#899,1.);
#899 = DIRECTION('',(1.,0.));
#900 = ( GEOMETRIC_REPRESENTATION_CONTEXT(2) 
PARAMETRIC_REPRESENTATION_CONTEXT() REPRESENTATION_CONTEXT('2D SPACE',''
  ) );
#901 = ORIENTED_EDGE('',*,*,#902,.T.);
#902 = EDGE_CURVE('',#873,#903,#905,.T.);
#903 = VERTEX_POINT('',#904);
#904 = CARTESIAN_POINT('',(242.,291.,-752.5));
#905 = SURFACE_CURVE('',#906,(#910,#917),.PCURVE_S1.);
#906 = LINE('',#907,#908);
#907 = CARTESIAN_POINT('',(242.,-291.,-752.5));
#908 = VECTOR('',#909,1.);
#909 = DIRECTION('',(-0.,1.,0.));
#910 = PCURVE('',#759,#911);
#911 = DEFINITIONAL_REPRESENTATION('',(#912),#916);
#912 = LINE('',#913,#914);
#913 = CARTESIAN_POINT('',(0.,0.));
#914 = VECTOR('',#915,1.);
#915 = DIRECTION('',(0.,-1.));
#916 = ( GEOMETRIC_REPRESENTATION_CONTEXT(2) 
PARAMETRIC_REPRESENTATION_CONTEXT() REPRESENTATION_CONTEXT('2D SPACE',''
  ) );
#917 = PCURVE('',#918,#923);
#918 = PLANE('',#919);
#919 = AXIS2_PLACEMENT_3D('',#920,#921,#922);
#920 = CARTESIAN_POINT('',(-242.,-291.,-752.5));
#921 = DIRECTION('',(0.,0.,1.));
#922 = DIRECTION('',(1.,0.,-0.));
#923 = DEFINITIONAL_REPRESENTATION('',(#924),#928);
#924 = LINE('',#925,#926);
#925 = CARTESIAN_POINT('',(484.,0.));
#926 = VECTOR('',#927,1.);
#927 = DIRECTION('',(0.,1.));
#928 = ( GEOMETRIC_REPRESENTATION_CONTEXT(2) 
PARAMETRIC_REPRESENTATION_CONTEXT() REPRESENTATION_CONTEXT('2D SPACE',''
  ) );
#929 = ORIENTED_EDGE('',*,*,#930,.T.);
#930 = EDGE_CURVE('',#903,#931,#933,.T.);
#931 = VERTEX_POINT('',#932);
#932 = CARTESIAN_POINT('',(242.,291.,752.5));
#933 = SURFACE_CURVE('',#934,(#938,#945),.PCURVE_S1.);
#934 = LINE('',#935,#936);
#935 = CARTESIAN_POINT('',(242.,291.,-752.5));
#936 = VECTOR('',#937,1.);
#937 = DIRECTION('',(0.,0.,1.));
#938 = PCURVE('',#759,#939);
#939 = DEFINITIONAL_REPRESENTATION('',(#940),#944);
#940 = LINE('',#941,#942);
#941 = CARTESIAN_POINT('',(0.,-582.));
#942 = VECTOR('',#943,1.);
#943 = DIRECTION('',(1.,0.));
#944 = ( GEOMETRIC_REPRESENTATION_CONTEXT(2) 
PARAMETRIC_REPRESENTATION_CONTEXT() REPRESENTATION_CONTEXT('2D SPACE',''
  ) );
#945 = PCURVE('',#946,#951);
#946 = PLANE('',#947);
#947 = AXIS2_PLACEMENT_3D('',#948,#949,#950);
#948 = CARTESIAN_POINT('',(-242.,291.,-752.5));
#949 = DIRECTION('',(-0.,1.,0.));
#950 = DIRECTION('',(0.,0.,1.));
#951 = DEFINITIONAL_REPRESENTATION('',(#952),#956);
#952 = LINE('',#953,#954);
#953 = CARTESIAN_POINT('',(0.,484.));
#954 = VECTOR('',#955,1.);
#955 = DIRECTION('',(1.,0.));
#956 = ( GEOMETRIC_REPRESENTATION_CONTEXT(2) 
PARAMETRIC_REPRESENTATION_CONTEXT() REPRESENTATION_CONTEXT('2D SPACE',''
  ) );
#957 = ORIENTED_EDGE('',*,*,#958,.F.);
#958 = EDGE_CURVE('',#875,#931,#959,.T.);
#959 = SURFACE_CURVE('',#960,(#964,#971),.PCURVE_S1.);
#960 = LINE('',#961,#962);
#961 = CARTESIAN_POINT('',(242.,-291.,752.5));
#962 = VECTOR('',#963,1.);
#963 = DIRECTION('',(-0.,1.,0.));
#964 = PCURVE('',#759,#965);
#965 = DEFINITIONAL_REPRESENTATION('',(#966),#970);
#966 = LINE('',#967,#968);
#967 = CARTESIAN_POINT('',(1.505E+03,0.));
#968 = VECTOR('',#969,1.);
#969 = DIRECTION('',(0.,-1.));
#970 = ( GEOMETRIC_REPRESENTATION_CONTEXT(2) 
PARAMETRIC_REPRESENTATION_CONTEXT() REPRESENTATION_CONTEXT('2D SPACE',''
  ) );
#971 = PCURVE('',#972,#977);
#972 = PLANE('',#973);
#973 = AXIS2_PLACEMENT_3D('',#974,#975,#976);
#974 = CARTESIAN_POINT('',(-242.,-291.,752.5));
#975 = DIRECTION('',(0.,0.,1.));
#976 = DIRECTION('',(1.,0.,-0.));
#977 = DEFINITIONAL_REPRESENTATION('',(#978),#982);
#978 = LINE('',#979,#980);
#979 = CARTESIAN_POINT('',(484.,0.));
#980 = VECTOR('',#981,1.);
#981 = DIRECTION('',(0.,1.));
#982 = ( GEOMETRIC_REPRESENTATION_CONTEXT(2) 
PARAMETRIC_REPRESENTATION_CONTEXT() REPRESENTATION_CONTEXT('2D SPACE',''
  ) );
#983 = FACE_BOUND('',#984,.F.);
#984 = EDGE_LOOP('',(#985));
#985 = ORIENTED_EDGE('',*,*,#744,.F.);
#986 = ADVANCED_FACE('',(#987),#802,.T.);
#987 = FACE_BOUND('',#988,.T.);
#988 = EDGE_LOOP('',(#989,#1012,#1039,#1040));
#989 = ORIENTED_EDGE('',*,*,#990,.T.);
#990 = EDGE_CURVE('',#782,#991,#993,.T.);
#991 = VERTEX_POINT('',#992);
#992 = CARTESIAN_POINT('',(-292.,231.,-638.));
#993 = SEAM_CURVE('',#994,(#998,#1005),.PCURVE_S1.);
#994 = LINE('',#995,#996);
#995 = CARTESIAN_POINT('',(-242.,231.,-638.));
#996 = VECTOR('',#997,1.);
#997 = DIRECTION('',(-1.,0.,0.));
#998 = PCURVE('',#802,#999);
#999 = DEFINITIONAL_REPRESENTATION('',(#1000),#1004);
#1000 = LINE('',#1001,#1002);
#1001 = CARTESIAN_POINT('',(6.28318530718,-0.));
#1002 = VECTOR('',#1003,1.);
#1003 = DIRECTION('',(0.,1.));
#1004 = ( GEOMETRIC_REPRESENTATION_CONTEXT(2) 
PARAMETRIC_REPRESENTATION_CONTEXT() REPRESENTATION_CONTEXT('2D SPACE',''
  ) );
#1005 = PCURVE('',#802,#1006);
#1006 = DEFINITIONAL_REPRESENTATION('',(#1007),#1011);
#1007 = LINE('',#1008,#1009);
#1008 = CARTESIAN_POINT('',(0.,-0.));
#1009 = VECTOR('',#1010,1.);
#1010 = DIRECTION('',(0.,1.));
#1011 = ( GEOMETRIC_REPRESENTATION_CONTEXT(2) 
PARAMETRIC_REPRESENTATION_CONTEXT() REPRESENTATION_CONTEXT('2D SPACE',''
  ) );
#1012 = ORIENTED_EDGE('',*,*,#1013,.F.);
#1013 = EDGE_CURVE('',#991,#991,#1014,.T.);
#1014 = SURFACE_CURVE('',#1015,(#1020,#1027),.PCURVE_S1.);
#1015 = CIRCLE('',#1016,39.5);
#1016 = AXIS2_PLACEMENT_3D('',#1017,#1018,#1019);
#1017 = CARTESIAN_POINT('',(-292.,231.,-677.5));
#1018 = DIRECTION('',(-1.,0.,0.));
#1019 = DIRECTION('',(0.,0.,1.));
#1020 = PCURVE('',#802,#1021);
#1021 = DEFINITIONAL_REPRESENTATION('',(#1022),#1026);
#1022 = LINE('',#1023,#1024);
#1023 = CARTESIAN_POINT('',(0.,50.));
#1024 = VECTOR('',#1025,1.);
#1025 = DIRECTION('',(1.,0.));
#1026 = ( GEOMETRIC_REPRESENTATION_CONTEXT(2) 
PARAMETRIC_REPRESENTATION_CONTEXT() REPRESENTATION_CONTEXT('2D SPACE',''
  ) );
#1027 = PCURVE('',#1028,#1033);
#1028 = PLANE('',#1029);
#1029 = AXIS2_PLACEMENT_3D('',#1030,#1031,#1032);
#1030 = CARTESIAN_POINT('',(-292.,231.,-677.5));
#1031 = DIRECTION('',(-1.,0.,0.));
#1032 = DIRECTION('',(0.,0.,1.));
#1033 = DEFINITIONAL_REPRESENTATION('',(#1034),#1038);
#1034 = CIRCLE('',#1035,39.5);
#1035 = AXIS2_PLACEMENT_2D('',#1036,#1037);
#1036 = CARTESIAN_POINT('',(0.,0.));
#1037 = DIRECTION('',(1.,0.));
#1038 = ( GEOMETRIC_REPRESENTATION_CONTEXT(2) 
PARAMETRIC_REPRESENTATION_CONTEXT() REPRESENTATION_CONTEXT('2D SPACE',''
  ) );
#1039 = ORIENTED_EDGE('',*,*,#990,.F.);
#1040 = ORIENTED_EDGE('',*,*,#781,.T.);
#1041 = ADVANCED_FACE('',(#1042,#1045),#855,.T.);
#1042 = FACE_BOUND('',#1043,.T.);
#1043 = EDGE_LOOP('',(#1044));
#1044 = ORIENTED_EDGE('',*,*,#840,.T.);
#1045 = FACE_BOUND('',#1046,.T.);
#1046 = EDGE_LOOP('',(#1047));
#1047 = ORIENTED_EDGE('',*,*,#1048,.F.);
#1048 = EDGE_CURVE('',#1049,#1049,#1051,.T.);
#1049 = VERTEX_POINT('',#1050);
#1050 = CARTESIAN_POINT('',(75.,-211.,802.5));
#1051 = SURFACE_CURVE('',#1052,(#1057,#1064),.PCURVE_S1.);
#1052 = CIRCLE('',#1053,75.);
#1053 = AXIS2_PLACEMENT_3D('',#1054,#1055,#1056);
#1054 = CARTESIAN_POINT('',(0.,-211.,802.5));
#1055 = DIRECTION('',(0.,0.,1.));
#1056 = DIRECTION('',(1.,0.,-0.));
#1057 = PCURVE('',#855,#1058);
#1058 = DEFINITIONAL_REPRESENTATION('',(#1059),#1063);
#1059 = CIRCLE('',#1060,75.);
#1060 = AXIS2_PLACEMENT_2D('',#1061,#1062);
#1061 = CARTESIAN_POINT('',(0.,0.));
#1062 = DIRECTION('',(1.,0.));
#1063 = ( GEOMETRIC_REPRESENTATION_CONTEXT(2) 
PARAMETRIC_REPRESENTATION_CONTEXT() REPRESENTATION_CONTEXT('2D SPACE',''
  ) );
#1064 = PCURVE('',#1065,#1070);
#1065 = CYLINDRICAL_SURFACE('',#1066,75.);
#1066 = AXIS2_PLACEMENT_3D('',#1067,#1068,#1069);
#1067 = CARTESIAN_POINT('',(0.,-211.,692.5));
#1068 = DIRECTION('',(0.,0.,1.));
#1069 = DIRECTION('',(1.,0.,0.));
#1070 = DEFINITIONAL_REPRESENTATION('',(#1071),#1075);
#1071 = LINE('',#1072,#1073);
#1072 = CARTESIAN_POINT('',(0.,110.));
#1073 = VECTOR('',#1074,1.);
#1074 = DIRECTION('',(1.,0.));
#1075 = ( GEOMETRIC_REPRESENTATION_CONTEXT(2) 
PARAMETRIC_REPRESENTATION_CONTEXT() REPRESENTATION_CONTEXT('2D SPACE',''
  ) );
#1076 = ADVANCED_FACE('',(#1077),#890,.T.);
#1077 = FACE_BOUND('',#1078,.T.);
#1078 = EDGE_LOOP('',(#1079,#1102,#1130,#1151));
#1079 = ORIENTED_EDGE('',*,*,#1080,.F.);
#1080 = EDGE_CURVE('',#1081,#873,#1083,.T.);
#1081 = VERTEX_POINT('',#1082);
#1082 = CARTESIAN_POINT('',(-242.,-291.,-752.5));
#1083 = SURFACE_CURVE('',#1084,(#1088,#1095),.PCURVE_S1.);
#1084 = LINE('',#1085,#1086);
#1085 = CARTESIAN_POINT('',(-242.,-291.,-752.5));
#1086 = VECTOR('',#1087,1.);
#1087 = DIRECTION('',(1.,0.,-0.));
#1088 = PCURVE('',#890,#1089);
#1089 = DEFINITIONAL_REPRESENTATION('',(#1090),#1094);
#1090 = LINE('',#1091,#1092);
#1091 = CARTESIAN_POINT('',(0.,0.));
#1092 = VECTOR('',#1093,1.);
#1093 = DIRECTION('',(0.,1.));
#1094 = ( GEOMETRIC_REPRESENTATION_CONTEXT(2) 
PARAMETRIC_REPRESENTATION_CONTEXT() REPRESENTATION_CONTEXT('2D SPACE',''
  ) );
#1095 = PCURVE('',#918,#1096);
#1096 = DEFINITIONAL_REPRESENTATION('',(#1097),#1101);
#1097 = LINE('',#1098,#1099);
#1098 = CARTESIAN_POINT('',(0.,0.));
#1099 = VECTOR('',#1100,1.);
#1100 = DIRECTION('',(1.,0.));
#1101 = ( GEOMETRIC_REPRESENTATION_CONTEXT(2) 
PARAMETRIC_REPRESENTATION_CONTEXT() REPRESENTATION_CONTEXT('2D SPACE',''
  ) );
#1102 = ORIENTED_EDGE('',*,*,#1103,.T.);
#1103 = EDGE_CURVE('',#1081,#1104,#1106,.T.);
#1104 = VERTEX_POINT('',#1105);
#1105 = CARTESIAN_POINT('',(-242.,-291.,752.5));
#1106 = SURFACE_CURVE('',#1107,(#1111,#1118),.PCURVE_S1.);
#1107 = LINE('',#1108,#1109);
#1108 = CARTESIAN_POINT('',(-242.,-291.,-752.5));
#1109 = VECTOR('',#1110,1.);
#1110 = DIRECTION('',(0.,0.,1.));
#1111 = PCURVE('',#890,#1112);
#1112 = DEFINITIONAL_REPRESENTATION('',(#1113),#1117);
#1113 = LINE('',#1114,#1115);
#1114 = CARTESIAN_POINT('',(0.,0.));
#1115 = VECTOR('',#1116,1.);
#1116 = DIRECTION('',(1.,0.));
#1117 = ( GEOMETRIC_REPRESENTATION_CONTEXT(2) 
PARAMETRIC_REPRESENTATION_CONTEXT() REPRESENTATION_CONTEXT('2D SPACE',''
  ) );
#1118 = PCURVE('',#1119,#1124);
#1119 = PLANE('',#1120);
#1120 = AXIS2_PLACEMENT_3D('',#1121,#1122,#1123);
#1121 = CARTESIAN_POINT('',(-242.,-291.,-752.5));
#1122 = DIRECTION('',(1.,0.,-0.));
#1123 = DIRECTION('',(0.,0.,1.));
#1124 = DEFINITIONAL_REPRESENTATION('',(#1125),#1129);
#1125 = LINE('',#1126,#1127);
#1126 = CARTESIAN_POINT('',(0.,0.));
#1127 = VECTOR('',#1128,1.);
#1128 = DIRECTION('',(1.,0.));
#1129 = ( GEOMETRIC_REPRESENTATION_CONTEXT(2) 
PARAMETRIC_REPRESENTATION_CONTEXT() REPRESENTATION_CONTEXT('2D SPACE',''
  ) );
#1130 = ORIENTED_EDGE('',*,*,#1131,.T.);
#1131 = EDGE_CURVE('',#1104,#875,#1132,.T.);
#1132 = SURFACE_CURVE('',#1133,(#1137,#1144),.PCURVE_S1.);
#1133 = LINE('',#1134,#1135);
#1134 = CARTESIAN_POINT('',(-242.,-291.,752.5));
#1135 = VECTOR('',#1136,1.);
#1136 = DIRECTION('',(1.,0.,-0.));
#1137 = PCURVE('',#890,#1138);
#1138 = DEFINITIONAL_REPRESENTATION('',(#1139),#1143);
#1139 = LINE('',#1140,#1141);
#1140 = CARTESIAN_POINT('',(1.505E+03,0.));
#1141 = VECTOR('',#1142,1.);
#1142 = DIRECTION('',(0.,1.));
#1143 = ( GEOMETRIC_REPRESENTATION_CONTEXT(2) 
PARAMETRIC_REPRESENTATION_CONTEXT() REPRESENTATION_CONTEXT('2D SPACE',''
  ) );
#1144 = PCURVE('',#972,#1145);
#1145 = DEFINITIONAL_REPRESENTATION('',(#1146),#1150);
#1146 = LINE('',#1147,#1148);
#1147 = CARTESIAN_POINT('',(0.,0.));
#1148 = VECTOR('',#1149,1.);
#1149 = DIRECTION('',(1.,0.));
#1150 = ( GEOMETRIC_REPRESENTATION_CONTEXT(2) 
PARAMETRIC_REPRESENTATION_CONTEXT() REPRESENTATION_CONTEXT('2D SPACE',''
  ) );
#1151 = ORIENTED_EDGE('',*,*,#872,.F.);
#1152 = ADVANCED_FACE('',(#1153,#1201),#972,.F.);
#1153 = FACE_BOUND('',#1154,.F.);
#1154 = EDGE_LOOP('',(#1155,#1178,#1179,#1180));
#1155 = ORIENTED_EDGE('',*,*,#1156,.F.);
#1156 = EDGE_CURVE('',#1104,#1157,#1159,.T.);
#1157 = VERTEX_POINT('',#1158);
#1158 = CARTESIAN_POINT('',(-242.,291.,752.5));
#1159 = SURFACE_CURVE('',#1160,(#1164,#1171),.PCURVE_S1.);
#1160 = LINE('',#1161,#1162);
#1161 = CARTESIAN_POINT('',(-242.,-291.,752.5));
#1162 = VECTOR('',#1163,1.);
#1163 = DIRECTION('',(-0.,1.,0.));
#1164 = PCURVE('',#972,#1165);
#1165 = DEFINITIONAL_REPRESENTATION('',(#1166),#1170);
#1166 = LINE('',#1167,#1168);
#1167 = CARTESIAN_POINT('',(0.,0.));
#1168 = VECTOR('',#1169,1.);
#1169 = DIRECTION('',(0.,1.));
#1170 = ( GEOMETRIC_REPRESENTATION_CONTEXT(2) 
PARAMETRIC_REPRESENTATION_CONTEXT() REPRESENTATION_CONTEXT('2D SPACE',''
  ) );
#1171 = PCURVE('',#1119,#1172);
#1172 = DEFINITIONAL_REPRESENTATION('',(#1173),#1177);
#1173 = LINE('',#1174,#1175);
#1174 = CARTESIAN_POINT('',(1.505E+03,0.));
#1175 = VECTOR('',#1176,1.);
#1176 = DIRECTION('',(0.,-1.));
#1177 = ( GEOMETRIC_REPRESENTATION_CONTEXT(2) 
PARAMETRIC_REPRESENTATION_CONTEXT() REPRESENTATION_CONTEXT('2D SPACE',''
  ) );
#1178 = ORIENTED_EDGE('',*,*,#1131,.T.);
#1179 = ORIENTED_EDGE('',*,*,#958,.T.);
#1180 = ORIENTED_EDGE('',*,*,#1181,.F.);
#1181 = EDGE_CURVE('',#1157,#931,#1182,.T.);
#1182 = SURFACE_CURVE('',#1183,(#1187,#1194),.PCURVE_S1.);
#1183 = LINE('',#1184,#1185);
#1184 = CARTESIAN_POINT('',(-242.,291.,752.5));
#1185 = VECTOR('',#1186,1.);
#1186 = DIRECTION('',(1.,0.,-0.));
#1187 = PCURVE('',#972,#1188);
#1188 = DEFINITIONAL_REPRESENTATION('',(#1189),#1193);
#1189 = LINE('',#1190,#1191);
#1190 = CARTESIAN_POINT('',(0.,582.));
#1191 = VECTOR('',#1192,1.);
#1192 = DIRECTION('',(1.,0.));
#1193 = ( GEOMETRIC_REPRESENTATION_CONTEXT(2) 
PARAMETRIC_REPRESENTATION_CONTEXT() REPRESENTATION_CONTEXT('2D SPACE',''
  ) );
#1194 = PCURVE('',#946,#1195);
#1195 = DEFINITIONAL_REPRESENTATION('',(#1196),#1200);
#1196 = LINE('',#1197,#1198);
#1197 = CARTESIAN_POINT('',(1.505E+03,0.));
#1198 = VECTOR('',#1199,1.);
#1199 = DIRECTION('',(0.,1.));
#1200 = ( GEOMETRIC_REPRESENTATION_CONTEXT(2) 
PARAMETRIC_REPRESENTATION_CONTEXT() REPRESENTATION_CONTEXT('2D SPACE',''
  ) );
#1201 = FACE_BOUND('',#1202,.F.);
#1202 = EDGE_LOOP('',(#1203));
#1203 = ORIENTED_EDGE('',*,*,#1204,.F.);
#1204 = EDGE_CURVE('',#1205,#1205,#1207,.T.);
#1205 = VERTEX_POINT('',#1206);
#1206 = CARTESIAN_POINT('',(75.,-211.,752.5));
#1207 = SURFACE_CURVE('',#1208,(#1213,#1220),.PCURVE_S1.);
#1208 = CIRCLE('',#1209,75.);
#1209 = AXIS2_PLACEMENT_3D('',#1210,#1211,#1212);
#1210 = CARTESIAN_POINT('',(0.,-211.,752.5));
#1211 = DIRECTION('',(0.,0.,1.));
#1212 = DIRECTION('',(1.,0.,-0.));
#1213 = PCURVE('',#972,#1214);
#1214 = DEFINITIONAL_REPRESENTATION('',(#1215),#1219);
#1215 = CIRCLE('',#1216,75.);
#1216 = AXIS2_PLACEMENT_2D('',#1217,#1218);
#1217 = CARTESIAN_POINT('',(242.,80.));
#1218 = DIRECTION('',(1.,0.));
#1219 = ( GEOMETRIC_REPRESENTATION_CONTEXT(2) 
PARAMETRIC_REPRESENTATION_CONTEXT() REPRESENTATION_CONTEXT('2D SPACE',''
  ) );
#1220 = PCURVE('',#1065,#1221);
#1221 = DEFINITIONAL_REPRESENTATION('',(#1222),#1226);
#1222 = LINE('',#1223,#1224);
#1223 = CARTESIAN_POINT('',(0.,60.));
#1224 = VECTOR('',#1225,1.);
#1225 = DIRECTION('',(1.,0.));
#1226 = ( GEOMETRIC_REPRESENTATION_CONTEXT(2) 
PARAMETRIC_REPRESENTATION_CONTEXT() REPRESENTATION_CONTEXT('2D SPACE',''
  ) );
#1227 = ADVANCED_FACE('',(#1228),#918,.T.);
#1228 = FACE_BOUND('',#1229,.T.);
#1229 = EDGE_LOOP('',(#1230,#1253,#1254,#1255));
#1230 = ORIENTED_EDGE('',*,*,#1231,.F.);
#1231 = EDGE_CURVE('',#1081,#1232,#1234,.T.);
#1232 = VERTEX_POINT('',#1233);
#1233 = CARTESIAN_POINT('',(-242.,291.,-752.5));
#1234 = SURFACE_CURVE('',#1235,(#1239,#1246),.PCURVE_S1.);
#1235 = LINE('',#1236,#1237);
#1236 = CARTESIAN_POINT('',(-242.,-291.,-752.5));
#1237 = VECTOR('',#1238,1.);
#1238 = DIRECTION('',(-0.,1.,0.));
#1239 = PCURVE('',#918,#1240);
#1240 = DEFINITIONAL_REPRESENTATION('',(#1241),#1245);
#1241 = LINE('',#1242,#1243);
#1242 = CARTESIAN_POINT('',(0.,0.));
#1243 = VECTOR('',#1244,1.);
#1244 = DIRECTION('',(0.,1.));
#1245 = ( GEOMETRIC_REPRESENTATION_CONTEXT(2) 
PARAMETRIC_REPRESENTATION_CONTEXT() REPRESENTATION_CONTEXT('2D SPACE',''
  ) );
#1246 = PCURVE('',#1119,#1247);
#1247 = DEFINITIONAL_REPRESENTATION('',(#1248),#1252);
#1248 = LINE('',#1249,#1250);
#1249 = CARTESIAN_POINT('',(0.,0.));
#1250 = VECTOR('',#1251,1.);
#1251 = DIRECTION('',(0.,-1.));
#1252 = ( GEOMETRIC_REPRESENTATION_CONTEXT(2) 
PARAMETRIC_REPRESENTATION_CONTEXT() REPRESENTATION_CONTEXT('2D SPACE',''
  ) );
#1253 = ORIENTED_EDGE('',*,*,#1080,.T.);
#1254 = ORIENTED_EDGE('',*,*,#902,.T.);
#1255 = ORIENTED_EDGE('',*,*,#1256,.F.);
#1256 = EDGE_CURVE('',#1232,#903,#1257,.T.);
#1257 = SURFACE_CURVE('',#1258,(#1262,#1269),.PCURVE_S1.);
#1258 = LINE('',#1259,#1260);
#1259 = CARTESIAN_POINT('',(-242.,291.,-752.5));
#1260 = VECTOR('',#1261,1.);
#1261 = DIRECTION('',(1.,0.,-0.));
#1262 = PCURVE('',#918,#1263);
#1263 = DEFINITIONAL_REPRESENTATION('',(#1264),#1268);
#1264 = LINE('',#1265,#1266);
#1265 = CARTESIAN_POINT('',(0.,582.));
#1266 = VECTOR('',#1267,1.);
#1267 = DIRECTION('',(1.,0.));
#1268 = ( GEOMETRIC_REPRESENTATION_CONTEXT(2) 
PARAMETRIC_REPRESENTATION_CONTEXT() REPRESENTATION_CONTEXT('2D SPACE',''
  ) );
#1269 = PCURVE('',#946,#1270);
#1270 = DEFINITIONAL_REPRESENTATION('',(#1271),#1275);
#1271 = LINE('',#1272,#1273);
#1272 = CARTESIAN_POINT('',(0.,0.));
#1273 = VECTOR('',#1274,1.);
#1274 = DIRECTION('',(0.,1.));
#1275 = ( GEOMETRIC_REPRESENTATION_CONTEXT(2) 
PARAMETRIC_REPRESENTATION_CONTEXT() REPRESENTATION_CONTEXT('2D SPACE',''
  ) );
#1276 = ADVANCED_FACE('',(#1277),#946,.F.);
#1277 = FACE_BOUND('',#1278,.F.);
#1278 = EDGE_LOOP('',(#1279,#1280,#1301,#1302));
#1279 = ORIENTED_EDGE('',*,*,#1256,.F.);
#1280 = ORIENTED_EDGE('',*,*,#1281,.T.);
#1281 = EDGE_CURVE('',#1232,#1157,#1282,.T.);
#1282 = SURFACE_CURVE('',#1283,(#1287,#1294),.PCURVE_S1.);
#1283 = LINE('',#1284,#1285);
#1284 = CARTESIAN_POINT('',(-242.,291.,-752.5));
#1285 = VECTOR('',#1286,1.);
#1286 = DIRECTION('',(0.,0.,1.));
#1287 = PCURVE('',#946,#1288);
#1288 = DEFINITIONAL_REPRESENTATION('',(#1289),#1293);
#1289 = LINE('',#1290,#1291);
#1290 = CARTESIAN_POINT('',(0.,0.));
#1291 = VECTOR('',#1292,1.);
#1292 = DIRECTION('',(1.,0.));
#1293 = ( GEOMETRIC_REPRESENTATION_CONTEXT(2) 
PARAMETRIC_REPRESENTATION_CONTEXT() REPRESENTATION_CONTEXT('2D SPACE',''
  ) );
#1294 = PCURVE('',#1119,#1295);
#1295 = DEFINITIONAL_REPRESENTATION('',(#1296),#1300);
#1296 = LINE('',#1297,#1298);
#1297 = CARTESIAN_POINT('',(0.,-582.));
#1298 = VECTOR('',#1299,1.);
#1299 = DIRECTION('',(1.,0.));
#1300 = ( GEOMETRIC_REPRESENTATION_CONTEXT(2) 
PARAMETRIC_REPRESENTATION_CONTEXT() REPRESENTATION_CONTEXT('2D SPACE',''
  ) );
#1301 = ORIENTED_EDGE('',*,*,#1181,.T.);
#1302 = ORIENTED_EDGE('',*,*,#930,.F.);
#1303 = ADVANCED_FACE('',(#1304,#1307),#1028,.T.);
#1304 = FACE_BOUND('',#1305,.T.);
#1305 = EDGE_LOOP('',(#1306));
#1306 = ORIENTED_EDGE('',*,*,#1013,.T.);
#1307 = FACE_BOUND('',#1308,.T.);
#1308 = EDGE_LOOP('',(#1309));
#1309 = ORIENTED_EDGE('',*,*,#1310,.F.);
#1310 = EDGE_CURVE('',#1311,#1311,#1313,.T.);
#1311 = VERTEX_POINT('',#1312);
#1312 = CARTESIAN_POINT('',(-292.,231.,-640.));
#1313 = SURFACE_CURVE('',#1314,(#1319,#1326),.PCURVE_S1.);
#1314 = CIRCLE('',#1315,37.5);
#1315 = AXIS2_PLACEMENT_3D('',#1316,#1317,#1318);
#1316 = CARTESIAN_POINT('',(-292.,231.,-677.5));
#1317 = DIRECTION('',(-1.,0.,0.));
#1318 = DIRECTION('',(0.,0.,1.));
#1319 = PCURVE('',#1028,#1320);
#1320 = DEFINITIONAL_REPRESENTATION('',(#1321),#1325);
#1321 = CIRCLE('',#1322,37.5);
#1322 = AXIS2_PLACEMENT_2D('',#1323,#1324);
#1323 = CARTESIAN_POINT('',(0.,0.));
#1324 = DIRECTION('',(1.,0.));
#1325 = ( GEOMETRIC_REPRESENTATION_CONTEXT(2) 
PARAMETRIC_REPRESENTATION_CONTEXT() REPRESENTATION_CONTEXT('2D SPACE',''
  ) );
#1326 = PCURVE('',#1327,#1332);
#1327 = CYLINDRICAL_SURFACE('',#1328,37.5);
#1328 = AXIS2_PLACEMENT_3D('',#1329,#1330,#1331);
#1329 = CARTESIAN_POINT('',(-182.,231.,-677.5));
#1330 = DIRECTION('',(-1.,0.,0.));
#1331 = DIRECTION('',(0.,0.,1.));
#1332 = DEFINITIONAL_REPRESENTATION('',(#1333),#1337);
#1333 = LINE('',#1334,#1335);
#1334 = CARTESIAN_POINT('',(0.,110.));
#1335 = VECTOR('',#1336,1.);
#1336 = DIRECTION('',(1.,0.));
#1337 = ( GEOMETRIC_REPRESENTATION_CONTEXT(2) 
PARAMETRIC_REPRESENTATION_CONTEXT() REPRESENTATION_CONTEXT('2D SPACE',''
  ) );
#1338 = ADVANCED_FACE('',(#1339),#1065,.F.);
#1339 = FACE_BOUND('',#1340,.F.);
#1340 = EDGE_LOOP('',(#1341,#1342,#1363,#1364));
#1341 = ORIENTED_EDGE('',*,*,#1048,.F.);
#1342 = ORIENTED_EDGE('',*,*,#1343,.F.);
#1343 = EDGE_CURVE('',#1205,#1049,#1344,.T.);
#1344 = SEAM_CURVE('',#1345,(#1349,#1356),.PCURVE_S1.);
#1345 = LINE('',#1346,#1347);
#1346 = CARTESIAN_POINT('',(75.,-211.,692.5));
#1347 = VECTOR('',#1348,1.);
#1348 = DIRECTION('',(0.,0.,1.));
#1349 = PCURVE('',#1065,#1350);
#1350 = DEFINITIONAL_REPRESENTATION('',(#1351),#1355);
#1351 = LINE('',#1352,#1353);
#1352 = CARTESIAN_POINT('',(6.28318530718,-0.));
#1353 = VECTOR('',#1354,1.);
#1354 = DIRECTION('',(0.,1.));
#1355 = ( GEOMETRIC_REPRESENTATION_CONTEXT(2) 
PARAMETRIC_REPRESENTATION_CONTEXT() REPRESENTATION_CONTEXT('2D SPACE',''
  ) );
#1356 = PCURVE('',#1065,#1357);
#1357 = DEFINITIONAL_REPRESENTATION('',(#1358),#1362);
#1358 = LINE('',#1359,#1360);
#1359 = CARTESIAN_POINT('',(0.,-0.));
#1360 = VECTOR('',#1361,1.);
#1361 = DIRECTION('',(0.,1.));
#1362 = ( GEOMETRIC_REPRESENTATION_CONTEXT(2) 
PARAMETRIC_REPRESENTATION_CONTEXT() REPRESENTATION_CONTEXT('2D SPACE',''
  ) );
#1363 = ORIENTED_EDGE('',*,*,#1204,.T.);
#1364 = ORIENTED_EDGE('',*,*,#1343,.T.);
#1365 = ADVANCED_FACE('',(#1366,#1372),#1119,.T.);
#1366 = FACE_BOUND('',#1367,.T.);
#1367 = EDGE_LOOP('',(#1368,#1369,#1370,#1371));
#1368 = ORIENTED_EDGE('',*,*,#1103,.F.);
#1369 = ORIENTED_EDGE('',*,*,#1231,.T.);
#1370 = ORIENTED_EDGE('',*,*,#1281,.T.);
#1371 = ORIENTED_EDGE('',*,*,#1156,.F.);
#1372 = FACE_BOUND('',#1373,.T.);
#1373 = EDGE_LOOP('',(#1374));
#1374 = ORIENTED_EDGE('',*,*,#1375,.T.);
#1375 = EDGE_CURVE('',#1376,#1376,#1378,.T.);
#1376 = VERTEX_POINT('',#1377);
#1377 = CARTESIAN_POINT('',(-242.,231.,-640.));
#1378 = SURFACE_CURVE('',#1379,(#1384,#1395),.PCURVE_S1.);
#1379 = CIRCLE('',#1380,37.5);
#1380 = AXIS2_PLACEMENT_3D('',#1381,#1382,#1383);
#1381 = CARTESIAN_POINT('',(-242.,231.,-677.5));
#1382 = DIRECTION('',(-1.,0.,0.));
#1383 = DIRECTION('',(0.,0.,1.));
#1384 = PCURVE('',#1119,#1385);
#1385 = DEFINITIONAL_REPRESENTATION('',(#1386),#1394);
#1386 = ( BOUNDED_CURVE() B_SPLINE_CURVE(2,(#1387,#1388,#1389,#1390,
#1391,#1392,#1393),.UNSPECIFIED.,.T.,.F.) B_SPLINE_CURVE_WITH_KNOTS((1,2
    ,2,2,2,1),(-2.094395102393,0.,2.094395102393,4.188790204786,
6.28318530718,8.377580409573),.UNSPECIFIED.) CURVE() 
GEOMETRIC_REPRESENTATION_ITEM() RATIONAL_B_SPLINE_CURVE((1.,0.5,1.,0.5,
1.,0.5,1.)) REPRESENTATION_ITEM('') );
#1387 = CARTESIAN_POINT('',(112.5,-522.));
#1388 = CARTESIAN_POINT('',(112.5,-586.9519052838));
#1389 = CARTESIAN_POINT('',(56.25,-554.4759526419));
#1390 = CARTESIAN_POINT('',(1.42108547152E-14,-522.));
#1391 = CARTESIAN_POINT('',(56.25,-489.524047358));
#1392 = CARTESIAN_POINT('',(112.5,-457.0480947161));
#1393 = CARTESIAN_POINT('',(112.5,-522.));
#1394 = ( GEOMETRIC_REPRESENTATION_CONTEXT(2) 
PARAMETRIC_REPRESENTATION_CONTEXT() REPRESENTATION_CONTEXT('2D SPACE',''
  ) );
#1395 = PCURVE('',#1327,#1396);
#1396 = DEFINITIONAL_REPRESENTATION('',(#1397),#1401);
#1397 = LINE('',#1398,#1399);
#1398 = CARTESIAN_POINT('',(0.,60.));
#1399 = VECTOR('',#1400,1.);
#1400 = DIRECTION('',(1.,0.));
#1401 = ( GEOMETRIC_REPRESENTATION_CONTEXT(2) 
PARAMETRIC_REPRESENTATION_CONTEXT() REPRESENTATION_CONTEXT('2D SPACE',''
  ) );
#1402 = ADVANCED_FACE('',(#1403),#1327,.F.);
#1403 = FACE_BOUND('',#1404,.F.);
#1404 = EDGE_LOOP('',(#1405,#1406,#1427,#1428));
#1405 = ORIENTED_EDGE('',*,*,#1310,.F.);
#1406 = ORIENTED_EDGE('',*,*,#1407,.F.);
#1407 = EDGE_CURVE('',#1376,#1311,#1408,.T.);
#1408 = SEAM_CURVE('',#1409,(#1413,#1420),.PCURVE_S1.);
#1409 = LINE('',#1410,#1411);
#1410 = CARTESIAN_POINT('',(-182.,231.,-640.));
#1411 = VECTOR('',#1412,1.);
#1412 = DIRECTION('',(-1.,0.,0.));
#1413 = PCURVE('',#1327,#1414);
#1414 = DEFINITIONAL_REPRESENTATION('',(#1415),#1419);
#1415 = LINE('',#1416,#1417);
#1416 = CARTESIAN_POINT('',(6.28318530718,-0.));
#1417 = VECTOR('',#1418,1.);
#1418 = DIRECTION('',(0.,1.));
#1419 = ( GEOMETRIC_REPRESENTATION_CONTEXT(2) 
PARAMETRIC_REPRESENTATION_CONTEXT() REPRESENTATION_CONTEXT('2D SPACE',''
  ) );
#1420 = PCURVE('',#1327,#1421);
#1421 = DEFINITIONAL_REPRESENTATION('',(#1422),#1426);
#1422 = LINE('',#1423,#1424);
#1423 = CARTESIAN_POINT('',(0.,-0.));
#1424 = VECTOR('',#1425,1.);
#1425 = DIRECTION('',(0.,1.));
#1426 = ( GEOMETRIC_REPRESENTATION_CONTEXT(2) 
PARAMETRIC_REPRESENTATION_CONTEXT() REPRESENTATION_CONTEXT('2D SPACE',''
  ) );
#1427 = ORIENTED_EDGE('',*,*,#1375,.T.);
#1428 = ORIENTED_EDGE('',*,*,#1407,.T.);
#1429 = ( GEOMETRIC_REPRESENTATION_CONTEXT(3) 
GLOBAL_UNCERTAINTY_ASSIGNED_CONTEXT((#1433)) 
GLOBAL_UNIT_ASSIGNED_CONTEXT((#1430,#1431,#1432)) REPRESENTATION_CONTEXT
('Context #1','3D Context with UNIT and UNCERTAINTY') );
#1430 = ( LENGTH_UNIT() NAMED_UNIT(*) SI_UNIT(.MILLI.,.METRE.) );
#1431 = ( NAMED_UNIT(*) PLANE_ANGLE_UNIT() SI_UNIT($,.RADIAN.) );
#1432 = ( NAMED_UNIT(*) SI_UNIT($,.STERADIAN.) SOLID_ANGLE_UNIT() );
#1433 = UNCERTAINTY_MEASURE_WITH_UNIT(LENGTH_MEASURE(1.E-07),#1430,
  'distance_accuracy_value','confusion accuracy');
#1434 = CONTEXT_DEPENDENT_SHAPE_REPRESENTATION(#1435,#1437);
#1435 = ( REPRESENTATION_RELATIONSHIP('','',#240,#10) 
REPRESENTATION_RELATIONSHIP_WITH_TRANSFORMATION(#1436) 
SHAPE_REPRESENTATION_RELATIONSHIP() );
#1436 = ITEM_DEFINED_TRANSFORMATION('','',#11,#15);
#1437 = PRODUCT_DEFINITION_SHAPE('Placement','Placement of an item',
  #1438);
#1438 = NEXT_ASSEMBLY_USAGE_OCCURRENCE('1','sheet_metal_cabinet','',#5,
  #235,$);
#1439 = PRODUCT_RELATED_PRODUCT_CATEGORY('part',$,(#237));
#1440 = SHAPE_DEFINITION_REPRESENTATION(#1441,#1447);
#1441 = PRODUCT_DEFINITION_SHAPE('','',#1442);
#1442 = PRODUCT_DEFINITION('design','',#1443,#1446);
#1443 = PRODUCT_DEFINITION_FORMATION('','',#1444);
#1444 = PRODUCT('solid_false_wall','solid_false_wall','',(#1445));
#1445 = PRODUCT_CONTEXT('',#2,'mechanical');
#1446 = PRODUCT_DEFINITION_CONTEXT('part definition',#2,'design');
#1447 = ADVANCED_BREP_SHAPE_REPRESENTATION('',(#11,#1448),#7778);
#1448 = MANIFOLD_SOLID_BREP('',#1449);
#1449 = CLOSED_SHELL('',(#1450,#1570,#3766,#3815,#5584,#5611,#5618,#5665
    ,#5692,#5719,#5726,#5773,#5800,#5827,#5834,#5881,#5908,#5935,#5942,
    #5989,#6016,#6043,#6050,#6097,#6124,#6151,#6158,#6205,#6232,#6259,
    #6266,#6313,#6340,#6367,#6374,#6421,#6448,#6475,#6482,#6529,#6556,
    #6583,#6590,#6637,#6664,#6691,#6698,#6745,#6772,#6799,#6806,#6853,
    #6880,#6907,#6914,#6961,#6988,#7015,#7022,#7069,#7096,#7123,#7130,
    #7177,#7204,#7231,#7238,#7285,#7312,#7339,#7346,#7393,#7420,#7447,
    #7454,#7501,#7528,#7555,#7562,#7609,#7636,#7663,#7670,#7717,#7744,
    #7771));
#1450 = ADVANCED_FACE('',(#1451),#1465,.F.);
#1451 = FACE_BOUND('',#1452,.F.);
#1452 = EDGE_LOOP('',(#1453,#1488,#1516,#1544));
#1453 = ORIENTED_EDGE('',*,*,#1454,.F.);
#1454 = EDGE_CURVE('',#1455,#1457,#1459,.T.);
#1455 = VERTEX_POINT('',#1456);
#1456 = CARTESIAN_POINT('',(-242.,-131.,-752.5));
#1457 = VERTEX_POINT('',#1458);
#1458 = CARTESIAN_POINT('',(-242.,-131.,752.5));
#1459 = SURFACE_CURVE('',#1460,(#1464,#1476),.PCURVE_S1.);
#1460 = LINE('',#1461,#1462);
#1461 = CARTESIAN_POINT('',(-242.,-131.,-752.5));
#1462 = VECTOR('',#1463,1.);
#1463 = DIRECTION('',(0.,0.,1.));
#1464 = PCURVE('',#1465,#1470);
#1465 = PLANE('',#1466);
#1466 = AXIS2_PLACEMENT_3D('',#1467,#1468,#1469);
#1467 = CARTESIAN_POINT('',(-242.,-131.,-752.5));
#1468 = DIRECTION('',(1.,0.,0.));
#1469 = DIRECTION('',(0.,0.,1.));
#1470 = DEFINITIONAL_REPRESENTATION('',(#1471),#1475);
#1471 = LINE('',#1472,#1473);
#1472 = CARTESIAN_POINT('',(0.,0.));
#1473 = VECTOR('',#1474,1.);
#1474 = DIRECTION('',(1.,0.));
#1475 = ( GEOMETRIC_REPRESENTATION_CONTEXT(2) 
PARAMETRIC_REPRESENTATION_CONTEXT() REPRESENTATION_CONTEXT('2D SPACE',''
  ) );
#1476 = PCURVE('',#1477,#1482);
#1477 = PLANE('',#1478);
#1478 = AXIS2_PLACEMENT_3D('',#1479,#1480,#1481);
#1479 = CARTESIAN_POINT('',(-242.,-131.,-752.5));
#1480 = DIRECTION('',(0.,1.,0.));
#1481 = DIRECTION('',(0.,0.,1.));
#1482 = DEFINITIONAL_REPRESENTATION('',(#1483),#1487);
#1483 = LINE('',#1484,#1485);
#1484 = CARTESIAN_POINT('',(0.,0.));
#1485 = VECTOR('',#1486,1.);
#1486 = DIRECTION('',(1.,0.));
#1487 = ( GEOMETRIC_REPRESENTATION_CONTEXT(2) 
PARAMETRIC_REPRESENTATION_CONTEXT() REPRESENTATION_CONTEXT('2D SPACE',''
  ) );
#1488 = ORIENTED_EDGE('',*,*,#1489,.T.);
#1489 = EDGE_CURVE('',#1455,#1490,#1492,.T.);
#1490 = VERTEX_POINT('',#1491);
#1491 = CARTESIAN_POINT('',(-242.,-129.,-752.5));
#1492 = SURFACE_CURVE('',#1493,(#1497,#1504),.PCURVE_S1.);
#1493 = LINE('',#1494,#1495);
#1494 = CARTESIAN_POINT('',(-242.,-131.,-752.5));
#1495 = VECTOR('',#1496,1.);
#1496 = DIRECTION('',(0.,1.,0.));
#1497 = PCURVE('',#1465,#1498);
#1498 = DEFINITIONAL_REPRESENTATION('',(#1499),#1503);
#1499 = LINE('',#1500,#1501);
#1500 = CARTESIAN_POINT('',(0.,0.));
#1501 = VECTOR('',#1502,1.);
#1502 = DIRECTION('',(0.,-1.));
#1503 = ( GEOMETRIC_REPRESENTATION_CONTEXT(2) 
PARAMETRIC_REPRESENTATION_CONTEXT() REPRESENTATION_CONTEXT('2D SPACE',''
  ) );
#1504 = PCURVE('',#1505,#1510);
#1505 = PLANE('',#1506);
#1506 = AXIS2_PLACEMENT_3D('',#1507,#1508,#1509);
#1507 = CARTESIAN_POINT('',(-242.,-131.,-752.5));
#1508 = DIRECTION('',(0.,0.,1.));
#1509 = DIRECTION('',(1.,0.,0.));
#1510 = DEFINITIONAL_REPRESENTATION('',(#1511),#1515);
#1511 = LINE('',#1512,#1513);
#1512 = CARTESIAN_POINT('',(0.,0.));
#1513 = VECTOR('',#1514,1.);
#1514 = DIRECTION('',(0.,1.));
#1515 = ( GEOMETRIC_REPRESENTATION_CONTEXT(2) 
PARAMETRIC_REPRESENTATION_CONTEXT() REPRESENTATION_CONTEXT('2D SPACE',''
  ) );
#1516 = ORIENTED_EDGE('',*,*,#1517,.T.);
#1517 = EDGE_CURVE('',#1490,#1518,#1520,.T.);
#1518 = VERTEX_POINT('',#1519);
#1519 = CARTESIAN_POINT('',(-242.,-129.,752.5));
#1520 = SURFACE_CURVE('',#1521,(#1525,#1532),.PCURVE_S1.);
#1521 = LINE('',#1522,#1523);
#1522 = CARTESIAN_POINT('',(-242.,-129.,-752.5));
#1523 = VECTOR('',#1524,1.);
#1524 = DIRECTION('',(0.,0.,1.));
#1525 = PCURVE('',#1465,#1526);
#1526 = DEFINITIONAL_REPRESENTATION('',(#1527),#1531);
#1527 = LINE('',#1528,#1529);
#1528 = CARTESIAN_POINT('',(0.,-2.));
#1529 = VECTOR('',#1530,1.);
#1530 = DIRECTION('',(1.,0.));
#1531 = ( GEOMETRIC_REPRESENTATION_CONTEXT(2) 
PARAMETRIC_REPRESENTATION_CONTEXT() REPRESENTATION_CONTEXT('2D SPACE',''
  ) );
#1532 = PCURVE('',#1533,#1538);
#1533 = PLANE('',#1534);
#1534 = AXIS2_PLACEMENT_3D('',#1535,#1536,#1537);
#1535 = CARTESIAN_POINT('',(-242.,-129.,-752.5));
#1536 = DIRECTION('',(0.,1.,0.));
#1537 = DIRECTION('',(0.,0.,1.));
#1538 = DEFINITIONAL_REPRESENTATION('',(#1539),#1543);
#1539 = LINE('',#1540,#1541);
#1540 = CARTESIAN_POINT('',(0.,0.));
#1541 = VECTOR('',#1542,1.);
#1542 = DIRECTION('',(1.,0.));
#1543 = ( GEOMETRIC_REPRESENTATION_CONTEXT(2) 
PARAMETRIC_REPRESENTATION_CONTEXT() REPRESENTATION_CONTEXT('2D SPACE',''
  ) );
#1544 = ORIENTED_EDGE('',*,*,#1545,.F.);
#1545 = EDGE_CURVE('',#1457,#1518,#1546,.T.);
#1546 = SURFACE_CURVE('',#1547,(#1551,#1558),.PCURVE_S1.);
#1547 = LINE('',#1548,#1549);
#1548 = CARTESIAN_POINT('',(-242.,-131.,752.5));
#1549 = VECTOR('',#1550,1.);
#1550 = DIRECTION('',(0.,1.,0.));
#1551 = PCURVE('',#1465,#1552);
#1552 = DEFINITIONAL_REPRESENTATION('',(#1553),#1557);
#1553 = LINE('',#1554,#1555);
#1554 = CARTESIAN_POINT('',(1.505E+03,0.));
#1555 = VECTOR('',#1556,1.);
#1556 = DIRECTION('',(0.,-1.));
#1557 = ( GEOMETRIC_REPRESENTATION_CONTEXT(2) 
PARAMETRIC_REPRESENTATION_CONTEXT() REPRESENTATION_CONTEXT('2D SPACE',''
  ) );
#1558 = PCURVE('',#1559,#1564);
#1559 = PLANE('',#1560);
#1560 = AXIS2_PLACEMENT_3D('',#1561,#1562,#1563);
#1561 = CARTESIAN_POINT('',(-242.,-131.,752.5));
#1562 = DIRECTION('',(0.,0.,1.));
#1563 = DIRECTION('',(1.,0.,0.));
#1564 = DEFINITIONAL_REPRESENTATION('',(#1565),#1569);
#1565 = LINE('',#1566,#1567);
#1566 = CARTESIAN_POINT('',(0.,0.));
#1567 = VECTOR('',#1568,1.);
#1568 = DIRECTION('',(0.,1.));
#1569 = ( GEOMETRIC_REPRESENTATION_CONTEXT(2) 
PARAMETRIC_REPRESENTATION_CONTEXT() REPRESENTATION_CONTEXT('2D SPACE',''
  ) );
#1570 = ADVANCED_FACE('',(#1571,#1646,#1752,#1858,#1964,#2070,#2176,
    #2282,#2388,#2494,#2600,#2706,#2812,#2918,#3024,#3130,#3236,#3342,
    #3448,#3554,#3660),#1477,.F.);
#1571 = FACE_BOUND('',#1572,.F.);
#1572 = EDGE_LOOP('',(#1573,#1596,#1597,#1620));
#1573 = ORIENTED_EDGE('',*,*,#1574,.F.);
#1574 = EDGE_CURVE('',#1455,#1575,#1577,.T.);
#1575 = VERTEX_POINT('',#1576);
#1576 = CARTESIAN_POINT('',(242.,-131.,-752.5));
#1577 = SURFACE_CURVE('',#1578,(#1582,#1589),.PCURVE_S1.);
#1578 = LINE('',#1579,#1580);
#1579 = CARTESIAN_POINT('',(-242.,-131.,-752.5));
#1580 = VECTOR('',#1581,1.);
#1581 = DIRECTION('',(1.,0.,0.));
#1582 = PCURVE('',#1477,#1583);
#1583 = DEFINITIONAL_REPRESENTATION('',(#1584),#1588);
#1584 = LINE('',#1585,#1586);
#1585 = CARTESIAN_POINT('',(0.,0.));
#1586 = VECTOR('',#1587,1.);
#1587 = DIRECTION('',(0.,1.));
#1588 = ( GEOMETRIC_REPRESENTATION_CONTEXT(2) 
PARAMETRIC_REPRESENTATION_CONTEXT() REPRESENTATION_CONTEXT('2D SPACE',''
  ) );
#1589 = PCURVE('',#1505,#1590);
#1590 = DEFINITIONAL_REPRESENTATION('',(#1591),#1595);
#1591 = LINE('',#1592,#1593);
#1592 = CARTESIAN_POINT('',(0.,0.));
#1593 = VECTOR('',#1594,1.);
#1594 = DIRECTION('',(1.,0.));
#1595 = ( GEOMETRIC_REPRESENTATION_CONTEXT(2) 
PARAMETRIC_REPRESENTATION_CONTEXT() REPRESENTATION_CONTEXT('2D SPACE',''
  ) );
#1596 = ORIENTED_EDGE('',*,*,#1454,.T.);
#1597 = ORIENTED_EDGE('',*,*,#1598,.T.);
#1598 = EDGE_CURVE('',#1457,#1599,#1601,.T.);
#1599 = VERTEX_POINT('',#1600);
#1600 = CARTESIAN_POINT('',(242.,-131.,752.5));
#1601 = SURFACE_CURVE('',#1602,(#1606,#1613),.PCURVE_S1.);
#1602 = LINE('',#1603,#1604);
#1603 = CARTESIAN_POINT('',(-242.,-131.,752.5));
#1604 = VECTOR('',#1605,1.);
#1605 = DIRECTION('',(1.,0.,0.));
#1606 = PCURVE('',#1477,#1607);
#1607 = DEFINITIONAL_REPRESENTATION('',(#1608),#1612);
#1608 = LINE('',#1609,#1610);
#1609 = CARTESIAN_POINT('',(1.505E+03,0.));
#1610 = VECTOR('',#1611,1.);
#1611 = DIRECTION('',(0.,1.));
#1612 = ( GEOMETRIC_REPRESENTATION_CONTEXT(2) 
PARAMETRIC_REPRESENTATION_CONTEXT() REPRESENTATION_CONTEXT('2D SPACE',''
  ) );
#1613 = PCURVE('',#1559,#1614);
#1614 = DEFINITIONAL_REPRESENTATION('',(#1615),#1619);
#1615 = LINE('',#1616,#1617);
#1616 = CARTESIAN_POINT('',(0.,0.));
#1617 = VECTOR('',#1618,1.);
#1618 = DIRECTION('',(1.,0.));
#1619 = ( GEOMETRIC_REPRESENTATION_CONTEXT(2) 
PARAMETRIC_REPRESENTATION_CONTEXT() REPRESENTATION_CONTEXT('2D SPACE',''
  ) );
#1620 = ORIENTED_EDGE('',*,*,#1621,.F.);
#1621 = EDGE_CURVE('',#1575,#1599,#1622,.T.);
#1622 = SURFACE_CURVE('',#1623,(#1627,#1634),.PCURVE_S1.);
#1623 = LINE('',#1624,#1625);
#1624 = CARTESIAN_POINT('',(242.,-131.,-752.5));
#1625 = VECTOR('',#1626,1.);
#1626 = DIRECTION('',(0.,0.,1.));
#1627 = PCURVE('',#1477,#1628);
#1628 = DEFINITIONAL_REPRESENTATION('',(#1629),#1633);
#1629 = LINE('',#1630,#1631);
#1630 = CARTESIAN_POINT('',(0.,484.));
#1631 = VECTOR('',#1632,1.);
#1632 = DIRECTION('',(1.,0.));
#1633 = ( GEOMETRIC_REPRESENTATION_CONTEXT(2) 
PARAMETRIC_REPRESENTATION_CONTEXT() REPRESENTATION_CONTEXT('2D SPACE',''
  ) );
#1634 = PCURVE('',#1635,#1640);
#1635 = PLANE('',#1636);
#1636 = AXIS2_PLACEMENT_3D('',#1637,#1638,#1639);
#1637 = CARTESIAN_POINT('',(242.,-131.,-752.5));
#1638 = DIRECTION('',(1.,0.,0.));
#1639 = DIRECTION('',(0.,0.,1.));
#1640 = DEFINITIONAL_REPRESENTATION('',(#1641),#1645);
#1641 = LINE('',#1642,#1643);
#1642 = CARTESIAN_POINT('',(0.,0.));
#1643 = VECTOR('',#1644,1.);
#1644 = DIRECTION('',(1.,0.));
#1645 = ( GEOMETRIC_REPRESENTATION_CONTEXT(2) 
PARAMETRIC_REPRESENTATION_CONTEXT() REPRESENTATION_CONTEXT('2D SPACE',''
  ) );
#1646 = FACE_BOUND('',#1647,.F.);
#1647 = EDGE_LOOP('',(#1648,#1676,#1702,#1728));
#1648 = ORIENTED_EDGE('',*,*,#1649,.F.);
#1649 = EDGE_CURVE('',#1650,#1652,#1654,.T.);
#1650 = VERTEX_POINT('',#1651);
#1651 = CARTESIAN_POINT('',(-198.5,-131.,-543.5));
#1652 = VERTEX_POINT('',#1653);
#1653 = CARTESIAN_POINT('',(198.5,-131.,-543.5));
#1654 = SURFACE_CURVE('',#1655,(#1659,#1665),.PCURVE_S1.);
#1655 = LINE('',#1656,#1657);
#1656 = CARTESIAN_POINT('',(-220.25,-131.,-543.5));
#1657 = VECTOR('',#1658,1.);
#1658 = DIRECTION('',(1.,0.,0.));
#1659 = PCURVE('',#1477,#1660);
#1660 = DEFINITIONAL_REPRESENTATION('',(#1661),#1664);
#1661 = B_SPLINE_CURVE_WITH_KNOTS('',1,(#1662,#1663),.UNSPECIFIED.,.F.,
  .F.,(2,2),(21.75,418.75),.PIECEWISE_BEZIER_KNOTS.);
#1662 = CARTESIAN_POINT('',(209.,43.5));
#1663 = CARTESIAN_POINT('',(209.,440.5));
#1664 = ( GEOMETRIC_REPRESENTATION_CONTEXT(2) 
PARAMETRIC_REPRESENTATION_CONTEXT() REPRESENTATION_CONTEXT('2D SPACE',''
  ) );
#1665 = PCURVE('',#1666,#1671);
#1666 = PLANE('',#1667);
#1667 = AXIS2_PLACEMENT_3D('',#1668,#1669,#1670);
#1668 = CARTESIAN_POINT('',(-198.5,-133.,-543.5));
#1669 = DIRECTION('',(0.,0.,1.));
#1670 = DIRECTION('',(1.,0.,0.));
#1671 = DEFINITIONAL_REPRESENTATION('',(#1672),#1675);
#1672 = B_SPLINE_CURVE_WITH_KNOTS('',1,(#1673,#1674),.UNSPECIFIED.,.F.,
  .F.,(2,2),(21.75,418.75),.PIECEWISE_BEZIER_KNOTS.);
#1673 = CARTESIAN_POINT('',(0.,2.));
#1674 = CARTESIAN_POINT('',(397.,2.));
#1675 = ( GEOMETRIC_REPRESENTATION_CONTEXT(2) 
PARAMETRIC_REPRESENTATION_CONTEXT() REPRESENTATION_CONTEXT('2D SPACE',''
  ) );
#1676 = ORIENTED_EDGE('',*,*,#1677,.T.);
#1677 = EDGE_CURVE('',#1650,#1678,#1680,.T.);
#1678 = VERTEX_POINT('',#1679);
#1679 = CARTESIAN_POINT('',(-198.5,-131.,-563.5));
#1680 = SURFACE_CURVE('',#1681,(#1685,#1691),.PCURVE_S1.);
#1681 = LINE('',#1682,#1683);
#1682 = CARTESIAN_POINT('',(-198.5,-131.,-658.));
#1683 = VECTOR('',#1684,1.);
#1684 = DIRECTION('',(0.,0.,-1.));
#1685 = PCURVE('',#1477,#1686);
#1686 = DEFINITIONAL_REPRESENTATION('',(#1687),#1690);
#1687 = B_SPLINE_CURVE_WITH_KNOTS('',1,(#1688,#1689),.UNSPECIFIED.,.F.,
  .F.,(2,2),(-114.5,-94.5),.PIECEWISE_BEZIER_KNOTS.);
#1688 = CARTESIAN_POINT('',(209.,43.5));
#1689 = CARTESIAN_POINT('',(189.,43.5));
#1690 = ( GEOMETRIC_REPRESENTATION_CONTEXT(2) 
PARAMETRIC_REPRESENTATION_CONTEXT() REPRESENTATION_CONTEXT('2D SPACE',''
  ) );
#1691 = PCURVE('',#1692,#1697);
#1692 = PLANE('',#1693);
#1693 = AXIS2_PLACEMENT_3D('',#1694,#1695,#1696);
#1694 = CARTESIAN_POINT('',(-198.5,-133.,-563.5));
#1695 = DIRECTION('',(1.,0.,0.));
#1696 = DIRECTION('',(0.,0.,1.));
#1697 = DEFINITIONAL_REPRESENTATION('',(#1698),#1701);
#1698 = B_SPLINE_CURVE_WITH_KNOTS('',1,(#1699,#1700),.UNSPECIFIED.,.F.,
  .F.,(2,2),(-114.5,-94.5),.PIECEWISE_BEZIER_KNOTS.);
#1699 = CARTESIAN_POINT('',(20.,-2.));
#1700 = CARTESIAN_POINT('',(0.,-2.));
#1701 = ( GEOMETRIC_REPRESENTATION_CONTEXT(2) 
PARAMETRIC_REPRESENTATION_CONTEXT() REPRESENTATION_CONTEXT('2D SPACE',''
  ) );
#1702 = ORIENTED_EDGE('',*,*,#1703,.T.);
#1703 = EDGE_CURVE('',#1678,#1704,#1706,.T.);
#1704 = VERTEX_POINT('',#1705);
#1705 = CARTESIAN_POINT('',(198.5,-131.,-563.5));
#1706 = SURFACE_CURVE('',#1707,(#1711,#1717),.PCURVE_S1.);
#1707 = LINE('',#1708,#1709);
#1708 = CARTESIAN_POINT('',(-220.25,-131.,-563.5));
#1709 = VECTOR('',#1710,1.);
#1710 = DIRECTION('',(1.,0.,0.));
#1711 = PCURVE('',#1477,#1712);
#1712 = DEFINITIONAL_REPRESENTATION('',(#1713),#1716);
#1713 = B_SPLINE_CURVE_WITH_KNOTS('',1,(#1714,#1715),.UNSPECIFIED.,.F.,
  .F.,(2,2),(21.75,418.75),.PIECEWISE_BEZIER_KNOTS.);
#1714 = CARTESIAN_POINT('',(189.,43.5));
#1715 = CARTESIAN_POINT('',(189.,440.5));
#1716 = ( GEOMETRIC_REPRESENTATION_CONTEXT(2) 
PARAMETRIC_REPRESENTATION_CONTEXT() REPRESENTATION_CONTEXT('2D SPACE',''
  ) );
#1717 = PCURVE('',#1718,#1723);
#1718 = PLANE('',#1719);
#1719 = AXIS2_PLACEMENT_3D('',#1720,#1721,#1722);
#1720 = CARTESIAN_POINT('',(-198.5,-133.,-563.5));
#1721 = DIRECTION('',(0.,0.,1.));
#1722 = DIRECTION('',(1.,0.,0.));
#1723 = DEFINITIONAL_REPRESENTATION('',(#1724),#1727);
#1724 = B_SPLINE_CURVE_WITH_KNOTS('',1,(#1725,#1726),.UNSPECIFIED.,.F.,
  .F.,(2,2),(21.75,418.75),.PIECEWISE_BEZIER_KNOTS.);
#1725 = CARTESIAN_POINT('',(0.,2.));
#1726 = CARTESIAN_POINT('',(397.,2.));
#1727 = ( GEOMETRIC_REPRESENTATION_CONTEXT(2) 
PARAMETRIC_REPRESENTATION_CONTEXT() REPRESENTATION_CONTEXT('2D SPACE',''
  ) );
#1728 = ORIENTED_EDGE('',*,*,#1729,.F.);
#1729 = EDGE_CURVE('',#1652,#1704,#1730,.T.);
#1730 = SURFACE_CURVE('',#1731,(#1735,#1741),.PCURVE_S1.);
#1731 = LINE('',#1732,#1733);
#1732 = CARTESIAN_POINT('',(198.5,-131.,-658.));
#1733 = VECTOR('',#1734,1.);
#1734 = DIRECTION('',(0.,0.,-1.));
#1735 = PCURVE('',#1477,#1736);
#1736 = DEFINITIONAL_REPRESENTATION('',(#1737),#1740);
#1737 = B_SPLINE_CURVE_WITH_KNOTS('',1,(#1738,#1739),.UNSPECIFIED.,.F.,
  .F.,(2,2),(-114.5,-94.5),.PIECEWISE_BEZIER_KNOTS.);
#1738 = CARTESIAN_POINT('',(209.,440.5));
#1739 = CARTESIAN_POINT('',(189.,440.5));
#1740 = ( GEOMETRIC_REPRESENTATION_CONTEXT(2) 
PARAMETRIC_REPRESENTATION_CONTEXT() REPRESENTATION_CONTEXT('2D SPACE',''
  ) );
#1741 = PCURVE('',#1742,#1747);
#1742 = PLANE('',#1743);
#1743 = AXIS2_PLACEMENT_3D('',#1744,#1745,#1746);
#1744 = CARTESIAN_POINT('',(198.5,-133.,-563.5));
#1745 = DIRECTION('',(1.,0.,0.));
#1746 = DIRECTION('',(0.,0.,1.));
#1747 = DEFINITIONAL_REPRESENTATION('',(#1748),#1751);
#1748 = B_SPLINE_CURVE_WITH_KNOTS('',1,(#1749,#1750),.UNSPECIFIED.,.F.,
  .F.,(2,2),(-114.5,-94.5),.PIECEWISE_BEZIER_KNOTS.);
#1749 = CARTESIAN_POINT('',(20.,-2.));
#1750 = CARTESIAN_POINT('',(0.,-2.));
#1751 = ( GEOMETRIC_REPRESENTATION_CONTEXT(2) 
PARAMETRIC_REPRESENTATION_CONTEXT() REPRESENTATION_CONTEXT('2D SPACE',''
  ) );
#1752 = FACE_BOUND('',#1753,.F.);
#1753 = EDGE_LOOP('',(#1754,#1782,#1808,#1834));
#1754 = ORIENTED_EDGE('',*,*,#1755,.F.);
#1755 = EDGE_CURVE('',#1756,#1758,#1760,.T.);
#1756 = VERTEX_POINT('',#1757);
#1757 = CARTESIAN_POINT('',(-198.5,-131.,-482.));
#1758 = VERTEX_POINT('',#1759);
#1759 = CARTESIAN_POINT('',(198.5,-131.,-482.));
#1760 = SURFACE_CURVE('',#1761,(#1765,#1771),.PCURVE_S1.);
#1761 = LINE('',#1762,#1763);
#1762 = CARTESIAN_POINT('',(-220.25,-131.,-482.));
#1763 = VECTOR('',#1764,1.);
#1764 = DIRECTION('',(1.,0.,0.));
#1765 = PCURVE('',#1477,#1766);
#1766 = DEFINITIONAL_REPRESENTATION('',(#1767),#1770);
#1767 = B_SPLINE_CURVE_WITH_KNOTS('',1,(#1768,#1769),.UNSPECIFIED.,.F.,
  .F.,(2,2),(21.75,418.75),.PIECEWISE_BEZIER_KNOTS.);
#1768 = CARTESIAN_POINT('',(270.5,43.5));
#1769 = CARTESIAN_POINT('',(270.5,440.5));
#1770 = ( GEOMETRIC_REPRESENTATION_CONTEXT(2) 
PARAMETRIC_REPRESENTATION_CONTEXT() REPRESENTATION_CONTEXT('2D SPACE',''
  ) );
#1771 = PCURVE('',#1772,#1777);
#1772 = PLANE('',#1773);
#1773 = AXIS2_PLACEMENT_3D('',#1774,#1775,#1776);
#1774 = CARTESIAN_POINT('',(-198.5,-133.,-482.));
#1775 = DIRECTION('',(0.,0.,1.));
#1776 = DIRECTION('',(1.,0.,0.));
#1777 = DEFINITIONAL_REPRESENTATION('',(#1778),#1781);
#1778 = B_SPLINE_CURVE_WITH_KNOTS('',1,(#1779,#1780),.UNSPECIFIED.,.F.,
  .F.,(2,2),(21.75,418.75),.PIECEWISE_BEZIER_KNOTS.);
#1779 = CARTESIAN_POINT('',(0.,2.));
#1780 = CARTESIAN_POINT('',(397.,2.));
#1781 = ( GEOMETRIC_REPRESENTATION_CONTEXT(2) 
PARAMETRIC_REPRESENTATION_CONTEXT() REPRESENTATION_CONTEXT('2D SPACE',''
  ) );
#1782 = ORIENTED_EDGE('',*,*,#1783,.T.);
#1783 = EDGE_CURVE('',#1756,#1784,#1786,.T.);
#1784 = VERTEX_POINT('',#1785);
#1785 = CARTESIAN_POINT('',(-198.5,-131.,-502.));
#1786 = SURFACE_CURVE('',#1787,(#1791,#1797),.PCURVE_S1.);
#1787 = LINE('',#1788,#1789);
#1788 = CARTESIAN_POINT('',(-198.5,-131.,-627.25));
#1789 = VECTOR('',#1790,1.);
#1790 = DIRECTION('',(0.,0.,-1.));
#1791 = PCURVE('',#1477,#1792);
#1792 = DEFINITIONAL_REPRESENTATION('',(#1793),#1796);
#1793 = B_SPLINE_CURVE_WITH_KNOTS('',1,(#1794,#1795),.UNSPECIFIED.,.F.,
  .F.,(2,2),(-145.25,-125.25),.PIECEWISE_BEZIER_KNOTS.);
#1794 = CARTESIAN_POINT('',(270.5,43.5));
#1795 = CARTESIAN_POINT('',(250.5,43.5));
#1796 = ( GEOMETRIC_REPRESENTATION_CONTEXT(2) 
PARAMETRIC_REPRESENTATION_CONTEXT() REPRESENTATION_CONTEXT('2D SPACE',''
  ) );
#1797 = PCURVE('',#1798,#1803);
#1798 = PLANE('',#1799);
#1799 = AXIS2_PLACEMENT_3D('',#1800,#1801,#1802);
#1800 = CARTESIAN_POINT('',(-198.5,-133.,-502.));
#1801 = DIRECTION('',(1.,0.,0.));
#1802 = DIRECTION('',(0.,0.,1.));
#1803 = DEFINITIONAL_REPRESENTATION('',(#1804),#1807);
#1804 = B_SPLINE_CURVE_WITH_KNOTS('',1,(#1805,#1806),.UNSPECIFIED.,.F.,
  .F.,(2,2),(-145.25,-125.25),.PIECEWISE_BEZIER_KNOTS.);
#1805 = CARTESIAN_POINT('',(20.,-2.));
#1806 = CARTESIAN_POINT('',(0.,-2.));
#1807 = ( GEOMETRIC_REPRESENTATION_CONTEXT(2) 
PARAMETRIC_REPRESENTATION_CONTEXT() REPRESENTATION_CONTEXT('2D SPACE',''
  ) );
#1808 = ORIENTED_EDGE('',*,*,#1809,.T.);
#1809 = EDGE_CURVE('',#1784,#1810,#1812,.T.);
#1810 = VERTEX_POINT('',#1811);
#1811 = CARTESIAN_POINT('',(198.5,-131.,-502.));
#1812 = SURFACE_CURVE('',#1813,(#1817,#1823),.PCURVE_S1.);
#1813 = LINE('',#1814,#1815);
#1814 = CARTESIAN_POINT('',(-220.25,-131.,-502.));
#1815 = VECTOR('',#1816,1.);
#1816 = DIRECTION('',(1.,0.,0.));
#1817 = PCURVE('',#1477,#1818);
#1818 = DEFINITIONAL_REPRESENTATION('',(#1819),#1822);
#1819 = B_SPLINE_CURVE_WITH_KNOTS('',1,(#1820,#1821),.UNSPECIFIED.,.F.,
  .F.,(2,2),(21.75,418.75),.PIECEWISE_BEZIER_KNOTS.);
#1820 = CARTESIAN_POINT('',(250.5,43.5));
#1821 = CARTESIAN_POINT('',(250.5,440.5));
#1822 = ( GEOMETRIC_REPRESENTATION_CONTEXT(2) 
PARAMETRIC_REPRESENTATION_CONTEXT() REPRESENTATION_CONTEXT('2D SPACE',''
  ) );
#1823 = PCURVE('',#1824,#1829);
#1824 = PLANE('',#1825);
#1825 = AXIS2_PLACEMENT_3D('',#1826,#1827,#1828);
#1826 = CARTESIAN_POINT('',(-198.5,-133.,-502.));
#1827 = DIRECTION('',(0.,0.,1.));
#1828 = DIRECTION('',(1.,0.,0.));
#1829 = DEFINITIONAL_REPRESENTATION('',(#1830),#1833);
#1830 = B_SPLINE_CURVE_WITH_KNOTS('',1,(#1831,#1832),.UNSPECIFIED.,.F.,
  .F.,(2,2),(21.75,418.75),.PIECEWISE_BEZIER_KNOTS.);
#1831 = CARTESIAN_POINT('',(0.,2.));
#1832 = CARTESIAN_POINT('',(397.,2.));
#1833 = ( GEOMETRIC_REPRESENTATION_CONTEXT(2) 
PARAMETRIC_REPRESENTATION_CONTEXT() REPRESENTATION_CONTEXT('2D SPACE',''
  ) );
#1834 = ORIENTED_EDGE('',*,*,#1835,.F.);
#1835 = EDGE_CURVE('',#1758,#1810,#1836,.T.);
#1836 = SURFACE_CURVE('',#1837,(#1841,#1847),.PCURVE_S1.);
#1837 = LINE('',#1838,#1839);
#1838 = CARTESIAN_POINT('',(198.5,-131.,-627.25));
#1839 = VECTOR('',#1840,1.);
#1840 = DIRECTION('',(0.,0.,-1.));
#1841 = PCURVE('',#1477,#1842);
#1842 = DEFINITIONAL_REPRESENTATION('',(#1843),#1846);
#1843 = B_SPLINE_CURVE_WITH_KNOTS('',1,(#1844,#1845),.UNSPECIFIED.,.F.,
  .F.,(2,2),(-145.25,-125.25),.PIECEWISE_BEZIER_KNOTS.);
#1844 = CARTESIAN_POINT('',(270.5,440.5));
#1845 = CARTESIAN_POINT('',(250.5,440.5));
#1846 = ( GEOMETRIC_REPRESENTATION_CONTEXT(2) 
PARAMETRIC_REPRESENTATION_CONTEXT() REPRESENTATION_CONTEXT('2D SPACE',''
  ) );
#1847 = PCURVE('',#1848,#1853);
#1848 = PLANE('',#1849);
#1849 = AXIS2_PLACEMENT_3D('',#1850,#1851,#1852);
#1850 = CARTESIAN_POINT('',(198.5,-133.,-502.));
#1851 = DIRECTION('',(1.,0.,0.));
#1852 = DIRECTION('',(0.,0.,1.));
#1853 = DEFINITIONAL_REPRESENTATION('',(#1854),#1857);
#1854 = B_SPLINE_CURVE_WITH_KNOTS('',1,(#1855,#1856),.UNSPECIFIED.,.F.,
  .F.,(2,2),(-145.25,-125.25),.PIECEWISE_BEZIER_KNOTS.);
#1855 = CARTESIAN_POINT('',(20.,-2.));
#1856 = CARTESIAN_POINT('',(0.,-2.));
#1857 = ( GEOMETRIC_REPRESENTATION_CONTEXT(2) 
PARAMETRIC_REPRESENTATION_CONTEXT() REPRESENTATION_CONTEXT('2D SPACE',''
  ) );
#1858 = FACE_BOUND('',#1859,.F.);
#1859 = EDGE_LOOP('',(#1860,#1888,#1914,#1940));
#1860 = ORIENTED_EDGE('',*,*,#1861,.F.);
#1861 = EDGE_CURVE('',#1862,#1864,#1866,.T.);
#1862 = VERTEX_POINT('',#1863);
#1863 = CARTESIAN_POINT('',(-198.5,-131.,-420.5));
#1864 = VERTEX_POINT('',#1865);
#1865 = CARTESIAN_POINT('',(198.5,-131.,-420.5));
#1866 = SURFACE_CURVE('',#1867,(#1871,#1877),.PCURVE_S1.);
#1867 = LINE('',#1868,#1869);
#1868 = CARTESIAN_POINT('',(-220.25,-131.,-420.5));
#1869 = VECTOR('',#1870,1.);
#1870 = DIRECTION('',(1.,0.,0.));
#1871 = PCURVE('',#1477,#1872);
#1872 = DEFINITIONAL_REPRESENTATION('',(#1873),#1876);
#1873 = B_SPLINE_CURVE_WITH_KNOTS('',1,(#1874,#1875),.UNSPECIFIED.,.F.,
  .F.,(2,2),(21.75,418.75),.PIECEWISE_BEZIER_KNOTS.);
#1874 = CARTESIAN_POINT('',(332.,43.5));
#1875 = CARTESIAN_POINT('',(332.,440.5));
#1876 = ( GEOMETRIC_REPRESENTATION_CONTEXT(2) 
PARAMETRIC_REPRESENTATION_CONTEXT() REPRESENTATION_CONTEXT('2D SPACE',''
  ) );
#1877 = PCURVE('',#1878,#1883);
#1878 = PLANE('',#1879);
#1879 = AXIS2_PLACEMENT_3D('',#1880,#1881,#1882);
#1880 = CARTESIAN_POINT('',(-198.5,-133.,-420.5));
#1881 = DIRECTION('',(0.,0.,1.));
#1882 = DIRECTION('',(1.,0.,0.));
#1883 = DEFINITIONAL_REPRESENTATION('',(#1884),#1887);
#1884 = B_SPLINE_CURVE_WITH_KNOTS('',1,(#1885,#1886),.UNSPECIFIED.,.F.,
  .F.,(2,2),(21.75,418.75),.PIECEWISE_BEZIER_KNOTS.);
#1885 = CARTESIAN_POINT('',(0.,2.));
#1886 = CARTESIAN_POINT('',(397.,2.));
#1887 = ( GEOMETRIC_REPRESENTATION_CONTEXT(2) 
PARAMETRIC_REPRESENTATION_CONTEXT() REPRESENTATION_CONTEXT('2D SPACE',''
  ) );
#1888 = ORIENTED_EDGE('',*,*,#1889,.T.);
#1889 = EDGE_CURVE('',#1862,#1890,#1892,.T.);
#1890 = VERTEX_POINT('',#1891);
#1891 = CARTESIAN_POINT('',(-198.5,-131.,-440.5));
#1892 = SURFACE_CURVE('',#1893,(#1897,#1903),.PCURVE_S1.);
#1893 = LINE('',#1894,#1895);
#1894 = CARTESIAN_POINT('',(-198.5,-131.,-596.5));
#1895 = VECTOR('',#1896,1.);
#1896 = DIRECTION('',(0.,0.,-1.));
#1897 = PCURVE('',#1477,#1898);
#1898 = DEFINITIONAL_REPRESENTATION('',(#1899),#1902);
#1899 = B_SPLINE_CURVE_WITH_KNOTS('',1,(#1900,#1901),.UNSPECIFIED.,.F.,
  .F.,(2,2),(-176.,-156.),.PIECEWISE_BEZIER_KNOTS.);
#1900 = CARTESIAN_POINT('',(332.,43.5));
#1901 = CARTESIAN_POINT('',(312.,43.5));
#1902 = ( GEOMETRIC_REPRESENTATION_CONTEXT(2) 
PARAMETRIC_REPRESENTATION_CONTEXT() REPRESENTATION_CONTEXT('2D SPACE',''
  ) );
#1903 = PCURVE('',#1904,#1909);
#1904 = PLANE('',#1905);
#1905 = AXIS2_PLACEMENT_3D('',#1906,#1907,#1908);
#1906 = CARTESIAN_POINT('',(-198.5,-133.,-440.5));
#1907 = DIRECTION('',(1.,0.,0.));
#1908 = DIRECTION('',(0.,0.,1.));
#1909 = DEFINITIONAL_REPRESENTATION('',(#1910),#1913);
#1910 = B_SPLINE_CURVE_WITH_KNOTS('',1,(#1911,#1912),.UNSPECIFIED.,.F.,
  .F.,(2,2),(-176.,-156.),.PIECEWISE_BEZIER_KNOTS.);
#1911 = CARTESIAN_POINT('',(20.,-2.));
#1912 = CARTESIAN_POINT('',(0.,-2.));
#1913 = ( GEOMETRIC_REPRESENTATION_CONTEXT(2) 
PARAMETRIC_REPRESENTATION_CONTEXT() REPRESENTATION_CONTEXT('2D SPACE',''
  ) );
#1914 = ORIENTED_EDGE('',*,*,#1915,.T.);
#1915 = EDGE_CURVE('',#1890,#1916,#1918,.T.);
#1916 = VERTEX_POINT('',#1917);
#1917 = CARTESIAN_POINT('',(198.5,-131.,-440.5));
#1918 = SURFACE_CURVE('',#1919,(#1923,#1929),.PCURVE_S1.);
#1919 = LINE('',#1920,#1921);
#1920 = CARTESIAN_POINT('',(-220.25,-131.,-440.5));
#1921 = VECTOR('',#1922,1.);
#1922 = DIRECTION('',(1.,0.,0.));
#1923 = PCURVE('',#1477,#1924);
#1924 = DEFINITIONAL_REPRESENTATION('',(#1925),#1928);
#1925 = B_SPLINE_CURVE_WITH_KNOTS('',1,(#1926,#1927),.UNSPECIFIED.,.F.,
  .F.,(2,2),(21.75,418.75),.PIECEWISE_BEZIER_KNOTS.);
#1926 = CARTESIAN_POINT('',(312.,43.5));
#1927 = CARTESIAN_POINT('',(312.,440.5));
#1928 = ( GEOMETRIC_REPRESENTATION_CONTEXT(2) 
PARAMETRIC_REPRESENTATION_CONTEXT() REPRESENTATION_CONTEXT('2D SPACE',''
  ) );
#1929 = PCURVE('',#1930,#1935);
#1930 = PLANE('',#1931);
#1931 = AXIS2_PLACEMENT_3D('',#1932,#1933,#1934);
#1932 = CARTESIAN_POINT('',(-198.5,-133.,-440.5));
#1933 = DIRECTION('',(0.,0.,1.));
#1934 = DIRECTION('',(1.,0.,0.));
#1935 = DEFINITIONAL_REPRESENTATION('',(#1936),#1939);
#1936 = B_SPLINE_CURVE_WITH_KNOTS('',1,(#1937,#1938),.UNSPECIFIED.,.F.,
  .F.,(2,2),(21.75,418.75),.PIECEWISE_BEZIER_KNOTS.);
#1937 = CARTESIAN_POINT('',(0.,2.));
#1938 = CARTESIAN_POINT('',(397.,2.));
#1939 = ( GEOMETRIC_REPRESENTATION_CONTEXT(2) 
PARAMETRIC_REPRESENTATION_CONTEXT() REPRESENTATION_CONTEXT('2D SPACE',''
  ) );
#1940 = ORIENTED_EDGE('',*,*,#1941,.F.);
#1941 = EDGE_CURVE('',#1864,#1916,#1942,.T.);
#1942 = SURFACE_CURVE('',#1943,(#1947,#1953),.PCURVE_S1.);
#1943 = LINE('',#1944,#1945);
#1944 = CARTESIAN_POINT('',(198.5,-131.,-596.5));
#1945 = VECTOR('',#1946,1.);
#1946 = DIRECTION('',(0.,0.,-1.));
#1947 = PCURVE('',#1477,#1948);
#1948 = DEFINITIONAL_REPRESENTATION('',(#1949),#1952);
#1949 = B_SPLINE_CURVE_WITH_KNOTS('',1,(#1950,#1951),.UNSPECIFIED.,.F.,
  .F.,(2,2),(-176.,-156.),.PIECEWISE_BEZIER_KNOTS.);
#1950 = CARTESIAN_POINT('',(332.,440.5));
#1951 = CARTESIAN_POINT('',(312.,440.5));
#1952 = ( GEOMETRIC_REPRESENTATION_CONTEXT(2) 
PARAMETRIC_REPRESENTATION_CONTEXT() REPRESENTATION_CONTEXT('2D SPACE',''
  ) );
#1953 = PCURVE('',#1954,#1959);
#1954 = PLANE('',#1955);
#1955 = AXIS2_PLACEMENT_3D('',#1956,#1957,#1958);
#1956 = CARTESIAN_POINT('',(198.5,-133.,-440.5));
#1957 = DIRECTION('',(1.,0.,0.));
#1958 = DIRECTION('',(0.,0.,1.));
#1959 = DEFINITIONAL_REPRESENTATION('',(#1960),#1963);
#1960 = B_SPLINE_CURVE_WITH_KNOTS('',1,(#1961,#1962),.UNSPECIFIED.,.F.,
  .F.,(2,2),(-176.,-156.),.PIECEWISE_BEZIER_KNOTS.);
#1961 = CARTESIAN_POINT('',(20.,-2.));
#1962 = CARTESIAN_POINT('',(0.,-2.));
#1963 = ( GEOMETRIC_REPRESENTATION_CONTEXT(2) 
PARAMETRIC_REPRESENTATION_CONTEXT() REPRESENTATION_CONTEXT('2D SPACE',''
  ) );
#1964 = FACE_BOUND('',#1965,.F.);
#1965 = EDGE_LOOP('',(#1966,#1994,#2020,#2046));
#1966 = ORIENTED_EDGE('',*,*,#1967,.F.);
#1967 = EDGE_CURVE('',#1968,#1970,#1972,.T.);
#1968 = VERTEX_POINT('',#1969);
#1969 = CARTESIAN_POINT('',(-198.5,-131.,-359.));
#1970 = VERTEX_POINT('',#1971);
#1971 = CARTESIAN_POINT('',(198.5,-131.,-359.));
#1972 = SURFACE_CURVE('',#1973,(#1977,#1983),.PCURVE_S1.);
#1973 = LINE('',#1974,#1975);
#1974 = CARTESIAN_POINT('',(-220.25,-131.,-359.));
#1975 = VECTOR('',#1976,1.);
#1976 = DIRECTION('',(1.,0.,0.));
#1977 = PCURVE('',#1477,#1978);
#1978 = DEFINITIONAL_REPRESENTATION('',(#1979),#1982);
#1979 = B_SPLINE_CURVE_WITH_KNOTS('',1,(#1980,#1981),.UNSPECIFIED.,.F.,
  .F.,(2,2),(21.75,418.75),.PIECEWISE_BEZIER_KNOTS.);
#1980 = CARTESIAN_POINT('',(393.5,43.5));
#1981 = CARTESIAN_POINT('',(393.5,440.5));
#1982 = ( GEOMETRIC_REPRESENTATION_CONTEXT(2) 
PARAMETRIC_REPRESENTATION_CONTEXT() REPRESENTATION_CONTEXT('2D SPACE',''
  ) );
#1983 = PCURVE('',#1984,#1989);
#1984 = PLANE('',#1985);
#1985 = AXIS2_PLACEMENT_3D('',#1986,#1987,#1988);
#1986 = CARTESIAN_POINT('',(-198.5,-133.,-359.));
#1987 = DIRECTION('',(0.,0.,1.));
#1988 = DIRECTION('',(1.,0.,0.));
#1989 = DEFINITIONAL_REPRESENTATION('',(#1990),#1993);
#1990 = B_SPLINE_CURVE_WITH_KNOTS('',1,(#1991,#1992),.UNSPECIFIED.,.F.,
  .F.,(2,2),(21.75,418.75),.PIECEWISE_BEZIER_KNOTS.);
#1991 = CARTESIAN_POINT('',(0.,2.));
#1992 = CARTESIAN_POINT('',(397.,2.));
#1993 = ( GEOMETRIC_REPRESENTATION_CONTEXT(2) 
PARAMETRIC_REPRESENTATION_CONTEXT() REPRESENTATION_CONTEXT('2D SPACE',''
  ) );
#1994 = ORIENTED_EDGE('',*,*,#1995,.T.);
#1995 = EDGE_CURVE('',#1968,#1996,#1998,.T.);
#1996 = VERTEX_POINT('',#1997);
#1997 = CARTESIAN_POINT('',(-198.5,-131.,-379.));
#1998 = SURFACE_CURVE('',#1999,(#2003,#2009),.PCURVE_S1.);
#1999 = LINE('',#2000,#2001);
#2000 = CARTESIAN_POINT('',(-198.5,-131.,-565.75));
#2001 = VECTOR('',#2002,1.);
#2002 = DIRECTION('',(0.,0.,-1.));
#2003 = PCURVE('',#1477,#2004);
#2004 = DEFINITIONAL_REPRESENTATION('',(#2005),#2008);
#2005 = B_SPLINE_CURVE_WITH_KNOTS('',1,(#2006,#2007),.UNSPECIFIED.,.F.,
  .F.,(2,2),(-206.75,-186.75),.PIECEWISE_BEZIER_KNOTS.);
#2006 = CARTESIAN_POINT('',(393.5,43.5));
#2007 = CARTESIAN_POINT('',(373.5,43.5));
#2008 = ( GEOMETRIC_REPRESENTATION_CONTEXT(2) 
PARAMETRIC_REPRESENTATION_CONTEXT() REPRESENTATION_CONTEXT('2D SPACE',''
  ) );
#2009 = PCURVE('',#2010,#2015);
#2010 = PLANE('',#2011);
#2011 = AXIS2_PLACEMENT_3D('',#2012,#2013,#2014);
#2012 = CARTESIAN_POINT('',(-198.5,-133.,-379.));
#2013 = DIRECTION('',(1.,0.,0.));
#2014 = DIRECTION('',(0.,0.,1.));
#2015 = DEFINITIONAL_REPRESENTATION('',(#2016),#2019);
#2016 = B_SPLINE_CURVE_WITH_KNOTS('',1,(#2017,#2018),.UNSPECIFIED.,.F.,
  .F.,(2,2),(-206.75,-186.75),.PIECEWISE_BEZIER_KNOTS.);
#2017 = CARTESIAN_POINT('',(20.,-2.));
#2018 = CARTESIAN_POINT('',(0.,-2.));
#2019 = ( GEOMETRIC_REPRESENTATION_CONTEXT(2) 
PARAMETRIC_REPRESENTATION_CONTEXT() REPRESENTATION_CONTEXT('2D SPACE',''
  ) );
#2020 = ORIENTED_EDGE('',*,*,#2021,.T.);
#2021 = EDGE_CURVE('',#1996,#2022,#2024,.T.);
#2022 = VERTEX_POINT('',#2023);
#2023 = CARTESIAN_POINT('',(198.5,-131.,-379.));
#2024 = SURFACE_CURVE('',#2025,(#2029,#2035),.PCURVE_S1.);
#2025 = LINE('',#2026,#2027);
#2026 = CARTESIAN_POINT('',(-220.25,-131.,-379.));
#2027 = VECTOR('',#2028,1.);
#2028 = DIRECTION('',(1.,0.,0.));
#2029 = PCURVE('',#1477,#2030);
#2030 = DEFINITIONAL_REPRESENTATION('',(#2031),#2034);
#2031 = B_SPLINE_CURVE_WITH_KNOTS('',1,(#2032,#2033),.UNSPECIFIED.,.F.,
  .F.,(2,2),(21.75,418.75),.PIECEWISE_BEZIER_KNOTS.);
#2032 = CARTESIAN_POINT('',(373.5,43.5));
#2033 = CARTESIAN_POINT('',(373.5,440.5));
#2034 = ( GEOMETRIC_REPRESENTATION_CONTEXT(2) 
PARAMETRIC_REPRESENTATION_CONTEXT() REPRESENTATION_CONTEXT('2D SPACE',''
  ) );
#2035 = PCURVE('',#2036,#2041);
#2036 = PLANE('',#2037);
#2037 = AXIS2_PLACEMENT_3D('',#2038,#2039,#2040);
#2038 = CARTESIAN_POINT('',(-198.5,-133.,-379.));
#2039 = DIRECTION('',(0.,0.,1.));
#2040 = DIRECTION('',(1.,0.,0.));
#2041 = DEFINITIONAL_REPRESENTATION('',(#2042),#2045);
#2042 = B_SPLINE_CURVE_WITH_KNOTS('',1,(#2043,#2044),.UNSPECIFIED.,.F.,
  .F.,(2,2),(21.75,418.75),.PIECEWISE_BEZIER_KNOTS.);
#2043 = CARTESIAN_POINT('',(0.,2.));
#2044 = CARTESIAN_POINT('',(397.,2.));
#2045 = ( GEOMETRIC_REPRESENTATION_CONTEXT(2) 
PARAMETRIC_REPRESENTATION_CONTEXT() REPRESENTATION_CONTEXT('2D SPACE',''
  ) );
#2046 = ORIENTED_EDGE('',*,*,#2047,.F.);
#2047 = EDGE_CURVE('',#1970,#2022,#2048,.T.);
#2048 = SURFACE_CURVE('',#2049,(#2053,#2059),.PCURVE_S1.);
#2049 = LINE('',#2050,#2051);
#2050 = CARTESIAN_POINT('',(198.5,-131.,-565.75));
#2051 = VECTOR('',#2052,1.);
#2052 = DIRECTION('',(0.,0.,-1.));
#2053 = PCURVE('',#1477,#2054);
#2054 = DEFINITIONAL_REPRESENTATION('',(#2055),#2058);
#2055 = B_SPLINE_CURVE_WITH_KNOTS('',1,(#2056,#2057),.UNSPECIFIED.,.F.,
  .F.,(2,2),(-206.75,-186.75),.PIECEWISE_BEZIER_KNOTS.);
#2056 = CARTESIAN_POINT('',(393.5,440.5));
#2057 = CARTESIAN_POINT('',(373.5,440.5));
#2058 = ( GEOMETRIC_REPRESENTATION_CONTEXT(2) 
PARAMETRIC_REPRESENTATION_CONTEXT() REPRESENTATION_CONTEXT('2D SPACE',''
  ) );
#2059 = PCURVE('',#2060,#2065);
#2060 = PLANE('',#2061);
#2061 = AXIS2_PLACEMENT_3D('',#2062,#2063,#2064);
#2062 = CARTESIAN_POINT('',(198.5,-133.,-379.));
#2063 = DIRECTION('',(1.,0.,0.));
#2064 = DIRECTION('',(0.,0.,1.));
#2065 = DEFINITIONAL_REPRESENTATION('',(#2066),#2069);
#2066 = B_SPLINE_CURVE_WITH_KNOTS('',1,(#2067,#2068),.UNSPECIFIED.,.F.,
  .F.,(2,2),(-206.75,-186.75),.PIECEWISE_BEZIER_KNOTS.);
#2067 = CARTESIAN_POINT('',(20.,-2.));
#2068 = CARTESIAN_POINT('',(0.,-2.));
#2069 = ( GEOMETRIC_REPRESENTATION_CONTEXT(2) 
PARAMETRIC_REPRESENTATION_CONTEXT() REPRESENTATION_CONTEXT('2D SPACE',''
  ) );
#2070 = FACE_BOUND('',#2071,.F.);
#2071 = EDGE_LOOP('',(#2072,#2100,#2126,#2152));
#2072 = ORIENTED_EDGE('',*,*,#2073,.F.);
#2073 = EDGE_CURVE('',#2074,#2076,#2078,.T.);
#2074 = VERTEX_POINT('',#2075);
#2075 = CARTESIAN_POINT('',(-198.5,-131.,-297.5));
#2076 = VERTEX_POINT('',#2077);
#2077 = CARTESIAN_POINT('',(198.5,-131.,-297.5));
#2078 = SURFACE_CURVE('',#2079,(#2083,#2089),.PCURVE_S1.);
#2079 = LINE('',#2080,#2081);
#2080 = CARTESIAN_POINT('',(-220.25,-131.,-297.5));
#2081 = VECTOR('',#2082,1.);
#2082 = DIRECTION('',(1.,0.,0.));
#2083 = PCURVE('',#1477,#2084);
#2084 = DEFINITIONAL_REPRESENTATION('',(#2085),#2088);
#2085 = B_SPLINE_CURVE_WITH_KNOTS('',1,(#2086,#2087),.UNSPECIFIED.,.F.,
  .F.,(2,2),(21.75,418.75),.PIECEWISE_BEZIER_KNOTS.);
#2086 = CARTESIAN_POINT('',(455.,43.5));
#2087 = CARTESIAN_POINT('',(455.,440.5));
#2088 = ( GEOMETRIC_REPRESENTATION_CONTEXT(2) 
PARAMETRIC_REPRESENTATION_CONTEXT() REPRESENTATION_CONTEXT('2D SPACE',''
  ) );
#2089 = PCURVE('',#2090,#2095);
#2090 = PLANE('',#2091);
#2091 = AXIS2_PLACEMENT_3D('',#2092,#2093,#2094);
#2092 = CARTESIAN_POINT('',(-198.5,-133.,-297.5));
#2093 = DIRECTION('',(0.,0.,1.));
#2094 = DIRECTION('',(1.,0.,0.));
#2095 = DEFINITIONAL_REPRESENTATION('',(#2096),#2099);
#2096 = B_SPLINE_CURVE_WITH_KNOTS('',1,(#2097,#2098),.UNSPECIFIED.,.F.,
  .F.,(2,2),(21.75,418.75),.PIECEWISE_BEZIER_KNOTS.);
#2097 = CARTESIAN_POINT('',(0.,2.));
#2098 = CARTESIAN_POINT('',(397.,2.));
#2099 = ( GEOMETRIC_REPRESENTATION_CONTEXT(2) 
PARAMETRIC_REPRESENTATION_CONTEXT() REPRESENTATION_CONTEXT('2D SPACE',''
  ) );
#2100 = ORIENTED_EDGE('',*,*,#2101,.T.);
#2101 = EDGE_CURVE('',#2074,#2102,#2104,.T.);
#2102 = VERTEX_POINT('',#2103);
#2103 = CARTESIAN_POINT('',(-198.5,-131.,-317.5));
#2104 = SURFACE_CURVE('',#2105,(#2109,#2115),.PCURVE_S1.);
#2105 = LINE('',#2106,#2107);
#2106 = CARTESIAN_POINT('',(-198.5,-131.,-535.));
#2107 = VECTOR('',#2108,1.);
#2108 = DIRECTION('',(0.,0.,-1.));
#2109 = PCURVE('',#1477,#2110);
#2110 = DEFINITIONAL_REPRESENTATION('',(#2111),#2114);
#2111 = B_SPLINE_CURVE_WITH_KNOTS('',1,(#2112,#2113),.UNSPECIFIED.,.F.,
  .F.,(2,2),(-237.5,-217.5),.PIECEWISE_BEZIER_KNOTS.);
#2112 = CARTESIAN_POINT('',(455.,43.5));
#2113 = CARTESIAN_POINT('',(435.,43.5));
#2114 = ( GEOMETRIC_REPRESENTATION_CONTEXT(2) 
PARAMETRIC_REPRESENTATION_CONTEXT() REPRESENTATION_CONTEXT('2D SPACE',''
  ) );
#2115 = PCURVE('',#2116,#2121);
#2116 = PLANE('',#2117);
#2117 = AXIS2_PLACEMENT_3D('',#2118,#2119,#2120);
#2118 = CARTESIAN_POINT('',(-198.5,-133.,-317.5));
#2119 = DIRECTION('',(1.,0.,0.));
#2120 = DIRECTION('',(0.,0.,1.));
#2121 = DEFINITIONAL_REPRESENTATION('',(#2122),#2125);
#2122 = B_SPLINE_CURVE_WITH_KNOTS('',1,(#2123,#2124),.UNSPECIFIED.,.F.,
  .F.,(2,2),(-237.5,-217.5),.PIECEWISE_BEZIER_KNOTS.);
#2123 = CARTESIAN_POINT('',(20.,-2.));
#2124 = CARTESIAN_POINT('',(0.,-2.));
#2125 = ( GEOMETRIC_REPRESENTATION_CONTEXT(2) 
PARAMETRIC_REPRESENTATION_CONTEXT() REPRESENTATION_CONTEXT('2D SPACE',''
  ) );
#2126 = ORIENTED_EDGE('',*,*,#2127,.T.);
#2127 = EDGE_CURVE('',#2102,#2128,#2130,.T.);
#2128 = VERTEX_POINT('',#2129);
#2129 = CARTESIAN_POINT('',(198.5,-131.,-317.5));
#2130 = SURFACE_CURVE('',#2131,(#2135,#2141),.PCURVE_S1.);
#2131 = LINE('',#2132,#2133);
#2132 = CARTESIAN_POINT('',(-220.25,-131.,-317.5));
#2133 = VECTOR('',#2134,1.);
#2134 = DIRECTION('',(1.,0.,0.));
#2135 = PCURVE('',#1477,#2136);
#2136 = DEFINITIONAL_REPRESENTATION('',(#2137),#2140);
#2137 = B_SPLINE_CURVE_WITH_KNOTS('',1,(#2138,#2139),.UNSPECIFIED.,.F.,
  .F.,(2,2),(21.75,418.75),.PIECEWISE_BEZIER_KNOTS.);
#2138 = CARTESIAN_POINT('',(435.,43.5));
#2139 = CARTESIAN_POINT('',(435.,440.5));
#2140 = ( GEOMETRIC_REPRESENTATION_CONTEXT(2) 
PARAMETRIC_REPRESENTATION_CONTEXT() REPRESENTATION_CONTEXT('2D SPACE',''
  ) );
#2141 = PCURVE('',#2142,#2147);
#2142 = PLANE('',#2143);
#2143 = AXIS2_PLACEMENT_3D('',#2144,#2145,#2146);
#2144 = CARTESIAN_POINT('',(-198.5,-133.,-317.5));
#2145 = DIRECTION('',(0.,0.,1.));
#2146 = DIRECTION('',(1.,0.,0.));
#2147 = DEFINITIONAL_REPRESENTATION('',(#2148),#2151);
#2148 = B_SPLINE_CURVE_WITH_KNOTS('',1,(#2149,#2150),.UNSPECIFIED.,.F.,
  .F.,(2,2),(21.75,418.75),.PIECEWISE_BEZIER_KNOTS.);
#2149 = CARTESIAN_POINT('',(0.,2.));
#2150 = CARTESIAN_POINT('',(397.,2.));
#2151 = ( GEOMETRIC_REPRESENTATION_CONTEXT(2) 
PARAMETRIC_REPRESENTATION_CONTEXT() REPRESENTATION_CONTEXT('2D SPACE',''
  ) );
#2152 = ORIENTED_EDGE('',*,*,#2153,.F.);
#2153 = EDGE_CURVE('',#2076,#2128,#2154,.T.);
#2154 = SURFACE_CURVE('',#2155,(#2159,#2165),.PCURVE_S1.);
#2155 = LINE('',#2156,#2157);
#2156 = CARTESIAN_POINT('',(198.5,-131.,-535.));
#2157 = VECTOR('',#2158,1.);
#2158 = DIRECTION('',(0.,0.,-1.));
#2159 = PCURVE('',#1477,#2160);
#2160 = DEFINITIONAL_REPRESENTATION('',(#2161),#2164);
#2161 = B_SPLINE_CURVE_WITH_KNOTS('',1,(#2162,#2163),.UNSPECIFIED.,.F.,
  .F.,(2,2),(-237.5,-217.5),.PIECEWISE_BEZIER_KNOTS.);
#2162 = CARTESIAN_POINT('',(455.,440.5));
#2163 = CARTESIAN_POINT('',(435.,440.5));
#2164 = ( GEOMETRIC_REPRESENTATION_CONTEXT(2) 
PARAMETRIC_REPRESENTATION_CONTEXT() REPRESENTATION_CONTEXT('2D SPACE',''
  ) );
#2165 = PCURVE('',#2166,#2171);
#2166 = PLANE('',#2167);
#2167 = AXIS2_PLACEMENT_3D('',#2168,#2169,#2170);
#2168 = CARTESIAN_POINT('',(198.5,-133.,-317.5));
#2169 = DIRECTION('',(1.,0.,0.));
#2170 = DIRECTION('',(0.,0.,1.));
#2171 = DEFINITIONAL_REPRESENTATION('',(#2172),#2175);
#2172 = B_SPLINE_CURVE_WITH_KNOTS('',1,(#2173,#2174),.UNSPECIFIED.,.F.,
  .F.,(2,2),(-237.5,-217.5),.PIECEWISE_BEZIER_KNOTS.);
#2173 = CARTESIAN_POINT('',(20.,-2.));
#2174 = CARTESIAN_POINT('',(0.,-2.));
#2175 = ( GEOMETRIC_REPRESENTATION_CONTEXT(2) 
PARAMETRIC_REPRESENTATION_CONTEXT() REPRESENTATION_CONTEXT('2D SPACE',''
  ) );
#2176 = FACE_BOUND('',#2177,.F.);
#2177 = EDGE_LOOP('',(#2178,#2206,#2232,#2258));
#2178 = ORIENTED_EDGE('',*,*,#2179,.F.);
#2179 = EDGE_CURVE('',#2180,#2182,#2184,.T.);
#2180 = VERTEX_POINT('',#2181);
#2181 = CARTESIAN_POINT('',(-198.5,-131.,-236.));
#2182 = VERTEX_POINT('',#2183);
#2183 = CARTESIAN_POINT('',(198.5,-131.,-236.));
#2184 = SURFACE_CURVE('',#2185,(#2189,#2195),.PCURVE_S1.);
#2185 = LINE('',#2186,#2187);
#2186 = CARTESIAN_POINT('',(-220.25,-131.,-236.));
#2187 = VECTOR('',#2188,1.);
#2188 = DIRECTION('',(1.,0.,0.));
#2189 = PCURVE('',#1477,#2190);
#2190 = DEFINITIONAL_REPRESENTATION('',(#2191),#2194);
#2191 = B_SPLINE_CURVE_WITH_KNOTS('',1,(#2192,#2193),.UNSPECIFIED.,.F.,
  .F.,(2,2),(21.75,418.75),.PIECEWISE_BEZIER_KNOTS.);
#2192 = CARTESIAN_POINT('',(516.5,43.5));
#2193 = CARTESIAN_POINT('',(516.5,440.5));
#2194 = ( GEOMETRIC_REPRESENTATION_CONTEXT(2) 
PARAMETRIC_REPRESENTATION_CONTEXT() REPRESENTATION_CONTEXT('2D SPACE',''
  ) );
#2195 = PCURVE('',#2196,#2201);
#2196 = PLANE('',#2197);
#2197 = AXIS2_PLACEMENT_3D('',#2198,#2199,#2200);
#2198 = CARTESIAN_POINT('',(-198.5,-133.,-236.));
#2199 = DIRECTION('',(0.,0.,1.));
#2200 = DIRECTION('',(1.,0.,0.));
#2201 = DEFINITIONAL_REPRESENTATION('',(#2202),#2205);
#2202 = B_SPLINE_CURVE_WITH_KNOTS('',1,(#2203,#2204),.UNSPECIFIED.,.F.,
  .F.,(2,2),(21.75,418.75),.PIECEWISE_BEZIER_KNOTS.);
#2203 = CARTESIAN_POINT('',(0.,2.));
#2204 = CARTESIAN_POINT('',(397.,2.));
#2205 = ( GEOMETRIC_REPRESENTATION_CONTEXT(2) 
PARAMETRIC_REPRESENTATION_CONTEXT() REPRESENTATION_CONTEXT('2D SPACE',''
  ) );
#2206 = ORIENTED_EDGE('',*,*,#2207,.T.);
#2207 = EDGE_CURVE('',#2180,#2208,#2210,.T.);
#2208 = VERTEX_POINT('',#2209);
#2209 = CARTESIAN_POINT('',(-198.5,-131.,-256.));
#2210 = SURFACE_CURVE('',#2211,(#2215,#2221),.PCURVE_S1.);
#2211 = LINE('',#2212,#2213);
#2212 = CARTESIAN_POINT('',(-198.5,-131.,-504.25));
#2213 = VECTOR('',#2214,1.);
#2214 = DIRECTION('',(0.,0.,-1.));
#2215 = PCURVE('',#1477,#2216);
#2216 = DEFINITIONAL_REPRESENTATION('',(#2217),#2220);
#2217 = B_SPLINE_CURVE_WITH_KNOTS('',1,(#2218,#2219),.UNSPECIFIED.,.F.,
  .F.,(2,2),(-268.25,-248.25),.PIECEWISE_BEZIER_KNOTS.);
#2218 = CARTESIAN_POINT('',(516.5,43.5));
#2219 = CARTESIAN_POINT('',(496.5,43.5));
#2220 = ( GEOMETRIC_REPRESENTATION_CONTEXT(2) 
PARAMETRIC_REPRESENTATION_CONTEXT() REPRESENTATION_CONTEXT('2D SPACE',''
  ) );
#2221 = PCURVE('',#2222,#2227);
#2222 = PLANE('',#2223);
#2223 = AXIS2_PLACEMENT_3D('',#2224,#2225,#2226);
#2224 = CARTESIAN_POINT('',(-198.5,-133.,-256.));
#2225 = DIRECTION('',(1.,0.,0.));
#2226 = DIRECTION('',(0.,0.,1.));
#2227 = DEFINITIONAL_REPRESENTATION('',(#2228),#2231);
#2228 = B_SPLINE_CURVE_WITH_KNOTS('',1,(#2229,#2230),.UNSPECIFIED.,.F.,
  .F.,(2,2),(-268.25,-248.25),.PIECEWISE_BEZIER_KNOTS.);
#2229 = CARTESIAN_POINT('',(20.,-2.));
#2230 = CARTESIAN_POINT('',(0.,-2.));
#2231 = ( GEOMETRIC_REPRESENTATION_CONTEXT(2) 
PARAMETRIC_REPRESENTATION_CONTEXT() REPRESENTATION_CONTEXT('2D SPACE',''
  ) );
#2232 = ORIENTED_EDGE('',*,*,#2233,.T.);
#2233 = EDGE_CURVE('',#2208,#2234,#2236,.T.);
#2234 = VERTEX_POINT('',#2235);
#2235 = CARTESIAN_POINT('',(198.5,-131.,-256.));
#2236 = SURFACE_CURVE('',#2237,(#2241,#2247),.PCURVE_S1.);
#2237 = LINE('',#2238,#2239);
#2238 = CARTESIAN_POINT('',(-220.25,-131.,-256.));
#2239 = VECTOR('',#2240,1.);
#2240 = DIRECTION('',(1.,0.,0.));
#2241 = PCURVE('',#1477,#2242);
#2242 = DEFINITIONAL_REPRESENTATION('',(#2243),#2246);
#2243 = B_SPLINE_CURVE_WITH_KNOTS('',1,(#2244,#2245),.UNSPECIFIED.,.F.,
  .F.,(2,2),(21.75,418.75),.PIECEWISE_BEZIER_KNOTS.);
#2244 = CARTESIAN_POINT('',(496.5,43.5));
#2245 = CARTESIAN_POINT('',(496.5,440.5));
#2246 = ( GEOMETRIC_REPRESENTATION_CONTEXT(2) 
PARAMETRIC_REPRESENTATION_CONTEXT() REPRESENTATION_CONTEXT('2D SPACE',''
  ) );
#2247 = PCURVE('',#2248,#2253);
#2248 = PLANE('',#2249);
#2249 = AXIS2_PLACEMENT_3D('',#2250,#2251,#2252);
#2250 = CARTESIAN_POINT('',(-198.5,-133.,-256.));
#2251 = DIRECTION('',(0.,0.,1.));
#2252 = DIRECTION('',(1.,0.,0.));
#2253 = DEFINITIONAL_REPRESENTATION('',(#2254),#2257);
#2254 = B_SPLINE_CURVE_WITH_KNOTS('',1,(#2255,#2256),.UNSPECIFIED.,.F.,
  .F.,(2,2),(21.75,418.75),.PIECEWISE_BEZIER_KNOTS.);
#2255 = CARTESIAN_POINT('',(0.,2.));
#2256 = CARTESIAN_POINT('',(397.,2.));
#2257 = ( GEOMETRIC_REPRESENTATION_CONTEXT(2) 
PARAMETRIC_REPRESENTATION_CONTEXT() REPRESENTATION_CONTEXT('2D SPACE',''
  ) );
#2258 = ORIENTED_EDGE('',*,*,#2259,.F.);
#2259 = EDGE_CURVE('',#2182,#2234,#2260,.T.);
#2260 = SURFACE_CURVE('',#2261,(#2265,#2271),.PCURVE_S1.);
#2261 = LINE('',#2262,#2263);
#2262 = CARTESIAN_POINT('',(198.5,-131.,-504.25));
#2263 = VECTOR('',#2264,1.);
#2264 = DIRECTION('',(0.,0.,-1.));
#2265 = PCURVE('',#1477,#2266);
#2266 = DEFINITIONAL_REPRESENTATION('',(#2267),#2270);
#2267 = B_SPLINE_CURVE_WITH_KNOTS('',1,(#2268,#2269),.UNSPECIFIED.,.F.,
  .F.,(2,2),(-268.25,-248.25),.PIECEWISE_BEZIER_KNOTS.);
#2268 = CARTESIAN_POINT('',(516.5,440.5));
#2269 = CARTESIAN_POINT('',(496.5,440.5));
#2270 = ( GEOMETRIC_REPRESENTATION_CONTEXT(2) 
PARAMETRIC_REPRESENTATION_CONTEXT() REPRESENTATION_CONTEXT('2D SPACE',''
  ) );
#2271 = PCURVE('',#2272,#2277);
#2272 = PLANE('',#2273);
#2273 = AXIS2_PLACEMENT_3D('',#2274,#2275,#2276);
#2274 = CARTESIAN_POINT('',(198.5,-133.,-256.));
#2275 = DIRECTION('',(1.,0.,0.));
#2276 = DIRECTION('',(0.,0.,1.));
#2277 = DEFINITIONAL_REPRESENTATION('',(#2278),#2281);
#2278 = B_SPLINE_CURVE_WITH_KNOTS('',1,(#2279,#2280),.UNSPECIFIED.,.F.,
  .F.,(2,2),(-268.25,-248.25),.PIECEWISE_BEZIER_KNOTS.);
#2279 = CARTESIAN_POINT('',(20.,-2.));
#2280 = CARTESIAN_POINT('',(0.,-2.));
#2281 = ( GEOMETRIC_REPRESENTATION_CONTEXT(2) 
PARAMETRIC_REPRESENTATION_CONTEXT() REPRESENTATION_CONTEXT('2D SPACE',''
  ) );
#2282 = FACE_BOUND('',#2283,.F.);
#2283 = EDGE_LOOP('',(#2284,#2312,#2338,#2364));
#2284 = ORIENTED_EDGE('',*,*,#2285,.F.);
#2285 = EDGE_CURVE('',#2286,#2288,#2290,.T.);
#2286 = VERTEX_POINT('',#2287);
#2287 = CARTESIAN_POINT('',(-198.5,-131.,-174.5));
#2288 = VERTEX_POINT('',#2289);
#2289 = CARTESIAN_POINT('',(198.5,-131.,-174.5));
#2290 = SURFACE_CURVE('',#2291,(#2295,#2301),.PCURVE_S1.);
#2291 = LINE('',#2292,#2293);
#2292 = CARTESIAN_POINT('',(-220.25,-131.,-174.5));
#2293 = VECTOR('',#2294,1.);
#2294 = DIRECTION('',(1.,0.,0.));
#2295 = PCURVE('',#1477,#2296);
#2296 = DEFINITIONAL_REPRESENTATION('',(#2297),#2300);
#2297 = B_SPLINE_CURVE_WITH_KNOTS('',1,(#2298,#2299),.UNSPECIFIED.,.F.,
  .F.,(2,2),(21.75,418.75),.PIECEWISE_BEZIER_KNOTS.);
#2298 = CARTESIAN_POINT('',(578.,43.5));
#2299 = CARTESIAN_POINT('',(578.,440.5));
#2300 = ( GEOMETRIC_REPRESENTATION_CONTEXT(2) 
PARAMETRIC_REPRESENTATION_CONTEXT() REPRESENTATION_CONTEXT('2D SPACE',''
  ) );
#2301 = PCURVE('',#2302,#2307);
#2302 = PLANE('',#2303);
#2303 = AXIS2_PLACEMENT_3D('',#2304,#2305,#2306);
#2304 = CARTESIAN_POINT('',(-198.5,-133.,-174.5));
#2305 = DIRECTION('',(0.,0.,1.));
#2306 = DIRECTION('',(1.,0.,0.));
#2307 = DEFINITIONAL_REPRESENTATION('',(#2308),#2311);
#2308 = B_SPLINE_CURVE_WITH_KNOTS('',1,(#2309,#2310),.UNSPECIFIED.,.F.,
  .F.,(2,2),(21.75,418.75),.PIECEWISE_BEZIER_KNOTS.);
#2309 = CARTESIAN_POINT('',(0.,2.));
#2310 = CARTESIAN_POINT('',(397.,2.));
#2311 = ( GEOMETRIC_REPRESENTATION_CONTEXT(2) 
PARAMETRIC_REPRESENTATION_CONTEXT() REPRESENTATION_CONTEXT('2D SPACE',''
  ) );
#2312 = ORIENTED_EDGE('',*,*,#2313,.T.);
#2313 = EDGE_CURVE('',#2286,#2314,#2316,.T.);
#2314 = VERTEX_POINT('',#2315);
#2315 = CARTESIAN_POINT('',(-198.5,-131.,-194.5));
#2316 = SURFACE_CURVE('',#2317,(#2321,#2327),.PCURVE_S1.);
#2317 = LINE('',#2318,#2319);
#2318 = CARTESIAN_POINT('',(-198.5,-131.,-473.5));
#2319 = VECTOR('',#2320,1.);
#2320 = DIRECTION('',(0.,0.,-1.));
#2321 = PCURVE('',#1477,#2322);
#2322 = DEFINITIONAL_REPRESENTATION('',(#2323),#2326);
#2323 = B_SPLINE_CURVE_WITH_KNOTS('',1,(#2324,#2325),.UNSPECIFIED.,.F.,
  .F.,(2,2),(-299.,-279.),.PIECEWISE_BEZIER_KNOTS.);
#2324 = CARTESIAN_POINT('',(578.,43.5));
#2325 = CARTESIAN_POINT('',(558.,43.5));
#2326 = ( GEOMETRIC_REPRESENTATION_CONTEXT(2) 
PARAMETRIC_REPRESENTATION_CONTEXT() REPRESENTATION_CONTEXT('2D SPACE',''
  ) );
#2327 = PCURVE('',#2328,#2333);
#2328 = PLANE('',#2329);
#2329 = AXIS2_PLACEMENT_3D('',#2330,#2331,#2332);
#2330 = CARTESIAN_POINT('',(-198.5,-133.,-194.5));
#2331 = DIRECTION('',(1.,0.,0.));
#2332 = DIRECTION('',(0.,0.,1.));
#2333 = DEFINITIONAL_REPRESENTATION('',(#2334),#2337);
#2334 = B_SPLINE_CURVE_WITH_KNOTS('',1,(#2335,#2336),.UNSPECIFIED.,.F.,
  .F.,(2,2),(-299.,-279.),.PIECEWISE_BEZIER_KNOTS.);
#2335 = CARTESIAN_POINT('',(20.,-2.));
#2336 = CARTESIAN_POINT('',(0.,-2.));
#2337 = ( GEOMETRIC_REPRESENTATION_CONTEXT(2) 
PARAMETRIC_REPRESENTATION_CONTEXT() REPRESENTATION_CONTEXT('2D SPACE',''
  ) );
#2338 = ORIENTED_EDGE('',*,*,#2339,.T.);
#2339 = EDGE_CURVE('',#2314,#2340,#2342,.T.);
#2340 = VERTEX_POINT('',#2341);
#2341 = CARTESIAN_POINT('',(198.5,-131.,-194.5));
#2342 = SURFACE_CURVE('',#2343,(#2347,#2353),.PCURVE_S1.);
#2343 = LINE('',#2344,#2345);
#2344 = CARTESIAN_POINT('',(-220.25,-131.,-194.5));
#2345 = VECTOR('',#2346,1.);
#2346 = DIRECTION('',(1.,0.,0.));
#2347 = PCURVE('',#1477,#2348);
#2348 = DEFINITIONAL_REPRESENTATION('',(#2349),#2352);
#2349 = B_SPLINE_CURVE_WITH_KNOTS('',1,(#2350,#2351),.UNSPECIFIED.,.F.,
  .F.,(2,2),(21.75,418.75),.PIECEWISE_BEZIER_KNOTS.);
#2350 = CARTESIAN_POINT('',(558.,43.5));
#2351 = CARTESIAN_POINT('',(558.,440.5));
#2352 = ( GEOMETRIC_REPRESENTATION_CONTEXT(2) 
PARAMETRIC_REPRESENTATION_CONTEXT() REPRESENTATION_CONTEXT('2D SPACE',''
  ) );
#2353 = PCURVE('',#2354,#2359);
#2354 = PLANE('',#2355);
#2355 = AXIS2_PLACEMENT_3D('',#2356,#2357,#2358);
#2356 = CARTESIAN_POINT('',(-198.5,-133.,-194.5));
#2357 = DIRECTION('',(0.,0.,1.));
#2358 = DIRECTION('',(1.,0.,0.));
#2359 = DEFINITIONAL_REPRESENTATION('',(#2360),#2363);
#2360 = B_SPLINE_CURVE_WITH_KNOTS('',1,(#2361,#2362),.UNSPECIFIED.,.F.,
  .F.,(2,2),(21.75,418.75),.PIECEWISE_BEZIER_KNOTS.);
#2361 = CARTESIAN_POINT('',(0.,2.));
#2362 = CARTESIAN_POINT('',(397.,2.));
#2363 = ( GEOMETRIC_REPRESENTATION_CONTEXT(2) 
PARAMETRIC_REPRESENTATION_CONTEXT() REPRESENTATION_CONTEXT('2D SPACE',''
  ) );
#2364 = ORIENTED_EDGE('',*,*,#2365,.F.);
#2365 = EDGE_CURVE('',#2288,#2340,#2366,.T.);
#2366 = SURFACE_CURVE('',#2367,(#2371,#2377),.PCURVE_S1.);
#2367 = LINE('',#2368,#2369);
#2368 = CARTESIAN_POINT('',(198.5,-131.,-473.5));
#2369 = VECTOR('',#2370,1.);
#2370 = DIRECTION('',(0.,0.,-1.));
#2371 = PCURVE('',#1477,#2372);
#2372 = DEFINITIONAL_REPRESENTATION('',(#2373),#2376);
#2373 = B_SPLINE_CURVE_WITH_KNOTS('',1,(#2374,#2375),.UNSPECIFIED.,.F.,
  .F.,(2,2),(-299.,-279.),.PIECEWISE_BEZIER_KNOTS.);
#2374 = CARTESIAN_POINT('',(578.,440.5));
#2375 = CARTESIAN_POINT('',(558.,440.5));
#2376 = ( GEOMETRIC_REPRESENTATION_CONTEXT(2) 
PARAMETRIC_REPRESENTATION_CONTEXT() REPRESENTATION_CONTEXT('2D SPACE',''
  ) );
#2377 = PCURVE('',#2378,#2383);
#2378 = PLANE('',#2379);
#2379 = AXIS2_PLACEMENT_3D('',#2380,#2381,#2382);
#2380 = CARTESIAN_POINT('',(198.5,-133.,-194.5));
#2381 = DIRECTION('',(1.,0.,0.));
#2382 = DIRECTION('',(0.,0.,1.));
#2383 = DEFINITIONAL_REPRESENTATION('',(#2384),#2387);
#2384 = B_SPLINE_CURVE_WITH_KNOTS('',1,(#2385,#2386),.UNSPECIFIED.,.F.,
  .F.,(2,2),(-299.,-279.),.PIECEWISE_BEZIER_KNOTS.);
#2385 = CARTESIAN_POINT('',(20.,-2.));
#2386 = CARTESIAN_POINT('',(0.,-2.));
#2387 = ( GEOMETRIC_REPRESENTATION_CONTEXT(2) 
PARAMETRIC_REPRESENTATION_CONTEXT() REPRESENTATION_CONTEXT('2D SPACE',''
  ) );
#2388 = FACE_BOUND('',#2389,.F.);
#2389 = EDGE_LOOP('',(#2390,#2418,#2444,#2470));
#2390 = ORIENTED_EDGE('',*,*,#2391,.F.);
#2391 = EDGE_CURVE('',#2392,#2394,#2396,.T.);
#2392 = VERTEX_POINT('',#2393);
#2393 = CARTESIAN_POINT('',(-198.5,-131.,-113.));
#2394 = VERTEX_POINT('',#2395);
#2395 = CARTESIAN_POINT('',(198.5,-131.,-113.));
#2396 = SURFACE_CURVE('',#2397,(#2401,#2407),.PCURVE_S1.);
#2397 = LINE('',#2398,#2399);
#2398 = CARTESIAN_POINT('',(-220.25,-131.,-113.));
#2399 = VECTOR('',#2400,1.);
#2400 = DIRECTION('',(1.,0.,0.));
#2401 = PCURVE('',#1477,#2402);
#2402 = DEFINITIONAL_REPRESENTATION('',(#2403),#2406);
#2403 = B_SPLINE_CURVE_WITH_KNOTS('',1,(#2404,#2405),.UNSPECIFIED.,.F.,
  .F.,(2,2),(21.75,418.75),.PIECEWISE_BEZIER_KNOTS.);
#2404 = CARTESIAN_POINT('',(639.5,43.5));
#2405 = CARTESIAN_POINT('',(639.5,440.5));
#2406 = ( GEOMETRIC_REPRESENTATION_CONTEXT(2) 
PARAMETRIC_REPRESENTATION_CONTEXT() REPRESENTATION_CONTEXT('2D SPACE',''
  ) );
#2407 = PCURVE('',#2408,#2413);
#2408 = PLANE('',#2409);
#2409 = AXIS2_PLACEMENT_3D('',#2410,#2411,#2412);
#2410 = CARTESIAN_POINT('',(-198.5,-133.,-113.));
#2411 = DIRECTION('',(0.,0.,1.));
#2412 = DIRECTION('',(1.,0.,0.));
#2413 = DEFINITIONAL_REPRESENTATION('',(#2414),#2417);
#2414 = B_SPLINE_CURVE_WITH_KNOTS('',1,(#2415,#2416),.UNSPECIFIED.,.F.,
  .F.,(2,2),(21.75,418.75),.PIECEWISE_BEZIER_KNOTS.);
#2415 = CARTESIAN_POINT('',(0.,2.));
#2416 = CARTESIAN_POINT('',(397.,2.));
#2417 = ( GEOMETRIC_REPRESENTATION_CONTEXT(2) 
PARAMETRIC_REPRESENTATION_CONTEXT() REPRESENTATION_CONTEXT('2D SPACE',''
  ) );
#2418 = ORIENTED_EDGE('',*,*,#2419,.T.);
#2419 = EDGE_CURVE('',#2392,#2420,#2422,.T.);
#2420 = VERTEX_POINT('',#2421);
#2421 = CARTESIAN_POINT('',(-198.5,-131.,-133.));
#2422 = SURFACE_CURVE('',#2423,(#2427,#2433),.PCURVE_S1.);
#2423 = LINE('',#2424,#2425);
#2424 = CARTESIAN_POINT('',(-198.5,-131.,-442.75));
#2425 = VECTOR('',#2426,1.);
#2426 = DIRECTION('',(0.,0.,-1.));
#2427 = PCURVE('',#1477,#2428);
#2428 = DEFINITIONAL_REPRESENTATION('',(#2429),#2432);
#2429 = B_SPLINE_CURVE_WITH_KNOTS('',1,(#2430,#2431),.UNSPECIFIED.,.F.,
  .F.,(2,2),(-329.75,-309.75),.PIECEWISE_BEZIER_KNOTS.);
#2430 = CARTESIAN_POINT('',(639.5,43.5));
#2431 = CARTESIAN_POINT('',(619.5,43.5));
#2432 = ( GEOMETRIC_REPRESENTATION_CONTEXT(2) 
PARAMETRIC_REPRESENTATION_CONTEXT() REPRESENTATION_CONTEXT('2D SPACE',''
  ) );
#2433 = PCURVE('',#2434,#2439);
#2434 = PLANE('',#2435);
#2435 = AXIS2_PLACEMENT_3D('',#2436,#2437,#2438);
#2436 = CARTESIAN_POINT('',(-198.5,-133.,-133.));
#2437 = DIRECTION('',(1.,0.,0.));
#2438 = DIRECTION('',(0.,0.,1.));
#2439 = DEFINITIONAL_REPRESENTATION('',(#2440),#2443);
#2440 = B_SPLINE_CURVE_WITH_KNOTS('',1,(#2441,#2442),.UNSPECIFIED.,.F.,
  .F.,(2,2),(-329.75,-309.75),.PIECEWISE_BEZIER_KNOTS.);
#2441 = CARTESIAN_POINT('',(20.,-2.));
#2442 = CARTESIAN_POINT('',(0.,-2.));
#2443 = ( GEOMETRIC_REPRESENTATION_CONTEXT(2) 
PARAMETRIC_REPRESENTATION_CONTEXT() REPRESENTATION_CONTEXT('2D SPACE',''
  ) );
#2444 = ORIENTED_EDGE('',*,*,#2445,.T.);
#2445 = EDGE_CURVE('',#2420,#2446,#2448,.T.);
#2446 = VERTEX_POINT('',#2447);
#2447 = CARTESIAN_POINT('',(198.5,-131.,-133.));
#2448 = SURFACE_CURVE('',#2449,(#2453,#2459),.PCURVE_S1.);
#2449 = LINE('',#2450,#2451);
#2450 = CARTESIAN_POINT('',(-220.25,-131.,-133.));
#2451 = VECTOR('',#2452,1.);
#2452 = DIRECTION('',(1.,0.,0.));
#2453 = PCURVE('',#1477,#2454);
#2454 = DEFINITIONAL_REPRESENTATION('',(#2455),#2458);
#2455 = B_SPLINE_CURVE_WITH_KNOTS('',1,(#2456,#2457),.UNSPECIFIED.,.F.,
  .F.,(2,2),(21.75,418.75),.PIECEWISE_BEZIER_KNOTS.);
#2456 = CARTESIAN_POINT('',(619.5,43.5));
#2457 = CARTESIAN_POINT('',(619.5,440.5));
#2458 = ( GEOMETRIC_REPRESENTATION_CONTEXT(2) 
PARAMETRIC_REPRESENTATION_CONTEXT() REPRESENTATION_CONTEXT('2D SPACE',''
  ) );
#2459 = PCURVE('',#2460,#2465);
#2460 = PLANE('',#2461);
#2461 = AXIS2_PLACEMENT_3D('',#2462,#2463,#2464);
#2462 = CARTESIAN_POINT('',(-198.5,-133.,-133.));
#2463 = DIRECTION('',(0.,0.,1.));
#2464 = DIRECTION('',(1.,0.,0.));
#2465 = DEFINITIONAL_REPRESENTATION('',(#2466),#2469);
#2466 = B_SPLINE_CURVE_WITH_KNOTS('',1,(#2467,#2468),.UNSPECIFIED.,.F.,
  .F.,(2,2),(21.75,418.75),.PIECEWISE_BEZIER_KNOTS.);
#2467 = CARTESIAN_POINT('',(0.,2.));
#2468 = CARTESIAN_POINT('',(397.,2.));
#2469 = ( GEOMETRIC_REPRESENTATION_CONTEXT(2) 
PARAMETRIC_REPRESENTATION_CONTEXT() REPRESENTATION_CONTEXT('2D SPACE',''
  ) );
#2470 = ORIENTED_EDGE('',*,*,#2471,.F.);
#2471 = EDGE_CURVE('',#2394,#2446,#2472,.T.);
#2472 = SURFACE_CURVE('',#2473,(#2477,#2483),.PCURVE_S1.);
#2473 = LINE('',#2474,#2475);
#2474 = CARTESIAN_POINT('',(198.5,-131.,-442.75));
#2475 = VECTOR('',#2476,1.);
#2476 = DIRECTION('',(0.,0.,-1.));
#2477 = PCURVE('',#1477,#2478);
#2478 = DEFINITIONAL_REPRESENTATION('',(#2479),#2482);
#2479 = B_SPLINE_CURVE_WITH_KNOTS('',1,(#2480,#2481),.UNSPECIFIED.,.F.,
  .F.,(2,2),(-329.75,-309.75),.PIECEWISE_BEZIER_KNOTS.);
#2480 = CARTESIAN_POINT('',(639.5,440.5));
#2481 = CARTESIAN_POINT('',(619.5,440.5));
#2482 = ( GEOMETRIC_REPRESENTATION_CONTEXT(2) 
PARAMETRIC_REPRESENTATION_CONTEXT() REPRESENTATION_CONTEXT('2D SPACE',''
  ) );
#2483 = PCURVE('',#2484,#2489);
#2484 = PLANE('',#2485);
#2485 = AXIS2_PLACEMENT_3D('',#2486,#2487,#2488);
#2486 = CARTESIAN_POINT('',(198.5,-133.,-133.));
#2487 = DIRECTION('',(1.,0.,0.));
#2488 = DIRECTION('',(0.,0.,1.));
#2489 = DEFINITIONAL_REPRESENTATION('',(#2490),#2493);
#2490 = B_SPLINE_CURVE_WITH_KNOTS('',1,(#2491,#2492),.UNSPECIFIED.,.F.,
  .F.,(2,2),(-329.75,-309.75),.PIECEWISE_BEZIER_KNOTS.);
#2491 = CARTESIAN_POINT('',(20.,-2.));
#2492 = CARTESIAN_POINT('',(0.,-2.));
#2493 = ( GEOMETRIC_REPRESENTATION_CONTEXT(2) 
PARAMETRIC_REPRESENTATION_CONTEXT() REPRESENTATION_CONTEXT('2D SPACE',''
  ) );
#2494 = FACE_BOUND('',#2495,.F.);
#2495 = EDGE_LOOP('',(#2496,#2524,#2550,#2576));
#2496 = ORIENTED_EDGE('',*,*,#2497,.F.);
#2497 = EDGE_CURVE('',#2498,#2500,#2502,.T.);
#2498 = VERTEX_POINT('',#2499);
#2499 = CARTESIAN_POINT('',(-198.5,-131.,-51.5));
#2500 = VERTEX_POINT('',#2501);
#2501 = CARTESIAN_POINT('',(198.5,-131.,-51.5));
#2502 = SURFACE_CURVE('',#2503,(#2507,#2513),.PCURVE_S1.);
#2503 = LINE('',#2504,#2505);
#2504 = CARTESIAN_POINT('',(-220.25,-131.,-51.5));
#2505 = VECTOR('',#2506,1.);
#2506 = DIRECTION('',(1.,0.,0.));
#2507 = PCURVE('',#1477,#2508);
#2508 = DEFINITIONAL_REPRESENTATION('',(#2509),#2512);
#2509 = B_SPLINE_CURVE_WITH_KNOTS('',1,(#2510,#2511),.UNSPECIFIED.,.F.,
  .F.,(2,2),(21.75,418.75),.PIECEWISE_BEZIER_KNOTS.);
#2510 = CARTESIAN_POINT('',(701.,43.5));
#2511 = CARTESIAN_POINT('',(701.,440.5));
#2512 = ( GEOMETRIC_REPRESENTATION_CONTEXT(2) 
PARAMETRIC_REPRESENTATION_CONTEXT() REPRESENTATION_CONTEXT('2D SPACE',''
  ) );
#2513 = PCURVE('',#2514,#2519);
#2514 = PLANE('',#2515);
#2515 = AXIS2_PLACEMENT_3D('',#2516,#2517,#2518);
#2516 = CARTESIAN_POINT('',(-198.5,-133.,-51.5));
#2517 = DIRECTION('',(0.,0.,1.));
#2518 = DIRECTION('',(1.,0.,0.));
#2519 = DEFINITIONAL_REPRESENTATION('',(#2520),#2523);
#2520 = B_SPLINE_CURVE_WITH_KNOTS('',1,(#2521,#2522),.UNSPECIFIED.,.F.,
  .F.,(2,2),(21.75,418.75),.PIECEWISE_BEZIER_KNOTS.);
#2521 = CARTESIAN_POINT('',(0.,2.));
#2522 = CARTESIAN_POINT('',(397.,2.));
#2523 = ( GEOMETRIC_REPRESENTATION_CONTEXT(2) 
PARAMETRIC_REPRESENTATION_CONTEXT() REPRESENTATION_CONTEXT('2D SPACE',''
  ) );
#2524 = ORIENTED_EDGE('',*,*,#2525,.T.);
#2525 = EDGE_CURVE('',#2498,#2526,#2528,.T.);
#2526 = VERTEX_POINT('',#2527);
#2527 = CARTESIAN_POINT('',(-198.5,-131.,-71.5));
#2528 = SURFACE_CURVE('',#2529,(#2533,#2539),.PCURVE_S1.);
#2529 = LINE('',#2530,#2531);
#2530 = CARTESIAN_POINT('',(-198.5,-131.,-412.));
#2531 = VECTOR('',#2532,1.);
#2532 = DIRECTION('',(0.,0.,-1.));
#2533 = PCURVE('',#1477,#2534);
#2534 = DEFINITIONAL_REPRESENTATION('',(#2535),#2538);
#2535 = B_SPLINE_CURVE_WITH_KNOTS('',1,(#2536,#2537),.UNSPECIFIED.,.F.,
  .F.,(2,2),(-360.5,-340.5),.PIECEWISE_BEZIER_KNOTS.);
#2536 = CARTESIAN_POINT('',(701.,43.5));
#2537 = CARTESIAN_POINT('',(681.,43.5));
#2538 = ( GEOMETRIC_REPRESENTATION_CONTEXT(2) 
PARAMETRIC_REPRESENTATION_CONTEXT() REPRESENTATION_CONTEXT('2D SPACE',''
  ) );
#2539 = PCURVE('',#2540,#2545);
#2540 = PLANE('',#2541);
#2541 = AXIS2_PLACEMENT_3D('',#2542,#2543,#2544);
#2542 = CARTESIAN_POINT('',(-198.5,-133.,-71.5));
#2543 = DIRECTION('',(1.,0.,0.));
#2544 = DIRECTION('',(0.,0.,1.));
#2545 = DEFINITIONAL_REPRESENTATION('',(#2546),#2549);
#2546 = B_SPLINE_CURVE_WITH_KNOTS('',1,(#2547,#2548),.UNSPECIFIED.,.F.,
  .F.,(2,2),(-360.5,-340.5),.PIECEWISE_BEZIER_KNOTS.);
#2547 = CARTESIAN_POINT('',(20.,-2.));
#2548 = CARTESIAN_POINT('',(0.,-2.));
#2549 = ( GEOMETRIC_REPRESENTATION_CONTEXT(2) 
PARAMETRIC_REPRESENTATION_CONTEXT() REPRESENTATION_CONTEXT('2D SPACE',''
  ) );
#2550 = ORIENTED_EDGE('',*,*,#2551,.T.);
#2551 = EDGE_CURVE('',#2526,#2552,#2554,.T.);
#2552 = VERTEX_POINT('',#2553);
#2553 = CARTESIAN_POINT('',(198.5,-131.,-71.5));
#2554 = SURFACE_CURVE('',#2555,(#2559,#2565),.PCURVE_S1.);
#2555 = LINE('',#2556,#2557);
#2556 = CARTESIAN_POINT('',(-220.25,-131.,-71.5));
#2557 = VECTOR('',#2558,1.);
#2558 = DIRECTION('',(1.,0.,0.));
#2559 = PCURVE('',#1477,#2560);
#2560 = DEFINITIONAL_REPRESENTATION('',(#2561),#2564);
#2561 = B_SPLINE_CURVE_WITH_KNOTS('',1,(#2562,#2563),.UNSPECIFIED.,.F.,
  .F.,(2,2),(21.75,418.75),.PIECEWISE_BEZIER_KNOTS.);
#2562 = CARTESIAN_POINT('',(681.,43.5));
#2563 = CARTESIAN_POINT('',(681.,440.5));
#2564 = ( GEOMETRIC_REPRESENTATION_CONTEXT(2) 
PARAMETRIC_REPRESENTATION_CONTEXT() REPRESENTATION_CONTEXT('2D SPACE',''
  ) );
#2565 = PCURVE('',#2566,#2571);
#2566 = PLANE('',#2567);
#2567 = AXIS2_PLACEMENT_3D('',#2568,#2569,#2570);
#2568 = CARTESIAN_POINT('',(-198.5,-133.,-71.5));
#2569 = DIRECTION('',(0.,0.,1.));
#2570 = DIRECTION('',(1.,0.,0.));
#2571 = DEFINITIONAL_REPRESENTATION('',(#2572),#2575);
#2572 = B_SPLINE_CURVE_WITH_KNOTS('',1,(#2573,#2574),.UNSPECIFIED.,.F.,
  .F.,(2,2),(21.75,418.75),.PIECEWISE_BEZIER_KNOTS.);
#2573 = CARTESIAN_POINT('',(0.,2.));
#2574 = CARTESIAN_POINT('',(397.,2.));
#2575 = ( GEOMETRIC_REPRESENTATION_CONTEXT(2) 
PARAMETRIC_REPRESENTATION_CONTEXT() REPRESENTATION_CONTEXT('2D SPACE',''
  ) );
#2576 = ORIENTED_EDGE('',*,*,#2577,.F.);
#2577 = EDGE_CURVE('',#2500,#2552,#2578,.T.);
#2578 = SURFACE_CURVE('',#2579,(#2583,#2589),.PCURVE_S1.);
#2579 = LINE('',#2580,#2581);
#2580 = CARTESIAN_POINT('',(198.5,-131.,-412.));
#2581 = VECTOR('',#2582,1.);
#2582 = DIRECTION('',(0.,0.,-1.));
#2583 = PCURVE('',#1477,#2584);
#2584 = DEFINITIONAL_REPRESENTATION('',(#2585),#2588);
#2585 = B_SPLINE_CURVE_WITH_KNOTS('',1,(#2586,#2587),.UNSPECIFIED.,.F.,
  .F.,(2,2),(-360.5,-340.5),.PIECEWISE_BEZIER_KNOTS.);
#2586 = CARTESIAN_POINT('',(701.,440.5));
#2587 = CARTESIAN_POINT('',(681.,440.5));
#2588 = ( GEOMETRIC_REPRESENTATION_CONTEXT(2) 
PARAMETRIC_REPRESENTATION_CONTEXT() REPRESENTATION_CONTEXT('2D SPACE',''
  ) );
#2589 = PCURVE('',#2590,#2595);
#2590 = PLANE('',#2591);
#2591 = AXIS2_PLACEMENT_3D('',#2592,#2593,#2594);
#2592 = CARTESIAN_POINT('',(198.5,-133.,-71.5));
#2593 = DIRECTION('',(1.,0.,0.));
#2594 = DIRECTION('',(0.,0.,1.));
#2595 = DEFINITIONAL_REPRESENTATION('',(#2596),#2599);
#2596 = B_SPLINE_CURVE_WITH_KNOTS('',1,(#2597,#2598),.UNSPECIFIED.,.F.,
  .F.,(2,2),(-360.5,-340.5),.PIECEWISE_BEZIER_KNOTS.);
#2597 = CARTESIAN_POINT('',(20.,-2.));
#2598 = CARTESIAN_POINT('',(0.,-2.));
#2599 = ( GEOMETRIC_REPRESENTATION_CONTEXT(2) 
PARAMETRIC_REPRESENTATION_CONTEXT() REPRESENTATION_CONTEXT('2D SPACE',''
  ) );
#2600 = FACE_BOUND('',#2601,.F.);
#2601 = EDGE_LOOP('',(#2602,#2630,#2656,#2682));
#2602 = ORIENTED_EDGE('',*,*,#2603,.F.);
#2603 = EDGE_CURVE('',#2604,#2606,#2608,.T.);
#2604 = VERTEX_POINT('',#2605);
#2605 = CARTESIAN_POINT('',(-198.5,-131.,10.));
#2606 = VERTEX_POINT('',#2607);
#2607 = CARTESIAN_POINT('',(198.5,-131.,10.));
#2608 = SURFACE_CURVE('',#2609,(#2613,#2619),.PCURVE_S1.);
#2609 = LINE('',#2610,#2611);
#2610 = CARTESIAN_POINT('',(-220.25,-131.,10.));
#2611 = VECTOR('',#2612,1.);
#2612 = DIRECTION('',(1.,0.,0.));
#2613 = PCURVE('',#1477,#2614);
#2614 = DEFINITIONAL_REPRESENTATION('',(#2615),#2618);
#2615 = B_SPLINE_CURVE_WITH_KNOTS('',1,(#2616,#2617),.UNSPECIFIED.,.F.,
  .F.,(2,2),(21.75,418.75),.PIECEWISE_BEZIER_KNOTS.);
#2616 = CARTESIAN_POINT('',(762.5,43.5));
#2617 = CARTESIAN_POINT('',(762.5,440.5));
#2618 = ( GEOMETRIC_REPRESENTATION_CONTEXT(2) 
PARAMETRIC_REPRESENTATION_CONTEXT() REPRESENTATION_CONTEXT('2D SPACE',''
  ) );
#2619 = PCURVE('',#2620,#2625);
#2620 = PLANE('',#2621);
#2621 = AXIS2_PLACEMENT_3D('',#2622,#2623,#2624);
#2622 = CARTESIAN_POINT('',(-198.5,-133.,10.));
#2623 = DIRECTION('',(0.,0.,1.));
#2624 = DIRECTION('',(1.,0.,0.));
#2625 = DEFINITIONAL_REPRESENTATION('',(#2626),#2629);
#2626 = B_SPLINE_CURVE_WITH_KNOTS('',1,(#2627,#2628),.UNSPECIFIED.,.F.,
  .F.,(2,2),(21.75,418.75),.PIECEWISE_BEZIER_KNOTS.);
#2627 = CARTESIAN_POINT('',(0.,2.));
#2628 = CARTESIAN_POINT('',(397.,2.));
#2629 = ( GEOMETRIC_REPRESENTATION_CONTEXT(2) 
PARAMETRIC_REPRESENTATION_CONTEXT() REPRESENTATION_CONTEXT('2D SPACE',''
  ) );
#2630 = ORIENTED_EDGE('',*,*,#2631,.T.);
#2631 = EDGE_CURVE('',#2604,#2632,#2634,.T.);
#2632 = VERTEX_POINT('',#2633);
#2633 = CARTESIAN_POINT('',(-198.5,-131.,-10.));
#2634 = SURFACE_CURVE('',#2635,(#2639,#2645),.PCURVE_S1.);
#2635 = LINE('',#2636,#2637);
#2636 = CARTESIAN_POINT('',(-198.5,-131.,-381.25));
#2637 = VECTOR('',#2638,1.);
#2638 = DIRECTION('',(0.,0.,-1.));
#2639 = PCURVE('',#1477,#2640);
#2640 = DEFINITIONAL_REPRESENTATION('',(#2641),#2644);
#2641 = B_SPLINE_CURVE_WITH_KNOTS('',1,(#2642,#2643),.UNSPECIFIED.,.F.,
  .F.,(2,2),(-391.25,-371.25),.PIECEWISE_BEZIER_KNOTS.);
#2642 = CARTESIAN_POINT('',(762.5,43.5));
#2643 = CARTESIAN_POINT('',(742.5,43.5));
#2644 = ( GEOMETRIC_REPRESENTATION_CONTEXT(2) 
PARAMETRIC_REPRESENTATION_CONTEXT() REPRESENTATION_CONTEXT('2D SPACE',''
  ) );
#2645 = PCURVE('',#2646,#2651);
#2646 = PLANE('',#2647);
#2647 = AXIS2_PLACEMENT_3D('',#2648,#2649,#2650);
#2648 = CARTESIAN_POINT('',(-198.5,-133.,-10.));
#2649 = DIRECTION('',(1.,0.,0.));
#2650 = DIRECTION('',(0.,0.,1.));
#2651 = DEFINITIONAL_REPRESENTATION('',(#2652),#2655);
#2652 = B_SPLINE_CURVE_WITH_KNOTS('',1,(#2653,#2654),.UNSPECIFIED.,.F.,
  .F.,(2,2),(-391.25,-371.25),.PIECEWISE_BEZIER_KNOTS.);
#2653 = CARTESIAN_POINT('',(20.,-2.));
#2654 = CARTESIAN_POINT('',(0.,-2.));
#2655 = ( GEOMETRIC_REPRESENTATION_CONTEXT(2) 
PARAMETRIC_REPRESENTATION_CONTEXT() REPRESENTATION_CONTEXT('2D SPACE',''
  ) );
#2656 = ORIENTED_EDGE('',*,*,#2657,.T.);
#2657 = EDGE_CURVE('',#2632,#2658,#2660,.T.);
#2658 = VERTEX_POINT('',#2659);
#2659 = CARTESIAN_POINT('',(198.5,-131.,-10.));
#2660 = SURFACE_CURVE('',#2661,(#2665,#2671),.PCURVE_S1.);
#2661 = LINE('',#2662,#2663);
#2662 = CARTESIAN_POINT('',(-220.25,-131.,-10.));
#2663 = VECTOR('',#2664,1.);
#2664 = DIRECTION('',(1.,0.,0.));
#2665 = PCURVE('',#1477,#2666);
#2666 = DEFINITIONAL_REPRESENTATION('',(#2667),#2670);
#2667 = B_SPLINE_CURVE_WITH_KNOTS('',1,(#2668,#2669),.UNSPECIFIED.,.F.,
  .F.,(2,2),(21.75,418.75),.PIECEWISE_BEZIER_KNOTS.);
#2668 = CARTESIAN_POINT('',(742.5,43.5));
#2669 = CARTESIAN_POINT('',(742.5,440.5));
#2670 = ( GEOMETRIC_REPRESENTATION_CONTEXT(2) 
PARAMETRIC_REPRESENTATION_CONTEXT() REPRESENTATION_CONTEXT('2D SPACE',''
  ) );
#2671 = PCURVE('',#2672,#2677);
#2672 = PLANE('',#2673);
#2673 = AXIS2_PLACEMENT_3D('',#2674,#2675,#2676);
#2674 = CARTESIAN_POINT('',(-198.5,-133.,-10.));
#2675 = DIRECTION('',(0.,0.,1.));
#2676 = DIRECTION('',(1.,0.,0.));
#2677 = DEFINITIONAL_REPRESENTATION('',(#2678),#2681);
#2678 = B_SPLINE_CURVE_WITH_KNOTS('',1,(#2679,#2680),.UNSPECIFIED.,.F.,
  .F.,(2,2),(21.75,418.75),.PIECEWISE_BEZIER_KNOTS.);
#2679 = CARTESIAN_POINT('',(0.,2.));
#2680 = CARTESIAN_POINT('',(397.,2.));
#2681 = ( GEOMETRIC_REPRESENTATION_CONTEXT(2) 
PARAMETRIC_REPRESENTATION_CONTEXT() REPRESENTATION_CONTEXT('2D SPACE',''
  ) );
#2682 = ORIENTED_EDGE('',*,*,#2683,.F.);
#2683 = EDGE_CURVE('',#2606,#2658,#2684,.T.);
#2684 = SURFACE_CURVE('',#2685,(#2689,#2695),.PCURVE_S1.);
#2685 = LINE('',#2686,#2687);
#2686 = CARTESIAN_POINT('',(198.5,-131.,-381.25));
#2687 = VECTOR('',#2688,1.);
#2688 = DIRECTION('',(0.,0.,-1.));
#2689 = PCURVE('',#1477,#2690);
#2690 = DEFINITIONAL_REPRESENTATION('',(#2691),#2694);
#2691 = B_SPLINE_CURVE_WITH_KNOTS('',1,(#2692,#2693),.UNSPECIFIED.,.F.,
  .F.,(2,2),(-391.25,-371.25),.PIECEWISE_BEZIER_KNOTS.);
#2692 = CARTESIAN_POINT('',(762.5,440.5));
#2693 = CARTESIAN_POINT('',(742.5,440.5));
#2694 = ( GEOMETRIC_REPRESENTATION_CONTEXT(2) 
PARAMETRIC_REPRESENTATION_CONTEXT() REPRESENTATION_CONTEXT('2D SPACE',''
  ) );
#2695 = PCURVE('',#2696,#2701);
#2696 = PLANE('',#2697);
#2697 = AXIS2_PLACEMENT_3D('',#2698,#2699,#2700);
#2698 = CARTESIAN_POINT('',(198.5,-133.,-10.));
#2699 = DIRECTION('',(1.,0.,0.));
#2700 = DIRECTION('',(0.,0.,1.));
#2701 = DEFINITIONAL_REPRESENTATION('',(#2702),#2705);
#2702 = B_SPLINE_CURVE_WITH_KNOTS('',1,(#2703,#2704),.UNSPECIFIED.,.F.,
  .F.,(2,2),(-391.25,-371.25),.PIECEWISE_BEZIER_KNOTS.);
#2703 = CARTESIAN_POINT('',(20.,-2.));
#2704 = CARTESIAN_POINT('',(0.,-2.));
#2705 = ( GEOMETRIC_REPRESENTATION_CONTEXT(2) 
PARAMETRIC_REPRESENTATION_CONTEXT() REPRESENTATION_CONTEXT('2D SPACE',''
  ) );
#2706 = FACE_BOUND('',#2707,.F.);
#2707 = EDGE_LOOP('',(#2708,#2736,#2762,#2788));
#2708 = ORIENTED_EDGE('',*,*,#2709,.F.);
#2709 = EDGE_CURVE('',#2710,#2712,#2714,.T.);
#2710 = VERTEX_POINT('',#2711);
#2711 = CARTESIAN_POINT('',(-198.5,-131.,71.5));
#2712 = VERTEX_POINT('',#2713);
#2713 = CARTESIAN_POINT('',(198.5,-131.,71.5));
#2714 = SURFACE_CURVE('',#2715,(#2719,#2725),.PCURVE_S1.);
#2715 = LINE('',#2716,#2717);
#2716 = CARTESIAN_POINT('',(-220.25,-131.,71.5));
#2717 = VECTOR('',#2718,1.);
#2718 = DIRECTION('',(1.,0.,0.));
#2719 = PCURVE('',#1477,#2720);
#2720 = DEFINITIONAL_REPRESENTATION('',(#2721),#2724);
#2721 = B_SPLINE_CURVE_WITH_KNOTS('',1,(#2722,#2723),.UNSPECIFIED.,.F.,
  .F.,(2,2),(21.75,418.75),.PIECEWISE_BEZIER_KNOTS.);
#2722 = CARTESIAN_POINT('',(824.,43.5));
#2723 = CARTESIAN_POINT('',(824.,440.5));
#2724 = ( GEOMETRIC_REPRESENTATION_CONTEXT(2) 
PARAMETRIC_REPRESENTATION_CONTEXT() REPRESENTATION_CONTEXT('2D SPACE',''
  ) );
#2725 = PCURVE('',#2726,#2731);
#2726 = PLANE('',#2727);
#2727 = AXIS2_PLACEMENT_3D('',#2728,#2729,#2730);
#2728 = CARTESIAN_POINT('',(-198.5,-133.,71.5));
#2729 = DIRECTION('',(0.,0.,1.));
#2730 = DIRECTION('',(1.,0.,0.));
#2731 = DEFINITIONAL_REPRESENTATION('',(#2732),#2735);
#2732 = B_SPLINE_CURVE_WITH_KNOTS('',1,(#2733,#2734),.UNSPECIFIED.,.F.,
  .F.,(2,2),(21.75,418.75),.PIECEWISE_BEZIER_KNOTS.);
#2733 = CARTESIAN_POINT('',(0.,2.));
#2734 = CARTESIAN_POINT('',(397.,2.));
#2735 = ( GEOMETRIC_REPRESENTATION_CONTEXT(2) 
PARAMETRIC_REPRESENTATION_CONTEXT() REPRESENTATION_CONTEXT('2D SPACE',''
  ) );
#2736 = ORIENTED_EDGE('',*,*,#2737,.T.);
#2737 = EDGE_CURVE('',#2710,#2738,#2740,.T.);
#2738 = VERTEX_POINT('',#2739);
#2739 = CARTESIAN_POINT('',(-198.5,-131.,51.5));
#2740 = SURFACE_CURVE('',#2741,(#2745,#2751),.PCURVE_S1.);
#2741 = LINE('',#2742,#2743);
#2742 = CARTESIAN_POINT('',(-198.5,-131.,-350.5));
#2743 = VECTOR('',#2744,1.);
#2744 = DIRECTION('',(0.,0.,-1.));
#2745 = PCURVE('',#1477,#2746);
#2746 = DEFINITIONAL_REPRESENTATION('',(#2747),#2750);
#2747 = B_SPLINE_CURVE_WITH_KNOTS('',1,(#2748,#2749),.UNSPECIFIED.,.F.,
  .F.,(2,2),(-422.,-402.),.PIECEWISE_BEZIER_KNOTS.);
#2748 = CARTESIAN_POINT('',(824.,43.5));
#2749 = CARTESIAN_POINT('',(804.,43.5));
#2750 = ( GEOMETRIC_REPRESENTATION_CONTEXT(2) 
PARAMETRIC_REPRESENTATION_CONTEXT() REPRESENTATION_CONTEXT('2D SPACE',''
  ) );
#2751 = PCURVE('',#2752,#2757);
#2752 = PLANE('',#2753);
#2753 = AXIS2_PLACEMENT_3D('',#2754,#2755,#2756);
#2754 = CARTESIAN_POINT('',(-198.5,-133.,51.5));
#2755 = DIRECTION('',(1.,0.,0.));
#2756 = DIRECTION('',(0.,0.,1.));
#2757 = DEFINITIONAL_REPRESENTATION('',(#2758),#2761);
#2758 = B_SPLINE_CURVE_WITH_KNOTS('',1,(#2759,#2760),.UNSPECIFIED.,.F.,
  .F.,(2,2),(-422.,-402.),.PIECEWISE_BEZIER_KNOTS.);
#2759 = CARTESIAN_POINT('',(20.,-2.));
#2760 = CARTESIAN_POINT('',(0.,-2.));
#2761 = ( GEOMETRIC_REPRESENTATION_CONTEXT(2) 
PARAMETRIC_REPRESENTATION_CONTEXT() REPRESENTATION_CONTEXT('2D SPACE',''
  ) );
#2762 = ORIENTED_EDGE('',*,*,#2763,.T.);
#2763 = EDGE_CURVE('',#2738,#2764,#2766,.T.);
#2764 = VERTEX_POINT('',#2765);
#2765 = CARTESIAN_POINT('',(198.5,-131.,51.5));
#2766 = SURFACE_CURVE('',#2767,(#2771,#2777),.PCURVE_S1.);
#2767 = LINE('',#2768,#2769);
#2768 = CARTESIAN_POINT('',(-220.25,-131.,51.5));
#2769 = VECTOR('',#2770,1.);
#2770 = DIRECTION('',(1.,0.,0.));
#2771 = PCURVE('',#1477,#2772);
#2772 = DEFINITIONAL_REPRESENTATION('',(#2773),#2776);
#2773 = B_SPLINE_CURVE_WITH_KNOTS('',1,(#2774,#2775),.UNSPECIFIED.,.F.,
  .F.,(2,2),(21.75,418.75),.PIECEWISE_BEZIER_KNOTS.);
#2774 = CARTESIAN_POINT('',(804.,43.5));
#2775 = CARTESIAN_POINT('',(804.,440.5));
#2776 = ( GEOMETRIC_REPRESENTATION_CONTEXT(2) 
PARAMETRIC_REPRESENTATION_CONTEXT() REPRESENTATION_CONTEXT('2D SPACE',''
  ) );
#2777 = PCURVE('',#2778,#2783);
#2778 = PLANE('',#2779);
#2779 = AXIS2_PLACEMENT_3D('',#2780,#2781,#2782);
#2780 = CARTESIAN_POINT('',(-198.5,-133.,51.5));
#2781 = DIRECTION('',(0.,0.,1.));
#2782 = DIRECTION('',(1.,0.,0.));
#2783 = DEFINITIONAL_REPRESENTATION('',(#2784),#2787);
#2784 = B_SPLINE_CURVE_WITH_KNOTS('',1,(#2785,#2786),.UNSPECIFIED.,.F.,
  .F.,(2,2),(21.75,418.75),.PIECEWISE_BEZIER_KNOTS.);
#2785 = CARTESIAN_POINT('',(0.,2.));
#2786 = CARTESIAN_POINT('',(397.,2.));
#2787 = ( GEOMETRIC_REPRESENTATION_CONTEXT(2) 
PARAMETRIC_REPRESENTATION_CONTEXT() REPRESENTATION_CONTEXT('2D SPACE',''
  ) );
#2788 = ORIENTED_EDGE('',*,*,#2789,.F.);
#2789 = EDGE_CURVE('',#2712,#2764,#2790,.T.);
#2790 = SURFACE_CURVE('',#2791,(#2795,#2801),.PCURVE_S1.);
#2791 = LINE('',#2792,#2793);
#2792 = CARTESIAN_POINT('',(198.5,-131.,-350.5));
#2793 = VECTOR('',#2794,1.);
#2794 = DIRECTION('',(0.,0.,-1.));
#2795 = PCURVE('',#1477,#2796);
#2796 = DEFINITIONAL_REPRESENTATION('',(#2797),#2800);
#2797 = B_SPLINE_CURVE_WITH_KNOTS('',1,(#2798,#2799),.UNSPECIFIED.,.F.,
  .F.,(2,2),(-422.,-402.),.PIECEWISE_BEZIER_KNOTS.);
#2798 = CARTESIAN_POINT('',(824.,440.5));
#2799 = CARTESIAN_POINT('',(804.,440.5));
#2800 = ( GEOMETRIC_REPRESENTATION_CONTEXT(2) 
PARAMETRIC_REPRESENTATION_CONTEXT() REPRESENTATION_CONTEXT('2D SPACE',''
  ) );
#2801 = PCURVE('',#2802,#2807);
#2802 = PLANE('',#2803);
#2803 = AXIS2_PLACEMENT_3D('',#2804,#2805,#2806);
#2804 = CARTESIAN_POINT('',(198.5,-133.,51.5));
#2805 = DIRECTION('',(1.,0.,0.));
#2806 = DIRECTION('',(0.,0.,1.));
#2807 = DEFINITIONAL_REPRESENTATION('',(#2808),#2811);
#2808 = B_SPLINE_CURVE_WITH_KNOTS('',1,(#2809,#2810),.UNSPECIFIED.,.F.,
  .F.,(2,2),(-422.,-402.),.PIECEWISE_BEZIER_KNOTS.);
#2809 = CARTESIAN_POINT('',(20.,-2.));
#2810 = CARTESIAN_POINT('',(0.,-2.));
#2811 = ( GEOMETRIC_REPRESENTATION_CONTEXT(2) 
PARAMETRIC_REPRESENTATION_CONTEXT() REPRESENTATION_CONTEXT('2D SPACE',''
  ) );
#2812 = FACE_BOUND('',#2813,.F.);
#2813 = EDGE_LOOP('',(#2814,#2842,#2868,#2894));
#2814 = ORIENTED_EDGE('',*,*,#2815,.F.);
#2815 = EDGE_CURVE('',#2816,#2818,#2820,.T.);
#2816 = VERTEX_POINT('',#2817);
#2817 = CARTESIAN_POINT('',(-198.5,-131.,133.));
#2818 = VERTEX_POINT('',#2819);
#2819 = CARTESIAN_POINT('',(198.5,-131.,133.));
#2820 = SURFACE_CURVE('',#2821,(#2825,#2831),.PCURVE_S1.);
#2821 = LINE('',#2822,#2823);
#2822 = CARTESIAN_POINT('',(-220.25,-131.,133.));
#2823 = VECTOR('',#2824,1.);
#2824 = DIRECTION('',(1.,0.,0.));
#2825 = PCURVE('',#1477,#2826);
#2826 = DEFINITIONAL_REPRESENTATION('',(#2827),#2830);
#2827 = B_SPLINE_CURVE_WITH_KNOTS('',1,(#2828,#2829),.UNSPECIFIED.,.F.,
  .F.,(2,2),(21.75,418.75),.PIECEWISE_BEZIER_KNOTS.);
#2828 = CARTESIAN_POINT('',(885.5,43.5));
#2829 = CARTESIAN_POINT('',(885.5,440.5));
#2830 = ( GEOMETRIC_REPRESENTATION_CONTEXT(2) 
PARAMETRIC_REPRESENTATION_CONTEXT() REPRESENTATION_CONTEXT('2D SPACE',''
  ) );
#2831 = PCURVE('',#2832,#2837);
#2832 = PLANE('',#2833);
#2833 = AXIS2_PLACEMENT_3D('',#2834,#2835,#2836);
#2834 = CARTESIAN_POINT('',(-198.5,-133.,133.));
#2835 = DIRECTION('',(0.,0.,1.));
#2836 = DIRECTION('',(1.,0.,0.));
#2837 = DEFINITIONAL_REPRESENTATION('',(#2838),#2841);
#2838 = B_SPLINE_CURVE_WITH_KNOTS('',1,(#2839,#2840),.UNSPECIFIED.,.F.,
  .F.,(2,2),(21.75,418.75),.PIECEWISE_BEZIER_KNOTS.);
#2839 = CARTESIAN_POINT('',(0.,2.));
#2840 = CARTESIAN_POINT('',(397.,2.));
#2841 = ( GEOMETRIC_REPRESENTATION_CONTEXT(2) 
PARAMETRIC_REPRESENTATION_CONTEXT() REPRESENTATION_CONTEXT('2D SPACE',''
  ) );
#2842 = ORIENTED_EDGE('',*,*,#2843,.T.);
#2843 = EDGE_CURVE('',#2816,#2844,#2846,.T.);
#2844 = VERTEX_POINT('',#2845);
#2845 = CARTESIAN_POINT('',(-198.5,-131.,113.));
#2846 = SURFACE_CURVE('',#2847,(#2851,#2857),.PCURVE_S1.);
#2847 = LINE('',#2848,#2849);
#2848 = CARTESIAN_POINT('',(-198.5,-131.,-319.75));
#2849 = VECTOR('',#2850,1.);
#2850 = DIRECTION('',(0.,0.,-1.));
#2851 = PCURVE('',#1477,#2852);
#2852 = DEFINITIONAL_REPRESENTATION('',(#2853),#2856);
#2853 = B_SPLINE_CURVE_WITH_KNOTS('',1,(#2854,#2855),.UNSPECIFIED.,.F.,
  .F.,(2,2),(-452.75,-432.75),.PIECEWISE_BEZIER_KNOTS.);
#2854 = CARTESIAN_POINT('',(885.5,43.5));
#2855 = CARTESIAN_POINT('',(865.5,43.5));
#2856 = ( GEOMETRIC_REPRESENTATION_CONTEXT(2) 
PARAMETRIC_REPRESENTATION_CONTEXT() REPRESENTATION_CONTEXT('2D SPACE',''
  ) );
#2857 = PCURVE('',#2858,#2863);
#2858 = PLANE('',#2859);
#2859 = AXIS2_PLACEMENT_3D('',#2860,#2861,#2862);
#2860 = CARTESIAN_POINT('',(-198.5,-133.,113.));
#2861 = DIRECTION('',(1.,0.,0.));
#2862 = DIRECTION('',(0.,0.,1.));
#2863 = DEFINITIONAL_REPRESENTATION('',(#2864),#2867);
#2864 = B_SPLINE_CURVE_WITH_KNOTS('',1,(#2865,#2866),.UNSPECIFIED.,.F.,
  .F.,(2,2),(-452.75,-432.75),.PIECEWISE_BEZIER_KNOTS.);
#2865 = CARTESIAN_POINT('',(20.,-2.));
#2866 = CARTESIAN_POINT('',(0.,-2.));
#2867 = ( GEOMETRIC_REPRESENTATION_CONTEXT(2) 
PARAMETRIC_REPRESENTATION_CONTEXT() REPRESENTATION_CONTEXT('2D SPACE',''
  ) );
#2868 = ORIENTED_EDGE('',*,*,#2869,.T.);
#2869 = EDGE_CURVE('',#2844,#2870,#2872,.T.);
#2870 = VERTEX_POINT('',#2871);
#2871 = CARTESIAN_POINT('',(198.5,-131.,113.));
#2872 = SURFACE_CURVE('',#2873,(#2877,#2883),.PCURVE_S1.);
#2873 = LINE('',#2874,#2875);
#2874 = CARTESIAN_POINT('',(-220.25,-131.,113.));
#2875 = VECTOR('',#2876,1.);
#2876 = DIRECTION('',(1.,0.,0.));
#2877 = PCURVE('',#1477,#2878);
#2878 = DEFINITIONAL_REPRESENTATION('',(#2879),#2882);
#2879 = B_SPLINE_CURVE_WITH_KNOTS('',1,(#2880,#2881),.UNSPECIFIED.,.F.,
  .F.,(2,2),(21.75,418.75),.PIECEWISE_BEZIER_KNOTS.);
#2880 = CARTESIAN_POINT('',(865.5,43.5));
#2881 = CARTESIAN_POINT('',(865.5,440.5));
#2882 = ( GEOMETRIC_REPRESENTATION_CONTEXT(2) 
PARAMETRIC_REPRESENTATION_CONTEXT() REPRESENTATION_CONTEXT('2D SPACE',''
  ) );
#2883 = PCURVE('',#2884,#2889);
#2884 = PLANE('',#2885);
#2885 = AXIS2_PLACEMENT_3D('',#2886,#2887,#2888);
#2886 = CARTESIAN_POINT('',(-198.5,-133.,113.));
#2887 = DIRECTION('',(0.,0.,1.));
#2888 = DIRECTION('',(1.,0.,0.));
#2889 = DEFINITIONAL_REPRESENTATION('',(#2890),#2893);
#2890 = B_SPLINE_CURVE_WITH_KNOTS('',1,(#2891,#2892),.UNSPECIFIED.,.F.,
  .F.,(2,2),(21.75,418.75),.PIECEWISE_BEZIER_KNOTS.);
#2891 = CARTESIAN_POINT('',(0.,2.));
#2892 = CARTESIAN_POINT('',(397.,2.));
#2893 = ( GEOMETRIC_REPRESENTATION_CONTEXT(2) 
PARAMETRIC_REPRESENTATION_CONTEXT() REPRESENTATION_CONTEXT('2D SPACE',''
  ) );
#2894 = ORIENTED_EDGE('',*,*,#2895,.F.);
#2895 = EDGE_CURVE('',#2818,#2870,#2896,.T.);
#2896 = SURFACE_CURVE('',#2897,(#2901,#2907),.PCURVE_S1.);
#2897 = LINE('',#2898,#2899);
#2898 = CARTESIAN_POINT('',(198.5,-131.,-319.75));
#2899 = VECTOR('',#2900,1.);
#2900 = DIRECTION('',(0.,0.,-1.));
#2901 = PCURVE('',#1477,#2902);
#2902 = DEFINITIONAL_REPRESENTATION('',(#2903),#2906);
#2903 = B_SPLINE_CURVE_WITH_KNOTS('',1,(#2904,#2905),.UNSPECIFIED.,.F.,
  .F.,(2,2),(-452.75,-432.75),.PIECEWISE_BEZIER_KNOTS.);
#2904 = CARTESIAN_POINT('',(885.5,440.5));
#2905 = CARTESIAN_POINT('',(865.5,440.5));
#2906 = ( GEOMETRIC_REPRESENTATION_CONTEXT(2) 
PARAMETRIC_REPRESENTATION_CONTEXT() REPRESENTATION_CONTEXT('2D SPACE',''
  ) );
#2907 = PCURVE('',#2908,#2913);
#2908 = PLANE('',#2909);
#2909 = AXIS2_PLACEMENT_3D('',#2910,#2911,#2912);
#2910 = CARTESIAN_POINT('',(198.5,-133.,113.));
#2911 = DIRECTION('',(1.,0.,0.));
#2912 = DIRECTION('',(0.,0.,1.));
#2913 = DEFINITIONAL_REPRESENTATION('',(#2914),#2917);
#2914 = B_SPLINE_CURVE_WITH_KNOTS('',1,(#2915,#2916),.UNSPECIFIED.,.F.,
  .F.,(2,2),(-452.75,-432.75),.PIECEWISE_BEZIER_KNOTS.);
#2915 = CARTESIAN_POINT('',(20.,-2.));
#2916 = CARTESIAN_POINT('',(0.,-2.));
#2917 = ( GEOMETRIC_REPRESENTATION_CONTEXT(2) 
PARAMETRIC_REPRESENTATION_CONTEXT() REPRESENTATION_CONTEXT('2D SPACE',''
  ) );
#2918 = FACE_BOUND('',#2919,.F.);
#2919 = EDGE_LOOP('',(#2920,#2948,#2974,#3000));
#2920 = ORIENTED_EDGE('',*,*,#2921,.F.);
#2921 = EDGE_CURVE('',#2922,#2924,#2926,.T.);
#2922 = VERTEX_POINT('',#2923);
#2923 = CARTESIAN_POINT('',(-198.5,-131.,194.5));
#2924 = VERTEX_POINT('',#2925);
#2925 = CARTESIAN_POINT('',(198.5,-131.,194.5));
#2926 = SURFACE_CURVE('',#2927,(#2931,#2937),.PCURVE_S1.);
#2927 = LINE('',#2928,#2929);
#2928 = CARTESIAN_POINT('',(-220.25,-131.,194.5));
#2929 = VECTOR('',#2930,1.);
#2930 = DIRECTION('',(1.,0.,0.));
#2931 = PCURVE('',#1477,#2932);
#2932 = DEFINITIONAL_REPRESENTATION('',(#2933),#2936);
#2933 = B_SPLINE_CURVE_WITH_KNOTS('',1,(#2934,#2935),.UNSPECIFIED.,.F.,
  .F.,(2,2),(21.75,418.75),.PIECEWISE_BEZIER_KNOTS.);
#2934 = CARTESIAN_POINT('',(947.,43.5));
#2935 = CARTESIAN_POINT('',(947.,440.5));
#2936 = ( GEOMETRIC_REPRESENTATION_CONTEXT(2) 
PARAMETRIC_REPRESENTATION_CONTEXT() REPRESENTATION_CONTEXT('2D SPACE',''
  ) );
#2937 = PCURVE('',#2938,#2943);
#2938 = PLANE('',#2939);
#2939 = AXIS2_PLACEMENT_3D('',#2940,#2941,#2942);
#2940 = CARTESIAN_POINT('',(-198.5,-133.,194.5));
#2941 = DIRECTION('',(0.,0.,1.));
#2942 = DIRECTION('',(1.,0.,0.));
#2943 = DEFINITIONAL_REPRESENTATION('',(#2944),#2947);
#2944 = B_SPLINE_CURVE_WITH_KNOTS('',1,(#2945,#2946),.UNSPECIFIED.,.F.,
  .F.,(2,2),(21.75,418.75),.PIECEWISE_BEZIER_KNOTS.);
#2945 = CARTESIAN_POINT('',(0.,2.));
#2946 = CARTESIAN_POINT('',(397.,2.));
#2947 = ( GEOMETRIC_REPRESENTATION_CONTEXT(2) 
PARAMETRIC_REPRESENTATION_CONTEXT() REPRESENTATION_CONTEXT('2D SPACE',''
  ) );
#2948 = ORIENTED_EDGE('',*,*,#2949,.T.);
#2949 = EDGE_CURVE('',#2922,#2950,#2952,.T.);
#2950 = VERTEX_POINT('',#2951);
#2951 = CARTESIAN_POINT('',(-198.5,-131.,174.5));
#2952 = SURFACE_CURVE('',#2953,(#2957,#2963),.PCURVE_S1.);
#2953 = LINE('',#2954,#2955);
#2954 = CARTESIAN_POINT('',(-198.5,-131.,-289.));
#2955 = VECTOR('',#2956,1.);
#2956 = DIRECTION('',(0.,0.,-1.));
#2957 = PCURVE('',#1477,#2958);
#2958 = DEFINITIONAL_REPRESENTATION('',(#2959),#2962);
#2959 = B_SPLINE_CURVE_WITH_KNOTS('',1,(#2960,#2961),.UNSPECIFIED.,.F.,
  .F.,(2,2),(-483.5,-463.5),.PIECEWISE_BEZIER_KNOTS.);
#2960 = CARTESIAN_POINT('',(947.,43.5));
#2961 = CARTESIAN_POINT('',(927.,43.5));
#2962 = ( GEOMETRIC_REPRESENTATION_CONTEXT(2) 
PARAMETRIC_REPRESENTATION_CONTEXT() REPRESENTATION_CONTEXT('2D SPACE',''
  ) );
#2963 = PCURVE('',#2964,#2969);
#2964 = PLANE('',#2965);
#2965 = AXIS2_PLACEMENT_3D('',#2966,#2967,#2968);
#2966 = CARTESIAN_POINT('',(-198.5,-133.,174.5));
#2967 = DIRECTION('',(1.,0.,0.));
#2968 = DIRECTION('',(0.,0.,1.));
#2969 = DEFINITIONAL_REPRESENTATION('',(#2970),#2973);
#2970 = B_SPLINE_CURVE_WITH_KNOTS('',1,(#2971,#2972),.UNSPECIFIED.,.F.,
  .F.,(2,2),(-483.5,-463.5),.PIECEWISE_BEZIER_KNOTS.);
#2971 = CARTESIAN_POINT('',(20.,-2.));
#2972 = CARTESIAN_POINT('',(0.,-2.));
#2973 = ( GEOMETRIC_REPRESENTATION_CONTEXT(2) 
PARAMETRIC_REPRESENTATION_CONTEXT() REPRESENTATION_CONTEXT('2D SPACE',''
  ) );
#2974 = ORIENTED_EDGE('',*,*,#2975,.T.);
#2975 = EDGE_CURVE('',#2950,#2976,#2978,.T.);
#2976 = VERTEX_POINT('',#2977);
#2977 = CARTESIAN_POINT('',(198.5,-131.,174.5));
#2978 = SURFACE_CURVE('',#2979,(#2983,#2989),.PCURVE_S1.);
#2979 = LINE('',#2980,#2981);
#2980 = CARTESIAN_POINT('',(-220.25,-131.,174.5));
#2981 = VECTOR('',#2982,1.);
#2982 = DIRECTION('',(1.,0.,0.));
#2983 = PCURVE('',#1477,#2984);
#2984 = DEFINITIONAL_REPRESENTATION('',(#2985),#2988);
#2985 = B_SPLINE_CURVE_WITH_KNOTS('',1,(#2986,#2987),.UNSPECIFIED.,.F.,
  .F.,(2,2),(21.75,418.75),.PIECEWISE_BEZIER_KNOTS.);
#2986 = CARTESIAN_POINT('',(927.,43.5));
#2987 = CARTESIAN_POINT('',(927.,440.5));
#2988 = ( GEOMETRIC_REPRESENTATION_CONTEXT(2) 
PARAMETRIC_REPRESENTATION_CONTEXT() REPRESENTATION_CONTEXT('2D SPACE',''
  ) );
#2989 = PCURVE('',#2990,#2995);
#2990 = PLANE('',#2991);
#2991 = AXIS2_PLACEMENT_3D('',#2992,#2993,#2994);
#2992 = CARTESIAN_POINT('',(-198.5,-133.,174.5));
#2993 = DIRECTION('',(0.,0.,1.));
#2994 = DIRECTION('',(1.,0.,0.));
#2995 = DEFINITIONAL_REPRESENTATION('',(#2996),#2999);
#2996 = B_SPLINE_CURVE_WITH_KNOTS('',1,(#2997,#2998),.UNSPECIFIED.,.F.,
  .F.,(2,2),(21.75,418.75),.PIECEWISE_BEZIER_KNOTS.);
#2997 = CARTESIAN_POINT('',(0.,2.));
#2998 = CARTESIAN_POINT('',(397.,2.));
#2999 = ( GEOMETRIC_REPRESENTATION_CONTEXT(2) 
PARAMETRIC_REPRESENTATION_CONTEXT() REPRESENTATION_CONTEXT('2D SPACE',''
  ) );
#3000 = ORIENTED_EDGE('',*,*,#3001,.F.);
#3001 = EDGE_CURVE('',#2924,#2976,#3002,.T.);
#3002 = SURFACE_CURVE('',#3003,(#3007,#3013),.PCURVE_S1.);
#3003 = LINE('',#3004,#3005);
#3004 = CARTESIAN_POINT('',(198.5,-131.,-289.));
#3005 = VECTOR('',#3006,1.);
#3006 = DIRECTION('',(0.,0.,-1.));
#3007 = PCURVE('',#1477,#3008);
#3008 = DEFINITIONAL_REPRESENTATION('',(#3009),#3012);
#3009 = B_SPLINE_CURVE_WITH_KNOTS('',1,(#3010,#3011),.UNSPECIFIED.,.F.,
  .F.,(2,2),(-483.5,-463.5),.PIECEWISE_BEZIER_KNOTS.);
#3010 = CARTESIAN_POINT('',(947.,440.5));
#3011 = CARTESIAN_POINT('',(927.,440.5));
#3012 = ( GEOMETRIC_REPRESENTATION_CONTEXT(2) 
PARAMETRIC_REPRESENTATION_CONTEXT() REPRESENTATION_CONTEXT('2D SPACE',''
  ) );
#3013 = PCURVE('',#3014,#3019);
#3014 = PLANE('',#3015);
#3015 = AXIS2_PLACEMENT_3D('',#3016,#3017,#3018);
#3016 = CARTESIAN_POINT('',(198.5,-133.,174.5));
#3017 = DIRECTION('',(1.,0.,0.));
#3018 = DIRECTION('',(0.,0.,1.));
#3019 = DEFINITIONAL_REPRESENTATION('',(#3020),#3023);
#3020 = B_SPLINE_CURVE_WITH_KNOTS('',1,(#3021,#3022),.UNSPECIFIED.,.F.,
  .F.,(2,2),(-483.5,-463.5),.PIECEWISE_BEZIER_KNOTS.);
#3021 = CARTESIAN_POINT('',(20.,-2.));
#3022 = CARTESIAN_POINT('',(0.,-2.));
#3023 = ( GEOMETRIC_REPRESENTATION_CONTEXT(2) 
PARAMETRIC_REPRESENTATION_CONTEXT() REPRESENTATION_CONTEXT('2D SPACE',''
  ) );
#3024 = FACE_BOUND('',#3025,.F.);
#3025 = EDGE_LOOP('',(#3026,#3054,#3080,#3106));
#3026 = ORIENTED_EDGE('',*,*,#3027,.F.);
#3027 = EDGE_CURVE('',#3028,#3030,#3032,.T.);
#3028 = VERTEX_POINT('',#3029);
#3029 = CARTESIAN_POINT('',(-198.5,-131.,256.));
#3030 = VERTEX_POINT('',#3031);
#3031 = CARTESIAN_POINT('',(198.5,-131.,256.));
#3032 = SURFACE_CURVE('',#3033,(#3037,#3043),.PCURVE_S1.);
#3033 = LINE('',#3034,#3035);
#3034 = CARTESIAN_POINT('',(-220.25,-131.,256.));
#3035 = VECTOR('',#3036,1.);
#3036 = DIRECTION('',(1.,0.,0.));
#3037 = PCURVE('',#1477,#3038);
#3038 = DEFINITIONAL_REPRESENTATION('',(#3039),#3042);
#3039 = B_SPLINE_CURVE_WITH_KNOTS('',1,(#3040,#3041),.UNSPECIFIED.,.F.,
  .F.,(2,2),(21.75,418.75),.PIECEWISE_BEZIER_KNOTS.);
#3040 = CARTESIAN_POINT('',(1.0085E+03,43.5));
#3041 = CARTESIAN_POINT('',(1.0085E+03,440.5));
#3042 = ( GEOMETRIC_REPRESENTATION_CONTEXT(2) 
PARAMETRIC_REPRESENTATION_CONTEXT() REPRESENTATION_CONTEXT('2D SPACE',''
  ) );
#3043 = PCURVE('',#3044,#3049);
#3044 = PLANE('',#3045);
#3045 = AXIS2_PLACEMENT_3D('',#3046,#3047,#3048);
#3046 = CARTESIAN_POINT('',(-198.5,-133.,256.));
#3047 = DIRECTION('',(0.,0.,1.));
#3048 = DIRECTION('',(1.,0.,0.));
#3049 = DEFINITIONAL_REPRESENTATION('',(#3050),#3053);
#3050 = B_SPLINE_CURVE_WITH_KNOTS('',1,(#3051,#3052),.UNSPECIFIED.,.F.,
  .F.,(2,2),(21.75,418.75),.PIECEWISE_BEZIER_KNOTS.);
#3051 = CARTESIAN_POINT('',(0.,2.));
#3052 = CARTESIAN_POINT('',(397.,2.));
#3053 = ( GEOMETRIC_REPRESENTATION_CONTEXT(2) 
PARAMETRIC_REPRESENTATION_CONTEXT() REPRESENTATION_CONTEXT('2D SPACE',''
  ) );
#3054 = ORIENTED_EDGE('',*,*,#3055,.T.);
#3055 = EDGE_CURVE('',#3028,#3056,#3058,.T.);
#3056 = VERTEX_POINT('',#3057);
#3057 = CARTESIAN_POINT('',(-198.5,-131.,236.));
#3058 = SURFACE_CURVE('',#3059,(#3063,#3069),.PCURVE_S1.);
#3059 = LINE('',#3060,#3061);
#3060 = CARTESIAN_POINT('',(-198.5,-131.,-258.25));
#3061 = VECTOR('',#3062,1.);
#3062 = DIRECTION('',(0.,0.,-1.));
#3063 = PCURVE('',#1477,#3064);
#3064 = DEFINITIONAL_REPRESENTATION('',(#3065),#3068);
#3065 = B_SPLINE_CURVE_WITH_KNOTS('',1,(#3066,#3067),.UNSPECIFIED.,.F.,
  .F.,(2,2),(-514.25,-494.25),.PIECEWISE_BEZIER_KNOTS.);
#3066 = CARTESIAN_POINT('',(1.0085E+03,43.5));
#3067 = CARTESIAN_POINT('',(988.5,43.5));
#3068 = ( GEOMETRIC_REPRESENTATION_CONTEXT(2) 
PARAMETRIC_REPRESENTATION_CONTEXT() REPRESENTATION_CONTEXT('2D SPACE',''
  ) );
#3069 = PCURVE('',#3070,#3075);
#3070 = PLANE('',#3071);
#3071 = AXIS2_PLACEMENT_3D('',#3072,#3073,#3074);
#3072 = CARTESIAN_POINT('',(-198.5,-133.,236.));
#3073 = DIRECTION('',(1.,0.,0.));
#3074 = DIRECTION('',(0.,0.,1.));
#3075 = DEFINITIONAL_REPRESENTATION('',(#3076),#3079);
#3076 = B_SPLINE_CURVE_WITH_KNOTS('',1,(#3077,#3078),.UNSPECIFIED.,.F.,
  .F.,(2,2),(-514.25,-494.25),.PIECEWISE_BEZIER_KNOTS.);
#3077 = CARTESIAN_POINT('',(20.,-2.));
#3078 = CARTESIAN_POINT('',(0.,-2.));
#3079 = ( GEOMETRIC_REPRESENTATION_CONTEXT(2) 
PARAMETRIC_REPRESENTATION_CONTEXT() REPRESENTATION_CONTEXT('2D SPACE',''
  ) );
#3080 = ORIENTED_EDGE('',*,*,#3081,.T.);
#3081 = EDGE_CURVE('',#3056,#3082,#3084,.T.);
#3082 = VERTEX_POINT('',#3083);
#3083 = CARTESIAN_POINT('',(198.5,-131.,236.));
#3084 = SURFACE_CURVE('',#3085,(#3089,#3095),.PCURVE_S1.);
#3085 = LINE('',#3086,#3087);
#3086 = CARTESIAN_POINT('',(-220.25,-131.,236.));
#3087 = VECTOR('',#3088,1.);
#3088 = DIRECTION('',(1.,0.,0.));
#3089 = PCURVE('',#1477,#3090);
#3090 = DEFINITIONAL_REPRESENTATION('',(#3091),#3094);
#3091 = B_SPLINE_CURVE_WITH_KNOTS('',1,(#3092,#3093),.UNSPECIFIED.,.F.,
  .F.,(2,2),(21.75,418.75),.PIECEWISE_BEZIER_KNOTS.);
#3092 = CARTESIAN_POINT('',(988.5,43.5));
#3093 = CARTESIAN_POINT('',(988.5,440.5));
#3094 = ( GEOMETRIC_REPRESENTATION_CONTEXT(2) 
PARAMETRIC_REPRESENTATION_CONTEXT() REPRESENTATION_CONTEXT('2D SPACE',''
  ) );
#3095 = PCURVE('',#3096,#3101);
#3096 = PLANE('',#3097);
#3097 = AXIS2_PLACEMENT_3D('',#3098,#3099,#3100);
#3098 = CARTESIAN_POINT('',(-198.5,-133.,236.));
#3099 = DIRECTION('',(0.,0.,1.));
#3100 = DIRECTION('',(1.,0.,0.));
#3101 = DEFINITIONAL_REPRESENTATION('',(#3102),#3105);
#3102 = B_SPLINE_CURVE_WITH_KNOTS('',1,(#3103,#3104),.UNSPECIFIED.,.F.,
  .F.,(2,2),(21.75,418.75),.PIECEWISE_BEZIER_KNOTS.);
#3103 = CARTESIAN_POINT('',(0.,2.));
#3104 = CARTESIAN_POINT('',(397.,2.));
#3105 = ( GEOMETRIC_REPRESENTATION_CONTEXT(2) 
PARAMETRIC_REPRESENTATION_CONTEXT() REPRESENTATION_CONTEXT('2D SPACE',''
  ) );
#3106 = ORIENTED_EDGE('',*,*,#3107,.F.);
#3107 = EDGE_CURVE('',#3030,#3082,#3108,.T.);
#3108 = SURFACE_CURVE('',#3109,(#3113,#3119),.PCURVE_S1.);
#3109 = LINE('',#3110,#3111);
#3110 = CARTESIAN_POINT('',(198.5,-131.,-258.25));
#3111 = VECTOR('',#3112,1.);
#3112 = DIRECTION('',(0.,0.,-1.));
#3113 = PCURVE('',#1477,#3114);
#3114 = DEFINITIONAL_REPRESENTATION('',(#3115),#3118);
#3115 = B_SPLINE_CURVE_WITH_KNOTS('',1,(#3116,#3117),.UNSPECIFIED.,.F.,
  .F.,(2,2),(-514.25,-494.25),.PIECEWISE_BEZIER_KNOTS.);
#3116 = CARTESIAN_POINT('',(1.0085E+03,440.5));
#3117 = CARTESIAN_POINT('',(988.5,440.5));
#3118 = ( GEOMETRIC_REPRESENTATION_CONTEXT(2) 
PARAMETRIC_REPRESENTATION_CONTEXT() REPRESENTATION_CONTEXT('2D SPACE',''
  ) );
#3119 = PCURVE('',#3120,#3125);
#3120 = PLANE('',#3121);
#3121 = AXIS2_PLACEMENT_3D('',#3122,#3123,#3124);
#3122 = CARTESIAN_POINT('',(198.5,-133.,236.));
#3123 = DIRECTION('',(1.,0.,0.));
#3124 = DIRECTION('',(0.,0.,1.));
#3125 = DEFINITIONAL_REPRESENTATION('',(#3126),#3129);
#3126 = B_SPLINE_CURVE_WITH_KNOTS('',1,(#3127,#3128),.UNSPECIFIED.,.F.,
  .F.,(2,2),(-514.25,-494.25),.PIECEWISE_BEZIER_KNOTS.);
#3127 = CARTESIAN_POINT('',(20.,-2.));
#3128 = CARTESIAN_POINT('',(0.,-2.));
#3129 = ( GEOMETRIC_REPRESENTATION_CONTEXT(2) 
PARAMETRIC_REPRESENTATION_CONTEXT() REPRESENTATION_CONTEXT('2D SPACE',''
  ) );
#3130 = FACE_BOUND('',#3131,.F.);
#3131 = EDGE_LOOP('',(#3132,#3160,#3186,#3212));
#3132 = ORIENTED_EDGE('',*,*,#3133,.F.);
#3133 = EDGE_CURVE('',#3134,#3136,#3138,.T.);
#3134 = VERTEX_POINT('',#3135);
#3135 = CARTESIAN_POINT('',(-198.5,-131.,317.5));
#3136 = VERTEX_POINT('',#3137);
#3137 = CARTESIAN_POINT('',(198.5,-131.,317.5));
#3138 = SURFACE_CURVE('',#3139,(#3143,#3149),.PCURVE_S1.);
#3139 = LINE('',#3140,#3141);
#3140 = CARTESIAN_POINT('',(-220.25,-131.,317.5));
#3141 = VECTOR('',#3142,1.);
#3142 = DIRECTION('',(1.,0.,0.));
#3143 = PCURVE('',#1477,#3144);
#3144 = DEFINITIONAL_REPRESENTATION('',(#3145),#3148);
#3145 = B_SPLINE_CURVE_WITH_KNOTS('',1,(#3146,#3147),.UNSPECIFIED.,.F.,
  .F.,(2,2),(21.75,418.75),.PIECEWISE_BEZIER_KNOTS.);
#3146 = CARTESIAN_POINT('',(1.07E+03,43.5));
#3147 = CARTESIAN_POINT('',(1.07E+03,440.5));
#3148 = ( GEOMETRIC_REPRESENTATION_CONTEXT(2) 
PARAMETRIC_REPRESENTATION_CONTEXT() REPRESENTATION_CONTEXT('2D SPACE',''
  ) );
#3149 = PCURVE('',#3150,#3155);
#3150 = PLANE('',#3151);
#3151 = AXIS2_PLACEMENT_3D('',#3152,#3153,#3154);
#3152 = CARTESIAN_POINT('',(-198.5,-133.,317.5));
#3153 = DIRECTION('',(0.,0.,1.));
#3154 = DIRECTION('',(1.,0.,0.));
#3155 = DEFINITIONAL_REPRESENTATION('',(#3156),#3159);
#3156 = B_SPLINE_CURVE_WITH_KNOTS('',1,(#3157,#3158),.UNSPECIFIED.,.F.,
  .F.,(2,2),(21.75,418.75),.PIECEWISE_BEZIER_KNOTS.);
#3157 = CARTESIAN_POINT('',(0.,2.));
#3158 = CARTESIAN_POINT('',(397.,2.));
#3159 = ( GEOMETRIC_REPRESENTATION_CONTEXT(2) 
PARAMETRIC_REPRESENTATION_CONTEXT() REPRESENTATION_CONTEXT('2D SPACE',''
  ) );
#3160 = ORIENTED_EDGE('',*,*,#3161,.T.);
#3161 = EDGE_CURVE('',#3134,#3162,#3164,.T.);
#3162 = VERTEX_POINT('',#3163);
#3163 = CARTESIAN_POINT('',(-198.5,-131.,297.5));
#3164 = SURFACE_CURVE('',#3165,(#3169,#3175),.PCURVE_S1.);
#3165 = LINE('',#3166,#3167);
#3166 = CARTESIAN_POINT('',(-198.5,-131.,-227.5));
#3167 = VECTOR('',#3168,1.);
#3168 = DIRECTION('',(0.,0.,-1.));
#3169 = PCURVE('',#1477,#3170);
#3170 = DEFINITIONAL_REPRESENTATION('',(#3171),#3174);
#3171 = B_SPLINE_CURVE_WITH_KNOTS('',1,(#3172,#3173),.UNSPECIFIED.,.F.,
  .F.,(2,2),(-545.,-525.),.PIECEWISE_BEZIER_KNOTS.);
#3172 = CARTESIAN_POINT('',(1.07E+03,43.5));
#3173 = CARTESIAN_POINT('',(1.05E+03,43.5));
#3174 = ( GEOMETRIC_REPRESENTATION_CONTEXT(2) 
PARAMETRIC_REPRESENTATION_CONTEXT() REPRESENTATION_CONTEXT('2D SPACE',''
  ) );
#3175 = PCURVE('',#3176,#3181);
#3176 = PLANE('',#3177);
#3177 = AXIS2_PLACEMENT_3D('',#3178,#3179,#3180);
#3178 = CARTESIAN_POINT('',(-198.5,-133.,297.5));
#3179 = DIRECTION('',(1.,0.,0.));
#3180 = DIRECTION('',(0.,0.,1.));
#3181 = DEFINITIONAL_REPRESENTATION('',(#3182),#3185);
#3182 = B_SPLINE_CURVE_WITH_KNOTS('',1,(#3183,#3184),.UNSPECIFIED.,.F.,
  .F.,(2,2),(-545.,-525.),.PIECEWISE_BEZIER_KNOTS.);
#3183 = CARTESIAN_POINT('',(20.,-2.));
#3184 = CARTESIAN_POINT('',(0.,-2.));
#3185 = ( GEOMETRIC_REPRESENTATION_CONTEXT(2) 
PARAMETRIC_REPRESENTATION_CONTEXT() REPRESENTATION_CONTEXT('2D SPACE',''
  ) );
#3186 = ORIENTED_EDGE('',*,*,#3187,.T.);
#3187 = EDGE_CURVE('',#3162,#3188,#3190,.T.);
#3188 = VERTEX_POINT('',#3189);
#3189 = CARTESIAN_POINT('',(198.5,-131.,297.5));
#3190 = SURFACE_CURVE('',#3191,(#3195,#3201),.PCURVE_S1.);
#3191 = LINE('',#3192,#3193);
#3192 = CARTESIAN_POINT('',(-220.25,-131.,297.5));
#3193 = VECTOR('',#3194,1.);
#3194 = DIRECTION('',(1.,0.,0.));
#3195 = PCURVE('',#1477,#3196);
#3196 = DEFINITIONAL_REPRESENTATION('',(#3197),#3200);
#3197 = B_SPLINE_CURVE_WITH_KNOTS('',1,(#3198,#3199),.UNSPECIFIED.,.F.,
  .F.,(2,2),(21.75,418.75),.PIECEWISE_BEZIER_KNOTS.);
#3198 = CARTESIAN_POINT('',(1.05E+03,43.5));
#3199 = CARTESIAN_POINT('',(1.05E+03,440.5));
#3200 = ( GEOMETRIC_REPRESENTATION_CONTEXT(2) 
PARAMETRIC_REPRESENTATION_CONTEXT() REPRESENTATION_CONTEXT('2D SPACE',''
  ) );
#3201 = PCURVE('',#3202,#3207);
#3202 = PLANE('',#3203);
#3203 = AXIS2_PLACEMENT_3D('',#3204,#3205,#3206);
#3204 = CARTESIAN_POINT('',(-198.5,-133.,297.5));
#3205 = DIRECTION('',(0.,0.,1.));
#3206 = DIRECTION('',(1.,0.,0.));
#3207 = DEFINITIONAL_REPRESENTATION('',(#3208),#3211);
#3208 = B_SPLINE_CURVE_WITH_KNOTS('',1,(#3209,#3210),.UNSPECIFIED.,.F.,
  .F.,(2,2),(21.75,418.75),.PIECEWISE_BEZIER_KNOTS.);
#3209 = CARTESIAN_POINT('',(0.,2.));
#3210 = CARTESIAN_POINT('',(397.,2.));
#3211 = ( GEOMETRIC_REPRESENTATION_CONTEXT(2) 
PARAMETRIC_REPRESENTATION_CONTEXT() REPRESENTATION_CONTEXT('2D SPACE',''
  ) );
#3212 = ORIENTED_EDGE('',*,*,#3213,.F.);
#3213 = EDGE_CURVE('',#3136,#3188,#3214,.T.);
#3214 = SURFACE_CURVE('',#3215,(#3219,#3225),.PCURVE_S1.);
#3215 = LINE('',#3216,#3217);
#3216 = CARTESIAN_POINT('',(198.5,-131.,-227.5));
#3217 = VECTOR('',#3218,1.);
#3218 = DIRECTION('',(0.,0.,-1.));
#3219 = PCURVE('',#1477,#3220);
#3220 = DEFINITIONAL_REPRESENTATION('',(#3221),#3224);
#3221 = B_SPLINE_CURVE_WITH_KNOTS('',1,(#3222,#3223),.UNSPECIFIED.,.F.,
  .F.,(2,2),(-545.,-525.),.PIECEWISE_BEZIER_KNOTS.);
#3222 = CARTESIAN_POINT('',(1.07E+03,440.5));
#3223 = CARTESIAN_POINT('',(1.05E+03,440.5));
#3224 = ( GEOMETRIC_REPRESENTATION_CONTEXT(2) 
PARAMETRIC_REPRESENTATION_CONTEXT() REPRESENTATION_CONTEXT('2D SPACE',''
  ) );
#3225 = PCURVE('',#3226,#3231);
#3226 = PLANE('',#3227);
#3227 = AXIS2_PLACEMENT_3D('',#3228,#3229,#3230);
#3228 = CARTESIAN_POINT('',(198.5,-133.,297.5));
#3229 = DIRECTION('',(1.,0.,0.));
#3230 = DIRECTION('',(0.,0.,1.));
#3231 = DEFINITIONAL_REPRESENTATION('',(#3232),#3235);
#3232 = B_SPLINE_CURVE_WITH_KNOTS('',1,(#3233,#3234),.UNSPECIFIED.,.F.,
  .F.,(2,2),(-545.,-525.),.PIECEWISE_BEZIER_KNOTS.);
#3233 = CARTESIAN_POINT('',(20.,-2.));
#3234 = CARTESIAN_POINT('',(0.,-2.));
#3235 = ( GEOMETRIC_REPRESENTATION_CONTEXT(2) 
PARAMETRIC_REPRESENTATION_CONTEXT() REPRESENTATION_CONTEXT('2D SPACE',''
  ) );
#3236 = FACE_BOUND('',#3237,.F.);
#3237 = EDGE_LOOP('',(#3238,#3266,#3292,#3318));
#3238 = ORIENTED_EDGE('',*,*,#3239,.F.);
#3239 = EDGE_CURVE('',#3240,#3242,#3244,.T.);
#3240 = VERTEX_POINT('',#3241);
#3241 = CARTESIAN_POINT('',(-198.5,-131.,379.));
#3242 = VERTEX_POINT('',#3243);
#3243 = CARTESIAN_POINT('',(198.5,-131.,379.));
#3244 = SURFACE_CURVE('',#3245,(#3249,#3255),.PCURVE_S1.);
#3245 = LINE('',#3246,#3247);
#3246 = CARTESIAN_POINT('',(-220.25,-131.,379.));
#3247 = VECTOR('',#3248,1.);
#3248 = DIRECTION('',(1.,0.,0.));
#3249 = PCURVE('',#1477,#3250);
#3250 = DEFINITIONAL_REPRESENTATION('',(#3251),#3254);
#3251 = B_SPLINE_CURVE_WITH_KNOTS('',1,(#3252,#3253),.UNSPECIFIED.,.F.,
  .F.,(2,2),(21.75,418.75),.PIECEWISE_BEZIER_KNOTS.);
#3252 = CARTESIAN_POINT('',(1.1315E+03,43.5));
#3253 = CARTESIAN_POINT('',(1.1315E+03,440.5));
#3254 = ( GEOMETRIC_REPRESENTATION_CONTEXT(2) 
PARAMETRIC_REPRESENTATION_CONTEXT() REPRESENTATION_CONTEXT('2D SPACE',''
  ) );
#3255 = PCURVE('',#3256,#3261);
#3256 = PLANE('',#3257);
#3257 = AXIS2_PLACEMENT_3D('',#3258,#3259,#3260);
#3258 = CARTESIAN_POINT('',(-198.5,-133.,379.));
#3259 = DIRECTION('',(0.,0.,1.));
#3260 = DIRECTION('',(1.,0.,0.));
#3261 = DEFINITIONAL_REPRESENTATION('',(#3262),#3265);
#3262 = B_SPLINE_CURVE_WITH_KNOTS('',1,(#3263,#3264),.UNSPECIFIED.,.F.,
  .F.,(2,2),(21.75,418.75),.PIECEWISE_BEZIER_KNOTS.);
#3263 = CARTESIAN_POINT('',(0.,2.));
#3264 = CARTESIAN_POINT('',(397.,2.));
#3265 = ( GEOMETRIC_REPRESENTATION_CONTEXT(2) 
PARAMETRIC_REPRESENTATION_CONTEXT() REPRESENTATION_CONTEXT('2D SPACE',''
  ) );
#3266 = ORIENTED_EDGE('',*,*,#3267,.T.);
#3267 = EDGE_CURVE('',#3240,#3268,#3270,.T.);
#3268 = VERTEX_POINT('',#3269);
#3269 = CARTESIAN_POINT('',(-198.5,-131.,359.));
#3270 = SURFACE_CURVE('',#3271,(#3275,#3281),.PCURVE_S1.);
#3271 = LINE('',#3272,#3273);
#3272 = CARTESIAN_POINT('',(-198.5,-131.,-196.75));
#3273 = VECTOR('',#3274,1.);
#3274 = DIRECTION('',(0.,0.,-1.));
#3275 = PCURVE('',#1477,#3276);
#3276 = DEFINITIONAL_REPRESENTATION('',(#3277),#3280);
#3277 = B_SPLINE_CURVE_WITH_KNOTS('',1,(#3278,#3279),.UNSPECIFIED.,.F.,
  .F.,(2,2),(-575.75,-555.75),.PIECEWISE_BEZIER_KNOTS.);
#3278 = CARTESIAN_POINT('',(1.1315E+03,43.5));
#3279 = CARTESIAN_POINT('',(1.1115E+03,43.5));
#3280 = ( GEOMETRIC_REPRESENTATION_CONTEXT(2) 
PARAMETRIC_REPRESENTATION_CONTEXT() REPRESENTATION_CONTEXT('2D SPACE',''
  ) );
#3281 = PCURVE('',#3282,#3287);
#3282 = PLANE('',#3283);
#3283 = AXIS2_PLACEMENT_3D('',#3284,#3285,#3286);
#3284 = CARTESIAN_POINT('',(-198.5,-133.,359.));
#3285 = DIRECTION('',(1.,0.,0.));
#3286 = DIRECTION('',(0.,0.,1.));
#3287 = DEFINITIONAL_REPRESENTATION('',(#3288),#3291);
#3288 = B_SPLINE_CURVE_WITH_KNOTS('',1,(#3289,#3290),.UNSPECIFIED.,.F.,
  .F.,(2,2),(-575.75,-555.75),.PIECEWISE_BEZIER_KNOTS.);
#3289 = CARTESIAN_POINT('',(20.,-2.));
#3290 = CARTESIAN_POINT('',(0.,-2.));
#3291 = ( GEOMETRIC_REPRESENTATION_CONTEXT(2) 
PARAMETRIC_REPRESENTATION_CONTEXT() REPRESENTATION_CONTEXT('2D SPACE',''
  ) );
#3292 = ORIENTED_EDGE('',*,*,#3293,.T.);
#3293 = EDGE_CURVE('',#3268,#3294,#3296,.T.);
#3294 = VERTEX_POINT('',#3295);
#3295 = CARTESIAN_POINT('',(198.5,-131.,359.));
#3296 = SURFACE_CURVE('',#3297,(#3301,#3307),.PCURVE_S1.);
#3297 = LINE('',#3298,#3299);
#3298 = CARTESIAN_POINT('',(-220.25,-131.,359.));
#3299 = VECTOR('',#3300,1.);
#3300 = DIRECTION('',(1.,0.,0.));
#3301 = PCURVE('',#1477,#3302);
#3302 = DEFINITIONAL_REPRESENTATION('',(#3303),#3306);
#3303 = B_SPLINE_CURVE_WITH_KNOTS('',1,(#3304,#3305),.UNSPECIFIED.,.F.,
  .F.,(2,2),(21.75,418.75),.PIECEWISE_BEZIER_KNOTS.);
#3304 = CARTESIAN_POINT('',(1.1115E+03,43.5));
#3305 = CARTESIAN_POINT('',(1.1115E+03,440.5));
#3306 = ( GEOMETRIC_REPRESENTATION_CONTEXT(2) 
PARAMETRIC_REPRESENTATION_CONTEXT() REPRESENTATION_CONTEXT('2D SPACE',''
  ) );
#3307 = PCURVE('',#3308,#3313);
#3308 = PLANE('',#3309);
#3309 = AXIS2_PLACEMENT_3D('',#3310,#3311,#3312);
#3310 = CARTESIAN_POINT('',(-198.5,-133.,359.));
#3311 = DIRECTION('',(0.,0.,1.));
#3312 = DIRECTION('',(1.,0.,0.));
#3313 = DEFINITIONAL_REPRESENTATION('',(#3314),#3317);
#3314 = B_SPLINE_CURVE_WITH_KNOTS('',1,(#3315,#3316),.UNSPECIFIED.,.F.,
  .F.,(2,2),(21.75,418.75),.PIECEWISE_BEZIER_KNOTS.);
#3315 = CARTESIAN_POINT('',(0.,2.));
#3316 = CARTESIAN_POINT('',(397.,2.));
#3317 = ( GEOMETRIC_REPRESENTATION_CONTEXT(2) 
PARAMETRIC_REPRESENTATION_CONTEXT() REPRESENTATION_CONTEXT('2D SPACE',''
  ) );
#3318 = ORIENTED_EDGE('',*,*,#3319,.F.);
#3319 = EDGE_CURVE('',#3242,#3294,#3320,.T.);
#3320 = SURFACE_CURVE('',#3321,(#3325,#3331),.PCURVE_S1.);
#3321 = LINE('',#3322,#3323);
#3322 = CARTESIAN_POINT('',(198.5,-131.,-196.75));
#3323 = VECTOR('',#3324,1.);
#3324 = DIRECTION('',(0.,0.,-1.));
#3325 = PCURVE('',#1477,#3326);
#3326 = DEFINITIONAL_REPRESENTATION('',(#3327),#3330);
#3327 = B_SPLINE_CURVE_WITH_KNOTS('',1,(#3328,#3329),.UNSPECIFIED.,.F.,
  .F.,(2,2),(-575.75,-555.75),.PIECEWISE_BEZIER_KNOTS.);
#3328 = CARTESIAN_POINT('',(1.1315E+03,440.5));
#3329 = CARTESIAN_POINT('',(1.1115E+03,440.5));
#3330 = ( GEOMETRIC_REPRESENTATION_CONTEXT(2) 
PARAMETRIC_REPRESENTATION_CONTEXT() REPRESENTATION_CONTEXT('2D SPACE',''
  ) );
#3331 = PCURVE('',#3332,#3337);
#3332 = PLANE('',#3333);
#3333 = AXIS2_PLACEMENT_3D('',#3334,#3335,#3336);
#3334 = CARTESIAN_POINT('',(198.5,-133.,359.));
#3335 = DIRECTION('',(1.,0.,0.));
#3336 = DIRECTION('',(0.,0.,1.));
#3337 = DEFINITIONAL_REPRESENTATION('',(#3338),#3341);
#3338 = B_SPLINE_CURVE_WITH_KNOTS('',1,(#3339,#3340),.UNSPECIFIED.,.F.,
  .F.,(2,2),(-575.75,-555.75),.PIECEWISE_BEZIER_KNOTS.);
#3339 = CARTESIAN_POINT('',(20.,-2.));
#3340 = CARTESIAN_POINT('',(0.,-2.));
#3341 = ( GEOMETRIC_REPRESENTATION_CONTEXT(2) 
PARAMETRIC_REPRESENTATION_CONTEXT() REPRESENTATION_CONTEXT('2D SPACE',''
  ) );
#3342 = FACE_BOUND('',#3343,.F.);
#3343 = EDGE_LOOP('',(#3344,#3372,#3398,#3424));
#3344 = ORIENTED_EDGE('',*,*,#3345,.F.);
#3345 = EDGE_CURVE('',#3346,#3348,#3350,.T.);
#3346 = VERTEX_POINT('',#3347);
#3347 = CARTESIAN_POINT('',(-198.5,-131.,440.5));
#3348 = VERTEX_POINT('',#3349);
#3349 = CARTESIAN_POINT('',(198.5,-131.,440.5));
#3350 = SURFACE_CURVE('',#3351,(#3355,#3361),.PCURVE_S1.);
#3351 = LINE('',#3352,#3353);
#3352 = CARTESIAN_POINT('',(-220.25,-131.,440.5));
#3353 = VECTOR('',#3354,1.);
#3354 = DIRECTION('',(1.,0.,0.));
#3355 = PCURVE('',#1477,#3356);
#3356 = DEFINITIONAL_REPRESENTATION('',(#3357),#3360);
#3357 = B_SPLINE_CURVE_WITH_KNOTS('',1,(#3358,#3359),.UNSPECIFIED.,.F.,
  .F.,(2,2),(21.75,418.75),.PIECEWISE_BEZIER_KNOTS.);
#3358 = CARTESIAN_POINT('',(1.193E+03,43.5));
#3359 = CARTESIAN_POINT('',(1.193E+03,440.5));
#3360 = ( GEOMETRIC_REPRESENTATION_CONTEXT(2) 
PARAMETRIC_REPRESENTATION_CONTEXT() REPRESENTATION_CONTEXT('2D SPACE',''
  ) );
#3361 = PCURVE('',#3362,#3367);
#3362 = PLANE('',#3363);
#3363 = AXIS2_PLACEMENT_3D('',#3364,#3365,#3366);
#3364 = CARTESIAN_POINT('',(-198.5,-133.,440.5));
#3365 = DIRECTION('',(0.,0.,1.));
#3366 = DIRECTION('',(1.,0.,0.));
#3367 = DEFINITIONAL_REPRESENTATION('',(#3368),#3371);
#3368 = B_SPLINE_CURVE_WITH_KNOTS('',1,(#3369,#3370),.UNSPECIFIED.,.F.,
  .F.,(2,2),(21.75,418.75),.PIECEWISE_BEZIER_KNOTS.);
#3369 = CARTESIAN_POINT('',(0.,2.));
#3370 = CARTESIAN_POINT('',(397.,2.));
#3371 = ( GEOMETRIC_REPRESENTATION_CONTEXT(2) 
PARAMETRIC_REPRESENTATION_CONTEXT() REPRESENTATION_CONTEXT('2D SPACE',''
  ) );
#3372 = ORIENTED_EDGE('',*,*,#3373,.T.);
#3373 = EDGE_CURVE('',#3346,#3374,#3376,.T.);
#3374 = VERTEX_POINT('',#3375);
#3375 = CARTESIAN_POINT('',(-198.5,-131.,420.5));
#3376 = SURFACE_CURVE('',#3377,(#3381,#3387),.PCURVE_S1.);
#3377 = LINE('',#3378,#3379);
#3378 = CARTESIAN_POINT('',(-198.5,-131.,-166.));
#3379 = VECTOR('',#3380,1.);
#3380 = DIRECTION('',(0.,0.,-1.));
#3381 = PCURVE('',#1477,#3382);
#3382 = DEFINITIONAL_REPRESENTATION('',(#3383),#3386);
#3383 = B_SPLINE_CURVE_WITH_KNOTS('',1,(#3384,#3385),.UNSPECIFIED.,.F.,
  .F.,(2,2),(-606.5,-586.5),.PIECEWISE_BEZIER_KNOTS.);
#3384 = CARTESIAN_POINT('',(1.193E+03,43.5));
#3385 = CARTESIAN_POINT('',(1.173E+03,43.5));
#3386 = ( GEOMETRIC_REPRESENTATION_CONTEXT(2) 
PARAMETRIC_REPRESENTATION_CONTEXT() REPRESENTATION_CONTEXT('2D SPACE',''
  ) );
#3387 = PCURVE('',#3388,#3393);
#3388 = PLANE('',#3389);
#3389 = AXIS2_PLACEMENT_3D('',#3390,#3391,#3392);
#3390 = CARTESIAN_POINT('',(-198.5,-133.,420.5));
#3391 = DIRECTION('',(1.,0.,0.));
#3392 = DIRECTION('',(0.,0.,1.));
#3393 = DEFINITIONAL_REPRESENTATION('',(#3394),#3397);
#3394 = B_SPLINE_CURVE_WITH_KNOTS('',1,(#3395,#3396),.UNSPECIFIED.,.F.,
  .F.,(2,2),(-606.5,-586.5),.PIECEWISE_BEZIER_KNOTS.);
#3395 = CARTESIAN_POINT('',(20.,-2.));
#3396 = CARTESIAN_POINT('',(0.,-2.));
#3397 = ( GEOMETRIC_REPRESENTATION_CONTEXT(2) 
PARAMETRIC_REPRESENTATION_CONTEXT() REPRESENTATION_CONTEXT('2D SPACE',''
  ) );
#3398 = ORIENTED_EDGE('',*,*,#3399,.T.);
#3399 = EDGE_CURVE('',#3374,#3400,#3402,.T.);
#3400 = VERTEX_POINT('',#3401);
#3401 = CARTESIAN_POINT('',(198.5,-131.,420.5));
#3402 = SURFACE_CURVE('',#3403,(#3407,#3413),.PCURVE_S1.);
#3403 = LINE('',#3404,#3405);
#3404 = CARTESIAN_POINT('',(-220.25,-131.,420.5));
#3405 = VECTOR('',#3406,1.);
#3406 = DIRECTION('',(1.,0.,0.));
#3407 = PCURVE('',#1477,#3408);
#3408 = DEFINITIONAL_REPRESENTATION('',(#3409),#3412);
#3409 = B_SPLINE_CURVE_WITH_KNOTS('',1,(#3410,#3411),.UNSPECIFIED.,.F.,
  .F.,(2,2),(21.75,418.75),.PIECEWISE_BEZIER_KNOTS.);
#3410 = CARTESIAN_POINT('',(1.173E+03,43.5));
#3411 = CARTESIAN_POINT('',(1.173E+03,440.5));
#3412 = ( GEOMETRIC_REPRESENTATION_CONTEXT(2) 
PARAMETRIC_REPRESENTATION_CONTEXT() REPRESENTATION_CONTEXT('2D SPACE',''
  ) );
#3413 = PCURVE('',#3414,#3419);
#3414 = PLANE('',#3415);
#3415 = AXIS2_PLACEMENT_3D('',#3416,#3417,#3418);
#3416 = CARTESIAN_POINT('',(-198.5,-133.,420.5));
#3417 = DIRECTION('',(0.,0.,1.));
#3418 = DIRECTION('',(1.,0.,0.));
#3419 = DEFINITIONAL_REPRESENTATION('',(#3420),#3423);
#3420 = B_SPLINE_CURVE_WITH_KNOTS('',1,(#3421,#3422),.UNSPECIFIED.,.F.,
  .F.,(2,2),(21.75,418.75),.PIECEWISE_BEZIER_KNOTS.);
#3421 = CARTESIAN_POINT('',(0.,2.));
#3422 = CARTESIAN_POINT('',(397.,2.));
#3423 = ( GEOMETRIC_REPRESENTATION_CONTEXT(2) 
PARAMETRIC_REPRESENTATION_CONTEXT() REPRESENTATION_CONTEXT('2D SPACE',''
  ) );
#3424 = ORIENTED_EDGE('',*,*,#3425,.F.);
#3425 = EDGE_CURVE('',#3348,#3400,#3426,.T.);
#3426 = SURFACE_CURVE('',#3427,(#3431,#3437),.PCURVE_S1.);
#3427 = LINE('',#3428,#3429);
#3428 = CARTESIAN_POINT('',(198.5,-131.,-166.));
#3429 = VECTOR('',#3430,1.);
#3430 = DIRECTION('',(0.,0.,-1.));
#3431 = PCURVE('',#1477,#3432);
#3432 = DEFINITIONAL_REPRESENTATION('',(#3433),#3436);
#3433 = B_SPLINE_CURVE_WITH_KNOTS('',1,(#3434,#3435),.UNSPECIFIED.,.F.,
  .F.,(2,2),(-606.5,-586.5),.PIECEWISE_BEZIER_KNOTS.);
#3434 = CARTESIAN_POINT('',(1.193E+03,440.5));
#3435 = CARTESIAN_POINT('',(1.173E+03,440.5));
#3436 = ( GEOMETRIC_REPRESENTATION_CONTEXT(2) 
PARAMETRIC_REPRESENTATION_CONTEXT() REPRESENTATION_CONTEXT('2D SPACE',''
  ) );
#3437 = PCURVE('',#3438,#3443);
#3438 = PLANE('',#3439);
#3439 = AXIS2_PLACEMENT_3D('',#3440,#3441,#3442);
#3440 = CARTESIAN_POINT('',(198.5,-133.,420.5));
#3441 = DIRECTION('',(1.,0.,0.));
#3442 = DIRECTION('',(0.,0.,1.));
#3443 = DEFINITIONAL_REPRESENTATION('',(#3444),#3447);
#3444 = B_SPLINE_CURVE_WITH_KNOTS('',1,(#3445,#3446),.UNSPECIFIED.,.F.,
  .F.,(2,2),(-606.5,-586.5),.PIECEWISE_BEZIER_KNOTS.);
#3445 = CARTESIAN_POINT('',(20.,-2.));
#3446 = CARTESIAN_POINT('',(0.,-2.));
#3447 = ( GEOMETRIC_REPRESENTATION_CONTEXT(2) 
PARAMETRIC_REPRESENTATION_CONTEXT() REPRESENTATION_CONTEXT('2D SPACE',''
  ) );
#3448 = FACE_BOUND('',#3449,.F.);
#3449 = EDGE_LOOP('',(#3450,#3478,#3504,#3530));
#3450 = ORIENTED_EDGE('',*,*,#3451,.F.);
#3451 = EDGE_CURVE('',#3452,#3454,#3456,.T.);
#3452 = VERTEX_POINT('',#3453);
#3453 = CARTESIAN_POINT('',(-198.5,-131.,502.));
#3454 = VERTEX_POINT('',#3455);
#3455 = CARTESIAN_POINT('',(198.5,-131.,502.));
#3456 = SURFACE_CURVE('',#3457,(#3461,#3467),.PCURVE_S1.);
#3457 = LINE('',#3458,#3459);
#3458 = CARTESIAN_POINT('',(-220.25,-131.,502.));
#3459 = VECTOR('',#3460,1.);
#3460 = DIRECTION('',(1.,0.,0.));
#3461 = PCURVE('',#1477,#3462);
#3462 = DEFINITIONAL_REPRESENTATION('',(#3463),#3466);
#3463 = B_SPLINE_CURVE_WITH_KNOTS('',1,(#3464,#3465),.UNSPECIFIED.,.F.,
  .F.,(2,2),(21.75,418.75),.PIECEWISE_BEZIER_KNOTS.);
#3464 = CARTESIAN_POINT('',(1.2545E+03,43.5));
#3465 = CARTESIAN_POINT('',(1.2545E+03,440.5));
#3466 = ( GEOMETRIC_REPRESENTATION_CONTEXT(2) 
PARAMETRIC_REPRESENTATION_CONTEXT() REPRESENTATION_CONTEXT('2D SPACE',''
  ) );
#3467 = PCURVE('',#3468,#3473);
#3468 = PLANE('',#3469);
#3469 = AXIS2_PLACEMENT_3D('',#3470,#3471,#3472);
#3470 = CARTESIAN_POINT('',(-198.5,-133.,502.));
#3471 = DIRECTION('',(0.,0.,1.));
#3472 = DIRECTION('',(1.,0.,0.));
#3473 = DEFINITIONAL_REPRESENTATION('',(#3474),#3477);
#3474 = B_SPLINE_CURVE_WITH_KNOTS('',1,(#3475,#3476),.UNSPECIFIED.,.F.,
  .F.,(2,2),(21.75,418.75),.PIECEWISE_BEZIER_KNOTS.);
#3475 = CARTESIAN_POINT('',(0.,2.));
#3476 = CARTESIAN_POINT('',(397.,2.));
#3477 = ( GEOMETRIC_REPRESENTATION_CONTEXT(2) 
PARAMETRIC_REPRESENTATION_CONTEXT() REPRESENTATION_CONTEXT('2D SPACE',''
  ) );
#3478 = ORIENTED_EDGE('',*,*,#3479,.T.);
#3479 = EDGE_CURVE('',#3452,#3480,#3482,.T.);
#3480 = VERTEX_POINT('',#3481);
#3481 = CARTESIAN_POINT('',(-198.5,-131.,482.));
#3482 = SURFACE_CURVE('',#3483,(#3487,#3493),.PCURVE_S1.);
#3483 = LINE('',#3484,#3485);
#3484 = CARTESIAN_POINT('',(-198.5,-131.,-135.25));
#3485 = VECTOR('',#3486,1.);
#3486 = DIRECTION('',(0.,0.,-1.));
#3487 = PCURVE('',#1477,#3488);
#3488 = DEFINITIONAL_REPRESENTATION('',(#3489),#3492);
#3489 = B_SPLINE_CURVE_WITH_KNOTS('',1,(#3490,#3491),.UNSPECIFIED.,.F.,
  .F.,(2,2),(-637.25,-617.25),.PIECEWISE_BEZIER_KNOTS.);
#3490 = CARTESIAN_POINT('',(1.2545E+03,43.5));
#3491 = CARTESIAN_POINT('',(1.2345E+03,43.5));
#3492 = ( GEOMETRIC_REPRESENTATION_CONTEXT(2) 
PARAMETRIC_REPRESENTATION_CONTEXT() REPRESENTATION_CONTEXT('2D SPACE',''
  ) );
#3493 = PCURVE('',#3494,#3499);
#3494 = PLANE('',#3495);
#3495 = AXIS2_PLACEMENT_3D('',#3496,#3497,#3498);
#3496 = CARTESIAN_POINT('',(-198.5,-133.,482.));
#3497 = DIRECTION('',(1.,0.,0.));
#3498 = DIRECTION('',(0.,0.,1.));
#3499 = DEFINITIONAL_REPRESENTATION('',(#3500),#3503);
#3500 = B_SPLINE_CURVE_WITH_KNOTS('',1,(#3501,#3502),.UNSPECIFIED.,.F.,
  .F.,(2,2),(-637.25,-617.25),.PIECEWISE_BEZIER_KNOTS.);
#3501 = CARTESIAN_POINT('',(20.,-2.));
#3502 = CARTESIAN_POINT('',(0.,-2.));
#3503 = ( GEOMETRIC_REPRESENTATION_CONTEXT(2) 
PARAMETRIC_REPRESENTATION_CONTEXT() REPRESENTATION_CONTEXT('2D SPACE',''
  ) );
#3504 = ORIENTED_EDGE('',*,*,#3505,.T.);
#3505 = EDGE_CURVE('',#3480,#3506,#3508,.T.);
#3506 = VERTEX_POINT('',#3507);
#3507 = CARTESIAN_POINT('',(198.5,-131.,482.));
#3508 = SURFACE_CURVE('',#3509,(#3513,#3519),.PCURVE_S1.);
#3509 = LINE('',#3510,#3511);
#3510 = CARTESIAN_POINT('',(-220.25,-131.,482.));
#3511 = VECTOR('',#3512,1.);
#3512 = DIRECTION('',(1.,0.,0.));
#3513 = PCURVE('',#1477,#3514);
#3514 = DEFINITIONAL_REPRESENTATION('',(#3515),#3518);
#3515 = B_SPLINE_CURVE_WITH_KNOTS('',1,(#3516,#3517),.UNSPECIFIED.,.F.,
  .F.,(2,2),(21.75,418.75),.PIECEWISE_BEZIER_KNOTS.);
#3516 = CARTESIAN_POINT('',(1.2345E+03,43.5));
#3517 = CARTESIAN_POINT('',(1.2345E+03,440.5));
#3518 = ( GEOMETRIC_REPRESENTATION_CONTEXT(2) 
PARAMETRIC_REPRESENTATION_CONTEXT() REPRESENTATION_CONTEXT('2D SPACE',''
  ) );
#3519 = PCURVE('',#3520,#3525);
#3520 = PLANE('',#3521);
#3521 = AXIS2_PLACEMENT_3D('',#3522,#3523,#3524);
#3522 = CARTESIAN_POINT('',(-198.5,-133.,482.));
#3523 = DIRECTION('',(0.,0.,1.));
#3524 = DIRECTION('',(1.,0.,0.));
#3525 = DEFINITIONAL_REPRESENTATION('',(#3526),#3529);
#3526 = B_SPLINE_CURVE_WITH_KNOTS('',1,(#3527,#3528),.UNSPECIFIED.,.F.,
  .F.,(2,2),(21.75,418.75),.PIECEWISE_BEZIER_KNOTS.);
#3527 = CARTESIAN_POINT('',(0.,2.));
#3528 = CARTESIAN_POINT('',(397.,2.));
#3529 = ( GEOMETRIC_REPRESENTATION_CONTEXT(2) 
PARAMETRIC_REPRESENTATION_CONTEXT() REPRESENTATION_CONTEXT('2D SPACE',''
  ) );
#3530 = ORIENTED_EDGE('',*,*,#3531,.F.);
#3531 = EDGE_CURVE('',#3454,#3506,#3532,.T.);
#3532 = SURFACE_CURVE('',#3533,(#3537,#3543),.PCURVE_S1.);
#3533 = LINE('',#3534,#3535);
#3534 = CARTESIAN_POINT('',(198.5,-131.,-135.25));
#3535 = VECTOR('',#3536,1.);
#3536 = DIRECTION('',(0.,0.,-1.));
#3537 = PCURVE('',#1477,#3538);
#3538 = DEFINITIONAL_REPRESENTATION('',(#3539),#3542);
#3539 = B_SPLINE_CURVE_WITH_KNOTS('',1,(#3540,#3541),.UNSPECIFIED.,.F.,
  .F.,(2,2),(-637.25,-617.25),.PIECEWISE_BEZIER_KNOTS.);
#3540 = CARTESIAN_POINT('',(1.2545E+03,440.5));
#3541 = CARTESIAN_POINT('',(1.2345E+03,440.5));
#3542 = ( GEOMETRIC_REPRESENTATION_CONTEXT(2) 
PARAMETRIC_REPRESENTATION_CONTEXT() REPRESENTATION_CONTEXT('2D SPACE',''
  ) );
#3543 = PCURVE('',#3544,#3549);
#3544 = PLANE('',#3545);
#3545 = AXIS2_PLACEMENT_3D('',#3546,#3547,#3548);
#3546 = CARTESIAN_POINT('',(198.5,-133.,482.));
#3547 = DIRECTION('',(1.,0.,0.));
#3548 = DIRECTION('',(0.,0.,1.));
#3549 = DEFINITIONAL_REPRESENTATION('',(#3550),#3553);
#3550 = B_SPLINE_CURVE_WITH_KNOTS('',1,(#3551,#3552),.UNSPECIFIED.,.F.,
  .F.,(2,2),(-637.25,-617.25),.PIECEWISE_BEZIER_KNOTS.);
#3551 = CARTESIAN_POINT('',(20.,-2.));
#3552 = CARTESIAN_POINT('',(0.,-2.));
#3553 = ( GEOMETRIC_REPRESENTATION_CONTEXT(2) 
PARAMETRIC_REPRESENTATION_CONTEXT() REPRESENTATION_CONTEXT('2D SPACE',''
  ) );
#3554 = FACE_BOUND('',#3555,.F.);
#3555 = EDGE_LOOP('',(#3556,#3584,#3610,#3636));
#3556 = ORIENTED_EDGE('',*,*,#3557,.F.);
#3557 = EDGE_CURVE('',#3558,#3560,#3562,.T.);
#3558 = VERTEX_POINT('',#3559);
#3559 = CARTESIAN_POINT('',(-198.5,-131.,563.5));
#3560 = VERTEX_POINT('',#3561);
#3561 = CARTESIAN_POINT('',(198.5,-131.,563.5));
#3562 = SURFACE_CURVE('',#3563,(#3567,#3573),.PCURVE_S1.);
#3563 = LINE('',#3564,#3565);
#3564 = CARTESIAN_POINT('',(-220.25,-131.,563.5));
#3565 = VECTOR('',#3566,1.);
#3566 = DIRECTION('',(1.,0.,0.));
#3567 = PCURVE('',#1477,#3568);
#3568 = DEFINITIONAL_REPRESENTATION('',(#3569),#3572);
#3569 = B_SPLINE_CURVE_WITH_KNOTS('',1,(#3570,#3571),.UNSPECIFIED.,.F.,
  .F.,(2,2),(21.75,418.75),.PIECEWISE_BEZIER_KNOTS.);
#3570 = CARTESIAN_POINT('',(1.316E+03,43.5));
#3571 = CARTESIAN_POINT('',(1.316E+03,440.5));
#3572 = ( GEOMETRIC_REPRESENTATION_CONTEXT(2) 
PARAMETRIC_REPRESENTATION_CONTEXT() REPRESENTATION_CONTEXT('2D SPACE',''
  ) );
#3573 = PCURVE('',#3574,#3579);
#3574 = PLANE('',#3575);
#3575 = AXIS2_PLACEMENT_3D('',#3576,#3577,#3578);
#3576 = CARTESIAN_POINT('',(-198.5,-133.,563.5));
#3577 = DIRECTION('',(0.,0.,1.));
#3578 = DIRECTION('',(1.,0.,0.));
#3579 = DEFINITIONAL_REPRESENTATION('',(#3580),#3583);
#3580 = B_SPLINE_CURVE_WITH_KNOTS('',1,(#3581,#3582),.UNSPECIFIED.,.F.,
  .F.,(2,2),(21.75,418.75),.PIECEWISE_BEZIER_KNOTS.);
#3581 = CARTESIAN_POINT('',(0.,2.));
#3582 = CARTESIAN_POINT('',(397.,2.));
#3583 = ( GEOMETRIC_REPRESENTATION_CONTEXT(2) 
PARAMETRIC_REPRESENTATION_CONTEXT() REPRESENTATION_CONTEXT('2D SPACE',''
  ) );
#3584 = ORIENTED_EDGE('',*,*,#3585,.T.);
#3585 = EDGE_CURVE('',#3558,#3586,#3588,.T.);
#3586 = VERTEX_POINT('',#3587);
#3587 = CARTESIAN_POINT('',(-198.5,-131.,543.5));
#3588 = SURFACE_CURVE('',#3589,(#3593,#3599),.PCURVE_S1.);
#3589 = LINE('',#3590,#3591);
#3590 = CARTESIAN_POINT('',(-198.5,-131.,-104.5));
#3591 = VECTOR('',#3592,1.);
#3592 = DIRECTION('',(0.,0.,-1.));
#3593 = PCURVE('',#1477,#3594);
#3594 = DEFINITIONAL_REPRESENTATION('',(#3595),#3598);
#3595 = B_SPLINE_CURVE_WITH_KNOTS('',1,(#3596,#3597),.UNSPECIFIED.,.F.,
  .F.,(2,2),(-668.,-648.),.PIECEWISE_BEZIER_KNOTS.);
#3596 = CARTESIAN_POINT('',(1.316E+03,43.5));
#3597 = CARTESIAN_POINT('',(1.296E+03,43.5));
#3598 = ( GEOMETRIC_REPRESENTATION_CONTEXT(2) 
PARAMETRIC_REPRESENTATION_CONTEXT() REPRESENTATION_CONTEXT('2D SPACE',''
  ) );
#3599 = PCURVE('',#3600,#3605);
#3600 = PLANE('',#3601);
#3601 = AXIS2_PLACEMENT_3D('',#3602,#3603,#3604);
#3602 = CARTESIAN_POINT('',(-198.5,-133.,543.5));
#3603 = DIRECTION('',(1.,0.,0.));
#3604 = DIRECTION('',(0.,0.,1.));
#3605 = DEFINITIONAL_REPRESENTATION('',(#3606),#3609);
#3606 = B_SPLINE_CURVE_WITH_KNOTS('',1,(#3607,#3608),.UNSPECIFIED.,.F.,
  .F.,(2,2),(-668.,-648.),.PIECEWISE_BEZIER_KNOTS.);
#3607 = CARTESIAN_POINT('',(20.,-2.));
#3608 = CARTESIAN_POINT('',(0.,-2.));
#3609 = ( GEOMETRIC_REPRESENTATION_CONTEXT(2) 
PARAMETRIC_REPRESENTATION_CONTEXT() REPRESENTATION_CONTEXT('2D SPACE',''
  ) );
#3610 = ORIENTED_EDGE('',*,*,#3611,.T.);
#3611 = EDGE_CURVE('',#3586,#3612,#3614,.T.);
#3612 = VERTEX_POINT('',#3613);
#3613 = CARTESIAN_POINT('',(198.5,-131.,543.5));
#3614 = SURFACE_CURVE('',#3615,(#3619,#3625),.PCURVE_S1.);
#3615 = LINE('',#3616,#3617);
#3616 = CARTESIAN_POINT('',(-220.25,-131.,543.5));
#3617 = VECTOR('',#3618,1.);
#3618 = DIRECTION('',(1.,0.,0.));
#3619 = PCURVE('',#1477,#3620);
#3620 = DEFINITIONAL_REPRESENTATION('',(#3621),#3624);
#3621 = B_SPLINE_CURVE_WITH_KNOTS('',1,(#3622,#3623),.UNSPECIFIED.,.F.,
  .F.,(2,2),(21.75,418.75),.PIECEWISE_BEZIER_KNOTS.);
#3622 = CARTESIAN_POINT('',(1.296E+03,43.5));
#3623 = CARTESIAN_POINT('',(1.296E+03,440.5));
#3624 = ( GEOMETRIC_REPRESENTATION_CONTEXT(2) 
PARAMETRIC_REPRESENTATION_CONTEXT() REPRESENTATION_CONTEXT('2D SPACE',''
  ) );
#3625 = PCURVE('',#3626,#3631);
#3626 = PLANE('',#3627);
#3627 = AXIS2_PLACEMENT_3D('',#3628,#3629,#3630);
#3628 = CARTESIAN_POINT('',(-198.5,-133.,543.5));
#3629 = DIRECTION('',(0.,0.,1.));
#3630 = DIRECTION('',(1.,0.,0.));
#3631 = DEFINITIONAL_REPRESENTATION('',(#3632),#3635);
#3632 = B_SPLINE_CURVE_WITH_KNOTS('',1,(#3633,#3634),.UNSPECIFIED.,.F.,
  .F.,(2,2),(21.75,418.75),.PIECEWISE_BEZIER_KNOTS.);
#3633 = CARTESIAN_POINT('',(0.,2.));
#3634 = CARTESIAN_POINT('',(397.,2.));
#3635 = ( GEOMETRIC_REPRESENTATION_CONTEXT(2) 
PARAMETRIC_REPRESENTATION_CONTEXT() REPRESENTATION_CONTEXT('2D SPACE',''
  ) );
#3636 = ORIENTED_EDGE('',*,*,#3637,.F.);
#3637 = EDGE_CURVE('',#3560,#3612,#3638,.T.);
#3638 = SURFACE_CURVE('',#3639,(#3643,#3649),.PCURVE_S1.);
#3639 = LINE('',#3640,#3641);
#3640 = CARTESIAN_POINT('',(198.5,-131.,-104.5));
#3641 = VECTOR('',#3642,1.);
#3642 = DIRECTION('',(0.,0.,-1.));
#3643 = PCURVE('',#1477,#3644);
#3644 = DEFINITIONAL_REPRESENTATION('',(#3645),#3648);
#3645 = B_SPLINE_CURVE_WITH_KNOTS('',1,(#3646,#3647),.UNSPECIFIED.,.F.,
  .F.,(2,2),(-668.,-648.),.PIECEWISE_BEZIER_KNOTS.);
#3646 = CARTESIAN_POINT('',(1.316E+03,440.5));
#3647 = CARTESIAN_POINT('',(1.296E+03,440.5));
#3648 = ( GEOMETRIC_REPRESENTATION_CONTEXT(2) 
PARAMETRIC_REPRESENTATION_CONTEXT() REPRESENTATION_CONTEXT('2D SPACE',''
  ) );
#3649 = PCURVE('',#3650,#3655);
#3650 = PLANE('',#3651);
#3651 = AXIS2_PLACEMENT_3D('',#3652,#3653,#3654);
#3652 = CARTESIAN_POINT('',(198.5,-133.,543.5));
#3653 = DIRECTION('',(1.,0.,0.));
#3654 = DIRECTION('',(0.,0.,1.));
#3655 = DEFINITIONAL_REPRESENTATION('',(#3656),#3659);
#3656 = B_SPLINE_CURVE_WITH_KNOTS('',1,(#3657,#3658),.UNSPECIFIED.,.F.,
  .F.,(2,2),(-668.,-648.),.PIECEWISE_BEZIER_KNOTS.);
#3657 = CARTESIAN_POINT('',(20.,-2.));
#3658 = CARTESIAN_POINT('',(0.,-2.));
#3659 = ( GEOMETRIC_REPRESENTATION_CONTEXT(2) 
PARAMETRIC_REPRESENTATION_CONTEXT() REPRESENTATION_CONTEXT('2D SPACE',''
  ) );
#3660 = FACE_BOUND('',#3661,.F.);
#3661 = EDGE_LOOP('',(#3662,#3690,#3716,#3742));
#3662 = ORIENTED_EDGE('',*,*,#3663,.F.);
#3663 = EDGE_CURVE('',#3664,#3666,#3668,.T.);
#3664 = VERTEX_POINT('',#3665);
#3665 = CARTESIAN_POINT('',(-198.5,-131.,625.));
#3666 = VERTEX_POINT('',#3667);
#3667 = CARTESIAN_POINT('',(198.5,-131.,625.));
#3668 = SURFACE_CURVE('',#3669,(#3673,#3679),.PCURVE_S1.);
#3669 = LINE('',#3670,#3671);
#3670 = CARTESIAN_POINT('',(-220.25,-131.,625.));
#3671 = VECTOR('',#3672,1.);
#3672 = DIRECTION('',(1.,0.,0.));
#3673 = PCURVE('',#1477,#3674);
#3674 = DEFINITIONAL_REPRESENTATION('',(#3675),#3678);
#3675 = B_SPLINE_CURVE_WITH_KNOTS('',1,(#3676,#3677),.UNSPECIFIED.,.F.,
  .F.,(2,2),(21.75,418.75),.PIECEWISE_BEZIER_KNOTS.);
#3676 = CARTESIAN_POINT('',(1.3775E+03,43.5));
#3677 = CARTESIAN_POINT('',(1.3775E+03,440.5));
#3678 = ( GEOMETRIC_REPRESENTATION_CONTEXT(2) 
PARAMETRIC_REPRESENTATION_CONTEXT() REPRESENTATION_CONTEXT('2D SPACE',''
  ) );
#3679 = PCURVE('',#3680,#3685);
#3680 = PLANE('',#3681);
#3681 = AXIS2_PLACEMENT_3D('',#3682,#3683,#3684);
#3682 = CARTESIAN_POINT('',(-198.5,-133.,625.));
#3683 = DIRECTION('',(0.,0.,1.));
#3684 = DIRECTION('',(1.,0.,0.));
#3685 = DEFINITIONAL_REPRESENTATION('',(#3686),#3689);
#3686 = B_SPLINE_CURVE_WITH_KNOTS('',1,(#3687,#3688),.UNSPECIFIED.,.F.,
  .F.,(2,2),(21.75,418.75),.PIECEWISE_BEZIER_KNOTS.);
#3687 = CARTESIAN_POINT('',(0.,2.));
#3688 = CARTESIAN_POINT('',(397.,2.));
#3689 = ( GEOMETRIC_REPRESENTATION_CONTEXT(2) 
PARAMETRIC_REPRESENTATION_CONTEXT() REPRESENTATION_CONTEXT('2D SPACE',''
  ) );
#3690 = ORIENTED_EDGE('',*,*,#3691,.T.);
#3691 = EDGE_CURVE('',#3664,#3692,#3694,.T.);
#3692 = VERTEX_POINT('',#3693);
#3693 = CARTESIAN_POINT('',(-198.5,-131.,605.));
#3694 = SURFACE_CURVE('',#3695,(#3699,#3705),.PCURVE_S1.);
#3695 = LINE('',#3696,#3697);
#3696 = CARTESIAN_POINT('',(-198.5,-131.,-73.75));
#3697 = VECTOR('',#3698,1.);
#3698 = DIRECTION('',(0.,0.,-1.));
#3699 = PCURVE('',#1477,#3700);
#3700 = DEFINITIONAL_REPRESENTATION('',(#3701),#3704);
#3701 = B_SPLINE_CURVE_WITH_KNOTS('',1,(#3702,#3703),.UNSPECIFIED.,.F.,
  .F.,(2,2),(-698.75,-678.75),.PIECEWISE_BEZIER_KNOTS.);
#3702 = CARTESIAN_POINT('',(1.3775E+03,43.5));
#3703 = CARTESIAN_POINT('',(1.3575E+03,43.5));
#3704 = ( GEOMETRIC_REPRESENTATION_CONTEXT(2) 
PARAMETRIC_REPRESENTATION_CONTEXT() REPRESENTATION_CONTEXT('2D SPACE',''
  ) );
#3705 = PCURVE('',#3706,#3711);
#3706 = PLANE('',#3707);
#3707 = AXIS2_PLACEMENT_3D('',#3708,#3709,#3710);
#3708 = CARTESIAN_POINT('',(-198.5,-133.,605.));
#3709 = DIRECTION('',(1.,0.,0.));
#3710 = DIRECTION('',(0.,0.,1.));
#3711 = DEFINITIONAL_REPRESENTATION('',(#3712),#3715);
#3712 = B_SPLINE_CURVE_WITH_KNOTS('',1,(#3713,#3714),.UNSPECIFIED.,.F.,
  .F.,(2,2),(-698.75,-678.75),.PIECEWISE_BEZIER_KNOTS.);
#3713 = CARTESIAN_POINT('',(20.,-2.));
#3714 = CARTESIAN_POINT('',(0.,-2.));
#3715 = ( GEOMETRIC_REPRESENTATION_CONTEXT(2) 
PARAMETRIC_REPRESENTATION_CONTEXT() REPRESENTATION_CONTEXT('2D SPACE',''
  ) );
#3716 = ORIENTED_EDGE('',*,*,#3717,.T.);
#3717 = EDGE_CURVE('',#3692,#3718,#3720,.T.);
#3718 = VERTEX_POINT('',#3719);
#3719 = CARTESIAN_POINT('',(198.5,-131.,605.));
#3720 = SURFACE_CURVE('',#3721,(#3725,#3731),.PCURVE_S1.);
#3721 = LINE('',#3722,#3723);
#3722 = CARTESIAN_POINT('',(-220.25,-131.,605.));
#3723 = VECTOR('',#3724,1.);
#3724 = DIRECTION('',(1.,0.,0.));
#3725 = PCURVE('',#1477,#3726);
#3726 = DEFINITIONAL_REPRESENTATION('',(#3727),#3730);
#3727 = B_SPLINE_CURVE_WITH_KNOTS('',1,(#3728,#3729),.UNSPECIFIED.,.F.,
  .F.,(2,2),(21.75,418.75),.PIECEWISE_BEZIER_KNOTS.);
#3728 = CARTESIAN_POINT('',(1.3575E+03,43.5));
#3729 = CARTESIAN_POINT('',(1.3575E+03,440.5));
#3730 = ( GEOMETRIC_REPRESENTATION_CONTEXT(2) 
PARAMETRIC_REPRESENTATION_CONTEXT() REPRESENTATION_CONTEXT('2D SPACE',''
  ) );
#3731 = PCURVE('',#3732,#3737);
#3732 = PLANE('',#3733);
#3733 = AXIS2_PLACEMENT_3D('',#3734,#3735,#3736);
#3734 = CARTESIAN_POINT('',(-198.5,-133.,605.));
#3735 = DIRECTION('',(0.,0.,1.));
#3736 = DIRECTION('',(1.,0.,0.));
#3737 = DEFINITIONAL_REPRESENTATION('',(#3738),#3741);
#3738 = B_SPLINE_CURVE_WITH_KNOTS('',1,(#3739,#3740),.UNSPECIFIED.,.F.,
  .F.,(2,2),(21.75,418.75),.PIECEWISE_BEZIER_KNOTS.);
#3739 = CARTESIAN_POINT('',(0.,2.));
#3740 = CARTESIAN_POINT('',(397.,2.));
#3741 = ( GEOMETRIC_REPRESENTATION_CONTEXT(2) 
PARAMETRIC_REPRESENTATION_CONTEXT() REPRESENTATION_CONTEXT('2D SPACE',''
  ) );
#3742 = ORIENTED_EDGE('',*,*,#3743,.F.);
#3743 = EDGE_CURVE('',#3666,#3718,#3744,.T.);
#3744 = SURFACE_CURVE('',#3745,(#3749,#3755),.PCURVE_S1.);
#3745 = LINE('',#3746,#3747);
#3746 = CARTESIAN_POINT('',(198.5,-131.,-73.75));
#3747 = VECTOR('',#3748,1.);
#3748 = DIRECTION('',(0.,0.,-1.));
#3749 = PCURVE('',#1477,#3750);
#3750 = DEFINITIONAL_REPRESENTATION('',(#3751),#3754);
#3751 = B_SPLINE_CURVE_WITH_KNOTS('',1,(#3752,#3753),.UNSPECIFIED.,.F.,
  .F.,(2,2),(-698.75,-678.75),.PIECEWISE_BEZIER_KNOTS.);
#3752 = CARTESIAN_POINT('',(1.3775E+03,440.5));
#3753 = CARTESIAN_POINT('',(1.3575E+03,440.5));
#3754 = ( GEOMETRIC_REPRESENTATION_CONTEXT(2) 
PARAMETRIC_REPRESENTATION_CONTEXT() REPRESENTATION_CONTEXT('2D SPACE',''
  ) );
#3755 = PCURVE('',#3756,#3761);
#3756 = PLANE('',#3757);
#3757 = AXIS2_PLACEMENT_3D('',#3758,#3759,#3760);
#3758 = CARTESIAN_POINT('',(198.5,-133.,605.));
#3759 = DIRECTION('',(1.,0.,0.));
#3760 = DIRECTION('',(0.,0.,1.));
#3761 = DEFINITIONAL_REPRESENTATION('',(#3762),#3765);
#3762 = B_SPLINE_CURVE_WITH_KNOTS('',1,(#3763,#3764),.UNSPECIFIED.,.F.,
  .F.,(2,2),(-698.75,-678.75),.PIECEWISE_BEZIER_KNOTS.);
#3763 = CARTESIAN_POINT('',(20.,-2.));
#3764 = CARTESIAN_POINT('',(0.,-2.));
#3765 = ( GEOMETRIC_REPRESENTATION_CONTEXT(2) 
PARAMETRIC_REPRESENTATION_CONTEXT() REPRESENTATION_CONTEXT('2D SPACE',''
  ) );
#3766 = ADVANCED_FACE('',(#3767),#1559,.T.);
#3767 = FACE_BOUND('',#3768,.T.);
#3768 = EDGE_LOOP('',(#3769,#3770,#3771,#3794));
#3769 = ORIENTED_EDGE('',*,*,#1545,.F.);
#3770 = ORIENTED_EDGE('',*,*,#1598,.T.);
#3771 = ORIENTED_EDGE('',*,*,#3772,.T.);
#3772 = EDGE_CURVE('',#1599,#3773,#3775,.T.);
#3773 = VERTEX_POINT('',#3774);
#3774 = CARTESIAN_POINT('',(242.,-129.,752.5));
#3775 = SURFACE_CURVE('',#3776,(#3780,#3787),.PCURVE_S1.);
#3776 = LINE('',#3777,#3778);
#3777 = CARTESIAN_POINT('',(242.,-131.,752.5));
#3778 = VECTOR('',#3779,1.);
#3779 = DIRECTION('',(0.,1.,0.));
#3780 = PCURVE('',#1559,#3781);
#3781 = DEFINITIONAL_REPRESENTATION('',(#3782),#3786);
#3782 = LINE('',#3783,#3784);
#3783 = CARTESIAN_POINT('',(484.,0.));
#3784 = VECTOR('',#3785,1.);
#3785 = DIRECTION('',(0.,1.));
#3786 = ( GEOMETRIC_REPRESENTATION_CONTEXT(2) 
PARAMETRIC_REPRESENTATION_CONTEXT() REPRESENTATION_CONTEXT('2D SPACE',''
  ) );
#3787 = PCURVE('',#1635,#3788);
#3788 = DEFINITIONAL_REPRESENTATION('',(#3789),#3793);
#3789 = LINE('',#3790,#3791);
#3790 = CARTESIAN_POINT('',(1.505E+03,0.));
#3791 = VECTOR('',#3792,1.);
#3792 = DIRECTION('',(0.,-1.));
#3793 = ( GEOMETRIC_REPRESENTATION_CONTEXT(2) 
PARAMETRIC_REPRESENTATION_CONTEXT() REPRESENTATION_CONTEXT('2D SPACE',''
  ) );
#3794 = ORIENTED_EDGE('',*,*,#3795,.F.);
#3795 = EDGE_CURVE('',#1518,#3773,#3796,.T.);
#3796 = SURFACE_CURVE('',#3797,(#3801,#3808),.PCURVE_S1.);
#3797 = LINE('',#3798,#3799);
#3798 = CARTESIAN_POINT('',(-242.,-129.,752.5));
#3799 = VECTOR('',#3800,1.);
#3800 = DIRECTION('',(1.,0.,0.));
#3801 = PCURVE('',#1559,#3802);
#3802 = DEFINITIONAL_REPRESENTATION('',(#3803),#3807);
#3803 = LINE('',#3804,#3805);
#3804 = CARTESIAN_POINT('',(0.,2.));
#3805 = VECTOR('',#3806,1.);
#3806 = DIRECTION('',(1.,0.));
#3807 = ( GEOMETRIC_REPRESENTATION_CONTEXT(2) 
PARAMETRIC_REPRESENTATION_CONTEXT() REPRESENTATION_CONTEXT('2D SPACE',''
  ) );
#3808 = PCURVE('',#1533,#3809);
#3809 = DEFINITIONAL_REPRESENTATION('',(#3810),#3814);
#3810 = LINE('',#3811,#3812);
#3811 = CARTESIAN_POINT('',(1.505E+03,0.));
#3812 = VECTOR('',#3813,1.);
#3813 = DIRECTION('',(0.,1.));
#3814 = ( GEOMETRIC_REPRESENTATION_CONTEXT(2) 
PARAMETRIC_REPRESENTATION_CONTEXT() REPRESENTATION_CONTEXT('2D SPACE',''
  ) );
#3815 = ADVANCED_FACE('',(#3816,#3864,#3950,#4036,#4122,#4208,#4294,
    #4380,#4466,#4552,#4638,#4724,#4810,#4896,#4982,#5068,#5154,#5240,
    #5326,#5412,#5498),#1533,.T.);
#3816 = FACE_BOUND('',#3817,.T.);
#3817 = EDGE_LOOP('',(#3818,#3841,#3842,#3843));
#3818 = ORIENTED_EDGE('',*,*,#3819,.F.);
#3819 = EDGE_CURVE('',#1490,#3820,#3822,.T.);
#3820 = VERTEX_POINT('',#3821);
#3821 = CARTESIAN_POINT('',(242.,-129.,-752.5));
#3822 = SURFACE_CURVE('',#3823,(#3827,#3834),.PCURVE_S1.);
#3823 = LINE('',#3824,#3825);
#3824 = CARTESIAN_POINT('',(-242.,-129.,-752.5));
#3825 = VECTOR('',#3826,1.);
#3826 = DIRECTION('',(1.,0.,0.));
#3827 = PCURVE('',#1533,#3828);
#3828 = DEFINITIONAL_REPRESENTATION('',(#3829),#3833);
#3829 = LINE('',#3830,#3831);
#3830 = CARTESIAN_POINT('',(0.,0.));
#3831 = VECTOR('',#3832,1.);
#3832 = DIRECTION('',(0.,1.));
#3833 = ( GEOMETRIC_REPRESENTATION_CONTEXT(2) 
PARAMETRIC_REPRESENTATION_CONTEXT() REPRESENTATION_CONTEXT('2D SPACE',''
  ) );
#3834 = PCURVE('',#1505,#3835);
#3835 = DEFINITIONAL_REPRESENTATION('',(#3836),#3840);
#3836 = LINE('',#3837,#3838);
#3837 = CARTESIAN_POINT('',(0.,2.));
#3838 = VECTOR('',#3839,1.);
#3839 = DIRECTION('',(1.,0.));
#3840 = ( GEOMETRIC_REPRESENTATION_CONTEXT(2) 
PARAMETRIC_REPRESENTATION_CONTEXT() REPRESENTATION_CONTEXT('2D SPACE',''
  ) );
#3841 = ORIENTED_EDGE('',*,*,#1517,.T.);
#3842 = ORIENTED_EDGE('',*,*,#3795,.T.);
#3843 = ORIENTED_EDGE('',*,*,#3844,.F.);
#3844 = EDGE_CURVE('',#3820,#3773,#3845,.T.);
#3845 = SURFACE_CURVE('',#3846,(#3850,#3857),.PCURVE_S1.);
#3846 = LINE('',#3847,#3848);
#3847 = CARTESIAN_POINT('',(242.,-129.,-752.5));
#3848 = VECTOR('',#3849,1.);
#3849 = DIRECTION('',(0.,0.,1.));
#3850 = PCURVE('',#1533,#3851);
#3851 = DEFINITIONAL_REPRESENTATION('',(#3852),#3856);
#3852 = LINE('',#3853,#3854);
#3853 = CARTESIAN_POINT('',(0.,484.));
#3854 = VECTOR('',#3855,1.);
#3855 = DIRECTION('',(1.,0.));
#3856 = ( GEOMETRIC_REPRESENTATION_CONTEXT(2) 
PARAMETRIC_REPRESENTATION_CONTEXT() REPRESENTATION_CONTEXT('2D SPACE',''
  ) );
#3857 = PCURVE('',#1635,#3858);
#3858 = DEFINITIONAL_REPRESENTATION('',(#3859),#3863);
#3859 = LINE('',#3860,#3861);
#3860 = CARTESIAN_POINT('',(0.,-2.));
#3861 = VECTOR('',#3862,1.);
#3862 = DIRECTION('',(1.,0.));
#3863 = ( GEOMETRIC_REPRESENTATION_CONTEXT(2) 
PARAMETRIC_REPRESENTATION_CONTEXT() REPRESENTATION_CONTEXT('2D SPACE',''
  ) );
#3864 = FACE_BOUND('',#3865,.T.);
#3865 = EDGE_LOOP('',(#3866,#3889,#3910,#3931));
#3866 = ORIENTED_EDGE('',*,*,#3867,.F.);
#3867 = EDGE_CURVE('',#3868,#3870,#3872,.T.);
#3868 = VERTEX_POINT('',#3869);
#3869 = CARTESIAN_POINT('',(-198.5,-129.,-543.5));
#3870 = VERTEX_POINT('',#3871);
#3871 = CARTESIAN_POINT('',(198.5,-129.,-543.5));
#3872 = SURFACE_CURVE('',#3873,(#3877,#3883),.PCURVE_S1.);
#3873 = LINE('',#3874,#3875);
#3874 = CARTESIAN_POINT('',(-220.25,-129.,-543.5));
#3875 = VECTOR('',#3876,1.);
#3876 = DIRECTION('',(1.,0.,0.));
#3877 = PCURVE('',#1533,#3878);
#3878 = DEFINITIONAL_REPRESENTATION('',(#3879),#3882);
#3879 = B_SPLINE_CURVE_WITH_KNOTS('',1,(#3880,#3881),.UNSPECIFIED.,.F.,
  .F.,(2,2),(21.75,418.75),.PIECEWISE_BEZIER_KNOTS.);
#3880 = CARTESIAN_POINT('',(209.,43.5));
#3881 = CARTESIAN_POINT('',(209.,440.5));
#3882 = ( GEOMETRIC_REPRESENTATION_CONTEXT(2) 
PARAMETRIC_REPRESENTATION_CONTEXT() REPRESENTATION_CONTEXT('2D SPACE',''
  ) );
#3883 = PCURVE('',#1666,#3884);
#3884 = DEFINITIONAL_REPRESENTATION('',(#3885),#3888);
#3885 = B_SPLINE_CURVE_WITH_KNOTS('',1,(#3886,#3887),.UNSPECIFIED.,.F.,
  .F.,(2,2),(21.75,418.75),.PIECEWISE_BEZIER_KNOTS.);
#3886 = CARTESIAN_POINT('',(0.,4.));
#3887 = CARTESIAN_POINT('',(397.,4.));
#3888 = ( GEOMETRIC_REPRESENTATION_CONTEXT(2) 
PARAMETRIC_REPRESENTATION_CONTEXT() REPRESENTATION_CONTEXT('2D SPACE',''
  ) );
#3889 = ORIENTED_EDGE('',*,*,#3890,.T.);
#3890 = EDGE_CURVE('',#3868,#3891,#3893,.T.);
#3891 = VERTEX_POINT('',#3892);
#3892 = CARTESIAN_POINT('',(-198.5,-129.,-563.5));
#3893 = SURFACE_CURVE('',#3894,(#3898,#3904),.PCURVE_S1.);
#3894 = LINE('',#3895,#3896);
#3895 = CARTESIAN_POINT('',(-198.5,-129.,-658.));
#3896 = VECTOR('',#3897,1.);
#3897 = DIRECTION('',(0.,0.,-1.));
#3898 = PCURVE('',#1533,#3899);
#3899 = DEFINITIONAL_REPRESENTATION('',(#3900),#3903);
#3900 = B_SPLINE_CURVE_WITH_KNOTS('',1,(#3901,#3902),.UNSPECIFIED.,.F.,
  .F.,(2,2),(-114.5,-94.5),.PIECEWISE_BEZIER_KNOTS.);
#3901 = CARTESIAN_POINT('',(209.,43.5));
#3902 = CARTESIAN_POINT('',(189.,43.5));
#3903 = ( GEOMETRIC_REPRESENTATION_CONTEXT(2) 
PARAMETRIC_REPRESENTATION_CONTEXT() REPRESENTATION_CONTEXT('2D SPACE',''
  ) );
#3904 = PCURVE('',#1692,#3905);
#3905 = DEFINITIONAL_REPRESENTATION('',(#3906),#3909);
#3906 = B_SPLINE_CURVE_WITH_KNOTS('',1,(#3907,#3908),.UNSPECIFIED.,.F.,
  .F.,(2,2),(-114.5,-94.5),.PIECEWISE_BEZIER_KNOTS.);
#3907 = CARTESIAN_POINT('',(20.,-4.));
#3908 = CARTESIAN_POINT('',(0.,-4.));
#3909 = ( GEOMETRIC_REPRESENTATION_CONTEXT(2) 
PARAMETRIC_REPRESENTATION_CONTEXT() REPRESENTATION_CONTEXT('2D SPACE',''
  ) );
#3910 = ORIENTED_EDGE('',*,*,#3911,.T.);
#3911 = EDGE_CURVE('',#3891,#3912,#3914,.T.);
#3912 = VERTEX_POINT('',#3913);
#3913 = CARTESIAN_POINT('',(198.5,-129.,-563.5));
#3914 = SURFACE_CURVE('',#3915,(#3919,#3925),.PCURVE_S1.);
#3915 = LINE('',#3916,#3917);
#3916 = CARTESIAN_POINT('',(-220.25,-129.,-563.5));
#3917 = VECTOR('',#3918,1.);
#3918 = DIRECTION('',(1.,0.,0.));
#3919 = PCURVE('',#1533,#3920);
#3920 = DEFINITIONAL_REPRESENTATION('',(#3921),#3924);
#3921 = B_SPLINE_CURVE_WITH_KNOTS('',1,(#3922,#3923),.UNSPECIFIED.,.F.,
  .F.,(2,2),(21.75,418.75),.PIECEWISE_BEZIER_KNOTS.);
#3922 = CARTESIAN_POINT('',(189.,43.5));
#3923 = CARTESIAN_POINT('',(189.,440.5));
#3924 = ( GEOMETRIC_REPRESENTATION_CONTEXT(2) 
PARAMETRIC_REPRESENTATION_CONTEXT() REPRESENTATION_CONTEXT('2D SPACE',''
  ) );
#3925 = PCURVE('',#1718,#3926);
#3926 = DEFINITIONAL_REPRESENTATION('',(#3927),#3930);
#3927 = B_SPLINE_CURVE_WITH_KNOTS('',1,(#3928,#3929),.UNSPECIFIED.,.F.,
  .F.,(2,2),(21.75,418.75),.PIECEWISE_BEZIER_KNOTS.);
#3928 = CARTESIAN_POINT('',(0.,4.));
#3929 = CARTESIAN_POINT('',(397.,4.));
#3930 = ( GEOMETRIC_REPRESENTATION_CONTEXT(2) 
PARAMETRIC_REPRESENTATION_CONTEXT() REPRESENTATION_CONTEXT('2D SPACE',''
  ) );
#3931 = ORIENTED_EDGE('',*,*,#3932,.F.);
#3932 = EDGE_CURVE('',#3870,#3912,#3933,.T.);
#3933 = SURFACE_CURVE('',#3934,(#3938,#3944),.PCURVE_S1.);
#3934 = LINE('',#3935,#3936);
#3935 = CARTESIAN_POINT('',(198.5,-129.,-658.));
#3936 = VECTOR('',#3937,1.);
#3937 = DIRECTION('',(0.,0.,-1.));
#3938 = PCURVE('',#1533,#3939);
#3939 = DEFINITIONAL_REPRESENTATION('',(#3940),#3943);
#3940 = B_SPLINE_CURVE_WITH_KNOTS('',1,(#3941,#3942),.UNSPECIFIED.,.F.,
  .F.,(2,2),(-114.5,-94.5),.PIECEWISE_BEZIER_KNOTS.);
#3941 = CARTESIAN_POINT('',(209.,440.5));
#3942 = CARTESIAN_POINT('',(189.,440.5));
#3943 = ( GEOMETRIC_REPRESENTATION_CONTEXT(2) 
PARAMETRIC_REPRESENTATION_CONTEXT() REPRESENTATION_CONTEXT('2D SPACE',''
  ) );
#3944 = PCURVE('',#1742,#3945);
#3945 = DEFINITIONAL_REPRESENTATION('',(#3946),#3949);
#3946 = B_SPLINE_CURVE_WITH_KNOTS('',1,(#3947,#3948),.UNSPECIFIED.,.F.,
  .F.,(2,2),(-114.5,-94.5),.PIECEWISE_BEZIER_KNOTS.);
#3947 = CARTESIAN_POINT('',(20.,-4.));
#3948 = CARTESIAN_POINT('',(0.,-4.));
#3949 = ( GEOMETRIC_REPRESENTATION_CONTEXT(2) 
PARAMETRIC_REPRESENTATION_CONTEXT() REPRESENTATION_CONTEXT('2D SPACE',''
  ) );
#3950 = FACE_BOUND('',#3951,.T.);
#3951 = EDGE_LOOP('',(#3952,#3975,#3996,#4017));
#3952 = ORIENTED_EDGE('',*,*,#3953,.F.);
#3953 = EDGE_CURVE('',#3954,#3956,#3958,.T.);
#3954 = VERTEX_POINT('',#3955);
#3955 = CARTESIAN_POINT('',(-198.5,-129.,-482.));
#3956 = VERTEX_POINT('',#3957);
#3957 = CARTESIAN_POINT('',(198.5,-129.,-482.));
#3958 = SURFACE_CURVE('',#3959,(#3963,#3969),.PCURVE_S1.);
#3959 = LINE('',#3960,#3961);
#3960 = CARTESIAN_POINT('',(-220.25,-129.,-482.));
#3961 = VECTOR('',#3962,1.);
#3962 = DIRECTION('',(1.,0.,0.));
#3963 = PCURVE('',#1533,#3964);
#3964 = DEFINITIONAL_REPRESENTATION('',(#3965),#3968);
#3965 = B_SPLINE_CURVE_WITH_KNOTS('',1,(#3966,#3967),.UNSPECIFIED.,.F.,
  .F.,(2,2),(21.75,418.75),.PIECEWISE_BEZIER_KNOTS.);
#3966 = CARTESIAN_POINT('',(270.5,43.5));
#3967 = CARTESIAN_POINT('',(270.5,440.5));
#3968 = ( GEOMETRIC_REPRESENTATION_CONTEXT(2) 
PARAMETRIC_REPRESENTATION_CONTEXT() REPRESENTATION_CONTEXT('2D SPACE',''
  ) );
#3969 = PCURVE('',#1772,#3970);
#3970 = DEFINITIONAL_REPRESENTATION('',(#3971),#3974);
#3971 = B_SPLINE_CURVE_WITH_KNOTS('',1,(#3972,#3973),.UNSPECIFIED.,.F.,
  .F.,(2,2),(21.75,418.75),.PIECEWISE_BEZIER_KNOTS.);
#3972 = CARTESIAN_POINT('',(0.,4.));
#3973 = CARTESIAN_POINT('',(397.,4.));
#3974 = ( GEOMETRIC_REPRESENTATION_CONTEXT(2) 
PARAMETRIC_REPRESENTATION_CONTEXT() REPRESENTATION_CONTEXT('2D SPACE',''
  ) );
#3975 = ORIENTED_EDGE('',*,*,#3976,.T.);
#3976 = EDGE_CURVE('',#3954,#3977,#3979,.T.);
#3977 = VERTEX_POINT('',#3978);
#3978 = CARTESIAN_POINT('',(-198.5,-129.,-502.));
#3979 = SURFACE_CURVE('',#3980,(#3984,#3990),.PCURVE_S1.);
#3980 = LINE('',#3981,#3982);
#3981 = CARTESIAN_POINT('',(-198.5,-129.,-627.25));
#3982 = VECTOR('',#3983,1.);
#3983 = DIRECTION('',(0.,0.,-1.));
#3984 = PCURVE('',#1533,#3985);
#3985 = DEFINITIONAL_REPRESENTATION('',(#3986),#3989);
#3986 = B_SPLINE_CURVE_WITH_KNOTS('',1,(#3987,#3988),.UNSPECIFIED.,.F.,
  .F.,(2,2),(-145.25,-125.25),.PIECEWISE_BEZIER_KNOTS.);
#3987 = CARTESIAN_POINT('',(270.5,43.5));
#3988 = CARTESIAN_POINT('',(250.5,43.5));
#3989 = ( GEOMETRIC_REPRESENTATION_CONTEXT(2) 
PARAMETRIC_REPRESENTATION_CONTEXT() REPRESENTATION_CONTEXT('2D SPACE',''
  ) );
#3990 = PCURVE('',#1798,#3991);
#3991 = DEFINITIONAL_REPRESENTATION('',(#3992),#3995);
#3992 = B_SPLINE_CURVE_WITH_KNOTS('',1,(#3993,#3994),.UNSPECIFIED.,.F.,
  .F.,(2,2),(-145.25,-125.25),.PIECEWISE_BEZIER_KNOTS.);
#3993 = CARTESIAN_POINT('',(20.,-4.));
#3994 = CARTESIAN_POINT('',(0.,-4.));
#3995 = ( GEOMETRIC_REPRESENTATION_CONTEXT(2) 
PARAMETRIC_REPRESENTATION_CONTEXT() REPRESENTATION_CONTEXT('2D SPACE',''
  ) );
#3996 = ORIENTED_EDGE('',*,*,#3997,.T.);
#3997 = EDGE_CURVE('',#3977,#3998,#4000,.T.);
#3998 = VERTEX_POINT('',#3999);
#3999 = CARTESIAN_POINT('',(198.5,-129.,-502.));
#4000 = SURFACE_CURVE('',#4001,(#4005,#4011),.PCURVE_S1.);
#4001 = LINE('',#4002,#4003);
#4002 = CARTESIAN_POINT('',(-220.25,-129.,-502.));
#4003 = VECTOR('',#4004,1.);
#4004 = DIRECTION('',(1.,0.,0.));
#4005 = PCURVE('',#1533,#4006);
#4006 = DEFINITIONAL_REPRESENTATION('',(#4007),#4010);
#4007 = B_SPLINE_CURVE_WITH_KNOTS('',1,(#4008,#4009),.UNSPECIFIED.,.F.,
  .F.,(2,2),(21.75,418.75),.PIECEWISE_BEZIER_KNOTS.);
#4008 = CARTESIAN_POINT('',(250.5,43.5));
#4009 = CARTESIAN_POINT('',(250.5,440.5));
#4010 = ( GEOMETRIC_REPRESENTATION_CONTEXT(2) 
PARAMETRIC_REPRESENTATION_CONTEXT() REPRESENTATION_CONTEXT('2D SPACE',''
  ) );
#4011 = PCURVE('',#1824,#4012);
#4012 = DEFINITIONAL_REPRESENTATION('',(#4013),#4016);
#4013 = B_SPLINE_CURVE_WITH_KNOTS('',1,(#4014,#4015),.UNSPECIFIED.,.F.,
  .F.,(2,2),(21.75,418.75),.PIECEWISE_BEZIER_KNOTS.);
#4014 = CARTESIAN_POINT('',(0.,4.));
#4015 = CARTESIAN_POINT('',(397.,4.));
#4016 = ( GEOMETRIC_REPRESENTATION_CONTEXT(2) 
PARAMETRIC_REPRESENTATION_CONTEXT() REPRESENTATION_CONTEXT('2D SPACE',''
  ) );
#4017 = ORIENTED_EDGE('',*,*,#4018,.F.);
#4018 = EDGE_CURVE('',#3956,#3998,#4019,.T.);
#4019 = SURFACE_CURVE('',#4020,(#4024,#4030),.PCURVE_S1.);
#4020 = LINE('',#4021,#4022);
#4021 = CARTESIAN_POINT('',(198.5,-129.,-627.25));
#4022 = VECTOR('',#4023,1.);
#4023 = DIRECTION('',(0.,0.,-1.));
#4024 = PCURVE('',#1533,#4025);
#4025 = DEFINITIONAL_REPRESENTATION('',(#4026),#4029);
#4026 = B_SPLINE_CURVE_WITH_KNOTS('',1,(#4027,#4028),.UNSPECIFIED.,.F.,
  .F.,(2,2),(-145.25,-125.25),.PIECEWISE_BEZIER_KNOTS.);
#4027 = CARTESIAN_POINT('',(270.5,440.5));
#4028 = CARTESIAN_POINT('',(250.5,440.5));
#4029 = ( GEOMETRIC_REPRESENTATION_CONTEXT(2) 
PARAMETRIC_REPRESENTATION_CONTEXT() REPRESENTATION_CONTEXT('2D SPACE',''
  ) );
#4030 = PCURVE('',#1848,#4031);
#4031 = DEFINITIONAL_REPRESENTATION('',(#4032),#4035);
#4032 = B_SPLINE_CURVE_WITH_KNOTS('',1,(#4033,#4034),.UNSPECIFIED.,.F.,
  .F.,(2,2),(-145.25,-125.25),.PIECEWISE_BEZIER_KNOTS.);
#4033 = CARTESIAN_POINT('',(20.,-4.));
#4034 = CARTESIAN_POINT('',(0.,-4.));
#4035 = ( GEOMETRIC_REPRESENTATION_CONTEXT(2) 
PARAMETRIC_REPRESENTATION_CONTEXT() REPRESENTATION_CONTEXT('2D SPACE',''
  ) );
#4036 = FACE_BOUND('',#4037,.T.);
#4037 = EDGE_LOOP('',(#4038,#4061,#4082,#4103));
#4038 = ORIENTED_EDGE('',*,*,#4039,.F.);
#4039 = EDGE_CURVE('',#4040,#4042,#4044,.T.);
#4040 = VERTEX_POINT('',#4041);
#4041 = CARTESIAN_POINT('',(-198.5,-129.,-420.5));
#4042 = VERTEX_POINT('',#4043);
#4043 = CARTESIAN_POINT('',(198.5,-129.,-420.5));
#4044 = SURFACE_CURVE('',#4045,(#4049,#4055),.PCURVE_S1.);
#4045 = LINE('',#4046,#4047);
#4046 = CARTESIAN_POINT('',(-220.25,-129.,-420.5));
#4047 = VECTOR('',#4048,1.);
#4048 = DIRECTION('',(1.,0.,0.));
#4049 = PCURVE('',#1533,#4050);
#4050 = DEFINITIONAL_REPRESENTATION('',(#4051),#4054);
#4051 = B_SPLINE_CURVE_WITH_KNOTS('',1,(#4052,#4053),.UNSPECIFIED.,.F.,
  .F.,(2,2),(21.75,418.75),.PIECEWISE_BEZIER_KNOTS.);
#4052 = CARTESIAN_POINT('',(332.,43.5));
#4053 = CARTESIAN_POINT('',(332.,440.5));
#4054 = ( GEOMETRIC_REPRESENTATION_CONTEXT(2) 
PARAMETRIC_REPRESENTATION_CONTEXT() REPRESENTATION_CONTEXT('2D SPACE',''
  ) );
#4055 = PCURVE('',#1878,#4056);
#4056 = DEFINITIONAL_REPRESENTATION('',(#4057),#4060);
#4057 = B_SPLINE_CURVE_WITH_KNOTS('',1,(#4058,#4059),.UNSPECIFIED.,.F.,
  .F.,(2,2),(21.75,418.75),.PIECEWISE_BEZIER_KNOTS.);
#4058 = CARTESIAN_POINT('',(0.,4.));
#4059 = CARTESIAN_POINT('',(397.,4.));
#4060 = ( GEOMETRIC_REPRESENTATION_CONTEXT(2) 
PARAMETRIC_REPRESENTATION_CONTEXT() REPRESENTATION_CONTEXT('2D SPACE',''
  ) );
#4061 = ORIENTED_EDGE('',*,*,#4062,.T.);
#4062 = EDGE_CURVE('',#4040,#4063,#4065,.T.);
#4063 = VERTEX_POINT('',#4064);
#4064 = CARTESIAN_POINT('',(-198.5,-129.,-440.5));
#4065 = SURFACE_CURVE('',#4066,(#4070,#4076),.PCURVE_S1.);
#4066 = LINE('',#4067,#4068);
#4067 = CARTESIAN_POINT('',(-198.5,-129.,-596.5));
#4068 = VECTOR('',#4069,1.);
#4069 = DIRECTION('',(0.,0.,-1.));
#4070 = PCURVE('',#1533,#4071);
#4071 = DEFINITIONAL_REPRESENTATION('',(#4072),#4075);
#4072 = B_SPLINE_CURVE_WITH_KNOTS('',1,(#4073,#4074),.UNSPECIFIED.,.F.,
  .F.,(2,2),(-176.,-156.),.PIECEWISE_BEZIER_KNOTS.);
#4073 = CARTESIAN_POINT('',(332.,43.5));
#4074 = CARTESIAN_POINT('',(312.,43.5));
#4075 = ( GEOMETRIC_REPRESENTATION_CONTEXT(2) 
PARAMETRIC_REPRESENTATION_CONTEXT() REPRESENTATION_CONTEXT('2D SPACE',''
  ) );
#4076 = PCURVE('',#1904,#4077);
#4077 = DEFINITIONAL_REPRESENTATION('',(#4078),#4081);
#4078 = B_SPLINE_CURVE_WITH_KNOTS('',1,(#4079,#4080),.UNSPECIFIED.,.F.,
  .F.,(2,2),(-176.,-156.),.PIECEWISE_BEZIER_KNOTS.);
#4079 = CARTESIAN_POINT('',(20.,-4.));
#4080 = CARTESIAN_POINT('',(0.,-4.));
#4081 = ( GEOMETRIC_REPRESENTATION_CONTEXT(2) 
PARAMETRIC_REPRESENTATION_CONTEXT() REPRESENTATION_CONTEXT('2D SPACE',''
  ) );
#4082 = ORIENTED_EDGE('',*,*,#4083,.T.);
#4083 = EDGE_CURVE('',#4063,#4084,#4086,.T.);
#4084 = VERTEX_POINT('',#4085);
#4085 = CARTESIAN_POINT('',(198.5,-129.,-440.5));
#4086 = SURFACE_CURVE('',#4087,(#4091,#4097),.PCURVE_S1.);
#4087 = LINE('',#4088,#4089);
#4088 = CARTESIAN_POINT('',(-220.25,-129.,-440.5));
#4089 = VECTOR('',#4090,1.);
#4090 = DIRECTION('',(1.,0.,0.));
#4091 = PCURVE('',#1533,#4092);
#4092 = DEFINITIONAL_REPRESENTATION('',(#4093),#4096);
#4093 = B_SPLINE_CURVE_WITH_KNOTS('',1,(#4094,#4095),.UNSPECIFIED.,.F.,
  .F.,(2,2),(21.75,418.75),.PIECEWISE_BEZIER_KNOTS.);
#4094 = CARTESIAN_POINT('',(312.,43.5));
#4095 = CARTESIAN_POINT('',(312.,440.5));
#4096 = ( GEOMETRIC_REPRESENTATION_CONTEXT(2) 
PARAMETRIC_REPRESENTATION_CONTEXT() REPRESENTATION_CONTEXT('2D SPACE',''
  ) );
#4097 = PCURVE('',#1930,#4098);
#4098 = DEFINITIONAL_REPRESENTATION('',(#4099),#4102);
#4099 = B_SPLINE_CURVE_WITH_KNOTS('',1,(#4100,#4101),.UNSPECIFIED.,.F.,
  .F.,(2,2),(21.75,418.75),.PIECEWISE_BEZIER_KNOTS.);
#4100 = CARTESIAN_POINT('',(0.,4.));
#4101 = CARTESIAN_POINT('',(397.,4.));
#4102 = ( GEOMETRIC_REPRESENTATION_CONTEXT(2) 
PARAMETRIC_REPRESENTATION_CONTEXT() REPRESENTATION_CONTEXT('2D SPACE',''
  ) );
#4103 = ORIENTED_EDGE('',*,*,#4104,.F.);
#4104 = EDGE_CURVE('',#4042,#4084,#4105,.T.);
#4105 = SURFACE_CURVE('',#4106,(#4110,#4116),.PCURVE_S1.);
#4106 = LINE('',#4107,#4108);
#4107 = CARTESIAN_POINT('',(198.5,-129.,-596.5));
#4108 = VECTOR('',#4109,1.);
#4109 = DIRECTION('',(0.,0.,-1.));
#4110 = PCURVE('',#1533,#4111);
#4111 = DEFINITIONAL_REPRESENTATION('',(#4112),#4115);
#4112 = B_SPLINE_CURVE_WITH_KNOTS('',1,(#4113,#4114),.UNSPECIFIED.,.F.,
  .F.,(2,2),(-176.,-156.),.PIECEWISE_BEZIER_KNOTS.);
#4113 = CARTESIAN_POINT('',(332.,440.5));
#4114 = CARTESIAN_POINT('',(312.,440.5));
#4115 = ( GEOMETRIC_REPRESENTATION_CONTEXT(2) 
PARAMETRIC_REPRESENTATION_CONTEXT() REPRESENTATION_CONTEXT('2D SPACE',''
  ) );
#4116 = PCURVE('',#1954,#4117);
#4117 = DEFINITIONAL_REPRESENTATION('',(#4118),#4121);
#4118 = B_SPLINE_CURVE_WITH_KNOTS('',1,(#4119,#4120),.UNSPECIFIED.,.F.,
  .F.,(2,2),(-176.,-156.),.PIECEWISE_BEZIER_KNOTS.);
#4119 = CARTESIAN_POINT('',(20.,-4.));
#4120 = CARTESIAN_POINT('',(0.,-4.));
#4121 = ( GEOMETRIC_REPRESENTATION_CONTEXT(2) 
PARAMETRIC_REPRESENTATION_CONTEXT() REPRESENTATION_CONTEXT('2D SPACE',''
  ) );
#4122 = FACE_BOUND('',#4123,.T.);
#4123 = EDGE_LOOP('',(#4124,#4147,#4168,#4189));
#4124 = ORIENTED_EDGE('',*,*,#4125,.F.);
#4125 = EDGE_CURVE('',#4126,#4128,#4130,.T.);
#4126 = VERTEX_POINT('',#4127);
#4127 = CARTESIAN_POINT('',(-198.5,-129.,-359.));
#4128 = VERTEX_POINT('',#4129);
#4129 = CARTESIAN_POINT('',(198.5,-129.,-359.));
#4130 = SURFACE_CURVE('',#4131,(#4135,#4141),.PCURVE_S1.);
#4131 = LINE('',#4132,#4133);
#4132 = CARTESIAN_POINT('',(-220.25,-129.,-359.));
#4133 = VECTOR('',#4134,1.);
#4134 = DIRECTION('',(1.,0.,0.));
#4135 = PCURVE('',#1533,#4136);
#4136 = DEFINITIONAL_REPRESENTATION('',(#4137),#4140);
#4137 = B_SPLINE_CURVE_WITH_KNOTS('',1,(#4138,#4139),.UNSPECIFIED.,.F.,
  .F.,(2,2),(21.75,418.75),.PIECEWISE_BEZIER_KNOTS.);
#4138 = CARTESIAN_POINT('',(393.5,43.5));
#4139 = CARTESIAN_POINT('',(393.5,440.5));
#4140 = ( GEOMETRIC_REPRESENTATION_CONTEXT(2) 
PARAMETRIC_REPRESENTATION_CONTEXT() REPRESENTATION_CONTEXT('2D SPACE',''
  ) );
#4141 = PCURVE('',#1984,#4142);
#4142 = DEFINITIONAL_REPRESENTATION('',(#4143),#4146);
#4143 = B_SPLINE_CURVE_WITH_KNOTS('',1,(#4144,#4145),.UNSPECIFIED.,.F.,
  .F.,(2,2),(21.75,418.75),.PIECEWISE_BEZIER_KNOTS.);
#4144 = CARTESIAN_POINT('',(0.,4.));
#4145 = CARTESIAN_POINT('',(397.,4.));
#4146 = ( GEOMETRIC_REPRESENTATION_CONTEXT(2) 
PARAMETRIC_REPRESENTATION_CONTEXT() REPRESENTATION_CONTEXT('2D SPACE',''
  ) );
#4147 = ORIENTED_EDGE('',*,*,#4148,.T.);
#4148 = EDGE_CURVE('',#4126,#4149,#4151,.T.);
#4149 = VERTEX_POINT('',#4150);
#4150 = CARTESIAN_POINT('',(-198.5,-129.,-379.));
#4151 = SURFACE_CURVE('',#4152,(#4156,#4162),.PCURVE_S1.);
#4152 = LINE('',#4153,#4154);
#4153 = CARTESIAN_POINT('',(-198.5,-129.,-565.75));
#4154 = VECTOR('',#4155,1.);
#4155 = DIRECTION('',(0.,0.,-1.));
#4156 = PCURVE('',#1533,#4157);
#4157 = DEFINITIONAL_REPRESENTATION('',(#4158),#4161);
#4158 = B_SPLINE_CURVE_WITH_KNOTS('',1,(#4159,#4160),.UNSPECIFIED.,.F.,
  .F.,(2,2),(-206.75,-186.75),.PIECEWISE_BEZIER_KNOTS.);
#4159 = CARTESIAN_POINT('',(393.5,43.5));
#4160 = CARTESIAN_POINT('',(373.5,43.5));
#4161 = ( GEOMETRIC_REPRESENTATION_CONTEXT(2) 
PARAMETRIC_REPRESENTATION_CONTEXT() REPRESENTATION_CONTEXT('2D SPACE',''
  ) );
#4162 = PCURVE('',#2010,#4163);
#4163 = DEFINITIONAL_REPRESENTATION('',(#4164),#4167);
#4164 = B_SPLINE_CURVE_WITH_KNOTS('',1,(#4165,#4166),.UNSPECIFIED.,.F.,
  .F.,(2,2),(-206.75,-186.75),.PIECEWISE_BEZIER_KNOTS.);
#4165 = CARTESIAN_POINT('',(20.,-4.));
#4166 = CARTESIAN_POINT('',(0.,-4.));
#4167 = ( GEOMETRIC_REPRESENTATION_CONTEXT(2) 
PARAMETRIC_REPRESENTATION_CONTEXT() REPRESENTATION_CONTEXT('2D SPACE',''
  ) );
#4168 = ORIENTED_EDGE('',*,*,#4169,.T.);
#4169 = EDGE_CURVE('',#4149,#4170,#4172,.T.);
#4170 = VERTEX_POINT('',#4171);
#4171 = CARTESIAN_POINT('',(198.5,-129.,-379.));
#4172 = SURFACE_CURVE('',#4173,(#4177,#4183),.PCURVE_S1.);
#4173 = LINE('',#4174,#4175);
#4174 = CARTESIAN_POINT('',(-220.25,-129.,-379.));
#4175 = VECTOR('',#4176,1.);
#4176 = DIRECTION('',(1.,0.,0.));
#4177 = PCURVE('',#1533,#4178);
#4178 = DEFINITIONAL_REPRESENTATION('',(#4179),#4182);
#4179 = B_SPLINE_CURVE_WITH_KNOTS('',1,(#4180,#4181),.UNSPECIFIED.,.F.,
  .F.,(2,2),(21.75,418.75),.PIECEWISE_BEZIER_KNOTS.);
#4180 = CARTESIAN_POINT('',(373.5,43.5));
#4181 = CARTESIAN_POINT('',(373.5,440.5));
#4182 = ( GEOMETRIC_REPRESENTATION_CONTEXT(2) 
PARAMETRIC_REPRESENTATION_CONTEXT() REPRESENTATION_CONTEXT('2D SPACE',''
  ) );
#4183 = PCURVE('',#2036,#4184);
#4184 = DEFINITIONAL_REPRESENTATION('',(#4185),#4188);
#4185 = B_SPLINE_CURVE_WITH_KNOTS('',1,(#4186,#4187),.UNSPECIFIED.,.F.,
  .F.,(2,2),(21.75,418.75),.PIECEWISE_BEZIER_KNOTS.);
#4186 = CARTESIAN_POINT('',(0.,4.));
#4187 = CARTESIAN_POINT('',(397.,4.));
#4188 = ( GEOMETRIC_REPRESENTATION_CONTEXT(2) 
PARAMETRIC_REPRESENTATION_CONTEXT() REPRESENTATION_CONTEXT('2D SPACE',''
  ) );
#4189 = ORIENTED_EDGE('',*,*,#4190,.F.);
#4190 = EDGE_CURVE('',#4128,#4170,#4191,.T.);
#4191 = SURFACE_CURVE('',#4192,(#4196,#4202),.PCURVE_S1.);
#4192 = LINE('',#4193,#4194);
#4193 = CARTESIAN_POINT('',(198.5,-129.,-565.75));
#4194 = VECTOR('',#4195,1.);
#4195 = DIRECTION('',(0.,0.,-1.));
#4196 = PCURVE('',#1533,#4197);
#4197 = DEFINITIONAL_REPRESENTATION('',(#4198),#4201);
#4198 = B_SPLINE_CURVE_WITH_KNOTS('',1,(#4199,#4200),.UNSPECIFIED.,.F.,
  .F.,(2,2),(-206.75,-186.75),.PIECEWISE_BEZIER_KNOTS.);
#4199 = CARTESIAN_POINT('',(393.5,440.5));
#4200 = CARTESIAN_POINT('',(373.5,440.5));
#4201 = ( GEOMETRIC_REPRESENTATION_CONTEXT(2) 
PARAMETRIC_REPRESENTATION_CONTEXT() REPRESENTATION_CONTEXT('2D SPACE',''
  ) );
#4202 = PCURVE('',#2060,#4203);
#4203 = DEFINITIONAL_REPRESENTATION('',(#4204),#4207);
#4204 = B_SPLINE_CURVE_WITH_KNOTS('',1,(#4205,#4206),.UNSPECIFIED.,.F.,
  .F.,(2,2),(-206.75,-186.75),.PIECEWISE_BEZIER_KNOTS.);
#4205 = CARTESIAN_POINT('',(20.,-4.));
#4206 = CARTESIAN_POINT('',(0.,-4.));
#4207 = ( GEOMETRIC_REPRESENTATION_CONTEXT(2) 
PARAMETRIC_REPRESENTATION_CONTEXT() REPRESENTATION_CONTEXT('2D SPACE',''
  ) );
#4208 = FACE_BOUND('',#4209,.T.);
#4209 = EDGE_LOOP('',(#4210,#4233,#4254,#4275));
#4210 = ORIENTED_EDGE('',*,*,#4211,.F.);
#4211 = EDGE_CURVE('',#4212,#4214,#4216,.T.);
#4212 = VERTEX_POINT('',#4213);
#4213 = CARTESIAN_POINT('',(-198.5,-129.,-297.5));
#4214 = VERTEX_POINT('',#4215);
#4215 = CARTESIAN_POINT('',(198.5,-129.,-297.5));
#4216 = SURFACE_CURVE('',#4217,(#4221,#4227),.PCURVE_S1.);
#4217 = LINE('',#4218,#4219);
#4218 = CARTESIAN_POINT('',(-220.25,-129.,-297.5));
#4219 = VECTOR('',#4220,1.);
#4220 = DIRECTION('',(1.,0.,0.));
#4221 = PCURVE('',#1533,#4222);
#4222 = DEFINITIONAL_REPRESENTATION('',(#4223),#4226);
#4223 = B_SPLINE_CURVE_WITH_KNOTS('',1,(#4224,#4225),.UNSPECIFIED.,.F.,
  .F.,(2,2),(21.75,418.75),.PIECEWISE_BEZIER_KNOTS.);
#4224 = CARTESIAN_POINT('',(455.,43.5));
#4225 = CARTESIAN_POINT('',(455.,440.5));
#4226 = ( GEOMETRIC_REPRESENTATION_CONTEXT(2) 
PARAMETRIC_REPRESENTATION_CONTEXT() REPRESENTATION_CONTEXT('2D SPACE',''
  ) );
#4227 = PCURVE('',#2090,#4228);
#4228 = DEFINITIONAL_REPRESENTATION('',(#4229),#4232);
#4229 = B_SPLINE_CURVE_WITH_KNOTS('',1,(#4230,#4231),.UNSPECIFIED.,.F.,
  .F.,(2,2),(21.75,418.75),.PIECEWISE_BEZIER_KNOTS.);
#4230 = CARTESIAN_POINT('',(0.,4.));
#4231 = CARTESIAN_POINT('',(397.,4.));
#4232 = ( GEOMETRIC_REPRESENTATION_CONTEXT(2) 
PARAMETRIC_REPRESENTATION_CONTEXT() REPRESENTATION_CONTEXT('2D SPACE',''
  ) );
#4233 = ORIENTED_EDGE('',*,*,#4234,.T.);
#4234 = EDGE_CURVE('',#4212,#4235,#4237,.T.);
#4235 = VERTEX_POINT('',#4236);
#4236 = CARTESIAN_POINT('',(-198.5,-129.,-317.5));
#4237 = SURFACE_CURVE('',#4238,(#4242,#4248),.PCURVE_S1.);
#4238 = LINE('',#4239,#4240);
#4239 = CARTESIAN_POINT('',(-198.5,-129.,-535.));
#4240 = VECTOR('',#4241,1.);
#4241 = DIRECTION('',(0.,0.,-1.));
#4242 = PCURVE('',#1533,#4243);
#4243 = DEFINITIONAL_REPRESENTATION('',(#4244),#4247);
#4244 = B_SPLINE_CURVE_WITH_KNOTS('',1,(#4245,#4246),.UNSPECIFIED.,.F.,
  .F.,(2,2),(-237.5,-217.5),.PIECEWISE_BEZIER_KNOTS.);
#4245 = CARTESIAN_POINT('',(455.,43.5));
#4246 = CARTESIAN_POINT('',(435.,43.5));
#4247 = ( GEOMETRIC_REPRESENTATION_CONTEXT(2) 
PARAMETRIC_REPRESENTATION_CONTEXT() REPRESENTATION_CONTEXT('2D SPACE',''
  ) );
#4248 = PCURVE('',#2116,#4249);
#4249 = DEFINITIONAL_REPRESENTATION('',(#4250),#4253);
#4250 = B_SPLINE_CURVE_WITH_KNOTS('',1,(#4251,#4252),.UNSPECIFIED.,.F.,
  .F.,(2,2),(-237.5,-217.5),.PIECEWISE_BEZIER_KNOTS.);
#4251 = CARTESIAN_POINT('',(20.,-4.));
#4252 = CARTESIAN_POINT('',(0.,-4.));
#4253 = ( GEOMETRIC_REPRESENTATION_CONTEXT(2) 
PARAMETRIC_REPRESENTATION_CONTEXT() REPRESENTATION_CONTEXT('2D SPACE',''
  ) );
#4254 = ORIENTED_EDGE('',*,*,#4255,.T.);
#4255 = EDGE_CURVE('',#4235,#4256,#4258,.T.);
#4256 = VERTEX_POINT('',#4257);
#4257 = CARTESIAN_POINT('',(198.5,-129.,-317.5));
#4258 = SURFACE_CURVE('',#4259,(#4263,#4269),.PCURVE_S1.);
#4259 = LINE('',#4260,#4261);
#4260 = CARTESIAN_POINT('',(-220.25,-129.,-317.5));
#4261 = VECTOR('',#4262,1.);
#4262 = DIRECTION('',(1.,0.,0.));
#4263 = PCURVE('',#1533,#4264);
#4264 = DEFINITIONAL_REPRESENTATION('',(#4265),#4268);
#4265 = B_SPLINE_CURVE_WITH_KNOTS('',1,(#4266,#4267),.UNSPECIFIED.,.F.,
  .F.,(2,2),(21.75,418.75),.PIECEWISE_BEZIER_KNOTS.);
#4266 = CARTESIAN_POINT('',(435.,43.5));
#4267 = CARTESIAN_POINT('',(435.,440.5));
#4268 = ( GEOMETRIC_REPRESENTATION_CONTEXT(2) 
PARAMETRIC_REPRESENTATION_CONTEXT() REPRESENTATION_CONTEXT('2D SPACE',''
  ) );
#4269 = PCURVE('',#2142,#4270);
#4270 = DEFINITIONAL_REPRESENTATION('',(#4271),#4274);
#4271 = B_SPLINE_CURVE_WITH_KNOTS('',1,(#4272,#4273),.UNSPECIFIED.,.F.,
  .F.,(2,2),(21.75,418.75),.PIECEWISE_BEZIER_KNOTS.);
#4272 = CARTESIAN_POINT('',(0.,4.));
#4273 = CARTESIAN_POINT('',(397.,4.));
#4274 = ( GEOMETRIC_REPRESENTATION_CONTEXT(2) 
PARAMETRIC_REPRESENTATION_CONTEXT() REPRESENTATION_CONTEXT('2D SPACE',''
  ) );
#4275 = ORIENTED_EDGE('',*,*,#4276,.F.);
#4276 = EDGE_CURVE('',#4214,#4256,#4277,.T.);
#4277 = SURFACE_CURVE('',#4278,(#4282,#4288),.PCURVE_S1.);
#4278 = LINE('',#4279,#4280);
#4279 = CARTESIAN_POINT('',(198.5,-129.,-535.));
#4280 = VECTOR('',#4281,1.);
#4281 = DIRECTION('',(0.,0.,-1.));
#4282 = PCURVE('',#1533,#4283);
#4283 = DEFINITIONAL_REPRESENTATION('',(#4284),#4287);
#4284 = B_SPLINE_CURVE_WITH_KNOTS('',1,(#4285,#4286),.UNSPECIFIED.,.F.,
  .F.,(2,2),(-237.5,-217.5),.PIECEWISE_BEZIER_KNOTS.);
#4285 = CARTESIAN_POINT('',(455.,440.5));
#4286 = CARTESIAN_POINT('',(435.,440.5));
#4287 = ( GEOMETRIC_REPRESENTATION_CONTEXT(2) 
PARAMETRIC_REPRESENTATION_CONTEXT() REPRESENTATION_CONTEXT('2D SPACE',''
  ) );
#4288 = PCURVE('',#2166,#4289);
#4289 = DEFINITIONAL_REPRESENTATION('',(#4290),#4293);
#4290 = B_SPLINE_CURVE_WITH_KNOTS('',1,(#4291,#4292),.UNSPECIFIED.,.F.,
  .F.,(2,2),(-237.5,-217.5),.PIECEWISE_BEZIER_KNOTS.);
#4291 = CARTESIAN_POINT('',(20.,-4.));
#4292 = CARTESIAN_POINT('',(0.,-4.));
#4293 = ( GEOMETRIC_REPRESENTATION_CONTEXT(2) 
PARAMETRIC_REPRESENTATION_CONTEXT() REPRESENTATION_CONTEXT('2D SPACE',''
  ) );
#4294 = FACE_BOUND('',#4295,.T.);
#4295 = EDGE_LOOP('',(#4296,#4319,#4340,#4361));
#4296 = ORIENTED_EDGE('',*,*,#4297,.F.);
#4297 = EDGE_CURVE('',#4298,#4300,#4302,.T.);
#4298 = VERTEX_POINT('',#4299);
#4299 = CARTESIAN_POINT('',(-198.5,-129.,-236.));
#4300 = VERTEX_POINT('',#4301);
#4301 = CARTESIAN_POINT('',(198.5,-129.,-236.));
#4302 = SURFACE_CURVE('',#4303,(#4307,#4313),.PCURVE_S1.);
#4303 = LINE('',#4304,#4305);
#4304 = CARTESIAN_POINT('',(-220.25,-129.,-236.));
#4305 = VECTOR('',#4306,1.);
#4306 = DIRECTION('',(1.,0.,0.));
#4307 = PCURVE('',#1533,#4308);
#4308 = DEFINITIONAL_REPRESENTATION('',(#4309),#4312);
#4309 = B_SPLINE_CURVE_WITH_KNOTS('',1,(#4310,#4311),.UNSPECIFIED.,.F.,
  .F.,(2,2),(21.75,418.75),.PIECEWISE_BEZIER_KNOTS.);
#4310 = CARTESIAN_POINT('',(516.5,43.5));
#4311 = CARTESIAN_POINT('',(516.5,440.5));
#4312 = ( GEOMETRIC_REPRESENTATION_CONTEXT(2) 
PARAMETRIC_REPRESENTATION_CONTEXT() REPRESENTATION_CONTEXT('2D SPACE',''
  ) );
#4313 = PCURVE('',#2196,#4314);
#4314 = DEFINITIONAL_REPRESENTATION('',(#4315),#4318);
#4315 = B_SPLINE_CURVE_WITH_KNOTS('',1,(#4316,#4317),.UNSPECIFIED.,.F.,
  .F.,(2,2),(21.75,418.75),.PIECEWISE_BEZIER_KNOTS.);
#4316 = CARTESIAN_POINT('',(0.,4.));
#4317 = CARTESIAN_POINT('',(397.,4.));
#4318 = ( GEOMETRIC_REPRESENTATION_CONTEXT(2) 
PARAMETRIC_REPRESENTATION_CONTEXT() REPRESENTATION_CONTEXT('2D SPACE',''
  ) );
#4319 = ORIENTED_EDGE('',*,*,#4320,.T.);
#4320 = EDGE_CURVE('',#4298,#4321,#4323,.T.);
#4321 = VERTEX_POINT('',#4322);
#4322 = CARTESIAN_POINT('',(-198.5,-129.,-256.));
#4323 = SURFACE_CURVE('',#4324,(#4328,#4334),.PCURVE_S1.);
#4324 = LINE('',#4325,#4326);
#4325 = CARTESIAN_POINT('',(-198.5,-129.,-504.25));
#4326 = VECTOR('',#4327,1.);
#4327 = DIRECTION('',(0.,0.,-1.));
#4328 = PCURVE('',#1533,#4329);
#4329 = DEFINITIONAL_REPRESENTATION('',(#4330),#4333);
#4330 = B_SPLINE_CURVE_WITH_KNOTS('',1,(#4331,#4332),.UNSPECIFIED.,.F.,
  .F.,(2,2),(-268.25,-248.25),.PIECEWISE_BEZIER_KNOTS.);
#4331 = CARTESIAN_POINT('',(516.5,43.5));
#4332 = CARTESIAN_POINT('',(496.5,43.5));
#4333 = ( GEOMETRIC_REPRESENTATION_CONTEXT(2) 
PARAMETRIC_REPRESENTATION_CONTEXT() REPRESENTATION_CONTEXT('2D SPACE',''
  ) );
#4334 = PCURVE('',#2222,#4335);
#4335 = DEFINITIONAL_REPRESENTATION('',(#4336),#4339);
#4336 = B_SPLINE_CURVE_WITH_KNOTS('',1,(#4337,#4338),.UNSPECIFIED.,.F.,
  .F.,(2,2),(-268.25,-248.25),.PIECEWISE_BEZIER_KNOTS.);
#4337 = CARTESIAN_POINT('',(20.,-4.));
#4338 = CARTESIAN_POINT('',(0.,-4.));
#4339 = ( GEOMETRIC_REPRESENTATION_CONTEXT(2) 
PARAMETRIC_REPRESENTATION_CONTEXT() REPRESENTATION_CONTEXT('2D SPACE',''
  ) );
#4340 = ORIENTED_EDGE('',*,*,#4341,.T.);
#4341 = EDGE_CURVE('',#4321,#4342,#4344,.T.);
#4342 = VERTEX_POINT('',#4343);
#4343 = CARTESIAN_POINT('',(198.5,-129.,-256.));
#4344 = SURFACE_CURVE('',#4345,(#4349,#4355),.PCURVE_S1.);
#4345 = LINE('',#4346,#4347);
#4346 = CARTESIAN_POINT('',(-220.25,-129.,-256.));
#4347 = VECTOR('',#4348,1.);
#4348 = DIRECTION('',(1.,0.,0.));
#4349 = PCURVE('',#1533,#4350);
#4350 = DEFINITIONAL_REPRESENTATION('',(#4351),#4354);
#4351 = B_SPLINE_CURVE_WITH_KNOTS('',1,(#4352,#4353),.UNSPECIFIED.,.F.,
  .F.,(2,2),(21.75,418.75),.PIECEWISE_BEZIER_KNOTS.);
#4352 = CARTESIAN_POINT('',(496.5,43.5));
#4353 = CARTESIAN_POINT('',(496.5,440.5));
#4354 = ( GEOMETRIC_REPRESENTATION_CONTEXT(2) 
PARAMETRIC_REPRESENTATION_CONTEXT() REPRESENTATION_CONTEXT('2D SPACE',''
  ) );
#4355 = PCURVE('',#2248,#4356);
#4356 = DEFINITIONAL_REPRESENTATION('',(#4357),#4360);
#4357 = B_SPLINE_CURVE_WITH_KNOTS('',1,(#4358,#4359),.UNSPECIFIED.,.F.,
  .F.,(2,2),(21.75,418.75),.PIECEWISE_BEZIER_KNOTS.);
#4358 = CARTESIAN_POINT('',(0.,4.));
#4359 = CARTESIAN_POINT('',(397.,4.));
#4360 = ( GEOMETRIC_REPRESENTATION_CONTEXT(2) 
PARAMETRIC_REPRESENTATION_CONTEXT() REPRESENTATION_CONTEXT('2D SPACE',''
  ) );
#4361 = ORIENTED_EDGE('',*,*,#4362,.F.);
#4362 = EDGE_CURVE('',#4300,#4342,#4363,.T.);
#4363 = SURFACE_CURVE('',#4364,(#4368,#4374),.PCURVE_S1.);
#4364 = LINE('',#4365,#4366);
#4365 = CARTESIAN_POINT('',(198.5,-129.,-504.25));
#4366 = VECTOR('',#4367,1.);
#4367 = DIRECTION('',(0.,0.,-1.));
#4368 = PCURVE('',#1533,#4369);
#4369 = DEFINITIONAL_REPRESENTATION('',(#4370),#4373);
#4370 = B_SPLINE_CURVE_WITH_KNOTS('',1,(#4371,#4372),.UNSPECIFIED.,.F.,
  .F.,(2,2),(-268.25,-248.25),.PIECEWISE_BEZIER_KNOTS.);
#4371 = CARTESIAN_POINT('',(516.5,440.5));
#4372 = CARTESIAN_POINT('',(496.5,440.5));
#4373 = ( GEOMETRIC_REPRESENTATION_CONTEXT(2) 
PARAMETRIC_REPRESENTATION_CONTEXT() REPRESENTATION_CONTEXT('2D SPACE',''
  ) );
#4374 = PCURVE('',#2272,#4375);
#4375 = DEFINITIONAL_REPRESENTATION('',(#4376),#4379);
#4376 = B_SPLINE_CURVE_WITH_KNOTS('',1,(#4377,#4378),.UNSPECIFIED.,.F.,
  .F.,(2,2),(-268.25,-248.25),.PIECEWISE_BEZIER_KNOTS.);
#4377 = CARTESIAN_POINT('',(20.,-4.));
#4378 = CARTESIAN_POINT('',(0.,-4.));
#4379 = ( GEOMETRIC_REPRESENTATION_CONTEXT(2) 
PARAMETRIC_REPRESENTATION_CONTEXT() REPRESENTATION_CONTEXT('2D SPACE',''
  ) );
#4380 = FACE_BOUND('',#4381,.T.);
#4381 = EDGE_LOOP('',(#4382,#4405,#4426,#4447));
#4382 = ORIENTED_EDGE('',*,*,#4383,.F.);
#4383 = EDGE_CURVE('',#4384,#4386,#4388,.T.);
#4384 = VERTEX_POINT('',#4385);
#4385 = CARTESIAN_POINT('',(-198.5,-129.,-174.5));
#4386 = VERTEX_POINT('',#4387);
#4387 = CARTESIAN_POINT('',(198.5,-129.,-174.5));
#4388 = SURFACE_CURVE('',#4389,(#4393,#4399),.PCURVE_S1.);
#4389 = LINE('',#4390,#4391);
#4390 = CARTESIAN_POINT('',(-220.25,-129.,-174.5));
#4391 = VECTOR('',#4392,1.);
#4392 = DIRECTION('',(1.,0.,0.));
#4393 = PCURVE('',#1533,#4394);
#4394 = DEFINITIONAL_REPRESENTATION('',(#4395),#4398);
#4395 = B_SPLINE_CURVE_WITH_KNOTS('',1,(#4396,#4397),.UNSPECIFIED.,.F.,
  .F.,(2,2),(21.75,418.75),.PIECEWISE_BEZIER_KNOTS.);
#4396 = CARTESIAN_POINT('',(578.,43.5));
#4397 = CARTESIAN_POINT('',(578.,440.5));
#4398 = ( GEOMETRIC_REPRESENTATION_CONTEXT(2) 
PARAMETRIC_REPRESENTATION_CONTEXT() REPRESENTATION_CONTEXT('2D SPACE',''
  ) );
#4399 = PCURVE('',#2302,#4400);
#4400 = DEFINITIONAL_REPRESENTATION('',(#4401),#4404);
#4401 = B_SPLINE_CURVE_WITH_KNOTS('',1,(#4402,#4403),.UNSPECIFIED.,.F.,
  .F.,(2,2),(21.75,418.75),.PIECEWISE_BEZIER_KNOTS.);
#4402 = CARTESIAN_POINT('',(0.,4.));
#4403 = CARTESIAN_POINT('',(397.,4.));
#4404 = ( GEOMETRIC_REPRESENTATION_CONTEXT(2) 
PARAMETRIC_REPRESENTATION_CONTEXT() REPRESENTATION_CONTEXT('2D SPACE',''
  ) );
#4405 = ORIENTED_EDGE('',*,*,#4406,.T.);
#4406 = EDGE_CURVE('',#4384,#4407,#4409,.T.);
#4407 = VERTEX_POINT('',#4408);
#4408 = CARTESIAN_POINT('',(-198.5,-129.,-194.5));
#4409 = SURFACE_CURVE('',#4410,(#4414,#4420),.PCURVE_S1.);
#4410 = LINE('',#4411,#4412);
#4411 = CARTESIAN_POINT('',(-198.5,-129.,-473.5));
#4412 = VECTOR('',#4413,1.);
#4413 = DIRECTION('',(0.,0.,-1.));
#4414 = PCURVE('',#1533,#4415);
#4415 = DEFINITIONAL_REPRESENTATION('',(#4416),#4419);
#4416 = B_SPLINE_CURVE_WITH_KNOTS('',1,(#4417,#4418),.UNSPECIFIED.,.F.,
  .F.,(2,2),(-299.,-279.),.PIECEWISE_BEZIER_KNOTS.);
#4417 = CARTESIAN_POINT('',(578.,43.5));
#4418 = CARTESIAN_POINT('',(558.,43.5));
#4419 = ( GEOMETRIC_REPRESENTATION_CONTEXT(2) 
PARAMETRIC_REPRESENTATION_CONTEXT() REPRESENTATION_CONTEXT('2D SPACE',''
  ) );
#4420 = PCURVE('',#2328,#4421);
#4421 = DEFINITIONAL_REPRESENTATION('',(#4422),#4425);
#4422 = B_SPLINE_CURVE_WITH_KNOTS('',1,(#4423,#4424),.UNSPECIFIED.,.F.,
  .F.,(2,2),(-299.,-279.),.PIECEWISE_BEZIER_KNOTS.);
#4423 = CARTESIAN_POINT('',(20.,-4.));
#4424 = CARTESIAN_POINT('',(0.,-4.));
#4425 = ( GEOMETRIC_REPRESENTATION_CONTEXT(2) 
PARAMETRIC_REPRESENTATION_CONTEXT() REPRESENTATION_CONTEXT('2D SPACE',''
  ) );
#4426 = ORIENTED_EDGE('',*,*,#4427,.T.);
#4427 = EDGE_CURVE('',#4407,#4428,#4430,.T.);
#4428 = VERTEX_POINT('',#4429);
#4429 = CARTESIAN_POINT('',(198.5,-129.,-194.5));
#4430 = SURFACE_CURVE('',#4431,(#4435,#4441),.PCURVE_S1.);
#4431 = LINE('',#4432,#4433);
#4432 = CARTESIAN_POINT('',(-220.25,-129.,-194.5));
#4433 = VECTOR('',#4434,1.);
#4434 = DIRECTION('',(1.,0.,0.));
#4435 = PCURVE('',#1533,#4436);
#4436 = DEFINITIONAL_REPRESENTATION('',(#4437),#4440);
#4437 = B_SPLINE_CURVE_WITH_KNOTS('',1,(#4438,#4439),.UNSPECIFIED.,.F.,
  .F.,(2,2),(21.75,418.75),.PIECEWISE_BEZIER_KNOTS.);
#4438 = CARTESIAN_POINT('',(558.,43.5));
#4439 = CARTESIAN_POINT('',(558.,440.5));
#4440 = ( GEOMETRIC_REPRESENTATION_CONTEXT(2) 
PARAMETRIC_REPRESENTATION_CONTEXT() REPRESENTATION_CONTEXT('2D SPACE',''
  ) );
#4441 = PCURVE('',#2354,#4442);
#4442 = DEFINITIONAL_REPRESENTATION('',(#4443),#4446);
#4443 = B_SPLINE_CURVE_WITH_KNOTS('',1,(#4444,#4445),.UNSPECIFIED.,.F.,
  .F.,(2,2),(21.75,418.75),.PIECEWISE_BEZIER_KNOTS.);
#4444 = CARTESIAN_POINT('',(0.,4.));
#4445 = CARTESIAN_POINT('',(397.,4.));
#4446 = ( GEOMETRIC_REPRESENTATION_CONTEXT(2) 
PARAMETRIC_REPRESENTATION_CONTEXT() REPRESENTATION_CONTEXT('2D SPACE',''
  ) );
#4447 = ORIENTED_EDGE('',*,*,#4448,.F.);
#4448 = EDGE_CURVE('',#4386,#4428,#4449,.T.);
#4449 = SURFACE_CURVE('',#4450,(#4454,#4460),.PCURVE_S1.);
#4450 = LINE('',#4451,#4452);
#4451 = CARTESIAN_POINT('',(198.5,-129.,-473.5));
#4452 = VECTOR('',#4453,1.);
#4453 = DIRECTION('',(0.,0.,-1.));
#4454 = PCURVE('',#1533,#4455);
#4455 = DEFINITIONAL_REPRESENTATION('',(#4456),#4459);
#4456 = B_SPLINE_CURVE_WITH_KNOTS('',1,(#4457,#4458),.UNSPECIFIED.,.F.,
  .F.,(2,2),(-299.,-279.),.PIECEWISE_BEZIER_KNOTS.);
#4457 = CARTESIAN_POINT('',(578.,440.5));
#4458 = CARTESIAN_POINT('',(558.,440.5));
#4459 = ( GEOMETRIC_REPRESENTATION_CONTEXT(2) 
PARAMETRIC_REPRESENTATION_CONTEXT() REPRESENTATION_CONTEXT('2D SPACE',''
  ) );
#4460 = PCURVE('',#2378,#4461);
#4461 = DEFINITIONAL_REPRESENTATION('',(#4462),#4465);
#4462 = B_SPLINE_CURVE_WITH_KNOTS('',1,(#4463,#4464),.UNSPECIFIED.,.F.,
  .F.,(2,2),(-299.,-279.),.PIECEWISE_BEZIER_KNOTS.);
#4463 = CARTESIAN_POINT('',(20.,-4.));
#4464 = CARTESIAN_POINT('',(0.,-4.));
#4465 = ( GEOMETRIC_REPRESENTATION_CONTEXT(2) 
PARAMETRIC_REPRESENTATION_CONTEXT() REPRESENTATION_CONTEXT('2D SPACE',''
  ) );
#4466 = FACE_BOUND('',#4467,.T.);
#4467 = EDGE_LOOP('',(#4468,#4491,#4512,#4533));
#4468 = ORIENTED_EDGE('',*,*,#4469,.F.);
#4469 = EDGE_CURVE('',#4470,#4472,#4474,.T.);
#4470 = VERTEX_POINT('',#4471);
#4471 = CARTESIAN_POINT('',(-198.5,-129.,-113.));
#4472 = VERTEX_POINT('',#4473);
#4473 = CARTESIAN_POINT('',(198.5,-129.,-113.));
#4474 = SURFACE_CURVE('',#4475,(#4479,#4485),.PCURVE_S1.);
#4475 = LINE('',#4476,#4477);
#4476 = CARTESIAN_POINT('',(-220.25,-129.,-113.));
#4477 = VECTOR('',#4478,1.);
#4478 = DIRECTION('',(1.,0.,0.));
#4479 = PCURVE('',#1533,#4480);
#4480 = DEFINITIONAL_REPRESENTATION('',(#4481),#4484);
#4481 = B_SPLINE_CURVE_WITH_KNOTS('',1,(#4482,#4483),.UNSPECIFIED.,.F.,
  .F.,(2,2),(21.75,418.75),.PIECEWISE_BEZIER_KNOTS.);
#4482 = CARTESIAN_POINT('',(639.5,43.5));
#4483 = CARTESIAN_POINT('',(639.5,440.5));
#4484 = ( GEOMETRIC_REPRESENTATION_CONTEXT(2) 
PARAMETRIC_REPRESENTATION_CONTEXT() REPRESENTATION_CONTEXT('2D SPACE',''
  ) );
#4485 = PCURVE('',#2408,#4486);
#4486 = DEFINITIONAL_REPRESENTATION('',(#4487),#4490);
#4487 = B_SPLINE_CURVE_WITH_KNOTS('',1,(#4488,#4489),.UNSPECIFIED.,.F.,
  .F.,(2,2),(21.75,418.75),.PIECEWISE_BEZIER_KNOTS.);
#4488 = CARTESIAN_POINT('',(0.,4.));
#4489 = CARTESIAN_POINT('',(397.,4.));
#4490 = ( GEOMETRIC_REPRESENTATION_CONTEXT(2) 
PARAMETRIC_REPRESENTATION_CONTEXT() REPRESENTATION_CONTEXT('2D SPACE',''
  ) );
#4491 = ORIENTED_EDGE('',*,*,#4492,.T.);
#4492 = EDGE_CURVE('',#4470,#4493,#4495,.T.);
#4493 = VERTEX_POINT('',#4494);
#4494 = CARTESIAN_POINT('',(-198.5,-129.,-133.));
#4495 = SURFACE_CURVE('',#4496,(#4500,#4506),.PCURVE_S1.);
#4496 = LINE('',#4497,#4498);
#4497 = CARTESIAN_POINT('',(-198.5,-129.,-442.75));
#4498 = VECTOR('',#4499,1.);
#4499 = DIRECTION('',(0.,0.,-1.));
#4500 = PCURVE('',#1533,#4501);
#4501 = DEFINITIONAL_REPRESENTATION('',(#4502),#4505);
#4502 = B_SPLINE_CURVE_WITH_KNOTS('',1,(#4503,#4504),.UNSPECIFIED.,.F.,
  .F.,(2,2),(-329.75,-309.75),.PIECEWISE_BEZIER_KNOTS.);
#4503 = CARTESIAN_POINT('',(639.5,43.5));
#4504 = CARTESIAN_POINT('',(619.5,43.5));
#4505 = ( GEOMETRIC_REPRESENTATION_CONTEXT(2) 
PARAMETRIC_REPRESENTATION_CONTEXT() REPRESENTATION_CONTEXT('2D SPACE',''
  ) );
#4506 = PCURVE('',#2434,#4507);
#4507 = DEFINITIONAL_REPRESENTATION('',(#4508),#4511);
#4508 = B_SPLINE_CURVE_WITH_KNOTS('',1,(#4509,#4510),.UNSPECIFIED.,.F.,
  .F.,(2,2),(-329.75,-309.75),.PIECEWISE_BEZIER_KNOTS.);
#4509 = CARTESIAN_POINT('',(20.,-4.));
#4510 = CARTESIAN_POINT('',(0.,-4.));
#4511 = ( GEOMETRIC_REPRESENTATION_CONTEXT(2) 
PARAMETRIC_REPRESENTATION_CONTEXT() REPRESENTATION_CONTEXT('2D SPACE',''
  ) );
#4512 = ORIENTED_EDGE('',*,*,#4513,.T.);
#4513 = EDGE_CURVE('',#4493,#4514,#4516,.T.);
#4514 = VERTEX_POINT('',#4515);
#4515 = CARTESIAN_POINT('',(198.5,-129.,-133.));
#4516 = SURFACE_CURVE('',#4517,(#4521,#4527),.PCURVE_S1.);
#4517 = LINE('',#4518,#4519);
#4518 = CARTESIAN_POINT('',(-220.25,-129.,-133.));
#4519 = VECTOR('',#4520,1.);
#4520 = DIRECTION('',(1.,0.,0.));
#4521 = PCURVE('',#1533,#4522);
#4522 = DEFINITIONAL_REPRESENTATION('',(#4523),#4526);
#4523 = B_SPLINE_CURVE_WITH_KNOTS('',1,(#4524,#4525),.UNSPECIFIED.,.F.,
  .F.,(2,2),(21.75,418.75),.PIECEWISE_BEZIER_KNOTS.);
#4524 = CARTESIAN_POINT('',(619.5,43.5));
#4525 = CARTESIAN_POINT('',(619.5,440.5));
#4526 = ( GEOMETRIC_REPRESENTATION_CONTEXT(2) 
PARAMETRIC_REPRESENTATION_CONTEXT() REPRESENTATION_CONTEXT('2D SPACE',''
  ) );
#4527 = PCURVE('',#2460,#4528);
#4528 = DEFINITIONAL_REPRESENTATION('',(#4529),#4532);
#4529 = B_SPLINE_CURVE_WITH_KNOTS('',1,(#4530,#4531),.UNSPECIFIED.,.F.,
  .F.,(2,2),(21.75,418.75),.PIECEWISE_BEZIER_KNOTS.);
#4530 = CARTESIAN_POINT('',(0.,4.));
#4531 = CARTESIAN_POINT('',(397.,4.));
#4532 = ( GEOMETRIC_REPRESENTATION_CONTEXT(2) 
PARAMETRIC_REPRESENTATION_CONTEXT() REPRESENTATION_CONTEXT('2D SPACE',''
  ) );
#4533 = ORIENTED_EDGE('',*,*,#4534,.F.);
#4534 = EDGE_CURVE('',#4472,#4514,#4535,.T.);
#4535 = SURFACE_CURVE('',#4536,(#4540,#4546),.PCURVE_S1.);
#4536 = LINE('',#4537,#4538);
#4537 = CARTESIAN_POINT('',(198.5,-129.,-442.75));
#4538 = VECTOR('',#4539,1.);
#4539 = DIRECTION('',(0.,0.,-1.));
#4540 = PCURVE('',#1533,#4541);
#4541 = DEFINITIONAL_REPRESENTATION('',(#4542),#4545);
#4542 = B_SPLINE_CURVE_WITH_KNOTS('',1,(#4543,#4544),.UNSPECIFIED.,.F.,
  .F.,(2,2),(-329.75,-309.75),.PIECEWISE_BEZIER_KNOTS.);
#4543 = CARTESIAN_POINT('',(639.5,440.5));
#4544 = CARTESIAN_POINT('',(619.5,440.5));
#4545 = ( GEOMETRIC_REPRESENTATION_CONTEXT(2) 
PARAMETRIC_REPRESENTATION_CONTEXT() REPRESENTATION_CONTEXT('2D SPACE',''
  ) );
#4546 = PCURVE('',#2484,#4547);
#4547 = DEFINITIONAL_REPRESENTATION('',(#4548),#4551);
#4548 = B_SPLINE_CURVE_WITH_KNOTS('',1,(#4549,#4550),.UNSPECIFIED.,.F.,
  .F.,(2,2),(-329.75,-309.75),.PIECEWISE_BEZIER_KNOTS.);
#4549 = CARTESIAN_POINT('',(20.,-4.));
#4550 = CARTESIAN_POINT('',(0.,-4.));
#4551 = ( GEOMETRIC_REPRESENTATION_CONTEXT(2) 
PARAMETRIC_REPRESENTATION_CONTEXT() REPRESENTATION_CONTEXT('2D SPACE',''
  ) );
#4552 = FACE_BOUND('',#4553,.T.);
#4553 = EDGE_LOOP('',(#4554,#4577,#4598,#4619));
#4554 = ORIENTED_EDGE('',*,*,#4555,.F.);
#4555 = EDGE_CURVE('',#4556,#4558,#4560,.T.);
#4556 = VERTEX_POINT('',#4557);
#4557 = CARTESIAN_POINT('',(-198.5,-129.,-51.5));
#4558 = VERTEX_POINT('',#4559);
#4559 = CARTESIAN_POINT('',(198.5,-129.,-51.5));
#4560 = SURFACE_CURVE('',#4561,(#4565,#4571),.PCURVE_S1.);
#4561 = LINE('',#4562,#4563);
#4562 = CARTESIAN_POINT('',(-220.25,-129.,-51.5));
#4563 = VECTOR('',#4564,1.);
#4564 = DIRECTION('',(1.,0.,0.));
#4565 = PCURVE('',#1533,#4566);
#4566 = DEFINITIONAL_REPRESENTATION('',(#4567),#4570);
#4567 = B_SPLINE_CURVE_WITH_KNOTS('',1,(#4568,#4569),.UNSPECIFIED.,.F.,
  .F.,(2,2),(21.75,418.75),.PIECEWISE_BEZIER_KNOTS.);
#4568 = CARTESIAN_POINT('',(701.,43.5));
#4569 = CARTESIAN_POINT('',(701.,440.5));
#4570 = ( GEOMETRIC_REPRESENTATION_CONTEXT(2) 
PARAMETRIC_REPRESENTATION_CONTEXT() REPRESENTATION_CONTEXT('2D SPACE',''
  ) );
#4571 = PCURVE('',#2514,#4572);
#4572 = DEFINITIONAL_REPRESENTATION('',(#4573),#4576);
#4573 = B_SPLINE_CURVE_WITH_KNOTS('',1,(#4574,#4575),.UNSPECIFIED.,.F.,
  .F.,(2,2),(21.75,418.75),.PIECEWISE_BEZIER_KNOTS.);
#4574 = CARTESIAN_POINT('',(0.,4.));
#4575 = CARTESIAN_POINT('',(397.,4.));
#4576 = ( GEOMETRIC_REPRESENTATION_CONTEXT(2) 
PARAMETRIC_REPRESENTATION_CONTEXT() REPRESENTATION_CONTEXT('2D SPACE',''
  ) );
#4577 = ORIENTED_EDGE('',*,*,#4578,.T.);
#4578 = EDGE_CURVE('',#4556,#4579,#4581,.T.);
#4579 = VERTEX_POINT('',#4580);
#4580 = CARTESIAN_POINT('',(-198.5,-129.,-71.5));
#4581 = SURFACE_CURVE('',#4582,(#4586,#4592),.PCURVE_S1.);
#4582 = LINE('',#4583,#4584);
#4583 = CARTESIAN_POINT('',(-198.5,-129.,-412.));
#4584 = VECTOR('',#4585,1.);
#4585 = DIRECTION('',(0.,0.,-1.));
#4586 = PCURVE('',#1533,#4587);
#4587 = DEFINITIONAL_REPRESENTATION('',(#4588),#4591);
#4588 = B_SPLINE_CURVE_WITH_KNOTS('',1,(#4589,#4590),.UNSPECIFIED.,.F.,
  .F.,(2,2),(-360.5,-340.5),.PIECEWISE_BEZIER_KNOTS.);
#4589 = CARTESIAN_POINT('',(701.,43.5));
#4590 = CARTESIAN_POINT('',(681.,43.5));
#4591 = ( GEOMETRIC_REPRESENTATION_CONTEXT(2) 
PARAMETRIC_REPRESENTATION_CONTEXT() REPRESENTATION_CONTEXT('2D SPACE',''
  ) );
#4592 = PCURVE('',#2540,#4593);
#4593 = DEFINITIONAL_REPRESENTATION('',(#4594),#4597);
#4594 = B_SPLINE_CURVE_WITH_KNOTS('',1,(#4595,#4596),.UNSPECIFIED.,.F.,
  .F.,(2,2),(-360.5,-340.5),.PIECEWISE_BEZIER_KNOTS.);
#4595 = CARTESIAN_POINT('',(20.,-4.));
#4596 = CARTESIAN_POINT('',(0.,-4.));
#4597 = ( GEOMETRIC_REPRESENTATION_CONTEXT(2) 
PARAMETRIC_REPRESENTATION_CONTEXT() REPRESENTATION_CONTEXT('2D SPACE',''
  ) );
#4598 = ORIENTED_EDGE('',*,*,#4599,.T.);
#4599 = EDGE_CURVE('',#4579,#4600,#4602,.T.);
#4600 = VERTEX_POINT('',#4601);
#4601 = CARTESIAN_POINT('',(198.5,-129.,-71.5));
#4602 = SURFACE_CURVE('',#4603,(#4607,#4613),.PCURVE_S1.);
#4603 = LINE('',#4604,#4605);
#4604 = CARTESIAN_POINT('',(-220.25,-129.,-71.5));
#4605 = VECTOR('',#4606,1.);
#4606 = DIRECTION('',(1.,0.,0.));
#4607 = PCURVE('',#1533,#4608);
#4608 = DEFINITIONAL_REPRESENTATION('',(#4609),#4612);
#4609 = B_SPLINE_CURVE_WITH_KNOTS('',1,(#4610,#4611),.UNSPECIFIED.,.F.,
  .F.,(2,2),(21.75,418.75),.PIECEWISE_BEZIER_KNOTS.);
#4610 = CARTESIAN_POINT('',(681.,43.5));
#4611 = CARTESIAN_POINT('',(681.,440.5));
#4612 = ( GEOMETRIC_REPRESENTATION_CONTEXT(2) 
PARAMETRIC_REPRESENTATION_CONTEXT() REPRESENTATION_CONTEXT('2D SPACE',''
  ) );
#4613 = PCURVE('',#2566,#4614);
#4614 = DEFINITIONAL_REPRESENTATION('',(#4615),#4618);
#4615 = B_SPLINE_CURVE_WITH_KNOTS('',1,(#4616,#4617),.UNSPECIFIED.,.F.,
  .F.,(2,2),(21.75,418.75),.PIECEWISE_BEZIER_KNOTS.);
#4616 = CARTESIAN_POINT('',(0.,4.));
#4617 = CARTESIAN_POINT('',(397.,4.));
#4618 = ( GEOMETRIC_REPRESENTATION_CONTEXT(2) 
PARAMETRIC_REPRESENTATION_CONTEXT() REPRESENTATION_CONTEXT('2D SPACE',''
  ) );
#4619 = ORIENTED_EDGE('',*,*,#4620,.F.);
#4620 = EDGE_CURVE('',#4558,#4600,#4621,.T.);
#4621 = SURFACE_CURVE('',#4622,(#4626,#4632),.PCURVE_S1.);
#4622 = LINE('',#4623,#4624);
#4623 = CARTESIAN_POINT('',(198.5,-129.,-412.));
#4624 = VECTOR('',#4625,1.);
#4625 = DIRECTION('',(0.,0.,-1.));
#4626 = PCURVE('',#1533,#4627);
#4627 = DEFINITIONAL_REPRESENTATION('',(#4628),#4631);
#4628 = B_SPLINE_CURVE_WITH_KNOTS('',1,(#4629,#4630),.UNSPECIFIED.,.F.,
  .F.,(2,2),(-360.5,-340.5),.PIECEWISE_BEZIER_KNOTS.);
#4629 = CARTESIAN_POINT('',(701.,440.5));
#4630 = CARTESIAN_POINT('',(681.,440.5));
#4631 = ( GEOMETRIC_REPRESENTATION_CONTEXT(2) 
PARAMETRIC_REPRESENTATION_CONTEXT() REPRESENTATION_CONTEXT('2D SPACE',''
  ) );
#4632 = PCURVE('',#2590,#4633);
#4633 = DEFINITIONAL_REPRESENTATION('',(#4634),#4637);
#4634 = B_SPLINE_CURVE_WITH_KNOTS('',1,(#4635,#4636),.UNSPECIFIED.,.F.,
  .F.,(2,2),(-360.5,-340.5),.PIECEWISE_BEZIER_KNOTS.);
#4635 = CARTESIAN_POINT('',(20.,-4.));
#4636 = CARTESIAN_POINT('',(0.,-4.));
#4637 = ( GEOMETRIC_REPRESENTATION_CONTEXT(2) 
PARAMETRIC_REPRESENTATION_CONTEXT() REPRESENTATION_CONTEXT('2D SPACE',''
  ) );
#4638 = FACE_BOUND('',#4639,.T.);
#4639 = EDGE_LOOP('',(#4640,#4663,#4684,#4705));
#4640 = ORIENTED_EDGE('',*,*,#4641,.F.);
#4641 = EDGE_CURVE('',#4642,#4644,#4646,.T.);
#4642 = VERTEX_POINT('',#4643);
#4643 = CARTESIAN_POINT('',(-198.5,-129.,10.));
#4644 = VERTEX_POINT('',#4645);
#4645 = CARTESIAN_POINT('',(198.5,-129.,10.));
#4646 = SURFACE_CURVE('',#4647,(#4651,#4657),.PCURVE_S1.);
#4647 = LINE('',#4648,#4649);
#4648 = CARTESIAN_POINT('',(-220.25,-129.,10.));
#4649 = VECTOR('',#4650,1.);
#4650 = DIRECTION('',(1.,0.,0.));
#4651 = PCURVE('',#1533,#4652);
#4652 = DEFINITIONAL_REPRESENTATION('',(#4653),#4656);
#4653 = B_SPLINE_CURVE_WITH_KNOTS('',1,(#4654,#4655),.UNSPECIFIED.,.F.,
  .F.,(2,2),(21.75,418.75),.PIECEWISE_BEZIER_KNOTS.);
#4654 = CARTESIAN_POINT('',(762.5,43.5));
#4655 = CARTESIAN_POINT('',(762.5,440.5));
#4656 = ( GEOMETRIC_REPRESENTATION_CONTEXT(2) 
PARAMETRIC_REPRESENTATION_CONTEXT() REPRESENTATION_CONTEXT('2D SPACE',''
  ) );
#4657 = PCURVE('',#2620,#4658);
#4658 = DEFINITIONAL_REPRESENTATION('',(#4659),#4662);
#4659 = B_SPLINE_CURVE_WITH_KNOTS('',1,(#4660,#4661),.UNSPECIFIED.,.F.,
  .F.,(2,2),(21.75,418.75),.PIECEWISE_BEZIER_KNOTS.);
#4660 = CARTESIAN_POINT('',(0.,4.));
#4661 = CARTESIAN_POINT('',(397.,4.));
#4662 = ( GEOMETRIC_REPRESENTATION_CONTEXT(2) 
PARAMETRIC_REPRESENTATION_CONTEXT() REPRESENTATION_CONTEXT('2D SPACE',''
  ) );
#4663 = ORIENTED_EDGE('',*,*,#4664,.T.);
#4664 = EDGE_CURVE('',#4642,#4665,#4667,.T.);
#4665 = VERTEX_POINT('',#4666);
#4666 = CARTESIAN_POINT('',(-198.5,-129.,-10.));
#4667 = SURFACE_CURVE('',#4668,(#4672,#4678),.PCURVE_S1.);
#4668 = LINE('',#4669,#4670);
#4669 = CARTESIAN_POINT('',(-198.5,-129.,-381.25));
#4670 = VECTOR('',#4671,1.);
#4671 = DIRECTION('',(0.,0.,-1.));
#4672 = PCURVE('',#1533,#4673);
#4673 = DEFINITIONAL_REPRESENTATION('',(#4674),#4677);
#4674 = B_SPLINE_CURVE_WITH_KNOTS('',1,(#4675,#4676),.UNSPECIFIED.,.F.,
  .F.,(2,2),(-391.25,-371.25),.PIECEWISE_BEZIER_KNOTS.);
#4675 = CARTESIAN_POINT('',(762.5,43.5));
#4676 = CARTESIAN_POINT('',(742.5,43.5));
#4677 = ( GEOMETRIC_REPRESENTATION_CONTEXT(2) 
PARAMETRIC_REPRESENTATION_CONTEXT() REPRESENTATION_CONTEXT('2D SPACE',''
  ) );
#4678 = PCURVE('',#2646,#4679);
#4679 = DEFINITIONAL_REPRESENTATION('',(#4680),#4683);
#4680 = B_SPLINE_CURVE_WITH_KNOTS('',1,(#4681,#4682),.UNSPECIFIED.,.F.,
  .F.,(2,2),(-391.25,-371.25),.PIECEWISE_BEZIER_KNOTS.);
#4681 = CARTESIAN_POINT('',(20.,-4.));
#4682 = CARTESIAN_POINT('',(0.,-4.));
#4683 = ( GEOMETRIC_REPRESENTATION_CONTEXT(2) 
PARAMETRIC_REPRESENTATION_CONTEXT() REPRESENTATION_CONTEXT('2D SPACE',''
  ) );
#4684 = ORIENTED_EDGE('',*,*,#4685,.T.);
#4685 = EDGE_CURVE('',#4665,#4686,#4688,.T.);
#4686 = VERTEX_POINT('',#4687);
#4687 = CARTESIAN_POINT('',(198.5,-129.,-10.));
#4688 = SURFACE_CURVE('',#4689,(#4693,#4699),.PCURVE_S1.);
#4689 = LINE('',#4690,#4691);
#4690 = CARTESIAN_POINT('',(-220.25,-129.,-10.));
#4691 = VECTOR('',#4692,1.);
#4692 = DIRECTION('',(1.,0.,0.));
#4693 = PCURVE('',#1533,#4694);
#4694 = DEFINITIONAL_REPRESENTATION('',(#4695),#4698);
#4695 = B_SPLINE_CURVE_WITH_KNOTS('',1,(#4696,#4697),.UNSPECIFIED.,.F.,
  .F.,(2,2),(21.75,418.75),.PIECEWISE_BEZIER_KNOTS.);
#4696 = CARTESIAN_POINT('',(742.5,43.5));
#4697 = CARTESIAN_POINT('',(742.5,440.5));
#4698 = ( GEOMETRIC_REPRESENTATION_CONTEXT(2) 
PARAMETRIC_REPRESENTATION_CONTEXT() REPRESENTATION_CONTEXT('2D SPACE',''
  ) );
#4699 = PCURVE('',#2672,#4700);
#4700 = DEFINITIONAL_REPRESENTATION('',(#4701),#4704);
#4701 = B_SPLINE_CURVE_WITH_KNOTS('',1,(#4702,#4703),.UNSPECIFIED.,.F.,
  .F.,(2,2),(21.75,418.75),.PIECEWISE_BEZIER_KNOTS.);
#4702 = CARTESIAN_POINT('',(0.,4.));
#4703 = CARTESIAN_POINT('',(397.,4.));
#4704 = ( GEOMETRIC_REPRESENTATION_CONTEXT(2) 
PARAMETRIC_REPRESENTATION_CONTEXT() REPRESENTATION_CONTEXT('2D SPACE',''
  ) );
#4705 = ORIENTED_EDGE('',*,*,#4706,.F.);
#4706 = EDGE_CURVE('',#4644,#4686,#4707,.T.);
#4707 = SURFACE_CURVE('',#4708,(#4712,#4718),.PCURVE_S1.);
#4708 = LINE('',#4709,#4710);
#4709 = CARTESIAN_POINT('',(198.5,-129.,-381.25));
#4710 = VECTOR('',#4711,1.);
#4711 = DIRECTION('',(0.,0.,-1.));
#4712 = PCURVE('',#1533,#4713);
#4713 = DEFINITIONAL_REPRESENTATION('',(#4714),#4717);
#4714 = B_SPLINE_CURVE_WITH_KNOTS('',1,(#4715,#4716),.UNSPECIFIED.,.F.,
  .F.,(2,2),(-391.25,-371.25),.PIECEWISE_BEZIER_KNOTS.);
#4715 = CARTESIAN_POINT('',(762.5,440.5));
#4716 = CARTESIAN_POINT('',(742.5,440.5));
#4717 = ( GEOMETRIC_REPRESENTATION_CONTEXT(2) 
PARAMETRIC_REPRESENTATION_CONTEXT() REPRESENTATION_CONTEXT('2D SPACE',''
  ) );
#4718 = PCURVE('',#2696,#4719);
#4719 = DEFINITIONAL_REPRESENTATION('',(#4720),#4723);
#4720 = B_SPLINE_CURVE_WITH_KNOTS('',1,(#4721,#4722),.UNSPECIFIED.,.F.,
  .F.,(2,2),(-391.25,-371.25),.PIECEWISE_BEZIER_KNOTS.);
#4721 = CARTESIAN_POINT('',(20.,-4.));
#4722 = CARTESIAN_POINT('',(0.,-4.));
#4723 = ( GEOMETRIC_REPRESENTATION_CONTEXT(2) 
PARAMETRIC_REPRESENTATION_CONTEXT() REPRESENTATION_CONTEXT('2D SPACE',''
  ) );
#4724 = FACE_BOUND('',#4725,.T.);
#4725 = EDGE_LOOP('',(#4726,#4749,#4770,#4791));
#4726 = ORIENTED_EDGE('',*,*,#4727,.F.);
#4727 = EDGE_CURVE('',#4728,#4730,#4732,.T.);
#4728 = VERTEX_POINT('',#4729);
#4729 = CARTESIAN_POINT('',(-198.5,-129.,71.5));
#4730 = VERTEX_POINT('',#4731);
#4731 = CARTESIAN_POINT('',(198.5,-129.,71.5));
#4732 = SURFACE_CURVE('',#4733,(#4737,#4743),.PCURVE_S1.);
#4733 = LINE('',#4734,#4735);
#4734 = CARTESIAN_POINT('',(-220.25,-129.,71.5));
#4735 = VECTOR('',#4736,1.);
#4736 = DIRECTION('',(1.,0.,0.));
#4737 = PCURVE('',#1533,#4738);
#4738 = DEFINITIONAL_REPRESENTATION('',(#4739),#4742);
#4739 = B_SPLINE_CURVE_WITH_KNOTS('',1,(#4740,#4741),.UNSPECIFIED.,.F.,
  .F.,(2,2),(21.75,418.75),.PIECEWISE_BEZIER_KNOTS.);
#4740 = CARTESIAN_POINT('',(824.,43.5));
#4741 = CARTESIAN_POINT('',(824.,440.5));
#4742 = ( GEOMETRIC_REPRESENTATION_CONTEXT(2) 
PARAMETRIC_REPRESENTATION_CONTEXT() REPRESENTATION_CONTEXT('2D SPACE',''
  ) );
#4743 = PCURVE('',#2726,#4744);
#4744 = DEFINITIONAL_REPRESENTATION('',(#4745),#4748);
#4745 = B_SPLINE_CURVE_WITH_KNOTS('',1,(#4746,#4747),.UNSPECIFIED.,.F.,
  .F.,(2,2),(21.75,418.75),.PIECEWISE_BEZIER_KNOTS.);
#4746 = CARTESIAN_POINT('',(0.,4.));
#4747 = CARTESIAN_POINT('',(397.,4.));
#4748 = ( GEOMETRIC_REPRESENTATION_CONTEXT(2) 
PARAMETRIC_REPRESENTATION_CONTEXT() REPRESENTATION_CONTEXT('2D SPACE',''
  ) );
#4749 = ORIENTED_EDGE('',*,*,#4750,.T.);
#4750 = EDGE_CURVE('',#4728,#4751,#4753,.T.);
#4751 = VERTEX_POINT('',#4752);
#4752 = CARTESIAN_POINT('',(-198.5,-129.,51.5));
#4753 = SURFACE_CURVE('',#4754,(#4758,#4764),.PCURVE_S1.);
#4754 = LINE('',#4755,#4756);
#4755 = CARTESIAN_POINT('',(-198.5,-129.,-350.5));
#4756 = VECTOR('',#4757,1.);
#4757 = DIRECTION('',(0.,0.,-1.));
#4758 = PCURVE('',#1533,#4759);
#4759 = DEFINITIONAL_REPRESENTATION('',(#4760),#4763);
#4760 = B_SPLINE_CURVE_WITH_KNOTS('',1,(#4761,#4762),.UNSPECIFIED.,.F.,
  .F.,(2,2),(-422.,-402.),.PIECEWISE_BEZIER_KNOTS.);
#4761 = CARTESIAN_POINT('',(824.,43.5));
#4762 = CARTESIAN_POINT('',(804.,43.5));
#4763 = ( GEOMETRIC_REPRESENTATION_CONTEXT(2) 
PARAMETRIC_REPRESENTATION_CONTEXT() REPRESENTATION_CONTEXT('2D SPACE',''
  ) );
#4764 = PCURVE('',#2752,#4765);
#4765 = DEFINITIONAL_REPRESENTATION('',(#4766),#4769);
#4766 = B_SPLINE_CURVE_WITH_KNOTS('',1,(#4767,#4768),.UNSPECIFIED.,.F.,
  .F.,(2,2),(-422.,-402.),.PIECEWISE_BEZIER_KNOTS.);
#4767 = CARTESIAN_POINT('',(20.,-4.));
#4768 = CARTESIAN_POINT('',(0.,-4.));
#4769 = ( GEOMETRIC_REPRESENTATION_CONTEXT(2) 
PARAMETRIC_REPRESENTATION_CONTEXT() REPRESENTATION_CONTEXT('2D SPACE',''
  ) );
#4770 = ORIENTED_EDGE('',*,*,#4771,.T.);
#4771 = EDGE_CURVE('',#4751,#4772,#4774,.T.);
#4772 = VERTEX_POINT('',#4773);
#4773 = CARTESIAN_POINT('',(198.5,-129.,51.5));
#4774 = SURFACE_CURVE('',#4775,(#4779,#4785),.PCURVE_S1.);
#4775 = LINE('',#4776,#4777);
#4776 = CARTESIAN_POINT('',(-220.25,-129.,51.5));
#4777 = VECTOR('',#4778,1.);
#4778 = DIRECTION('',(1.,0.,0.));
#4779 = PCURVE('',#1533,#4780);
#4780 = DEFINITIONAL_REPRESENTATION('',(#4781),#4784);
#4781 = B_SPLINE_CURVE_WITH_KNOTS('',1,(#4782,#4783),.UNSPECIFIED.,.F.,
  .F.,(2,2),(21.75,418.75),.PIECEWISE_BEZIER_KNOTS.);
#4782 = CARTESIAN_POINT('',(804.,43.5));
#4783 = CARTESIAN_POINT('',(804.,440.5));
#4784 = ( GEOMETRIC_REPRESENTATION_CONTEXT(2) 
PARAMETRIC_REPRESENTATION_CONTEXT() REPRESENTATION_CONTEXT('2D SPACE',''
  ) );
#4785 = PCURVE('',#2778,#4786);
#4786 = DEFINITIONAL_REPRESENTATION('',(#4787),#4790);
#4787 = B_SPLINE_CURVE_WITH_KNOTS('',1,(#4788,#4789),.UNSPECIFIED.,.F.,
  .F.,(2,2),(21.75,418.75),.PIECEWISE_BEZIER_KNOTS.);
#4788 = CARTESIAN_POINT('',(0.,4.));
#4789 = CARTESIAN_POINT('',(397.,4.));
#4790 = ( GEOMETRIC_REPRESENTATION_CONTEXT(2) 
PARAMETRIC_REPRESENTATION_CONTEXT() REPRESENTATION_CONTEXT('2D SPACE',''
  ) );
#4791 = ORIENTED_EDGE('',*,*,#4792,.F.);
#4792 = EDGE_CURVE('',#4730,#4772,#4793,.T.);
#4793 = SURFACE_CURVE('',#4794,(#4798,#4804),.PCURVE_S1.);
#4794 = LINE('',#4795,#4796);
#4795 = CARTESIAN_POINT('',(198.5,-129.,-350.5));
#4796 = VECTOR('',#4797,1.);
#4797 = DIRECTION('',(0.,0.,-1.));
#4798 = PCURVE('',#1533,#4799);
#4799 = DEFINITIONAL_REPRESENTATION('',(#4800),#4803);
#4800 = B_SPLINE_CURVE_WITH_KNOTS('',1,(#4801,#4802),.UNSPECIFIED.,.F.,
  .F.,(2,2),(-422.,-402.),.PIECEWISE_BEZIER_KNOTS.);
#4801 = CARTESIAN_POINT('',(824.,440.5));
#4802 = CARTESIAN_POINT('',(804.,440.5));
#4803 = ( GEOMETRIC_REPRESENTATION_CONTEXT(2) 
PARAMETRIC_REPRESENTATION_CONTEXT() REPRESENTATION_CONTEXT('2D SPACE',''
  ) );
#4804 = PCURVE('',#2802,#4805);
#4805 = DEFINITIONAL_REPRESENTATION('',(#4806),#4809);
#4806 = B_SPLINE_CURVE_WITH_KNOTS('',1,(#4807,#4808),.UNSPECIFIED.,.F.,
  .F.,(2,2),(-422.,-402.),.PIECEWISE_BEZIER_KNOTS.);
#4807 = CARTESIAN_POINT('',(20.,-4.));
#4808 = CARTESIAN_POINT('',(0.,-4.));
#4809 = ( GEOMETRIC_REPRESENTATION_CONTEXT(2) 
PARAMETRIC_REPRESENTATION_CONTEXT() REPRESENTATION_CONTEXT('2D SPACE',''
  ) );
#4810 = FACE_BOUND('',#4811,.T.);
#4811 = EDGE_LOOP('',(#4812,#4835,#4856,#4877));
#4812 = ORIENTED_EDGE('',*,*,#4813,.F.);
#4813 = EDGE_CURVE('',#4814,#4816,#4818,.T.);
#4814 = VERTEX_POINT('',#4815);
#4815 = CARTESIAN_POINT('',(-198.5,-129.,133.));
#4816 = VERTEX_POINT('',#4817);
#4817 = CARTESIAN_POINT('',(198.5,-129.,133.));
#4818 = SURFACE_CURVE('',#4819,(#4823,#4829),.PCURVE_S1.);
#4819 = LINE('',#4820,#4821);
#4820 = CARTESIAN_POINT('',(-220.25,-129.,133.));
#4821 = VECTOR('',#4822,1.);
#4822 = DIRECTION('',(1.,0.,0.));
#4823 = PCURVE('',#1533,#4824);
#4824 = DEFINITIONAL_REPRESENTATION('',(#4825),#4828);
#4825 = B_SPLINE_CURVE_WITH_KNOTS('',1,(#4826,#4827),.UNSPECIFIED.,.F.,
  .F.,(2,2),(21.75,418.75),.PIECEWISE_BEZIER_KNOTS.);
#4826 = CARTESIAN_POINT('',(885.5,43.5));
#4827 = CARTESIAN_POINT('',(885.5,440.5));
#4828 = ( GEOMETRIC_REPRESENTATION_CONTEXT(2) 
PARAMETRIC_REPRESENTATION_CONTEXT() REPRESENTATION_CONTEXT('2D SPACE',''
  ) );
#4829 = PCURVE('',#2832,#4830);
#4830 = DEFINITIONAL_REPRESENTATION('',(#4831),#4834);
#4831 = B_SPLINE_CURVE_WITH_KNOTS('',1,(#4832,#4833),.UNSPECIFIED.,.F.,
  .F.,(2,2),(21.75,418.75),.PIECEWISE_BEZIER_KNOTS.);
#4832 = CARTESIAN_POINT('',(0.,4.));
#4833 = CARTESIAN_POINT('',(397.,4.));
#4834 = ( GEOMETRIC_REPRESENTATION_CONTEXT(2) 
PARAMETRIC_REPRESENTATION_CONTEXT() REPRESENTATION_CONTEXT('2D SPACE',''
  ) );
#4835 = ORIENTED_EDGE('',*,*,#4836,.T.);
#4836 = EDGE_CURVE('',#4814,#4837,#4839,.T.);
#4837 = VERTEX_POINT('',#4838);
#4838 = CARTESIAN_POINT('',(-198.5,-129.,113.));
#4839 = SURFACE_CURVE('',#4840,(#4844,#4850),.PCURVE_S1.);
#4840 = LINE('',#4841,#4842);
#4841 = CARTESIAN_POINT('',(-198.5,-129.,-319.75));
#4842 = VECTOR('',#4843,1.);
#4843 = DIRECTION('',(0.,0.,-1.));
#4844 = PCURVE('',#1533,#4845);
#4845 = DEFINITIONAL_REPRESENTATION('',(#4846),#4849);
#4846 = B_SPLINE_CURVE_WITH_KNOTS('',1,(#4847,#4848),.UNSPECIFIED.,.F.,
  .F.,(2,2),(-452.75,-432.75),.PIECEWISE_BEZIER_KNOTS.);
#4847 = CARTESIAN_POINT('',(885.5,43.5));
#4848 = CARTESIAN_POINT('',(865.5,43.5));
#4849 = ( GEOMETRIC_REPRESENTATION_CONTEXT(2) 
PARAMETRIC_REPRESENTATION_CONTEXT() REPRESENTATION_CONTEXT('2D SPACE',''
  ) );
#4850 = PCURVE('',#2858,#4851);
#4851 = DEFINITIONAL_REPRESENTATION('',(#4852),#4855);
#4852 = B_SPLINE_CURVE_WITH_KNOTS('',1,(#4853,#4854),.UNSPECIFIED.,.F.,
  .F.,(2,2),(-452.75,-432.75),.PIECEWISE_BEZIER_KNOTS.);
#4853 = CARTESIAN_POINT('',(20.,-4.));
#4854 = CARTESIAN_POINT('',(0.,-4.));
#4855 = ( GEOMETRIC_REPRESENTATION_CONTEXT(2) 
PARAMETRIC_REPRESENTATION_CONTEXT() REPRESENTATION_CONTEXT('2D SPACE',''
  ) );
#4856 = ORIENTED_EDGE('',*,*,#4857,.T.);
#4857 = EDGE_CURVE('',#4837,#4858,#4860,.T.);
#4858 = VERTEX_POINT('',#4859);
#4859 = CARTESIAN_POINT('',(198.5,-129.,113.));
#4860 = SURFACE_CURVE('',#4861,(#4865,#4871),.PCURVE_S1.);
#4861 = LINE('',#4862,#4863);
#4862 = CARTESIAN_POINT('',(-220.25,-129.,113.));
#4863 = VECTOR('',#4864,1.);
#4864 = DIRECTION('',(1.,0.,0.));
#4865 = PCURVE('',#1533,#4866);
#4866 = DEFINITIONAL_REPRESENTATION('',(#4867),#4870);
#4867 = B_SPLINE_CURVE_WITH_KNOTS('',1,(#4868,#4869),.UNSPECIFIED.,.F.,
  .F.,(2,2),(21.75,418.75),.PIECEWISE_BEZIER_KNOTS.);
#4868 = CARTESIAN_POINT('',(865.5,43.5));
#4869 = CARTESIAN_POINT('',(865.5,440.5));
#4870 = ( GEOMETRIC_REPRESENTATION_CONTEXT(2) 
PARAMETRIC_REPRESENTATION_CONTEXT() REPRESENTATION_CONTEXT('2D SPACE',''
  ) );
#4871 = PCURVE('',#2884,#4872);
#4872 = DEFINITIONAL_REPRESENTATION('',(#4873),#4876);
#4873 = B_SPLINE_CURVE_WITH_KNOTS('',1,(#4874,#4875),.UNSPECIFIED.,.F.,
  .F.,(2,2),(21.75,418.75),.PIECEWISE_BEZIER_KNOTS.);
#4874 = CARTESIAN_POINT('',(0.,4.));
#4875 = CARTESIAN_POINT('',(397.,4.));
#4876 = ( GEOMETRIC_REPRESENTATION_CONTEXT(2) 
PARAMETRIC_REPRESENTATION_CONTEXT() REPRESENTATION_CONTEXT('2D SPACE',''
  ) );
#4877 = ORIENTED_EDGE('',*,*,#4878,.F.);
#4878 = EDGE_CURVE('',#4816,#4858,#4879,.T.);
#4879 = SURFACE_CURVE('',#4880,(#4884,#4890),.PCURVE_S1.);
#4880 = LINE('',#4881,#4882);
#4881 = CARTESIAN_POINT('',(198.5,-129.,-319.75));
#4882 = VECTOR('',#4883,1.);
#4883 = DIRECTION('',(0.,0.,-1.));
#4884 = PCURVE('',#1533,#4885);
#4885 = DEFINITIONAL_REPRESENTATION('',(#4886),#4889);
#4886 = B_SPLINE_CURVE_WITH_KNOTS('',1,(#4887,#4888),.UNSPECIFIED.,.F.,
  .F.,(2,2),(-452.75,-432.75),.PIECEWISE_BEZIER_KNOTS.);
#4887 = CARTESIAN_POINT('',(885.5,440.5));
#4888 = CARTESIAN_POINT('',(865.5,440.5));
#4889 = ( GEOMETRIC_REPRESENTATION_CONTEXT(2) 
PARAMETRIC_REPRESENTATION_CONTEXT() REPRESENTATION_CONTEXT('2D SPACE',''
  ) );
#4890 = PCURVE('',#2908,#4891);
#4891 = DEFINITIONAL_REPRESENTATION('',(#4892),#4895);
#4892 = B_SPLINE_CURVE_WITH_KNOTS('',1,(#4893,#4894),.UNSPECIFIED.,.F.,
  .F.,(2,2),(-452.75,-432.75),.PIECEWISE_BEZIER_KNOTS.);
#4893 = CARTESIAN_POINT('',(20.,-4.));
#4894 = CARTESIAN_POINT('',(0.,-4.));
#4895 = ( GEOMETRIC_REPRESENTATION_CONTEXT(2) 
PARAMETRIC_REPRESENTATION_CONTEXT() REPRESENTATION_CONTEXT('2D SPACE',''
  ) );
#4896 = FACE_BOUND('',#4897,.T.);
#4897 = EDGE_LOOP('',(#4898,#4921,#4942,#4963));
#4898 = ORIENTED_EDGE('',*,*,#4899,.F.);
#4899 = EDGE_CURVE('',#4900,#4902,#4904,.T.);
#4900 = VERTEX_POINT('',#4901);
#4901 = CARTESIAN_POINT('',(-198.5,-129.,194.5));
#4902 = VERTEX_POINT('',#4903);
#4903 = CARTESIAN_POINT('',(198.5,-129.,194.5));
#4904 = SURFACE_CURVE('',#4905,(#4909,#4915),.PCURVE_S1.);
#4905 = LINE('',#4906,#4907);
#4906 = CARTESIAN_POINT('',(-220.25,-129.,194.5));
#4907 = VECTOR('',#4908,1.);
#4908 = DIRECTION('',(1.,0.,0.));
#4909 = PCURVE('',#1533,#4910);
#4910 = DEFINITIONAL_REPRESENTATION('',(#4911),#4914);
#4911 = B_SPLINE_CURVE_WITH_KNOTS('',1,(#4912,#4913),.UNSPECIFIED.,.F.,
  .F.,(2,2),(21.75,418.75),.PIECEWISE_BEZIER_KNOTS.);
#4912 = CARTESIAN_POINT('',(947.,43.5));
#4913 = CARTESIAN_POINT('',(947.,440.5));
#4914 = ( GEOMETRIC_REPRESENTATION_CONTEXT(2) 
PARAMETRIC_REPRESENTATION_CONTEXT() REPRESENTATION_CONTEXT('2D SPACE',''
  ) );
#4915 = PCURVE('',#2938,#4916);
#4916 = DEFINITIONAL_REPRESENTATION('',(#4917),#4920);
#4917 = B_SPLINE_CURVE_WITH_KNOTS('',1,(#4918,#4919),.UNSPECIFIED.,.F.,
  .F.,(2,2),(21.75,418.75),.PIECEWISE_BEZIER_KNOTS.);
#4918 = CARTESIAN_POINT('',(0.,4.));
#4919 = CARTESIAN_POINT('',(397.,4.));
#4920 = ( GEOMETRIC_REPRESENTATION_CONTEXT(2) 
PARAMETRIC_REPRESENTATION_CONTEXT() REPRESENTATION_CONTEXT('2D SPACE',''
  ) );
#4921 = ORIENTED_EDGE('',*,*,#4922,.T.);
#4922 = EDGE_CURVE('',#4900,#4923,#4925,.T.);
#4923 = VERTEX_POINT('',#4924);
#4924 = CARTESIAN_POINT('',(-198.5,-129.,174.5));
#4925 = SURFACE_CURVE('',#4926,(#4930,#4936),.PCURVE_S1.);
#4926 = LINE('',#4927,#4928);
#4927 = CARTESIAN_POINT('',(-198.5,-129.,-289.));
#4928 = VECTOR('',#4929,1.);
#4929 = DIRECTION('',(0.,0.,-1.));
#4930 = PCURVE('',#1533,#4931);
#4931 = DEFINITIONAL_REPRESENTATION('',(#4932),#4935);
#4932 = B_SPLINE_CURVE_WITH_KNOTS('',1,(#4933,#4934),.UNSPECIFIED.,.F.,
  .F.,(2,2),(-483.5,-463.5),.PIECEWISE_BEZIER_KNOTS.);
#4933 = CARTESIAN_POINT('',(947.,43.5));
#4934 = CARTESIAN_POINT('',(927.,43.5));
#4935 = ( GEOMETRIC_REPRESENTATION_CONTEXT(2) 
PARAMETRIC_REPRESENTATION_CONTEXT() REPRESENTATION_CONTEXT('2D SPACE',''
  ) );
#4936 = PCURVE('',#2964,#4937);
#4937 = DEFINITIONAL_REPRESENTATION('',(#4938),#4941);
#4938 = B_SPLINE_CURVE_WITH_KNOTS('',1,(#4939,#4940),.UNSPECIFIED.,.F.,
  .F.,(2,2),(-483.5,-463.5),.PIECEWISE_BEZIER_KNOTS.);
#4939 = CARTESIAN_POINT('',(20.,-4.));
#4940 = CARTESIAN_POINT('',(0.,-4.));
#4941 = ( GEOMETRIC_REPRESENTATION_CONTEXT(2) 
PARAMETRIC_REPRESENTATION_CONTEXT() REPRESENTATION_CONTEXT('2D SPACE',''
  ) );
#4942 = ORIENTED_EDGE('',*,*,#4943,.T.);
#4943 = EDGE_CURVE('',#4923,#4944,#4946,.T.);
#4944 = VERTEX_POINT('',#4945);
#4945 = CARTESIAN_POINT('',(198.5,-129.,174.5));
#4946 = SURFACE_CURVE('',#4947,(#4951,#4957),.PCURVE_S1.);
#4947 = LINE('',#4948,#4949);
#4948 = CARTESIAN_POINT('',(-220.25,-129.,174.5));
#4949 = VECTOR('',#4950,1.);
#4950 = DIRECTION('',(1.,0.,0.));
#4951 = PCURVE('',#1533,#4952);
#4952 = DEFINITIONAL_REPRESENTATION('',(#4953),#4956);
#4953 = B_SPLINE_CURVE_WITH_KNOTS('',1,(#4954,#4955),.UNSPECIFIED.,.F.,
  .F.,(2,2),(21.75,418.75),.PIECEWISE_BEZIER_KNOTS.);
#4954 = CARTESIAN_POINT('',(927.,43.5));
#4955 = CARTESIAN_POINT('',(927.,440.5));
#4956 = ( GEOMETRIC_REPRESENTATION_CONTEXT(2) 
PARAMETRIC_REPRESENTATION_CONTEXT() REPRESENTATION_CONTEXT('2D SPACE',''
  ) );
#4957 = PCURVE('',#2990,#4958);
#4958 = DEFINITIONAL_REPRESENTATION('',(#4959),#4962);
#4959 = B_SPLINE_CURVE_WITH_KNOTS('',1,(#4960,#4961),.UNSPECIFIED.,.F.,
  .F.,(2,2),(21.75,418.75),.PIECEWISE_BEZIER_KNOTS.);
#4960 = CARTESIAN_POINT('',(0.,4.));
#4961 = CARTESIAN_POINT('',(397.,4.));
#4962 = ( GEOMETRIC_REPRESENTATION_CONTEXT(2) 
PARAMETRIC_REPRESENTATION_CONTEXT() REPRESENTATION_CONTEXT('2D SPACE',''
  ) );
#4963 = ORIENTED_EDGE('',*,*,#4964,.F.);
#4964 = EDGE_CURVE('',#4902,#4944,#4965,.T.);
#4965 = SURFACE_CURVE('',#4966,(#4970,#4976),.PCURVE_S1.);
#4966 = LINE('',#4967,#4968);
#4967 = CARTESIAN_POINT('',(198.5,-129.,-289.));
#4968 = VECTOR('',#4969,1.);
#4969 = DIRECTION('',(0.,0.,-1.));
#4970 = PCURVE('',#1533,#4971);
#4971 = DEFINITIONAL_REPRESENTATION('',(#4972),#4975);
#4972 = B_SPLINE_CURVE_WITH_KNOTS('',1,(#4973,#4974),.UNSPECIFIED.,.F.,
  .F.,(2,2),(-483.5,-463.5),.PIECEWISE_BEZIER_KNOTS.);
#4973 = CARTESIAN_POINT('',(947.,440.5));
#4974 = CARTESIAN_POINT('',(927.,440.5));
#4975 = ( GEOMETRIC_REPRESENTATION_CONTEXT(2) 
PARAMETRIC_REPRESENTATION_CONTEXT() REPRESENTATION_CONTEXT('2D SPACE',''
  ) );
#4976 = PCURVE('',#3014,#4977);
#4977 = DEFINITIONAL_REPRESENTATION('',(#4978),#4981);
#4978 = B_SPLINE_CURVE_WITH_KNOTS('',1,(#4979,#4980),.UNSPECIFIED.,.F.,
  .F.,(2,2),(-483.5,-463.5),.PIECEWISE_BEZIER_KNOTS.);
#4979 = CARTESIAN_POINT('',(20.,-4.));
#4980 = CARTESIAN_POINT('',(0.,-4.));
#4981 = ( GEOMETRIC_REPRESENTATION_CONTEXT(2) 
PARAMETRIC_REPRESENTATION_CONTEXT() REPRESENTATION_CONTEXT('2D SPACE',''
  ) );
#4982 = FACE_BOUND('',#4983,.T.);
#4983 = EDGE_LOOP('',(#4984,#5007,#5028,#5049));
#4984 = ORIENTED_EDGE('',*,*,#4985,.F.);
#4985 = EDGE_CURVE('',#4986,#4988,#4990,.T.);
#4986 = VERTEX_POINT('',#4987);
#4987 = CARTESIAN_POINT('',(-198.5,-129.,256.));
#4988 = VERTEX_POINT('',#4989);
#4989 = CARTESIAN_POINT('',(198.5,-129.,256.));
#4990 = SURFACE_CURVE('',#4991,(#4995,#5001),.PCURVE_S1.);
#4991 = LINE('',#4992,#4993);
#4992 = CARTESIAN_POINT('',(-220.25,-129.,256.));
#4993 = VECTOR('',#4994,1.);
#4994 = DIRECTION('',(1.,0.,0.));
#4995 = PCURVE('',#1533,#4996);
#4996 = DEFINITIONAL_REPRESENTATION('',(#4997),#5000);
#4997 = B_SPLINE_CURVE_WITH_KNOTS('',1,(#4998,#4999),.UNSPECIFIED.,.F.,
  .F.,(2,2),(21.75,418.75),.PIECEWISE_BEZIER_KNOTS.);
#4998 = CARTESIAN_POINT('',(1.0085E+03,43.5));
#4999 = CARTESIAN_POINT('',(1.0085E+03,440.5));
#5000 = ( GEOMETRIC_REPRESENTATION_CONTEXT(2) 
PARAMETRIC_REPRESENTATION_CONTEXT() REPRESENTATION_CONTEXT('2D SPACE',''
  ) );
#5001 = PCURVE('',#3044,#5002);
#5002 = DEFINITIONAL_REPRESENTATION('',(#5003),#5006);
#5003 = B_SPLINE_CURVE_WITH_KNOTS('',1,(#5004,#5005),.UNSPECIFIED.,.F.,
  .F.,(2,2),(21.75,418.75),.PIECEWISE_BEZIER_KNOTS.);
#5004 = CARTESIAN_POINT('',(0.,4.));
#5005 = CARTESIAN_POINT('',(397.,4.));
#5006 = ( GEOMETRIC_REPRESENTATION_CONTEXT(2) 
PARAMETRIC_REPRESENTATION_CONTEXT() REPRESENTATION_CONTEXT('2D SPACE',''
  ) );
#5007 = ORIENTED_EDGE('',*,*,#5008,.T.);
#5008 = EDGE_CURVE('',#4986,#5009,#5011,.T.);
#5009 = VERTEX_POINT('',#5010);
#5010 = CARTESIAN_POINT('',(-198.5,-129.,236.));
#5011 = SURFACE_CURVE('',#5012,(#5016,#5022),.PCURVE_S1.);
#5012 = LINE('',#5013,#5014);
#5013 = CARTESIAN_POINT('',(-198.5,-129.,-258.25));
#5014 = VECTOR('',#5015,1.);
#5015 = DIRECTION('',(0.,0.,-1.));
#5016 = PCURVE('',#1533,#5017);
#5017 = DEFINITIONAL_REPRESENTATION('',(#5018),#5021);
#5018 = B_SPLINE_CURVE_WITH_KNOTS('',1,(#5019,#5020),.UNSPECIFIED.,.F.,
  .F.,(2,2),(-514.25,-494.25),.PIECEWISE_BEZIER_KNOTS.);
#5019 = CARTESIAN_POINT('',(1.0085E+03,43.5));
#5020 = CARTESIAN_POINT('',(988.5,43.5));
#5021 = ( GEOMETRIC_REPRESENTATION_CONTEXT(2) 
PARAMETRIC_REPRESENTATION_CONTEXT() REPRESENTATION_CONTEXT('2D SPACE',''
  ) );
#5022 = PCURVE('',#3070,#5023);
#5023 = DEFINITIONAL_REPRESENTATION('',(#5024),#5027);
#5024 = B_SPLINE_CURVE_WITH_KNOTS('',1,(#5025,#5026),.UNSPECIFIED.,.F.,
  .F.,(2,2),(-514.25,-494.25),.PIECEWISE_BEZIER_KNOTS.);
#5025 = CARTESIAN_POINT('',(20.,-4.));
#5026 = CARTESIAN_POINT('',(0.,-4.));
#5027 = ( GEOMETRIC_REPRESENTATION_CONTEXT(2) 
PARAMETRIC_REPRESENTATION_CONTEXT() REPRESENTATION_CONTEXT('2D SPACE',''
  ) );
#5028 = ORIENTED_EDGE('',*,*,#5029,.T.);
#5029 = EDGE_CURVE('',#5009,#5030,#5032,.T.);
#5030 = VERTEX_POINT('',#5031);
#5031 = CARTESIAN_POINT('',(198.5,-129.,236.));
#5032 = SURFACE_CURVE('',#5033,(#5037,#5043),.PCURVE_S1.);
#5033 = LINE('',#5034,#5035);
#5034 = CARTESIAN_POINT('',(-220.25,-129.,236.));
#5035 = VECTOR('',#5036,1.);
#5036 = DIRECTION('',(1.,0.,0.));
#5037 = PCURVE('',#1533,#5038);
#5038 = DEFINITIONAL_REPRESENTATION('',(#5039),#5042);
#5039 = B_SPLINE_CURVE_WITH_KNOTS('',1,(#5040,#5041),.UNSPECIFIED.,.F.,
  .F.,(2,2),(21.75,418.75),.PIECEWISE_BEZIER_KNOTS.);
#5040 = CARTESIAN_POINT('',(988.5,43.5));
#5041 = CARTESIAN_POINT('',(988.5,440.5));
#5042 = ( GEOMETRIC_REPRESENTATION_CONTEXT(2) 
PARAMETRIC_REPRESENTATION_CONTEXT() REPRESENTATION_CONTEXT('2D SPACE',''
  ) );
#5043 = PCURVE('',#3096,#5044);
#5044 = DEFINITIONAL_REPRESENTATION('',(#5045),#5048);
#5045 = B_SPLINE_CURVE_WITH_KNOTS('',1,(#5046,#5047),.UNSPECIFIED.,.F.,
  .F.,(2,2),(21.75,418.75),.PIECEWISE_BEZIER_KNOTS.);
#5046 = CARTESIAN_POINT('',(0.,4.));
#5047 = CARTESIAN_POINT('',(397.,4.));
#5048 = ( GEOMETRIC_REPRESENTATION_CONTEXT(2) 
PARAMETRIC_REPRESENTATION_CONTEXT() REPRESENTATION_CONTEXT('2D SPACE',''
  ) );
#5049 = ORIENTED_EDGE('',*,*,#5050,.F.);
#5050 = EDGE_CURVE('',#4988,#5030,#5051,.T.);
#5051 = SURFACE_CURVE('',#5052,(#5056,#5062),.PCURVE_S1.);
#5052 = LINE('',#5053,#5054);
#5053 = CARTESIAN_POINT('',(198.5,-129.,-258.25));
#5054 = VECTOR('',#5055,1.);
#5055 = DIRECTION('',(0.,0.,-1.));
#5056 = PCURVE('',#1533,#5057);
#5057 = DEFINITIONAL_REPRESENTATION('',(#5058),#5061);
#5058 = B_SPLINE_CURVE_WITH_KNOTS('',1,(#5059,#5060),.UNSPECIFIED.,.F.,
  .F.,(2,2),(-514.25,-494.25),.PIECEWISE_BEZIER_KNOTS.);
#5059 = CARTESIAN_POINT('',(1.0085E+03,440.5));
#5060 = CARTESIAN_POINT('',(988.5,440.5));
#5061 = ( GEOMETRIC_REPRESENTATION_CONTEXT(2) 
PARAMETRIC_REPRESENTATION_CONTEXT() REPRESENTATION_CONTEXT('2D SPACE',''
  ) );
#5062 = PCURVE('',#3120,#5063);
#5063 = DEFINITIONAL_REPRESENTATION('',(#5064),#5067);
#5064 = B_SPLINE_CURVE_WITH_KNOTS('',1,(#5065,#5066),.UNSPECIFIED.,.F.,
  .F.,(2,2),(-514.25,-494.25),.PIECEWISE_BEZIER_KNOTS.);
#5065 = CARTESIAN_POINT('',(20.,-4.));
#5066 = CARTESIAN_POINT('',(0.,-4.));
#5067 = ( GEOMETRIC_REPRESENTATION_CONTEXT(2) 
PARAMETRIC_REPRESENTATION_CONTEXT() REPRESENTATION_CONTEXT('2D SPACE',''
  ) );
#5068 = FACE_BOUND('',#5069,.T.);
#5069 = EDGE_LOOP('',(#5070,#5093,#5114,#5135));
#5070 = ORIENTED_EDGE('',*,*,#5071,.F.);
#5071 = EDGE_CURVE('',#5072,#5074,#5076,.T.);
#5072 = VERTEX_POINT('',#5073);
#5073 = CARTESIAN_POINT('',(-198.5,-129.,317.5));
#5074 = VERTEX_POINT('',#5075);
#5075 = CARTESIAN_POINT('',(198.5,-129.,317.5));
#5076 = SURFACE_CURVE('',#5077,(#5081,#5087),.PCURVE_S1.);
#5077 = LINE('',#5078,#5079);
#5078 = CARTESIAN_POINT('',(-220.25,-129.,317.5));
#5079 = VECTOR('',#5080,1.);
#5080 = DIRECTION('',(1.,0.,0.));
#5081 = PCURVE('',#1533,#5082);
#5082 = DEFINITIONAL_REPRESENTATION('',(#5083),#5086);
#5083 = B_SPLINE_CURVE_WITH_KNOTS('',1,(#5084,#5085),.UNSPECIFIED.,.F.,
  .F.,(2,2),(21.75,418.75),.PIECEWISE_BEZIER_KNOTS.);
#5084 = CARTESIAN_POINT('',(1.07E+03,43.5));
#5085 = CARTESIAN_POINT('',(1.07E+03,440.5));
#5086 = ( GEOMETRIC_REPRESENTATION_CONTEXT(2) 
PARAMETRIC_REPRESENTATION_CONTEXT() REPRESENTATION_CONTEXT('2D SPACE',''
  ) );
#5087 = PCURVE('',#3150,#5088);
#5088 = DEFINITIONAL_REPRESENTATION('',(#5089),#5092);
#5089 = B_SPLINE_CURVE_WITH_KNOTS('',1,(#5090,#5091),.UNSPECIFIED.,.F.,
  .F.,(2,2),(21.75,418.75),.PIECEWISE_BEZIER_KNOTS.);
#5090 = CARTESIAN_POINT('',(0.,4.));
#5091 = CARTESIAN_POINT('',(397.,4.));
#5092 = ( GEOMETRIC_REPRESENTATION_CONTEXT(2) 
PARAMETRIC_REPRESENTATION_CONTEXT() REPRESENTATION_CONTEXT('2D SPACE',''
  ) );
#5093 = ORIENTED_EDGE('',*,*,#5094,.T.);
#5094 = EDGE_CURVE('',#5072,#5095,#5097,.T.);
#5095 = VERTEX_POINT('',#5096);
#5096 = CARTESIAN_POINT('',(-198.5,-129.,297.5));
#5097 = SURFACE_CURVE('',#5098,(#5102,#5108),.PCURVE_S1.);
#5098 = LINE('',#5099,#5100);
#5099 = CARTESIAN_POINT('',(-198.5,-129.,-227.5));
#5100 = VECTOR('',#5101,1.);
#5101 = DIRECTION('',(0.,0.,-1.));
#5102 = PCURVE('',#1533,#5103);
#5103 = DEFINITIONAL_REPRESENTATION('',(#5104),#5107);
#5104 = B_SPLINE_CURVE_WITH_KNOTS('',1,(#5105,#5106),.UNSPECIFIED.,.F.,
  .F.,(2,2),(-545.,-525.),.PIECEWISE_BEZIER_KNOTS.);
#5105 = CARTESIAN_POINT('',(1.07E+03,43.5));
#5106 = CARTESIAN_POINT('',(1.05E+03,43.5));
#5107 = ( GEOMETRIC_REPRESENTATION_CONTEXT(2) 
PARAMETRIC_REPRESENTATION_CONTEXT() REPRESENTATION_CONTEXT('2D SPACE',''
  ) );
#5108 = PCURVE('',#3176,#5109);
#5109 = DEFINITIONAL_REPRESENTATION('',(#5110),#5113);
#5110 = B_SPLINE_CURVE_WITH_KNOTS('',1,(#5111,#5112),.UNSPECIFIED.,.F.,
  .F.,(2,2),(-545.,-525.),.PIECEWISE_BEZIER_KNOTS.);
#5111 = CARTESIAN_POINT('',(20.,-4.));
#5112 = CARTESIAN_POINT('',(0.,-4.));
#5113 = ( GEOMETRIC_REPRESENTATION_CONTEXT(2) 
PARAMETRIC_REPRESENTATION_CONTEXT() REPRESENTATION_CONTEXT('2D SPACE',''
  ) );
#5114 = ORIENTED_EDGE('',*,*,#5115,.T.);
#5115 = EDGE_CURVE('',#5095,#5116,#5118,.T.);
#5116 = VERTEX_POINT('',#5117);
#5117 = CARTESIAN_POINT('',(198.5,-129.,297.5));
#5118 = SURFACE_CURVE('',#5119,(#5123,#5129),.PCURVE_S1.);
#5119 = LINE('',#5120,#5121);
#5120 = CARTESIAN_POINT('',(-220.25,-129.,297.5));
#5121 = VECTOR('',#5122,1.);
#5122 = DIRECTION('',(1.,0.,0.));
#5123 = PCURVE('',#1533,#5124);
#5124 = DEFINITIONAL_REPRESENTATION('',(#5125),#5128);
#5125 = B_SPLINE_CURVE_WITH_KNOTS('',1,(#5126,#5127),.UNSPECIFIED.,.F.,
  .F.,(2,2),(21.75,418.75),.PIECEWISE_BEZIER_KNOTS.);
#5126 = CARTESIAN_POINT('',(1.05E+03,43.5));
#5127 = CARTESIAN_POINT('',(1.05E+03,440.5));
#5128 = ( GEOMETRIC_REPRESENTATION_CONTEXT(2) 
PARAMETRIC_REPRESENTATION_CONTEXT() REPRESENTATION_CONTEXT('2D SPACE',''
  ) );
#5129 = PCURVE('',#3202,#5130);
#5130 = DEFINITIONAL_REPRESENTATION('',(#5131),#5134);
#5131 = B_SPLINE_CURVE_WITH_KNOTS('',1,(#5132,#5133),.UNSPECIFIED.,.F.,
  .F.,(2,2),(21.75,418.75),.PIECEWISE_BEZIER_KNOTS.);
#5132 = CARTESIAN_POINT('',(0.,4.));
#5133 = CARTESIAN_POINT('',(397.,4.));
#5134 = ( GEOMETRIC_REPRESENTATION_CONTEXT(2) 
PARAMETRIC_REPRESENTATION_CONTEXT() REPRESENTATION_CONTEXT('2D SPACE',''
  ) );
#5135 = ORIENTED_EDGE('',*,*,#5136,.F.);
#5136 = EDGE_CURVE('',#5074,#5116,#5137,.T.);
#5137 = SURFACE_CURVE('',#5138,(#5142,#5148),.PCURVE_S1.);
#5138 = LINE('',#5139,#5140);
#5139 = CARTESIAN_POINT('',(198.5,-129.,-227.5));
#5140 = VECTOR('',#5141,1.);
#5141 = DIRECTION('',(0.,0.,-1.));
#5142 = PCURVE('',#1533,#5143);
#5143 = DEFINITIONAL_REPRESENTATION('',(#5144),#5147);
#5144 = B_SPLINE_CURVE_WITH_KNOTS('',1,(#5145,#5146),.UNSPECIFIED.,.F.,
  .F.,(2,2),(-545.,-525.),.PIECEWISE_BEZIER_KNOTS.);
#5145 = CARTESIAN_POINT('',(1.07E+03,440.5));
#5146 = CARTESIAN_POINT('',(1.05E+03,440.5));
#5147 = ( GEOMETRIC_REPRESENTATION_CONTEXT(2) 
PARAMETRIC_REPRESENTATION_CONTEXT() REPRESENTATION_CONTEXT('2D SPACE',''
  ) );
#5148 = PCURVE('',#3226,#5149);
#5149 = DEFINITIONAL_REPRESENTATION('',(#5150),#5153);
#5150 = B_SPLINE_CURVE_WITH_KNOTS('',1,(#5151,#5152),.UNSPECIFIED.,.F.,
  .F.,(2,2),(-545.,-525.),.PIECEWISE_BEZIER_KNOTS.);
#5151 = CARTESIAN_POINT('',(20.,-4.));
#5152 = CARTESIAN_POINT('',(0.,-4.));
#5153 = ( GEOMETRIC_REPRESENTATION_CONTEXT(2) 
PARAMETRIC_REPRESENTATION_CONTEXT() REPRESENTATION_CONTEXT('2D SPACE',''
  ) );
#5154 = FACE_BOUND('',#5155,.T.);
#5155 = EDGE_LOOP('',(#5156,#5179,#5200,#5221));
#5156 = ORIENTED_EDGE('',*,*,#5157,.F.);
#5157 = EDGE_CURVE('',#5158,#5160,#5162,.T.);
#5158 = VERTEX_POINT('',#5159);
#5159 = CARTESIAN_POINT('',(-198.5,-129.,379.));
#5160 = VERTEX_POINT('',#5161);
#5161 = CARTESIAN_POINT('',(198.5,-129.,379.));
#5162 = SURFACE_CURVE('',#5163,(#5167,#5173),.PCURVE_S1.);
#5163 = LINE('',#5164,#5165);
#5164 = CARTESIAN_POINT('',(-220.25,-129.,379.));
#5165 = VECTOR('',#5166,1.);
#5166 = DIRECTION('',(1.,0.,0.));
#5167 = PCURVE('',#1533,#5168);
#5168 = DEFINITIONAL_REPRESENTATION('',(#5169),#5172);
#5169 = B_SPLINE_CURVE_WITH_KNOTS('',1,(#5170,#5171),.UNSPECIFIED.,.F.,
  .F.,(2,2),(21.75,418.75),.PIECEWISE_BEZIER_KNOTS.);
#5170 = CARTESIAN_POINT('',(1.1315E+03,43.5));
#5171 = CARTESIAN_POINT('',(1.1315E+03,440.5));
#5172 = ( GEOMETRIC_REPRESENTATION_CONTEXT(2) 
PARAMETRIC_REPRESENTATION_CONTEXT() REPRESENTATION_CONTEXT('2D SPACE',''
  ) );
#5173 = PCURVE('',#3256,#5174);
#5174 = DEFINITIONAL_REPRESENTATION('',(#5175),#5178);
#5175 = B_SPLINE_CURVE_WITH_KNOTS('',1,(#5176,#5177),.UNSPECIFIED.,.F.,
  .F.,(2,2),(21.75,418.75),.PIECEWISE_BEZIER_KNOTS.);
#5176 = CARTESIAN_POINT('',(0.,4.));
#5177 = CARTESIAN_POINT('',(397.,4.));
#5178 = ( GEOMETRIC_REPRESENTATION_CONTEXT(2) 
PARAMETRIC_REPRESENTATION_CONTEXT() REPRESENTATION_CONTEXT('2D SPACE',''
  ) );
#5179 = ORIENTED_EDGE('',*,*,#5180,.T.);
#5180 = EDGE_CURVE('',#5158,#5181,#5183,.T.);
#5181 = VERTEX_POINT('',#5182);
#5182 = CARTESIAN_POINT('',(-198.5,-129.,359.));
#5183 = SURFACE_CURVE('',#5184,(#5188,#5194),.PCURVE_S1.);
#5184 = LINE('',#5185,#5186);
#5185 = CARTESIAN_POINT('',(-198.5,-129.,-196.75));
#5186 = VECTOR('',#5187,1.);
#5187 = DIRECTION('',(0.,0.,-1.));
#5188 = PCURVE('',#1533,#5189);
#5189 = DEFINITIONAL_REPRESENTATION('',(#5190),#5193);
#5190 = B_SPLINE_CURVE_WITH_KNOTS('',1,(#5191,#5192),.UNSPECIFIED.,.F.,
  .F.,(2,2),(-575.75,-555.75),.PIECEWISE_BEZIER_KNOTS.);
#5191 = CARTESIAN_POINT('',(1.1315E+03,43.5));
#5192 = CARTESIAN_POINT('',(1.1115E+03,43.5));
#5193 = ( GEOMETRIC_REPRESENTATION_CONTEXT(2) 
PARAMETRIC_REPRESENTATION_CONTEXT() REPRESENTATION_CONTEXT('2D SPACE',''
  ) );
#5194 = PCURVE('',#3282,#5195);
#5195 = DEFINITIONAL_REPRESENTATION('',(#5196),#5199);
#5196 = B_SPLINE_CURVE_WITH_KNOTS('',1,(#5197,#5198),.UNSPECIFIED.,.F.,
  .F.,(2,2),(-575.75,-555.75),.PIECEWISE_BEZIER_KNOTS.);
#5197 = CARTESIAN_POINT('',(20.,-4.));
#5198 = CARTESIAN_POINT('',(0.,-4.));
#5199 = ( GEOMETRIC_REPRESENTATION_CONTEXT(2) 
PARAMETRIC_REPRESENTATION_CONTEXT() REPRESENTATION_CONTEXT('2D SPACE',''
  ) );
#5200 = ORIENTED_EDGE('',*,*,#5201,.T.);
#5201 = EDGE_CURVE('',#5181,#5202,#5204,.T.);
#5202 = VERTEX_POINT('',#5203);
#5203 = CARTESIAN_POINT('',(198.5,-129.,359.));
#5204 = SURFACE_CURVE('',#5205,(#5209,#5215),.PCURVE_S1.);
#5205 = LINE('',#5206,#5207);
#5206 = CARTESIAN_POINT('',(-220.25,-129.,359.));
#5207 = VECTOR('',#5208,1.);
#5208 = DIRECTION('',(1.,0.,0.));
#5209 = PCURVE('',#1533,#5210);
#5210 = DEFINITIONAL_REPRESENTATION('',(#5211),#5214);
#5211 = B_SPLINE_CURVE_WITH_KNOTS('',1,(#5212,#5213),.UNSPECIFIED.,.F.,
  .F.,(2,2),(21.75,418.75),.PIECEWISE_BEZIER_KNOTS.);
#5212 = CARTESIAN_POINT('',(1.1115E+03,43.5));
#5213 = CARTESIAN_POINT('',(1.1115E+03,440.5));
#5214 = ( GEOMETRIC_REPRESENTATION_CONTEXT(2) 
PARAMETRIC_REPRESENTATION_CONTEXT() REPRESENTATION_CONTEXT('2D SPACE',''
  ) );
#5215 = PCURVE('',#3308,#5216);
#5216 = DEFINITIONAL_REPRESENTATION('',(#5217),#5220);
#5217 = B_SPLINE_CURVE_WITH_KNOTS('',1,(#5218,#5219),.UNSPECIFIED.,.F.,
  .F.,(2,2),(21.75,418.75),.PIECEWISE_BEZIER_KNOTS.);
#5218 = CARTESIAN_POINT('',(0.,4.));
#5219 = CARTESIAN_POINT('',(397.,4.));
#5220 = ( GEOMETRIC_REPRESENTATION_CONTEXT(2) 
PARAMETRIC_REPRESENTATION_CONTEXT() REPRESENTATION_CONTEXT('2D SPACE',''
  ) );
#5221 = ORIENTED_EDGE('',*,*,#5222,.F.);
#5222 = EDGE_CURVE('',#5160,#5202,#5223,.T.);
#5223 = SURFACE_CURVE('',#5224,(#5228,#5234),.PCURVE_S1.);
#5224 = LINE('',#5225,#5226);
#5225 = CARTESIAN_POINT('',(198.5,-129.,-196.75));
#5226 = VECTOR('',#5227,1.);
#5227 = DIRECTION('',(0.,0.,-1.));
#5228 = PCURVE('',#1533,#5229);
#5229 = DEFINITIONAL_REPRESENTATION('',(#5230),#5233);
#5230 = B_SPLINE_CURVE_WITH_KNOTS('',1,(#5231,#5232),.UNSPECIFIED.,.F.,
  .F.,(2,2),(-575.75,-555.75),.PIECEWISE_BEZIER_KNOTS.);
#5231 = CARTESIAN_POINT('',(1.1315E+03,440.5));
#5232 = CARTESIAN_POINT('',(1.1115E+03,440.5));
#5233 = ( GEOMETRIC_REPRESENTATION_CONTEXT(2) 
PARAMETRIC_REPRESENTATION_CONTEXT() REPRESENTATION_CONTEXT('2D SPACE',''
  ) );
#5234 = PCURVE('',#3332,#5235);
#5235 = DEFINITIONAL_REPRESENTATION('',(#5236),#5239);
#5236 = B_SPLINE_CURVE_WITH_KNOTS('',1,(#5237,#5238),.UNSPECIFIED.,.F.,
  .F.,(2,2),(-575.75,-555.75),.PIECEWISE_BEZIER_KNOTS.);
#5237 = CARTESIAN_POINT('',(20.,-4.));
#5238 = CARTESIAN_POINT('',(0.,-4.));
#5239 = ( GEOMETRIC_REPRESENTATION_CONTEXT(2) 
PARAMETRIC_REPRESENTATION_CONTEXT() REPRESENTATION_CONTEXT('2D SPACE',''
  ) );
#5240 = FACE_BOUND('',#5241,.T.);
#5241 = EDGE_LOOP('',(#5242,#5265,#5286,#5307));
#5242 = ORIENTED_EDGE('',*,*,#5243,.F.);
#5243 = EDGE_CURVE('',#5244,#5246,#5248,.T.);
#5244 = VERTEX_POINT('',#5245);
#5245 = CARTESIAN_POINT('',(-198.5,-129.,440.5));
#5246 = VERTEX_POINT('',#5247);
#5247 = CARTESIAN_POINT('',(198.5,-129.,440.5));
#5248 = SURFACE_CURVE('',#5249,(#5253,#5259),.PCURVE_S1.);
#5249 = LINE('',#5250,#5251);
#5250 = CARTESIAN_POINT('',(-220.25,-129.,440.5));
#5251 = VECTOR('',#5252,1.);
#5252 = DIRECTION('',(1.,0.,0.));
#5253 = PCURVE('',#1533,#5254);
#5254 = DEFINITIONAL_REPRESENTATION('',(#5255),#5258);
#5255 = B_SPLINE_CURVE_WITH_KNOTS('',1,(#5256,#5257),.UNSPECIFIED.,.F.,
  .F.,(2,2),(21.75,418.75),.PIECEWISE_BEZIER_KNOTS.);
#5256 = CARTESIAN_POINT('',(1.193E+03,43.5));
#5257 = CARTESIAN_POINT('',(1.193E+03,440.5));
#5258 = ( GEOMETRIC_REPRESENTATION_CONTEXT(2) 
PARAMETRIC_REPRESENTATION_CONTEXT() REPRESENTATION_CONTEXT('2D SPACE',''
  ) );
#5259 = PCURVE('',#3362,#5260);
#5260 = DEFINITIONAL_REPRESENTATION('',(#5261),#5264);
#5261 = B_SPLINE_CURVE_WITH_KNOTS('',1,(#5262,#5263),.UNSPECIFIED.,.F.,
  .F.,(2,2),(21.75,418.75),.PIECEWISE_BEZIER_KNOTS.);
#5262 = CARTESIAN_POINT('',(0.,4.));
#5263 = CARTESIAN_POINT('',(397.,4.));
#5264 = ( GEOMETRIC_REPRESENTATION_CONTEXT(2) 
PARAMETRIC_REPRESENTATION_CONTEXT() REPRESENTATION_CONTEXT('2D SPACE',''
  ) );
#5265 = ORIENTED_EDGE('',*,*,#5266,.T.);
#5266 = EDGE_CURVE('',#5244,#5267,#5269,.T.);
#5267 = VERTEX_POINT('',#5268);
#5268 = CARTESIAN_POINT('',(-198.5,-129.,420.5));
#5269 = SURFACE_CURVE('',#5270,(#5274,#5280),.PCURVE_S1.);
#5270 = LINE('',#5271,#5272);
#5271 = CARTESIAN_POINT('',(-198.5,-129.,-166.));
#5272 = VECTOR('',#5273,1.);
#5273 = DIRECTION('',(0.,0.,-1.));
#5274 = PCURVE('',#1533,#5275);
#5275 = DEFINITIONAL_REPRESENTATION('',(#5276),#5279);
#5276 = B_SPLINE_CURVE_WITH_KNOTS('',1,(#5277,#5278),.UNSPECIFIED.,.F.,
  .F.,(2,2),(-606.5,-586.5),.PIECEWISE_BEZIER_KNOTS.);
#5277 = CARTESIAN_POINT('',(1.193E+03,43.5));
#5278 = CARTESIAN_POINT('',(1.173E+03,43.5));
#5279 = ( GEOMETRIC_REPRESENTATION_CONTEXT(2) 
PARAMETRIC_REPRESENTATION_CONTEXT() REPRESENTATION_CONTEXT('2D SPACE',''
  ) );
#5280 = PCURVE('',#3388,#5281);
#5281 = DEFINITIONAL_REPRESENTATION('',(#5282),#5285);
#5282 = B_SPLINE_CURVE_WITH_KNOTS('',1,(#5283,#5284),.UNSPECIFIED.,.F.,
  .F.,(2,2),(-606.5,-586.5),.PIECEWISE_BEZIER_KNOTS.);
#5283 = CARTESIAN_POINT('',(20.,-4.));
#5284 = CARTESIAN_POINT('',(0.,-4.));
#5285 = ( GEOMETRIC_REPRESENTATION_CONTEXT(2) 
PARAMETRIC_REPRESENTATION_CONTEXT() REPRESENTATION_CONTEXT('2D SPACE',''
  ) );
#5286 = ORIENTED_EDGE('',*,*,#5287,.T.);
#5287 = EDGE_CURVE('',#5267,#5288,#5290,.T.);
#5288 = VERTEX_POINT('',#5289);
#5289 = CARTESIAN_POINT('',(198.5,-129.,420.5));
#5290 = SURFACE_CURVE('',#5291,(#5295,#5301),.PCURVE_S1.);
#5291 = LINE('',#5292,#5293);
#5292 = CARTESIAN_POINT('',(-220.25,-129.,420.5));
#5293 = VECTOR('',#5294,1.);
#5294 = DIRECTION('',(1.,0.,0.));
#5295 = PCURVE('',#1533,#5296);
#5296 = DEFINITIONAL_REPRESENTATION('',(#5297),#5300);
#5297 = B_SPLINE_CURVE_WITH_KNOTS('',1,(#5298,#5299),.UNSPECIFIED.,.F.,
  .F.,(2,2),(21.75,418.75),.PIECEWISE_BEZIER_KNOTS.);
#5298 = CARTESIAN_POINT('',(1.173E+03,43.5));
#5299 = CARTESIAN_POINT('',(1.173E+03,440.5));
#5300 = ( GEOMETRIC_REPRESENTATION_CONTEXT(2) 
PARAMETRIC_REPRESENTATION_CONTEXT() REPRESENTATION_CONTEXT('2D SPACE',''
  ) );
#5301 = PCURVE('',#3414,#5302);
#5302 = DEFINITIONAL_REPRESENTATION('',(#5303),#5306);
#5303 = B_SPLINE_CURVE_WITH_KNOTS('',1,(#5304,#5305),.UNSPECIFIED.,.F.,
  .F.,(2,2),(21.75,418.75),.PIECEWISE_BEZIER_KNOTS.);
#5304 = CARTESIAN_POINT('',(0.,4.));
#5305 = CARTESIAN_POINT('',(397.,4.));
#5306 = ( GEOMETRIC_REPRESENTATION_CONTEXT(2) 
PARAMETRIC_REPRESENTATION_CONTEXT() REPRESENTATION_CONTEXT('2D SPACE',''
  ) );
#5307 = ORIENTED_EDGE('',*,*,#5308,.F.);
#5308 = EDGE_CURVE('',#5246,#5288,#5309,.T.);
#5309 = SURFACE_CURVE('',#5310,(#5314,#5320),.PCURVE_S1.);
#5310 = LINE('',#5311,#5312);
#5311 = CARTESIAN_POINT('',(198.5,-129.,-166.));
#5312 = VECTOR('',#5313,1.);
#5313 = DIRECTION('',(0.,0.,-1.));
#5314 = PCURVE('',#1533,#5315);
#5315 = DEFINITIONAL_REPRESENTATION('',(#5316),#5319);
#5316 = B_SPLINE_CURVE_WITH_KNOTS('',1,(#5317,#5318),.UNSPECIFIED.,.F.,
  .F.,(2,2),(-606.5,-586.5),.PIECEWISE_BEZIER_KNOTS.);
#5317 = CARTESIAN_POINT('',(1.193E+03,440.5));
#5318 = CARTESIAN_POINT('',(1.173E+03,440.5));
#5319 = ( GEOMETRIC_REPRESENTATION_CONTEXT(2) 
PARAMETRIC_REPRESENTATION_CONTEXT() REPRESENTATION_CONTEXT('2D SPACE',''
  ) );
#5320 = PCURVE('',#3438,#5321);
#5321 = DEFINITIONAL_REPRESENTATION('',(#5322),#5325);
#5322 = B_SPLINE_CURVE_WITH_KNOTS('',1,(#5323,#5324),.UNSPECIFIED.,.F.,
  .F.,(2,2),(-606.5,-586.5),.PIECEWISE_BEZIER_KNOTS.);
#5323 = CARTESIAN_POINT('',(20.,-4.));
#5324 = CARTESIAN_POINT('',(0.,-4.));
#5325 = ( GEOMETRIC_REPRESENTATION_CONTEXT(2) 
PARAMETRIC_REPRESENTATION_CONTEXT() REPRESENTATION_CONTEXT('2D SPACE',''
  ) );
#5326 = FACE_BOUND('',#5327,.T.);
#5327 = EDGE_LOOP('',(#5328,#5351,#5372,#5393));
#5328 = ORIENTED_EDGE('',*,*,#5329,.F.);
#5329 = EDGE_CURVE('',#5330,#5332,#5334,.T.);
#5330 = VERTEX_POINT('',#5331);
#5331 = CARTESIAN_POINT('',(-198.5,-129.,502.));
#5332 = VERTEX_POINT('',#5333);
#5333 = CARTESIAN_POINT('',(198.5,-129.,502.));
#5334 = SURFACE_CURVE('',#5335,(#5339,#5345),.PCURVE_S1.);
#5335 = LINE('',#5336,#5337);
#5336 = CARTESIAN_POINT('',(-220.25,-129.,502.));
#5337 = VECTOR('',#5338,1.);
#5338 = DIRECTION('',(1.,0.,0.));
#5339 = PCURVE('',#1533,#5340);
#5340 = DEFINITIONAL_REPRESENTATION('',(#5341),#5344);
#5341 = B_SPLINE_CURVE_WITH_KNOTS('',1,(#5342,#5343),.UNSPECIFIED.,.F.,
  .F.,(2,2),(21.75,418.75),.PIECEWISE_BEZIER_KNOTS.);
#5342 = CARTESIAN_POINT('',(1.2545E+03,43.5));
#5343 = CARTESIAN_POINT('',(1.2545E+03,440.5));
#5344 = ( GEOMETRIC_REPRESENTATION_CONTEXT(2) 
PARAMETRIC_REPRESENTATION_CONTEXT() REPRESENTATION_CONTEXT('2D SPACE',''
  ) );
#5345 = PCURVE('',#3468,#5346);
#5346 = DEFINITIONAL_REPRESENTATION('',(#5347),#5350);
#5347 = B_SPLINE_CURVE_WITH_KNOTS('',1,(#5348,#5349),.UNSPECIFIED.,.F.,
  .F.,(2,2),(21.75,418.75),.PIECEWISE_BEZIER_KNOTS.);
#5348 = CARTESIAN_POINT('',(0.,4.));
#5349 = CARTESIAN_POINT('',(397.,4.));
#5350 = ( GEOMETRIC_REPRESENTATION_CONTEXT(2) 
PARAMETRIC_REPRESENTATION_CONTEXT() REPRESENTATION_CONTEXT('2D SPACE',''
  ) );
#5351 = ORIENTED_EDGE('',*,*,#5352,.T.);
#5352 = EDGE_CURVE('',#5330,#5353,#5355,.T.);
#5353 = VERTEX_POINT('',#5354);
#5354 = CARTESIAN_POINT('',(-198.5,-129.,482.));
#5355 = SURFACE_CURVE('',#5356,(#5360,#5366),.PCURVE_S1.);
#5356 = LINE('',#5357,#5358);
#5357 = CARTESIAN_POINT('',(-198.5,-129.,-135.25));
#5358 = VECTOR('',#5359,1.);
#5359 = DIRECTION('',(0.,0.,-1.));
#5360 = PCURVE('',#1533,#5361);
#5361 = DEFINITIONAL_REPRESENTATION('',(#5362),#5365);
#5362 = B_SPLINE_CURVE_WITH_KNOTS('',1,(#5363,#5364),.UNSPECIFIED.,.F.,
  .F.,(2,2),(-637.25,-617.25),.PIECEWISE_BEZIER_KNOTS.);
#5363 = CARTESIAN_POINT('',(1.2545E+03,43.5));
#5364 = CARTESIAN_POINT('',(1.2345E+03,43.5));
#5365 = ( GEOMETRIC_REPRESENTATION_CONTEXT(2) 
PARAMETRIC_REPRESENTATION_CONTEXT() REPRESENTATION_CONTEXT('2D SPACE',''
  ) );
#5366 = PCURVE('',#3494,#5367);
#5367 = DEFINITIONAL_REPRESENTATION('',(#5368),#5371);
#5368 = B_SPLINE_CURVE_WITH_KNOTS('',1,(#5369,#5370),.UNSPECIFIED.,.F.,
  .F.,(2,2),(-637.25,-617.25),.PIECEWISE_BEZIER_KNOTS.);
#5369 = CARTESIAN_POINT('',(20.,-4.));
#5370 = CARTESIAN_POINT('',(0.,-4.));
#5371 = ( GEOMETRIC_REPRESENTATION_CONTEXT(2) 
PARAMETRIC_REPRESENTATION_CONTEXT() REPRESENTATION_CONTEXT('2D SPACE',''
  ) );
#5372 = ORIENTED_EDGE('',*,*,#5373,.T.);
#5373 = EDGE_CURVE('',#5353,#5374,#5376,.T.);
#5374 = VERTEX_POINT('',#5375);
#5375 = CARTESIAN_POINT('',(198.5,-129.,482.));
#5376 = SURFACE_CURVE('',#5377,(#5381,#5387),.PCURVE_S1.);
#5377 = LINE('',#5378,#5379);
#5378 = CARTESIAN_POINT('',(-220.25,-129.,482.));
#5379 = VECTOR('',#5380,1.);
#5380 = DIRECTION('',(1.,0.,0.));
#5381 = PCURVE('',#1533,#5382);
#5382 = DEFINITIONAL_REPRESENTATION('',(#5383),#5386);
#5383 = B_SPLINE_CURVE_WITH_KNOTS('',1,(#5384,#5385),.UNSPECIFIED.,.F.,
  .F.,(2,2),(21.75,418.75),.PIECEWISE_BEZIER_KNOTS.);
#5384 = CARTESIAN_POINT('',(1.2345E+03,43.5));
#5385 = CARTESIAN_POINT('',(1.2345E+03,440.5));
#5386 = ( GEOMETRIC_REPRESENTATION_CONTEXT(2) 
PARAMETRIC_REPRESENTATION_CONTEXT() REPRESENTATION_CONTEXT('2D SPACE',''
  ) );
#5387 = PCURVE('',#3520,#5388);
#5388 = DEFINITIONAL_REPRESENTATION('',(#5389),#5392);
#5389 = B_SPLINE_CURVE_WITH_KNOTS('',1,(#5390,#5391),.UNSPECIFIED.,.F.,
  .F.,(2,2),(21.75,418.75),.PIECEWISE_BEZIER_KNOTS.);
#5390 = CARTESIAN_POINT('',(0.,4.));
#5391 = CARTESIAN_POINT('',(397.,4.));
#5392 = ( GEOMETRIC_REPRESENTATION_CONTEXT(2) 
PARAMETRIC_REPRESENTATION_CONTEXT() REPRESENTATION_CONTEXT('2D SPACE',''
  ) );
#5393 = ORIENTED_EDGE('',*,*,#5394,.F.);
#5394 = EDGE_CURVE('',#5332,#5374,#5395,.T.);
#5395 = SURFACE_CURVE('',#5396,(#5400,#5406),.PCURVE_S1.);
#5396 = LINE('',#5397,#5398);
#5397 = CARTESIAN_POINT('',(198.5,-129.,-135.25));
#5398 = VECTOR('',#5399,1.);
#5399 = DIRECTION('',(0.,0.,-1.));
#5400 = PCURVE('',#1533,#5401);
#5401 = DEFINITIONAL_REPRESENTATION('',(#5402),#5405);
#5402 = B_SPLINE_CURVE_WITH_KNOTS('',1,(#5403,#5404),.UNSPECIFIED.,.F.,
  .F.,(2,2),(-637.25,-617.25),.PIECEWISE_BEZIER_KNOTS.);
#5403 = CARTESIAN_POINT('',(1.2545E+03,440.5));
#5404 = CARTESIAN_POINT('',(1.2345E+03,440.5));
#5405 = ( GEOMETRIC_REPRESENTATION_CONTEXT(2) 
PARAMETRIC_REPRESENTATION_CONTEXT() REPRESENTATION_CONTEXT('2D SPACE',''
  ) );
#5406 = PCURVE('',#3544,#5407);
#5407 = DEFINITIONAL_REPRESENTATION('',(#5408),#5411);
#5408 = B_SPLINE_CURVE_WITH_KNOTS('',1,(#5409,#5410),.UNSPECIFIED.,.F.,
  .F.,(2,2),(-637.25,-617.25),.PIECEWISE_BEZIER_KNOTS.);
#5409 = CARTESIAN_POINT('',(20.,-4.));
#5410 = CARTESIAN_POINT('',(0.,-4.));
#5411 = ( GEOMETRIC_REPRESENTATION_CONTEXT(2) 
PARAMETRIC_REPRESENTATION_CONTEXT() REPRESENTATION_CONTEXT('2D SPACE',''
  ) );
#5412 = FACE_BOUND('',#5413,.T.);
#5413 = EDGE_LOOP('',(#5414,#5437,#5458,#5479));
#5414 = ORIENTED_EDGE('',*,*,#5415,.F.);
#5415 = EDGE_CURVE('',#5416,#5418,#5420,.T.);
#5416 = VERTEX_POINT('',#5417);
#5417 = CARTESIAN_POINT('',(-198.5,-129.,563.5));
#5418 = VERTEX_POINT('',#5419);
#5419 = CARTESIAN_POINT('',(198.5,-129.,563.5));
#5420 = SURFACE_CURVE('',#5421,(#5425,#5431),.PCURVE_S1.);
#5421 = LINE('',#5422,#5423);
#5422 = CARTESIAN_POINT('',(-220.25,-129.,563.5));
#5423 = VECTOR('',#5424,1.);
#5424 = DIRECTION('',(1.,0.,0.));
#5425 = PCURVE('',#1533,#5426);
#5426 = DEFINITIONAL_REPRESENTATION('',(#5427),#5430);
#5427 = B_SPLINE_CURVE_WITH_KNOTS('',1,(#5428,#5429),.UNSPECIFIED.,.F.,
  .F.,(2,2),(21.75,418.75),.PIECEWISE_BEZIER_KNOTS.);
#5428 = CARTESIAN_POINT('',(1.316E+03,43.5));
#5429 = CARTESIAN_POINT('',(1.316E+03,440.5));
#5430 = ( GEOMETRIC_REPRESENTATION_CONTEXT(2) 
PARAMETRIC_REPRESENTATION_CONTEXT() REPRESENTATION_CONTEXT('2D SPACE',''
  ) );
#5431 = PCURVE('',#3574,#5432);
#5432 = DEFINITIONAL_REPRESENTATION('',(#5433),#5436);
#5433 = B_SPLINE_CURVE_WITH_KNOTS('',1,(#5434,#5435),.UNSPECIFIED.,.F.,
  .F.,(2,2),(21.75,418.75),.PIECEWISE_BEZIER_KNOTS.);
#5434 = CARTESIAN_POINT('',(0.,4.));
#5435 = CARTESIAN_POINT('',(397.,4.));
#5436 = ( GEOMETRIC_REPRESENTATION_CONTEXT(2) 
PARAMETRIC_REPRESENTATION_CONTEXT() REPRESENTATION_CONTEXT('2D SPACE',''
  ) );
#5437 = ORIENTED_EDGE('',*,*,#5438,.T.);
#5438 = EDGE_CURVE('',#5416,#5439,#5441,.T.);
#5439 = VERTEX_POINT('',#5440);
#5440 = CARTESIAN_POINT('',(-198.5,-129.,543.5));
#5441 = SURFACE_CURVE('',#5442,(#5446,#5452),.PCURVE_S1.);
#5442 = LINE('',#5443,#5444);
#5443 = CARTESIAN_POINT('',(-198.5,-129.,-104.5));
#5444 = VECTOR('',#5445,1.);
#5445 = DIRECTION('',(0.,0.,-1.));
#5446 = PCURVE('',#1533,#5447);
#5447 = DEFINITIONAL_REPRESENTATION('',(#5448),#5451);
#5448 = B_SPLINE_CURVE_WITH_KNOTS('',1,(#5449,#5450),.UNSPECIFIED.,.F.,
  .F.,(2,2),(-668.,-648.),.PIECEWISE_BEZIER_KNOTS.);
#5449 = CARTESIAN_POINT('',(1.316E+03,43.5));
#5450 = CARTESIAN_POINT('',(1.296E+03,43.5));
#5451 = ( GEOMETRIC_REPRESENTATION_CONTEXT(2) 
PARAMETRIC_REPRESENTATION_CONTEXT() REPRESENTATION_CONTEXT('2D SPACE',''
  ) );
#5452 = PCURVE('',#3600,#5453);
#5453 = DEFINITIONAL_REPRESENTATION('',(#5454),#5457);
#5454 = B_SPLINE_CURVE_WITH_KNOTS('',1,(#5455,#5456),.UNSPECIFIED.,.F.,
  .F.,(2,2),(-668.,-648.),.PIECEWISE_BEZIER_KNOTS.);
#5455 = CARTESIAN_POINT('',(20.,-4.));
#5456 = CARTESIAN_POINT('',(0.,-4.));
#5457 = ( GEOMETRIC_REPRESENTATION_CONTEXT(2) 
PARAMETRIC_REPRESENTATION_CONTEXT() REPRESENTATION_CONTEXT('2D SPACE',''
  ) );
#5458 = ORIENTED_EDGE('',*,*,#5459,.T.);
#5459 = EDGE_CURVE('',#5439,#5460,#5462,.T.);
#5460 = VERTEX_POINT('',#5461);
#5461 = CARTESIAN_POINT('',(198.5,-129.,543.5));
#5462 = SURFACE_CURVE('',#5463,(#5467,#5473),.PCURVE_S1.);
#5463 = LINE('',#5464,#5465);
#5464 = CARTESIAN_POINT('',(-220.25,-129.,543.5));
#5465 = VECTOR('',#5466,1.);
#5466 = DIRECTION('',(1.,0.,0.));
#5467 = PCURVE('',#1533,#5468);
#5468 = DEFINITIONAL_REPRESENTATION('',(#5469),#5472);
#5469 = B_SPLINE_CURVE_WITH_KNOTS('',1,(#5470,#5471),.UNSPECIFIED.,.F.,
  .F.,(2,2),(21.75,418.75),.PIECEWISE_BEZIER_KNOTS.);
#5470 = CARTESIAN_POINT('',(1.296E+03,43.5));
#5471 = CARTESIAN_POINT('',(1.296E+03,440.5));
#5472 = ( GEOMETRIC_REPRESENTATION_CONTEXT(2) 
PARAMETRIC_REPRESENTATION_CONTEXT() REPRESENTATION_CONTEXT('2D SPACE',''
  ) );
#5473 = PCURVE('',#3626,#5474);
#5474 = DEFINITIONAL_REPRESENTATION('',(#5475),#5478);
#5475 = B_SPLINE_CURVE_WITH_KNOTS('',1,(#5476,#5477),.UNSPECIFIED.,.F.,
  .F.,(2,2),(21.75,418.75),.PIECEWISE_BEZIER_KNOTS.);
#5476 = CARTESIAN_POINT('',(0.,4.));
#5477 = CARTESIAN_POINT('',(397.,4.));
#5478 = ( GEOMETRIC_REPRESENTATION_CONTEXT(2) 
PARAMETRIC_REPRESENTATION_CONTEXT() REPRESENTATION_CONTEXT('2D SPACE',''
  ) );
#5479 = ORIENTED_EDGE('',*,*,#5480,.F.);
#5480 = EDGE_CURVE('',#5418,#5460,#5481,.T.);
#5481 = SURFACE_CURVE('',#5482,(#5486,#5492),.PCURVE_S1.);
#5482 = LINE('',#5483,#5484);
#5483 = CARTESIAN_POINT('',(198.5,-129.,-104.5));
#5484 = VECTOR('',#5485,1.);
#5485 = DIRECTION('',(0.,0.,-1.));
#5486 = PCURVE('',#1533,#5487);
#5487 = DEFINITIONAL_REPRESENTATION('',(#5488),#5491);
#5488 = B_SPLINE_CURVE_WITH_KNOTS('',1,(#5489,#5490),.UNSPECIFIED.,.F.,
  .F.,(2,2),(-668.,-648.),.PIECEWISE_BEZIER_KNOTS.);
#5489 = CARTESIAN_POINT('',(1.316E+03,440.5));
#5490 = CARTESIAN_POINT('',(1.296E+03,440.5));
#5491 = ( GEOMETRIC_REPRESENTATION_CONTEXT(2) 
PARAMETRIC_REPRESENTATION_CONTEXT() REPRESENTATION_CONTEXT('2D SPACE',''
  ) );
#5492 = PCURVE('',#3650,#5493);
#5493 = DEFINITIONAL_REPRESENTATION('',(#5494),#5497);
#5494 = B_SPLINE_CURVE_WITH_KNOTS('',1,(#5495,#5496),.UNSPECIFIED.,.F.,
  .F.,(2,2),(-668.,-648.),.PIECEWISE_BEZIER_KNOTS.);
#5495 = CARTESIAN_POINT('',(20.,-4.));
#5496 = CARTESIAN_POINT('',(0.,-4.));
#5497 = ( GEOMETRIC_REPRESENTATION_CONTEXT(2) 
PARAMETRIC_REPRESENTATION_CONTEXT() REPRESENTATION_CONTEXT('2D SPACE',''
  ) );
#5498 = FACE_BOUND('',#5499,.T.);
#5499 = EDGE_LOOP('',(#5500,#5523,#5544,#5565));
#5500 = ORIENTED_EDGE('',*,*,#5501,.F.);
#5501 = EDGE_CURVE('',#5502,#5504,#5506,.T.);
#5502 = VERTEX_POINT('',#5503);
#5503 = CARTESIAN_POINT('',(-198.5,-129.,625.));
#5504 = VERTEX_POINT('',#5505);
#5505 = CARTESIAN_POINT('',(198.5,-129.,625.));
#5506 = SURFACE_CURVE('',#5507,(#5511,#5517),.PCURVE_S1.);
#5507 = LINE('',#5508,#5509);
#5508 = CARTESIAN_POINT('',(-220.25,-129.,625.));
#5509 = VECTOR('',#5510,1.);
#5510 = DIRECTION('',(1.,0.,0.));
#5511 = PCURVE('',#1533,#5512);
#5512 = DEFINITIONAL_REPRESENTATION('',(#5513),#5516);
#5513 = B_SPLINE_CURVE_WITH_KNOTS('',1,(#5514,#5515),.UNSPECIFIED.,.F.,
  .F.,(2,2),(21.75,418.75),.PIECEWISE_BEZIER_KNOTS.);
#5514 = CARTESIAN_POINT('',(1.3775E+03,43.5));
#5515 = CARTESIAN_POINT('',(1.3775E+03,440.5));
#5516 = ( GEOMETRIC_REPRESENTATION_CONTEXT(2) 
PARAMETRIC_REPRESENTATION_CONTEXT() REPRESENTATION_CONTEXT('2D SPACE',''
  ) );
#5517 = PCURVE('',#3680,#5518);
#5518 = DEFINITIONAL_REPRESENTATION('',(#5519),#5522);
#5519 = B_SPLINE_CURVE_WITH_KNOTS('',1,(#5520,#5521),.UNSPECIFIED.,.F.,
  .F.,(2,2),(21.75,418.75),.PIECEWISE_BEZIER_KNOTS.);
#5520 = CARTESIAN_POINT('',(0.,4.));
#5521 = CARTESIAN_POINT('',(397.,4.));
#5522 = ( GEOMETRIC_REPRESENTATION_CONTEXT(2) 
PARAMETRIC_REPRESENTATION_CONTEXT() REPRESENTATION_CONTEXT('2D SPACE',''
  ) );
#5523 = ORIENTED_EDGE('',*,*,#5524,.T.);
#5524 = EDGE_CURVE('',#5502,#5525,#5527,.T.);
#5525 = VERTEX_POINT('',#5526);
#5526 = CARTESIAN_POINT('',(-198.5,-129.,605.));
#5527 = SURFACE_CURVE('',#5528,(#5532,#5538),.PCURVE_S1.);
#5528 = LINE('',#5529,#5530);
#5529 = CARTESIAN_POINT('',(-198.5,-129.,-73.75));
#5530 = VECTOR('',#5531,1.);
#5531 = DIRECTION('',(0.,0.,-1.));
#5532 = PCURVE('',#1533,#5533);
#5533 = DEFINITIONAL_REPRESENTATION('',(#5534),#5537);
#5534 = B_SPLINE_CURVE_WITH_KNOTS('',1,(#5535,#5536),.UNSPECIFIED.,.F.,
  .F.,(2,2),(-698.75,-678.75),.PIECEWISE_BEZIER_KNOTS.);
#5535 = CARTESIAN_POINT('',(1.3775E+03,43.5));
#5536 = CARTESIAN_POINT('',(1.3575E+03,43.5));
#5537 = ( GEOMETRIC_REPRESENTATION_CONTEXT(2) 
PARAMETRIC_REPRESENTATION_CONTEXT() REPRESENTATION_CONTEXT('2D SPACE',''
  ) );
#5538 = PCURVE('',#3706,#5539);
#5539 = DEFINITIONAL_REPRESENTATION('',(#5540),#5543);
#5540 = B_SPLINE_CURVE_WITH_KNOTS('',1,(#5541,#5542),.UNSPECIFIED.,.F.,
  .F.,(2,2),(-698.75,-678.75),.PIECEWISE_BEZIER_KNOTS.);
#5541 = CARTESIAN_POINT('',(20.,-4.));
#5542 = CARTESIAN_POINT('',(0.,-4.));
#5543 = ( GEOMETRIC_REPRESENTATION_CONTEXT(2) 
PARAMETRIC_REPRESENTATION_CONTEXT() REPRESENTATION_CONTEXT('2D SPACE',''
  ) );
#5544 = ORIENTED_EDGE('',*,*,#5545,.T.);
#5545 = EDGE_CURVE('',#5525,#5546,#5548,.T.);
#5546 = VERTEX_POINT('',#5547);
#5547 = CARTESIAN_POINT('',(198.5,-129.,605.));
#5548 = SURFACE_CURVE('',#5549,(#5553,#5559),.PCURVE_S1.);
#5549 = LINE('',#5550,#5551);
#5550 = CARTESIAN_POINT('',(-220.25,-129.,605.));
#5551 = VECTOR('',#5552,1.);
#5552 = DIRECTION('',(1.,0.,0.));
#5553 = PCURVE('',#1533,#5554);
#5554 = DEFINITIONAL_REPRESENTATION('',(#5555),#5558);
#5555 = B_SPLINE_CURVE_WITH_KNOTS('',1,(#5556,#5557),.UNSPECIFIED.,.F.,
  .F.,(2,2),(21.75,418.75),.PIECEWISE_BEZIER_KNOTS.);
#5556 = CARTESIAN_POINT('',(1.3575E+03,43.5));
#5557 = CARTESIAN_POINT('',(1.3575E+03,440.5));
#5558 = ( GEOMETRIC_REPRESENTATION_CONTEXT(2) 
PARAMETRIC_REPRESENTATION_CONTEXT() REPRESENTATION_CONTEXT('2D SPACE',''
  ) );
#5559 = PCURVE('',#3732,#5560);
#5560 = DEFINITIONAL_REPRESENTATION('',(#5561),#5564);
#5561 = B_SPLINE_CURVE_WITH_KNOTS('',1,(#5562,#5563),.UNSPECIFIED.,.F.,
  .F.,(2,2),(21.75,418.75),.PIECEWISE_BEZIER_KNOTS.);
#5562 = CARTESIAN_POINT('',(0.,4.));
#5563 = CARTESIAN_POINT('',(397.,4.));
#5564 = ( GEOMETRIC_REPRESENTATION_CONTEXT(2) 
PARAMETRIC_REPRESENTATION_CONTEXT() REPRESENTATION_CONTEXT('2D SPACE',''
  ) );
#5565 = ORIENTED_EDGE('',*,*,#5566,.F.);
#5566 = EDGE_CURVE('',#5504,#5546,#5567,.T.);
#5567 = SURFACE_CURVE('',#5568,(#5572,#5578),.PCURVE_S1.);
#5568 = LINE('',#5569,#5570);
#5569 = CARTESIAN_POINT('',(198.5,-129.,-73.75));
#5570 = VECTOR('',#5571,1.);
#5571 = DIRECTION('',(0.,0.,-1.));
#5572 = PCURVE('',#1533,#5573);
#5573 = DEFINITIONAL_REPRESENTATION('',(#5574),#5577);
#5574 = B_SPLINE_CURVE_WITH_KNOTS('',1,(#5575,#5576),.UNSPECIFIED.,.F.,
  .F.,(2,2),(-698.75,-678.75),.PIECEWISE_BEZIER_KNOTS.);
#5575 = CARTESIAN_POINT('',(1.3775E+03,440.5));
#5576 = CARTESIAN_POINT('',(1.3575E+03,440.5));
#5577 = ( GEOMETRIC_REPRESENTATION_CONTEXT(2) 
PARAMETRIC_REPRESENTATION_CONTEXT() REPRESENTATION_CONTEXT('2D SPACE',''
  ) );
#5578 = PCURVE('',#3756,#5579);
#5579 = DEFINITIONAL_REPRESENTATION('',(#5580),#5583);
#5580 = B_SPLINE_CURVE_WITH_KNOTS('',1,(#5581,#5582),.UNSPECIFIED.,.F.,
  .F.,(2,2),(-698.75,-678.75),.PIECEWISE_BEZIER_KNOTS.);
#5581 = CARTESIAN_POINT('',(20.,-4.));
#5582 = CARTESIAN_POINT('',(0.,-4.));
#5583 = ( GEOMETRIC_REPRESENTATION_CONTEXT(2) 
PARAMETRIC_REPRESENTATION_CONTEXT() REPRESENTATION_CONTEXT('2D SPACE',''
  ) );
#5584 = ADVANCED_FACE('',(#5585),#1505,.F.);
#5585 = FACE_BOUND('',#5586,.F.);
#5586 = EDGE_LOOP('',(#5587,#5588,#5589,#5610));
#5587 = ORIENTED_EDGE('',*,*,#1489,.F.);
#5588 = ORIENTED_EDGE('',*,*,#1574,.T.);
#5589 = ORIENTED_EDGE('',*,*,#5590,.T.);
#5590 = EDGE_CURVE('',#1575,#3820,#5591,.T.);
#5591 = SURFACE_CURVE('',#5592,(#5596,#5603),.PCURVE_S1.);
#5592 = LINE('',#5593,#5594);
#5593 = CARTESIAN_POINT('',(242.,-131.,-752.5));
#5594 = VECTOR('',#5595,1.);
#5595 = DIRECTION('',(0.,1.,0.));
#5596 = PCURVE('',#1505,#5597);
#5597 = DEFINITIONAL_REPRESENTATION('',(#5598),#5602);
#5598 = LINE('',#5599,#5600);
#5599 = CARTESIAN_POINT('',(484.,0.));
#5600 = VECTOR('',#5601,1.);
#5601 = DIRECTION('',(0.,1.));
#5602 = ( GEOMETRIC_REPRESENTATION_CONTEXT(2) 
PARAMETRIC_REPRESENTATION_CONTEXT() REPRESENTATION_CONTEXT('2D SPACE',''
  ) );
#5603 = PCURVE('',#1635,#5604);
#5604 = DEFINITIONAL_REPRESENTATION('',(#5605),#5609);
#5605 = LINE('',#5606,#5607);
#5606 = CARTESIAN_POINT('',(0.,0.));
#5607 = VECTOR('',#5608,1.);
#5608 = DIRECTION('',(0.,-1.));
#5609 = ( GEOMETRIC_REPRESENTATION_CONTEXT(2) 
PARAMETRIC_REPRESENTATION_CONTEXT() REPRESENTATION_CONTEXT('2D SPACE',''
  ) );
#5610 = ORIENTED_EDGE('',*,*,#3819,.F.);
#5611 = ADVANCED_FACE('',(#5612),#1635,.T.);
#5612 = FACE_BOUND('',#5613,.T.);
#5613 = EDGE_LOOP('',(#5614,#5615,#5616,#5617));
#5614 = ORIENTED_EDGE('',*,*,#1621,.F.);
#5615 = ORIENTED_EDGE('',*,*,#5590,.T.);
#5616 = ORIENTED_EDGE('',*,*,#3844,.T.);
#5617 = ORIENTED_EDGE('',*,*,#3772,.F.);
#5618 = ADVANCED_FACE('',(#5619),#1666,.F.);
#5619 = FACE_BOUND('',#5620,.F.);
#5620 = EDGE_LOOP('',(#5621,#5642,#5643,#5664));
#5621 = ORIENTED_EDGE('',*,*,#5622,.F.);
#5622 = EDGE_CURVE('',#1650,#3868,#5623,.T.);
#5623 = SURFACE_CURVE('',#5624,(#5628,#5635),.PCURVE_S1.);
#5624 = LINE('',#5625,#5626);
#5625 = CARTESIAN_POINT('',(-198.5,-133.,-543.5));
#5626 = VECTOR('',#5627,1.);
#5627 = DIRECTION('',(0.,1.,0.));
#5628 = PCURVE('',#1666,#5629);
#5629 = DEFINITIONAL_REPRESENTATION('',(#5630),#5634);
#5630 = LINE('',#5631,#5632);
#5631 = CARTESIAN_POINT('',(0.,0.));
#5632 = VECTOR('',#5633,1.);
#5633 = DIRECTION('',(0.,1.));
#5634 = ( GEOMETRIC_REPRESENTATION_CONTEXT(2) 
PARAMETRIC_REPRESENTATION_CONTEXT() REPRESENTATION_CONTEXT('2D SPACE',''
  ) );
#5635 = PCURVE('',#1692,#5636);
#5636 = DEFINITIONAL_REPRESENTATION('',(#5637),#5641);
#5637 = LINE('',#5638,#5639);
#5638 = CARTESIAN_POINT('',(20.,0.));
#5639 = VECTOR('',#5640,1.);
#5640 = DIRECTION('',(0.,-1.));
#5641 = ( GEOMETRIC_REPRESENTATION_CONTEXT(2) 
PARAMETRIC_REPRESENTATION_CONTEXT() REPRESENTATION_CONTEXT('2D SPACE',''
  ) );
#5642 = ORIENTED_EDGE('',*,*,#1649,.T.);
#5643 = ORIENTED_EDGE('',*,*,#5644,.T.);
#5644 = EDGE_CURVE('',#1652,#3870,#5645,.T.);
#5645 = SURFACE_CURVE('',#5646,(#5650,#5657),.PCURVE_S1.);
#5646 = LINE('',#5647,#5648);
#5647 = CARTESIAN_POINT('',(198.5,-133.,-543.5));
#5648 = VECTOR('',#5649,1.);
#5649 = DIRECTION('',(0.,1.,0.));
#5650 = PCURVE('',#1666,#5651);
#5651 = DEFINITIONAL_REPRESENTATION('',(#5652),#5656);
#5652 = LINE('',#5653,#5654);
#5653 = CARTESIAN_POINT('',(397.,0.));
#5654 = VECTOR('',#5655,1.);
#5655 = DIRECTION('',(0.,1.));
#5656 = ( GEOMETRIC_REPRESENTATION_CONTEXT(2) 
PARAMETRIC_REPRESENTATION_CONTEXT() REPRESENTATION_CONTEXT('2D SPACE',''
  ) );
#5657 = PCURVE('',#1742,#5658);
#5658 = DEFINITIONAL_REPRESENTATION('',(#5659),#5663);
#5659 = LINE('',#5660,#5661);
#5660 = CARTESIAN_POINT('',(20.,0.));
#5661 = VECTOR('',#5662,1.);
#5662 = DIRECTION('',(0.,-1.));
#5663 = ( GEOMETRIC_REPRESENTATION_CONTEXT(2) 
PARAMETRIC_REPRESENTATION_CONTEXT() REPRESENTATION_CONTEXT('2D SPACE',''
  ) );
#5664 = ORIENTED_EDGE('',*,*,#3867,.F.);
#5665 = ADVANCED_FACE('',(#5666),#1692,.T.);
#5666 = FACE_BOUND('',#5667,.T.);
#5667 = EDGE_LOOP('',(#5668,#5669,#5670,#5691));
#5668 = ORIENTED_EDGE('',*,*,#5622,.F.);
#5669 = ORIENTED_EDGE('',*,*,#1677,.T.);
#5670 = ORIENTED_EDGE('',*,*,#5671,.T.);
#5671 = EDGE_CURVE('',#1678,#3891,#5672,.T.);
#5672 = SURFACE_CURVE('',#5673,(#5677,#5684),.PCURVE_S1.);
#5673 = LINE('',#5674,#5675);
#5674 = CARTESIAN_POINT('',(-198.5,-133.,-563.5));
#5675 = VECTOR('',#5676,1.);
#5676 = DIRECTION('',(0.,1.,0.));
#5677 = PCURVE('',#1692,#5678);
#5678 = DEFINITIONAL_REPRESENTATION('',(#5679),#5683);
#5679 = LINE('',#5680,#5681);
#5680 = CARTESIAN_POINT('',(0.,0.));
#5681 = VECTOR('',#5682,1.);
#5682 = DIRECTION('',(0.,-1.));
#5683 = ( GEOMETRIC_REPRESENTATION_CONTEXT(2) 
PARAMETRIC_REPRESENTATION_CONTEXT() REPRESENTATION_CONTEXT('2D SPACE',''
  ) );
#5684 = PCURVE('',#1718,#5685);
#5685 = DEFINITIONAL_REPRESENTATION('',(#5686),#5690);
#5686 = LINE('',#5687,#5688);
#5687 = CARTESIAN_POINT('',(0.,0.));
#5688 = VECTOR('',#5689,1.);
#5689 = DIRECTION('',(0.,1.));
#5690 = ( GEOMETRIC_REPRESENTATION_CONTEXT(2) 
PARAMETRIC_REPRESENTATION_CONTEXT() REPRESENTATION_CONTEXT('2D SPACE',''
  ) );
#5691 = ORIENTED_EDGE('',*,*,#3890,.F.);
#5692 = ADVANCED_FACE('',(#5693),#1742,.F.);
#5693 = FACE_BOUND('',#5694,.F.);
#5694 = EDGE_LOOP('',(#5695,#5696,#5697,#5718));
#5695 = ORIENTED_EDGE('',*,*,#5644,.F.);
#5696 = ORIENTED_EDGE('',*,*,#1729,.T.);
#5697 = ORIENTED_EDGE('',*,*,#5698,.T.);
#5698 = EDGE_CURVE('',#1704,#3912,#5699,.T.);
#5699 = SURFACE_CURVE('',#5700,(#5704,#5711),.PCURVE_S1.);
#5700 = LINE('',#5701,#5702);
#5701 = CARTESIAN_POINT('',(198.5,-133.,-563.5));
#5702 = VECTOR('',#5703,1.);
#5703 = DIRECTION('',(0.,1.,0.));
#5704 = PCURVE('',#1742,#5705);
#5705 = DEFINITIONAL_REPRESENTATION('',(#5706),#5710);
#5706 = LINE('',#5707,#5708);
#5707 = CARTESIAN_POINT('',(0.,0.));
#5708 = VECTOR('',#5709,1.);
#5709 = DIRECTION('',(0.,-1.));
#5710 = ( GEOMETRIC_REPRESENTATION_CONTEXT(2) 
PARAMETRIC_REPRESENTATION_CONTEXT() REPRESENTATION_CONTEXT('2D SPACE',''
  ) );
#5711 = PCURVE('',#1718,#5712);
#5712 = DEFINITIONAL_REPRESENTATION('',(#5713),#5717);
#5713 = LINE('',#5714,#5715);
#5714 = CARTESIAN_POINT('',(397.,0.));
#5715 = VECTOR('',#5716,1.);
#5716 = DIRECTION('',(0.,1.));
#5717 = ( GEOMETRIC_REPRESENTATION_CONTEXT(2) 
PARAMETRIC_REPRESENTATION_CONTEXT() REPRESENTATION_CONTEXT('2D SPACE',''
  ) );
#5718 = ORIENTED_EDGE('',*,*,#3932,.F.);
#5719 = ADVANCED_FACE('',(#5720),#1718,.T.);
#5720 = FACE_BOUND('',#5721,.T.);
#5721 = EDGE_LOOP('',(#5722,#5723,#5724,#5725));
#5722 = ORIENTED_EDGE('',*,*,#5671,.F.);
#5723 = ORIENTED_EDGE('',*,*,#1703,.T.);
#5724 = ORIENTED_EDGE('',*,*,#5698,.T.);
#5725 = ORIENTED_EDGE('',*,*,#3911,.F.);
#5726 = ADVANCED_FACE('',(#5727),#1772,.F.);
#5727 = FACE_BOUND('',#5728,.F.);
#5728 = EDGE_LOOP('',(#5729,#5750,#5751,#5772));
#5729 = ORIENTED_EDGE('',*,*,#5730,.F.);
#5730 = EDGE_CURVE('',#1756,#3954,#5731,.T.);
#5731 = SURFACE_CURVE('',#5732,(#5736,#5743),.PCURVE_S1.);
#5732 = LINE('',#5733,#5734);
#5733 = CARTESIAN_POINT('',(-198.5,-133.,-482.));
#5734 = VECTOR('',#5735,1.);
#5735 = DIRECTION('',(0.,1.,0.));
#5736 = PCURVE('',#1772,#5737);
#5737 = DEFINITIONAL_REPRESENTATION('',(#5738),#5742);
#5738 = LINE('',#5739,#5740);
#5739 = CARTESIAN_POINT('',(0.,0.));
#5740 = VECTOR('',#5741,1.);
#5741 = DIRECTION('',(0.,1.));
#5742 = ( GEOMETRIC_REPRESENTATION_CONTEXT(2) 
PARAMETRIC_REPRESENTATION_CONTEXT() REPRESENTATION_CONTEXT('2D SPACE',''
  ) );
#5743 = PCURVE('',#1798,#5744);
#5744 = DEFINITIONAL_REPRESENTATION('',(#5745),#5749);
#5745 = LINE('',#5746,#5747);
#5746 = CARTESIAN_POINT('',(20.,0.));
#5747 = VECTOR('',#5748,1.);
#5748 = DIRECTION('',(0.,-1.));
#5749 = ( GEOMETRIC_REPRESENTATION_CONTEXT(2) 
PARAMETRIC_REPRESENTATION_CONTEXT() REPRESENTATION_CONTEXT('2D SPACE',''
  ) );
#5750 = ORIENTED_EDGE('',*,*,#1755,.T.);
#5751 = ORIENTED_EDGE('',*,*,#5752,.T.);
#5752 = EDGE_CURVE('',#1758,#3956,#5753,.T.);
#5753 = SURFACE_CURVE('',#5754,(#5758,#5765),.PCURVE_S1.);
#5754 = LINE('',#5755,#5756);
#5755 = CARTESIAN_POINT('',(198.5,-133.,-482.));
#5756 = VECTOR('',#5757,1.);
#5757 = DIRECTION('',(0.,1.,0.));
#5758 = PCURVE('',#1772,#5759);
#5759 = DEFINITIONAL_REPRESENTATION('',(#5760),#5764);
#5760 = LINE('',#5761,#5762);
#5761 = CARTESIAN_POINT('',(397.,0.));
#5762 = VECTOR('',#5763,1.);
#5763 = DIRECTION('',(0.,1.));
#5764 = ( GEOMETRIC_REPRESENTATION_CONTEXT(2) 
PARAMETRIC_REPRESENTATION_CONTEXT() REPRESENTATION_CONTEXT('2D SPACE',''
  ) );
#5765 = PCURVE('',#1848,#5766);
#5766 = DEFINITIONAL_REPRESENTATION('',(#5767),#5771);
#5767 = LINE('',#5768,#5769);
#5768 = CARTESIAN_POINT('',(20.,0.));
#5769 = VECTOR('',#5770,1.);
#5770 = DIRECTION('',(0.,-1.));
#5771 = ( GEOMETRIC_REPRESENTATION_CONTEXT(2) 
PARAMETRIC_REPRESENTATION_CONTEXT() REPRESENTATION_CONTEXT('2D SPACE',''
  ) );
#5772 = ORIENTED_EDGE('',*,*,#3953,.F.);
#5773 = ADVANCED_FACE('',(#5774),#1798,.T.);
#5774 = FACE_BOUND('',#5775,.T.);
#5775 = EDGE_LOOP('',(#5776,#5777,#5778,#5799));
#5776 = ORIENTED_EDGE('',*,*,#5730,.F.);
#5777 = ORIENTED_EDGE('',*,*,#1783,.T.);
#5778 = ORIENTED_EDGE('',*,*,#5779,.T.);
#5779 = EDGE_CURVE('',#1784,#3977,#5780,.T.);
#5780 = SURFACE_CURVE('',#5781,(#5785,#5792),.PCURVE_S1.);
#5781 = LINE('',#5782,#5783);
#5782 = CARTESIAN_POINT('',(-198.5,-133.,-502.));
#5783 = VECTOR('',#5784,1.);
#5784 = DIRECTION('',(0.,1.,0.));
#5785 = PCURVE('',#1798,#5786);
#5786 = DEFINITIONAL_REPRESENTATION('',(#5787),#5791);
#5787 = LINE('',#5788,#5789);
#5788 = CARTESIAN_POINT('',(0.,0.));
#5789 = VECTOR('',#5790,1.);
#5790 = DIRECTION('',(0.,-1.));
#5791 = ( GEOMETRIC_REPRESENTATION_CONTEXT(2) 
PARAMETRIC_REPRESENTATION_CONTEXT() REPRESENTATION_CONTEXT('2D SPACE',''
  ) );
#5792 = PCURVE('',#1824,#5793);
#5793 = DEFINITIONAL_REPRESENTATION('',(#5794),#5798);
#5794 = LINE('',#5795,#5796);
#5795 = CARTESIAN_POINT('',(0.,0.));
#5796 = VECTOR('',#5797,1.);
#5797 = DIRECTION('',(0.,1.));
#5798 = ( GEOMETRIC_REPRESENTATION_CONTEXT(2) 
PARAMETRIC_REPRESENTATION_CONTEXT() REPRESENTATION_CONTEXT('2D SPACE',''
  ) );
#5799 = ORIENTED_EDGE('',*,*,#3976,.F.);
#5800 = ADVANCED_FACE('',(#5801),#1848,.F.);
#5801 = FACE_BOUND('',#5802,.F.);
#5802 = EDGE_LOOP('',(#5803,#5804,#5805,#5826));
#5803 = ORIENTED_EDGE('',*,*,#5752,.F.);
#5804 = ORIENTED_EDGE('',*,*,#1835,.T.);
#5805 = ORIENTED_EDGE('',*,*,#5806,.T.);
#5806 = EDGE_CURVE('',#1810,#3998,#5807,.T.);
#5807 = SURFACE_CURVE('',#5808,(#5812,#5819),.PCURVE_S1.);
#5808 = LINE('',#5809,#5810);
#5809 = CARTESIAN_POINT('',(198.5,-133.,-502.));
#5810 = VECTOR('',#5811,1.);
#5811 = DIRECTION('',(0.,1.,0.));
#5812 = PCURVE('',#1848,#5813);
#5813 = DEFINITIONAL_REPRESENTATION('',(#5814),#5818);
#5814 = LINE('',#5815,#5816);
#5815 = CARTESIAN_POINT('',(0.,0.));
#5816 = VECTOR('',#5817,1.);
#5817 = DIRECTION('',(0.,-1.));
#5818 = ( GEOMETRIC_REPRESENTATION_CONTEXT(2) 
PARAMETRIC_REPRESENTATION_CONTEXT() REPRESENTATION_CONTEXT('2D SPACE',''
  ) );
#5819 = PCURVE('',#1824,#5820);
#5820 = DEFINITIONAL_REPRESENTATION('',(#5821),#5825);
#5821 = LINE('',#5822,#5823);
#5822 = CARTESIAN_POINT('',(397.,0.));
#5823 = VECTOR('',#5824,1.);
#5824 = DIRECTION('',(0.,1.));
#5825 = ( GEOMETRIC_REPRESENTATION_CONTEXT(2) 
PARAMETRIC_REPRESENTATION_CONTEXT() REPRESENTATION_CONTEXT('2D SPACE',''
  ) );
#5826 = ORIENTED_EDGE('',*,*,#4018,.F.);
#5827 = ADVANCED_FACE('',(#5828),#1824,.T.);
#5828 = FACE_BOUND('',#5829,.T.);
#5829 = EDGE_LOOP('',(#5830,#5831,#5832,#5833));
#5830 = ORIENTED_EDGE('',*,*,#5779,.F.);
#5831 = ORIENTED_EDGE('',*,*,#1809,.T.);
#5832 = ORIENTED_EDGE('',*,*,#5806,.T.);
#5833 = ORIENTED_EDGE('',*,*,#3997,.F.);
#5834 = ADVANCED_FACE('',(#5835),#1878,.F.);
#5835 = FACE_BOUND('',#5836,.F.);
#5836 = EDGE_LOOP('',(#5837,#5858,#5859,#5880));
#5837 = ORIENTED_EDGE('',*,*,#5838,.F.);
#5838 = EDGE_CURVE('',#1862,#4040,#5839,.T.);
#5839 = SURFACE_CURVE('',#5840,(#5844,#5851),.PCURVE_S1.);
#5840 = LINE('',#5841,#5842);
#5841 = CARTESIAN_POINT('',(-198.5,-133.,-420.5));
#5842 = VECTOR('',#5843,1.);
#5843 = DIRECTION('',(0.,1.,0.));
#5844 = PCURVE('',#1878,#5845);
#5845 = DEFINITIONAL_REPRESENTATION('',(#5846),#5850);
#5846 = LINE('',#5847,#5848);
#5847 = CARTESIAN_POINT('',(0.,0.));
#5848 = VECTOR('',#5849,1.);
#5849 = DIRECTION('',(0.,1.));
#5850 = ( GEOMETRIC_REPRESENTATION_CONTEXT(2) 
PARAMETRIC_REPRESENTATION_CONTEXT() REPRESENTATION_CONTEXT('2D SPACE',''
  ) );
#5851 = PCURVE('',#1904,#5852);
#5852 = DEFINITIONAL_REPRESENTATION('',(#5853),#5857);
#5853 = LINE('',#5854,#5855);
#5854 = CARTESIAN_POINT('',(20.,0.));
#5855 = VECTOR('',#5856,1.);
#5856 = DIRECTION('',(0.,-1.));
#5857 = ( GEOMETRIC_REPRESENTATION_CONTEXT(2) 
PARAMETRIC_REPRESENTATION_CONTEXT() REPRESENTATION_CONTEXT('2D SPACE',''
  ) );
#5858 = ORIENTED_EDGE('',*,*,#1861,.T.);
#5859 = ORIENTED_EDGE('',*,*,#5860,.T.);
#5860 = EDGE_CURVE('',#1864,#4042,#5861,.T.);
#5861 = SURFACE_CURVE('',#5862,(#5866,#5873),.PCURVE_S1.);
#5862 = LINE('',#5863,#5864);
#5863 = CARTESIAN_POINT('',(198.5,-133.,-420.5));
#5864 = VECTOR('',#5865,1.);
#5865 = DIRECTION('',(0.,1.,0.));
#5866 = PCURVE('',#1878,#5867);
#5867 = DEFINITIONAL_REPRESENTATION('',(#5868),#5872);
#5868 = LINE('',#5869,#5870);
#5869 = CARTESIAN_POINT('',(397.,0.));
#5870 = VECTOR('',#5871,1.);
#5871 = DIRECTION('',(0.,1.));
#5872 = ( GEOMETRIC_REPRESENTATION_CONTEXT(2) 
PARAMETRIC_REPRESENTATION_CONTEXT() REPRESENTATION_CONTEXT('2D SPACE',''
  ) );
#5873 = PCURVE('',#1954,#5874);
#5874 = DEFINITIONAL_REPRESENTATION('',(#5875),#5879);
#5875 = LINE('',#5876,#5877);
#5876 = CARTESIAN_POINT('',(20.,0.));
#5877 = VECTOR('',#5878,1.);
#5878 = DIRECTION('',(0.,-1.));
#5879 = ( GEOMETRIC_REPRESENTATION_CONTEXT(2) 
PARAMETRIC_REPRESENTATION_CONTEXT() REPRESENTATION_CONTEXT('2D SPACE',''
  ) );
#5880 = ORIENTED_EDGE('',*,*,#4039,.F.);
#5881 = ADVANCED_FACE('',(#5882),#1904,.T.);
#5882 = FACE_BOUND('',#5883,.T.);
#5883 = EDGE_LOOP('',(#5884,#5885,#5886,#5907));
#5884 = ORIENTED_EDGE('',*,*,#5838,.F.);
#5885 = ORIENTED_EDGE('',*,*,#1889,.T.);
#5886 = ORIENTED_EDGE('',*,*,#5887,.T.);
#5887 = EDGE_CURVE('',#1890,#4063,#5888,.T.);
#5888 = SURFACE_CURVE('',#5889,(#5893,#5900),.PCURVE_S1.);
#5889 = LINE('',#5890,#5891);
#5890 = CARTESIAN_POINT('',(-198.5,-133.,-440.5));
#5891 = VECTOR('',#5892,1.);
#5892 = DIRECTION('',(0.,1.,0.));
#5893 = PCURVE('',#1904,#5894);
#5894 = DEFINITIONAL_REPRESENTATION('',(#5895),#5899);
#5895 = LINE('',#5896,#5897);
#5896 = CARTESIAN_POINT('',(0.,0.));
#5897 = VECTOR('',#5898,1.);
#5898 = DIRECTION('',(0.,-1.));
#5899 = ( GEOMETRIC_REPRESENTATION_CONTEXT(2) 
PARAMETRIC_REPRESENTATION_CONTEXT() REPRESENTATION_CONTEXT('2D SPACE',''
  ) );
#5900 = PCURVE('',#1930,#5901);
#5901 = DEFINITIONAL_REPRESENTATION('',(#5902),#5906);
#5902 = LINE('',#5903,#5904);
#5903 = CARTESIAN_POINT('',(0.,0.));
#5904 = VECTOR('',#5905,1.);
#5905 = DIRECTION('',(0.,1.));
#5906 = ( GEOMETRIC_REPRESENTATION_CONTEXT(2) 
PARAMETRIC_REPRESENTATION_CONTEXT() REPRESENTATION_CONTEXT('2D SPACE',''
  ) );
#5907 = ORIENTED_EDGE('',*,*,#4062,.F.);
#5908 = ADVANCED_FACE('',(#5909),#1954,.F.);
#5909 = FACE_BOUND('',#5910,.F.);
#5910 = EDGE_LOOP('',(#5911,#5912,#5913,#5934));
#5911 = ORIENTED_EDGE('',*,*,#5860,.F.);
#5912 = ORIENTED_EDGE('',*,*,#1941,.T.);
#5913 = ORIENTED_EDGE('',*,*,#5914,.T.);
#5914 = EDGE_CURVE('',#1916,#4084,#5915,.T.);
#5915 = SURFACE_CURVE('',#5916,(#5920,#5927),.PCURVE_S1.);
#5916 = LINE('',#5917,#5918);
#5917 = CARTESIAN_POINT('',(198.5,-133.,-440.5));
#5918 = VECTOR('',#5919,1.);
#5919 = DIRECTION('',(0.,1.,0.));
#5920 = PCURVE('',#1954,#5921);
#5921 = DEFINITIONAL_REPRESENTATION('',(#5922),#5926);
#5922 = LINE('',#5923,#5924);
#5923 = CARTESIAN_POINT('',(0.,0.));
#5924 = VECTOR('',#5925,1.);
#5925 = DIRECTION('',(0.,-1.));
#5926 = ( GEOMETRIC_REPRESENTATION_CONTEXT(2) 
PARAMETRIC_REPRESENTATION_CONTEXT() REPRESENTATION_CONTEXT('2D SPACE',''
  ) );
#5927 = PCURVE('',#1930,#5928);
#5928 = DEFINITIONAL_REPRESENTATION('',(#5929),#5933);
#5929 = LINE('',#5930,#5931);
#5930 = CARTESIAN_POINT('',(397.,0.));
#5931 = VECTOR('',#5932,1.);
#5932 = DIRECTION('',(0.,1.));
#5933 = ( GEOMETRIC_REPRESENTATION_CONTEXT(2) 
PARAMETRIC_REPRESENTATION_CONTEXT() REPRESENTATION_CONTEXT('2D SPACE',''
  ) );
#5934 = ORIENTED_EDGE('',*,*,#4104,.F.);
#5935 = ADVANCED_FACE('',(#5936),#1930,.T.);
#5936 = FACE_BOUND('',#5937,.T.);
#5937 = EDGE_LOOP('',(#5938,#5939,#5940,#5941));
#5938 = ORIENTED_EDGE('',*,*,#5887,.F.);
#5939 = ORIENTED_EDGE('',*,*,#1915,.T.);
#5940 = ORIENTED_EDGE('',*,*,#5914,.T.);
#5941 = ORIENTED_EDGE('',*,*,#4083,.F.);
#5942 = ADVANCED_FACE('',(#5943),#1984,.F.);
#5943 = FACE_BOUND('',#5944,.F.);
#5944 = EDGE_LOOP('',(#5945,#5966,#5967,#5988));
#5945 = ORIENTED_EDGE('',*,*,#5946,.F.);
#5946 = EDGE_CURVE('',#1968,#4126,#5947,.T.);
#5947 = SURFACE_CURVE('',#5948,(#5952,#5959),.PCURVE_S1.);
#5948 = LINE('',#5949,#5950);
#5949 = CARTESIAN_POINT('',(-198.5,-133.,-359.));
#5950 = VECTOR('',#5951,1.);
#5951 = DIRECTION('',(0.,1.,0.));
#5952 = PCURVE('',#1984,#5953);
#5953 = DEFINITIONAL_REPRESENTATION('',(#5954),#5958);
#5954 = LINE('',#5955,#5956);
#5955 = CARTESIAN_POINT('',(0.,0.));
#5956 = VECTOR('',#5957,1.);
#5957 = DIRECTION('',(0.,1.));
#5958 = ( GEOMETRIC_REPRESENTATION_CONTEXT(2) 
PARAMETRIC_REPRESENTATION_CONTEXT() REPRESENTATION_CONTEXT('2D SPACE',''
  ) );
#5959 = PCURVE('',#2010,#5960);
#5960 = DEFINITIONAL_REPRESENTATION('',(#5961),#5965);
#5961 = LINE('',#5962,#5963);
#5962 = CARTESIAN_POINT('',(20.,0.));
#5963 = VECTOR('',#5964,1.);
#5964 = DIRECTION('',(0.,-1.));
#5965 = ( GEOMETRIC_REPRESENTATION_CONTEXT(2) 
PARAMETRIC_REPRESENTATION_CONTEXT() REPRESENTATION_CONTEXT('2D SPACE',''
  ) );
#5966 = ORIENTED_EDGE('',*,*,#1967,.T.);
#5967 = ORIENTED_EDGE('',*,*,#5968,.T.);
#5968 = EDGE_CURVE('',#1970,#4128,#5969,.T.);
#5969 = SURFACE_CURVE('',#5970,(#5974,#5981),.PCURVE_S1.);
#5970 = LINE('',#5971,#5972);
#5971 = CARTESIAN_POINT('',(198.5,-133.,-359.));
#5972 = VECTOR('',#5973,1.);
#5973 = DIRECTION('',(0.,1.,0.));
#5974 = PCURVE('',#1984,#5975);
#5975 = DEFINITIONAL_REPRESENTATION('',(#5976),#5980);
#5976 = LINE('',#5977,#5978);
#5977 = CARTESIAN_POINT('',(397.,0.));
#5978 = VECTOR('',#5979,1.);
#5979 = DIRECTION('',(0.,1.));
#5980 = ( GEOMETRIC_REPRESENTATION_CONTEXT(2) 
PARAMETRIC_REPRESENTATION_CONTEXT() REPRESENTATION_CONTEXT('2D SPACE',''
  ) );
#5981 = PCURVE('',#2060,#5982);
#5982 = DEFINITIONAL_REPRESENTATION('',(#5983),#5987);
#5983 = LINE('',#5984,#5985);
#5984 = CARTESIAN_POINT('',(20.,0.));
#5985 = VECTOR('',#5986,1.);
#5986 = DIRECTION('',(0.,-1.));
#5987 = ( GEOMETRIC_REPRESENTATION_CONTEXT(2) 
PARAMETRIC_REPRESENTATION_CONTEXT() REPRESENTATION_CONTEXT('2D SPACE',''
  ) );
#5988 = ORIENTED_EDGE('',*,*,#4125,.F.);
#5989 = ADVANCED_FACE('',(#5990),#2010,.T.);
#5990 = FACE_BOUND('',#5991,.T.);
#5991 = EDGE_LOOP('',(#5992,#5993,#5994,#6015));
#5992 = ORIENTED_EDGE('',*,*,#5946,.F.);
#5993 = ORIENTED_EDGE('',*,*,#1995,.T.);
#5994 = ORIENTED_EDGE('',*,*,#5995,.T.);
#5995 = EDGE_CURVE('',#1996,#4149,#5996,.T.);
#5996 = SURFACE_CURVE('',#5997,(#6001,#6008),.PCURVE_S1.);
#5997 = LINE('',#5998,#5999);
#5998 = CARTESIAN_POINT('',(-198.5,-133.,-379.));
#5999 = VECTOR('',#6000,1.);
#6000 = DIRECTION('',(0.,1.,0.));
#6001 = PCURVE('',#2010,#6002);
#6002 = DEFINITIONAL_REPRESENTATION('',(#6003),#6007);
#6003 = LINE('',#6004,#6005);
#6004 = CARTESIAN_POINT('',(0.,0.));
#6005 = VECTOR('',#6006,1.);
#6006 = DIRECTION('',(0.,-1.));
#6007 = ( GEOMETRIC_REPRESENTATION_CONTEXT(2) 
PARAMETRIC_REPRESENTATION_CONTEXT() REPRESENTATION_CONTEXT('2D SPACE',''
  ) );
#6008 = PCURVE('',#2036,#6009);
#6009 = DEFINITIONAL_REPRESENTATION('',(#6010),#6014);
#6010 = LINE('',#6011,#6012);
#6011 = CARTESIAN_POINT('',(0.,0.));
#6012 = VECTOR('',#6013,1.);
#6013 = DIRECTION('',(0.,1.));
#6014 = ( GEOMETRIC_REPRESENTATION_CONTEXT(2) 
PARAMETRIC_REPRESENTATION_CONTEXT() REPRESENTATION_CONTEXT('2D SPACE',''
  ) );
#6015 = ORIENTED_EDGE('',*,*,#4148,.F.);
#6016 = ADVANCED_FACE('',(#6017),#2060,.F.);
#6017 = FACE_BOUND('',#6018,.F.);
#6018 = EDGE_LOOP('',(#6019,#6020,#6021,#6042));
#6019 = ORIENTED_EDGE('',*,*,#5968,.F.);
#6020 = ORIENTED_EDGE('',*,*,#2047,.T.);
#6021 = ORIENTED_EDGE('',*,*,#6022,.T.);
#6022 = EDGE_CURVE('',#2022,#4170,#6023,.T.);
#6023 = SURFACE_CURVE('',#6024,(#6028,#6035),.PCURVE_S1.);
#6024 = LINE('',#6025,#6026);
#6025 = CARTESIAN_POINT('',(198.5,-133.,-379.));
#6026 = VECTOR('',#6027,1.);
#6027 = DIRECTION('',(0.,1.,0.));
#6028 = PCURVE('',#2060,#6029);
#6029 = DEFINITIONAL_REPRESENTATION('',(#6030),#6034);
#6030 = LINE('',#6031,#6032);
#6031 = CARTESIAN_POINT('',(0.,0.));
#6032 = VECTOR('',#6033,1.);
#6033 = DIRECTION('',(0.,-1.));
#6034 = ( GEOMETRIC_REPRESENTATION_CONTEXT(2) 
PARAMETRIC_REPRESENTATION_CONTEXT() REPRESENTATION_CONTEXT('2D SPACE',''
  ) );
#6035 = PCURVE('',#2036,#6036);
#6036 = DEFINITIONAL_REPRESENTATION('',(#6037),#6041);
#6037 = LINE('',#6038,#6039);
#6038 = CARTESIAN_POINT('',(397.,0.));
#6039 = VECTOR('',#6040,1.);
#6040 = DIRECTION('',(0.,1.));
#6041 = ( GEOMETRIC_REPRESENTATION_CONTEXT(2) 
PARAMETRIC_REPRESENTATION_CONTEXT() REPRESENTATION_CONTEXT('2D SPACE',''
  ) );
#6042 = ORIENTED_EDGE('',*,*,#4190,.F.);
#6043 = ADVANCED_FACE('',(#6044),#2036,.T.);
#6044 = FACE_BOUND('',#6045,.T.);
#6045 = EDGE_LOOP('',(#6046,#6047,#6048,#6049));
#6046 = ORIENTED_EDGE('',*,*,#5995,.F.);
#6047 = ORIENTED_EDGE('',*,*,#2021,.T.);
#6048 = ORIENTED_EDGE('',*,*,#6022,.T.);
#6049 = ORIENTED_EDGE('',*,*,#4169,.F.);
#6050 = ADVANCED_FACE('',(#6051),#2090,.F.);
#6051 = FACE_BOUND('',#6052,.F.);
#6052 = EDGE_LOOP('',(#6053,#6074,#6075,#6096));
#6053 = ORIENTED_EDGE('',*,*,#6054,.F.);
#6054 = EDGE_CURVE('',#2074,#4212,#6055,.T.);
#6055 = SURFACE_CURVE('',#6056,(#6060,#6067),.PCURVE_S1.);
#6056 = LINE('',#6057,#6058);
#6057 = CARTESIAN_POINT('',(-198.5,-133.,-297.5));
#6058 = VECTOR('',#6059,1.);
#6059 = DIRECTION('',(0.,1.,0.));
#6060 = PCURVE('',#2090,#6061);
#6061 = DEFINITIONAL_REPRESENTATION('',(#6062),#6066);
#6062 = LINE('',#6063,#6064);
#6063 = CARTESIAN_POINT('',(0.,0.));
#6064 = VECTOR('',#6065,1.);
#6065 = DIRECTION('',(0.,1.));
#6066 = ( GEOMETRIC_REPRESENTATION_CONTEXT(2) 
PARAMETRIC_REPRESENTATION_CONTEXT() REPRESENTATION_CONTEXT('2D SPACE',''
  ) );
#6067 = PCURVE('',#2116,#6068);
#6068 = DEFINITIONAL_REPRESENTATION('',(#6069),#6073);
#6069 = LINE('',#6070,#6071);
#6070 = CARTESIAN_POINT('',(20.,0.));
#6071 = VECTOR('',#6072,1.);
#6072 = DIRECTION('',(0.,-1.));
#6073 = ( GEOMETRIC_REPRESENTATION_CONTEXT(2) 
PARAMETRIC_REPRESENTATION_CONTEXT() REPRESENTATION_CONTEXT('2D SPACE',''
  ) );
#6074 = ORIENTED_EDGE('',*,*,#2073,.T.);
#6075 = ORIENTED_EDGE('',*,*,#6076,.T.);
#6076 = EDGE_CURVE('',#2076,#4214,#6077,.T.);
#6077 = SURFACE_CURVE('',#6078,(#6082,#6089),.PCURVE_S1.);
#6078 = LINE('',#6079,#6080);
#6079 = CARTESIAN_POINT('',(198.5,-133.,-297.5));
#6080 = VECTOR('',#6081,1.);
#6081 = DIRECTION('',(0.,1.,0.));
#6082 = PCURVE('',#2090,#6083);
#6083 = DEFINITIONAL_REPRESENTATION('',(#6084),#6088);
#6084 = LINE('',#6085,#6086);
#6085 = CARTESIAN_POINT('',(397.,0.));
#6086 = VECTOR('',#6087,1.);
#6087 = DIRECTION('',(0.,1.));
#6088 = ( GEOMETRIC_REPRESENTATION_CONTEXT(2) 
PARAMETRIC_REPRESENTATION_CONTEXT() REPRESENTATION_CONTEXT('2D SPACE',''
  ) );
#6089 = PCURVE('',#2166,#6090);
#6090 = DEFINITIONAL_REPRESENTATION('',(#6091),#6095);
#6091 = LINE('',#6092,#6093);
#6092 = CARTESIAN_POINT('',(20.,0.));
#6093 = VECTOR('',#6094,1.);
#6094 = DIRECTION('',(0.,-1.));
#6095 = ( GEOMETRIC_REPRESENTATION_CONTEXT(2) 
PARAMETRIC_REPRESENTATION_CONTEXT() REPRESENTATION_CONTEXT('2D SPACE',''
  ) );
#6096 = ORIENTED_EDGE('',*,*,#4211,.F.);
#6097 = ADVANCED_FACE('',(#6098),#2116,.T.);
#6098 = FACE_BOUND('',#6099,.T.);
#6099 = EDGE_LOOP('',(#6100,#6101,#6102,#6123));
#6100 = ORIENTED_EDGE('',*,*,#6054,.F.);
#6101 = ORIENTED_EDGE('',*,*,#2101,.T.);
#6102 = ORIENTED_EDGE('',*,*,#6103,.T.);
#6103 = EDGE_CURVE('',#2102,#4235,#6104,.T.);
#6104 = SURFACE_CURVE('',#6105,(#6109,#6116),.PCURVE_S1.);
#6105 = LINE('',#6106,#6107);
#6106 = CARTESIAN_POINT('',(-198.5,-133.,-317.5));
#6107 = VECTOR('',#6108,1.);
#6108 = DIRECTION('',(0.,1.,0.));
#6109 = PCURVE('',#2116,#6110);
#6110 = DEFINITIONAL_REPRESENTATION('',(#6111),#6115);
#6111 = LINE('',#6112,#6113);
#6112 = CARTESIAN_POINT('',(0.,0.));
#6113 = VECTOR('',#6114,1.);
#6114 = DIRECTION('',(0.,-1.));
#6115 = ( GEOMETRIC_REPRESENTATION_CONTEXT(2) 
PARAMETRIC_REPRESENTATION_CONTEXT() REPRESENTATION_CONTEXT('2D SPACE',''
  ) );
#6116 = PCURVE('',#2142,#6117);
#6117 = DEFINITIONAL_REPRESENTATION('',(#6118),#6122);
#6118 = LINE('',#6119,#6120);
#6119 = CARTESIAN_POINT('',(0.,0.));
#6120 = VECTOR('',#6121,1.);
#6121 = DIRECTION('',(0.,1.));
#6122 = ( GEOMETRIC_REPRESENTATION_CONTEXT(2) 
PARAMETRIC_REPRESENTATION_CONTEXT() REPRESENTATION_CONTEXT('2D SPACE',''
  ) );
#6123 = ORIENTED_EDGE('',*,*,#4234,.F.);
#6124 = ADVANCED_FACE('',(#6125),#2166,.F.);
#6125 = FACE_BOUND('',#6126,.F.);
#6126 = EDGE_LOOP('',(#6127,#6128,#6129,#6150));
#6127 = ORIENTED_EDGE('',*,*,#6076,.F.);
#6128 = ORIENTED_EDGE('',*,*,#2153,.T.);
#6129 = ORIENTED_EDGE('',*,*,#6130,.T.);
#6130 = EDGE_CURVE('',#2128,#4256,#6131,.T.);
#6131 = SURFACE_CURVE('',#6132,(#6136,#6143),.PCURVE_S1.);
#6132 = LINE('',#6133,#6134);
#6133 = CARTESIAN_POINT('',(198.5,-133.,-317.5));
#6134 = VECTOR('',#6135,1.);
#6135 = DIRECTION('',(0.,1.,0.));
#6136 = PCURVE('',#2166,#6137);
#6137 = DEFINITIONAL_REPRESENTATION('',(#6138),#6142);
#6138 = LINE('',#6139,#6140);
#6139 = CARTESIAN_POINT('',(0.,0.));
#6140 = VECTOR('',#6141,1.);
#6141 = DIRECTION('',(0.,-1.));
#6142 = ( GEOMETRIC_REPRESENTATION_CONTEXT(2) 
PARAMETRIC_REPRESENTATION_CONTEXT() REPRESENTATION_CONTEXT('2D SPACE',''
  ) );
#6143 = PCURVE('',#2142,#6144);
#6144 = DEFINITIONAL_REPRESENTATION('',(#6145),#6149);
#6145 = LINE('',#6146,#6147);
#6146 = CARTESIAN_POINT('',(397.,0.));
#6147 = VECTOR('',#6148,1.);
#6148 = DIRECTION('',(0.,1.));
#6149 = ( GEOMETRIC_REPRESENTATION_CONTEXT(2) 
PARAMETRIC_REPRESENTATION_CONTEXT() REPRESENTATION_CONTEXT('2D SPACE',''
  ) );
#6150 = ORIENTED_EDGE('',*,*,#4276,.F.);
#6151 = ADVANCED_FACE('',(#6152),#2142,.T.);
#6152 = FACE_BOUND('',#6153,.T.);
#6153 = EDGE_LOOP('',(#6154,#6155,#6156,#6157));
#6154 = ORIENTED_EDGE('',*,*,#6103,.F.);
#6155 = ORIENTED_EDGE('',*,*,#2127,.T.);
#6156 = ORIENTED_EDGE('',*,*,#6130,.T.);
#6157 = ORIENTED_EDGE('',*,*,#4255,.F.);
#6158 = ADVANCED_FACE('',(#6159),#2196,.F.);
#6159 = FACE_BOUND('',#6160,.F.);
#6160 = EDGE_LOOP('',(#6161,#6182,#6183,#6204));
#6161 = ORIENTED_EDGE('',*,*,#6162,.F.);
#6162 = EDGE_CURVE('',#2180,#4298,#6163,.T.);
#6163 = SURFACE_CURVE('',#6164,(#6168,#6175),.PCURVE_S1.);
#6164 = LINE('',#6165,#6166);
#6165 = CARTESIAN_POINT('',(-198.5,-133.,-236.));
#6166 = VECTOR('',#6167,1.);
#6167 = DIRECTION('',(0.,1.,0.));
#6168 = PCURVE('',#2196,#6169);
#6169 = DEFINITIONAL_REPRESENTATION('',(#6170),#6174);
#6170 = LINE('',#6171,#6172);
#6171 = CARTESIAN_POINT('',(0.,0.));
#6172 = VECTOR('',#6173,1.);
#6173 = DIRECTION('',(0.,1.));
#6174 = ( GEOMETRIC_REPRESENTATION_CONTEXT(2) 
PARAMETRIC_REPRESENTATION_CONTEXT() REPRESENTATION_CONTEXT('2D SPACE',''
  ) );
#6175 = PCURVE('',#2222,#6176);
#6176 = DEFINITIONAL_REPRESENTATION('',(#6177),#6181);
#6177 = LINE('',#6178,#6179);
#6178 = CARTESIAN_POINT('',(20.,0.));
#6179 = VECTOR('',#6180,1.);
#6180 = DIRECTION('',(0.,-1.));
#6181 = ( GEOMETRIC_REPRESENTATION_CONTEXT(2) 
PARAMETRIC_REPRESENTATION_CONTEXT() REPRESENTATION_CONTEXT('2D SPACE',''
  ) );
#6182 = ORIENTED_EDGE('',*,*,#2179,.T.);
#6183 = ORIENTED_EDGE('',*,*,#6184,.T.);
#6184 = EDGE_CURVE('',#2182,#4300,#6185,.T.);
#6185 = SURFACE_CURVE('',#6186,(#6190,#6197),.PCURVE_S1.);
#6186 = LINE('',#6187,#6188);
#6187 = CARTESIAN_POINT('',(198.5,-133.,-236.));
#6188 = VECTOR('',#6189,1.);
#6189 = DIRECTION('',(0.,1.,0.));
#6190 = PCURVE('',#2196,#6191);
#6191 = DEFINITIONAL_REPRESENTATION('',(#6192),#6196);
#6192 = LINE('',#6193,#6194);
#6193 = CARTESIAN_POINT('',(397.,0.));
#6194 = VECTOR('',#6195,1.);
#6195 = DIRECTION('',(0.,1.));
#6196 = ( GEOMETRIC_REPRESENTATION_CONTEXT(2) 
PARAMETRIC_REPRESENTATION_CONTEXT() REPRESENTATION_CONTEXT('2D SPACE',''
  ) );
#6197 = PCURVE('',#2272,#6198);
#6198 = DEFINITIONAL_REPRESENTATION('',(#6199),#6203);
#6199 = LINE('',#6200,#6201);
#6200 = CARTESIAN_POINT('',(20.,0.));
#6201 = VECTOR('',#6202,1.);
#6202 = DIRECTION('',(0.,-1.));
#6203 = ( GEOMETRIC_REPRESENTATION_CONTEXT(2) 
PARAMETRIC_REPRESENTATION_CONTEXT() REPRESENTATION_CONTEXT('2D SPACE',''
  ) );
#6204 = ORIENTED_EDGE('',*,*,#4297,.F.);
#6205 = ADVANCED_FACE('',(#6206),#2222,.T.);
#6206 = FACE_BOUND('',#6207,.T.);
#6207 = EDGE_LOOP('',(#6208,#6209,#6210,#6231));
#6208 = ORIENTED_EDGE('',*,*,#6162,.F.);
#6209 = ORIENTED_EDGE('',*,*,#2207,.T.);
#6210 = ORIENTED_EDGE('',*,*,#6211,.T.);
#6211 = EDGE_CURVE('',#2208,#4321,#6212,.T.);
#6212 = SURFACE_CURVE('',#6213,(#6217,#6224),.PCURVE_S1.);
#6213 = LINE('',#6214,#6215);
#6214 = CARTESIAN_POINT('',(-198.5,-133.,-256.));
#6215 = VECTOR('',#6216,1.);
#6216 = DIRECTION('',(0.,1.,0.));
#6217 = PCURVE('',#2222,#6218);
#6218 = DEFINITIONAL_REPRESENTATION('',(#6219),#6223);
#6219 = LINE('',#6220,#6221);
#6220 = CARTESIAN_POINT('',(0.,0.));
#6221 = VECTOR('',#6222,1.);
#6222 = DIRECTION('',(0.,-1.));
#6223 = ( GEOMETRIC_REPRESENTATION_CONTEXT(2) 
PARAMETRIC_REPRESENTATION_CONTEXT() REPRESENTATION_CONTEXT('2D SPACE',''
  ) );
#6224 = PCURVE('',#2248,#6225);
#6225 = DEFINITIONAL_REPRESENTATION('',(#6226),#6230);
#6226 = LINE('',#6227,#6228);
#6227 = CARTESIAN_POINT('',(0.,0.));
#6228 = VECTOR('',#6229,1.);
#6229 = DIRECTION('',(0.,1.));
#6230 = ( GEOMETRIC_REPRESENTATION_CONTEXT(2) 
PARAMETRIC_REPRESENTATION_CONTEXT() REPRESENTATION_CONTEXT('2D SPACE',''
  ) );
#6231 = ORIENTED_EDGE('',*,*,#4320,.F.);
#6232 = ADVANCED_FACE('',(#6233),#2272,.F.);
#6233 = FACE_BOUND('',#6234,.F.);
#6234 = EDGE_LOOP('',(#6235,#6236,#6237,#6258));
#6235 = ORIENTED_EDGE('',*,*,#6184,.F.);
#6236 = ORIENTED_EDGE('',*,*,#2259,.T.);
#6237 = ORIENTED_EDGE('',*,*,#6238,.T.);
#6238 = EDGE_CURVE('',#2234,#4342,#6239,.T.);
#6239 = SURFACE_CURVE('',#6240,(#6244,#6251),.PCURVE_S1.);
#6240 = LINE('',#6241,#6242);
#6241 = CARTESIAN_POINT('',(198.5,-133.,-256.));
#6242 = VECTOR('',#6243,1.);
#6243 = DIRECTION('',(0.,1.,0.));
#6244 = PCURVE('',#2272,#6245);
#6245 = DEFINITIONAL_REPRESENTATION('',(#6246),#6250);
#6246 = LINE('',#6247,#6248);
#6247 = CARTESIAN_POINT('',(0.,0.));
#6248 = VECTOR('',#6249,1.);
#6249 = DIRECTION('',(0.,-1.));
#6250 = ( GEOMETRIC_REPRESENTATION_CONTEXT(2) 
PARAMETRIC_REPRESENTATION_CONTEXT() REPRESENTATION_CONTEXT('2D SPACE',''
  ) );
#6251 = PCURVE('',#2248,#6252);
#6252 = DEFINITIONAL_REPRESENTATION('',(#6253),#6257);
#6253 = LINE('',#6254,#6255);
#6254 = CARTESIAN_POINT('',(397.,0.));
#6255 = VECTOR('',#6256,1.);
#6256 = DIRECTION('',(0.,1.));
#6257 = ( GEOMETRIC_REPRESENTATION_CONTEXT(2) 
PARAMETRIC_REPRESENTATION_CONTEXT() REPRESENTATION_CONTEXT('2D SPACE',''
  ) );
#6258 = ORIENTED_EDGE('',*,*,#4362,.F.);
#6259 = ADVANCED_FACE('',(#6260),#2248,.T.);
#6260 = FACE_BOUND('',#6261,.T.);
#6261 = EDGE_LOOP('',(#6262,#6263,#6264,#6265));
#6262 = ORIENTED_EDGE('',*,*,#6211,.F.);
#6263 = ORIENTED_EDGE('',*,*,#2233,.T.);
#6264 = ORIENTED_EDGE('',*,*,#6238,.T.);
#6265 = ORIENTED_EDGE('',*,*,#4341,.F.);
#6266 = ADVANCED_FACE('',(#6267),#2302,.F.);
#6267 = FACE_BOUND('',#6268,.F.);
#6268 = EDGE_LOOP('',(#6269,#6290,#6291,#6312));
#6269 = ORIENTED_EDGE('',*,*,#6270,.F.);
#6270 = EDGE_CURVE('',#2286,#4384,#6271,.T.);
#6271 = SURFACE_CURVE('',#6272,(#6276,#6283),.PCURVE_S1.);
#6272 = LINE('',#6273,#6274);
#6273 = CARTESIAN_POINT('',(-198.5,-133.,-174.5));
#6274 = VECTOR('',#6275,1.);
#6275 = DIRECTION('',(0.,1.,0.));
#6276 = PCURVE('',#2302,#6277);
#6277 = DEFINITIONAL_REPRESENTATION('',(#6278),#6282);
#6278 = LINE('',#6279,#6280);
#6279 = CARTESIAN_POINT('',(0.,0.));
#6280 = VECTOR('',#6281,1.);
#6281 = DIRECTION('',(0.,1.));
#6282 = ( GEOMETRIC_REPRESENTATION_CONTEXT(2) 
PARAMETRIC_REPRESENTATION_CONTEXT() REPRESENTATION_CONTEXT('2D SPACE',''
  ) );
#6283 = PCURVE('',#2328,#6284);
#6284 = DEFINITIONAL_REPRESENTATION('',(#6285),#6289);
#6285 = LINE('',#6286,#6287);
#6286 = CARTESIAN_POINT('',(20.,0.));
#6287 = VECTOR('',#6288,1.);
#6288 = DIRECTION('',(0.,-1.));
#6289 = ( GEOMETRIC_REPRESENTATION_CONTEXT(2) 
PARAMETRIC_REPRESENTATION_CONTEXT() REPRESENTATION_CONTEXT('2D SPACE',''
  ) );
#6290 = ORIENTED_EDGE('',*,*,#2285,.T.);
#6291 = ORIENTED_EDGE('',*,*,#6292,.T.);
#6292 = EDGE_CURVE('',#2288,#4386,#6293,.T.);
#6293 = SURFACE_CURVE('',#6294,(#6298,#6305),.PCURVE_S1.);
#6294 = LINE('',#6295,#6296);
#6295 = CARTESIAN_POINT('',(198.5,-133.,-174.5));
#6296 = VECTOR('',#6297,1.);
#6297 = DIRECTION('',(0.,1.,0.));
#6298 = PCURVE('',#2302,#6299);
#6299 = DEFINITIONAL_REPRESENTATION('',(#6300),#6304);
#6300 = LINE('',#6301,#6302);
#6301 = CARTESIAN_POINT('',(397.,0.));
#6302 = VECTOR('',#6303,1.);
#6303 = DIRECTION('',(0.,1.));
#6304 = ( GEOMETRIC_REPRESENTATION_CONTEXT(2) 
PARAMETRIC_REPRESENTATION_CONTEXT() REPRESENTATION_CONTEXT('2D SPACE',''
  ) );
#6305 = PCURVE('',#2378,#6306);
#6306 = DEFINITIONAL_REPRESENTATION('',(#6307),#6311);
#6307 = LINE('',#6308,#6309);
#6308 = CARTESIAN_POINT('',(20.,0.));
#6309 = VECTOR('',#6310,1.);
#6310 = DIRECTION('',(0.,-1.));
#6311 = ( GEOMETRIC_REPRESENTATION_CONTEXT(2) 
PARAMETRIC_REPRESENTATION_CONTEXT() REPRESENTATION_CONTEXT('2D SPACE',''
  ) );
#6312 = ORIENTED_EDGE('',*,*,#4383,.F.);
#6313 = ADVANCED_FACE('',(#6314),#2328,.T.);
#6314 = FACE_BOUND('',#6315,.T.);
#6315 = EDGE_LOOP('',(#6316,#6317,#6318,#6339));
#6316 = ORIENTED_EDGE('',*,*,#6270,.F.);
#6317 = ORIENTED_EDGE('',*,*,#2313,.T.);
#6318 = ORIENTED_EDGE('',*,*,#6319,.T.);
#6319 = EDGE_CURVE('',#2314,#4407,#6320,.T.);
#6320 = SURFACE_CURVE('',#6321,(#6325,#6332),.PCURVE_S1.);
#6321 = LINE('',#6322,#6323);
#6322 = CARTESIAN_POINT('',(-198.5,-133.,-194.5));
#6323 = VECTOR('',#6324,1.);
#6324 = DIRECTION('',(0.,1.,0.));
#6325 = PCURVE('',#2328,#6326);
#6326 = DEFINITIONAL_REPRESENTATION('',(#6327),#6331);
#6327 = LINE('',#6328,#6329);
#6328 = CARTESIAN_POINT('',(0.,0.));
#6329 = VECTOR('',#6330,1.);
#6330 = DIRECTION('',(0.,-1.));
#6331 = ( GEOMETRIC_REPRESENTATION_CONTEXT(2) 
PARAMETRIC_REPRESENTATION_CONTEXT() REPRESENTATION_CONTEXT('2D SPACE',''
  ) );
#6332 = PCURVE('',#2354,#6333);
#6333 = DEFINITIONAL_REPRESENTATION('',(#6334),#6338);
#6334 = LINE('',#6335,#6336);
#6335 = CARTESIAN_POINT('',(0.,0.));
#6336 = VECTOR('',#6337,1.);
#6337 = DIRECTION('',(0.,1.));
#6338 = ( GEOMETRIC_REPRESENTATION_CONTEXT(2) 
PARAMETRIC_REPRESENTATION_CONTEXT() REPRESENTATION_CONTEXT('2D SPACE',''
  ) );
#6339 = ORIENTED_EDGE('',*,*,#4406,.F.);
#6340 = ADVANCED_FACE('',(#6341),#2378,.F.);
#6341 = FACE_BOUND('',#6342,.F.);
#6342 = EDGE_LOOP('',(#6343,#6344,#6345,#6366));
#6343 = ORIENTED_EDGE('',*,*,#6292,.F.);
#6344 = ORIENTED_EDGE('',*,*,#2365,.T.);
#6345 = ORIENTED_EDGE('',*,*,#6346,.T.);
#6346 = EDGE_CURVE('',#2340,#4428,#6347,.T.);
#6347 = SURFACE_CURVE('',#6348,(#6352,#6359),.PCURVE_S1.);
#6348 = LINE('',#6349,#6350);
#6349 = CARTESIAN_POINT('',(198.5,-133.,-194.5));
#6350 = VECTOR('',#6351,1.);
#6351 = DIRECTION('',(0.,1.,0.));
#6352 = PCURVE('',#2378,#6353);
#6353 = DEFINITIONAL_REPRESENTATION('',(#6354),#6358);
#6354 = LINE('',#6355,#6356);
#6355 = CARTESIAN_POINT('',(0.,0.));
#6356 = VECTOR('',#6357,1.);
#6357 = DIRECTION('',(0.,-1.));
#6358 = ( GEOMETRIC_REPRESENTATION_CONTEXT(2) 
PARAMETRIC_REPRESENTATION_CONTEXT() REPRESENTATION_CONTEXT('2D SPACE',''
  ) );
#6359 = PCURVE('',#2354,#6360);
#6360 = DEFINITIONAL_REPRESENTATION('',(#6361),#6365);
#6361 = LINE('',#6362,#6363);
#6362 = CARTESIAN_POINT('',(397.,0.));
#6363 = VECTOR('',#6364,1.);
#6364 = DIRECTION('',(0.,1.));
#6365 = ( GEOMETRIC_REPRESENTATION_CONTEXT(2) 
PARAMETRIC_REPRESENTATION_CONTEXT() REPRESENTATION_CONTEXT('2D SPACE',''
  ) );
#6366 = ORIENTED_EDGE('',*,*,#4448,.F.);
#6367 = ADVANCED_FACE('',(#6368),#2354,.T.);
#6368 = FACE_BOUND('',#6369,.T.);
#6369 = EDGE_LOOP('',(#6370,#6371,#6372,#6373));
#6370 = ORIENTED_EDGE('',*,*,#6319,.F.);
#6371 = ORIENTED_EDGE('',*,*,#2339,.T.);
#6372 = ORIENTED_EDGE('',*,*,#6346,.T.);
#6373 = ORIENTED_EDGE('',*,*,#4427,.F.);
#6374 = ADVANCED_FACE('',(#6375),#2408,.F.);
#6375 = FACE_BOUND('',#6376,.F.);
#6376 = EDGE_LOOP('',(#6377,#6398,#6399,#6420));
#6377 = ORIENTED_EDGE('',*,*,#6378,.F.);
#6378 = EDGE_CURVE('',#2392,#4470,#6379,.T.);
#6379 = SURFACE_CURVE('',#6380,(#6384,#6391),.PCURVE_S1.);
#6380 = LINE('',#6381,#6382);
#6381 = CARTESIAN_POINT('',(-198.5,-133.,-113.));
#6382 = VECTOR('',#6383,1.);
#6383 = DIRECTION('',(0.,1.,0.));
#6384 = PCURVE('',#2408,#6385);
#6385 = DEFINITIONAL_REPRESENTATION('',(#6386),#6390);
#6386 = LINE('',#6387,#6388);
#6387 = CARTESIAN_POINT('',(0.,0.));
#6388 = VECTOR('',#6389,1.);
#6389 = DIRECTION('',(0.,1.));
#6390 = ( GEOMETRIC_REPRESENTATION_CONTEXT(2) 
PARAMETRIC_REPRESENTATION_CONTEXT() REPRESENTATION_CONTEXT('2D SPACE',''
  ) );
#6391 = PCURVE('',#2434,#6392);
#6392 = DEFINITIONAL_REPRESENTATION('',(#6393),#6397);
#6393 = LINE('',#6394,#6395);
#6394 = CARTESIAN_POINT('',(20.,0.));
#6395 = VECTOR('',#6396,1.);
#6396 = DIRECTION('',(0.,-1.));
#6397 = ( GEOMETRIC_REPRESENTATION_CONTEXT(2) 
PARAMETRIC_REPRESENTATION_CONTEXT() REPRESENTATION_CONTEXT('2D SPACE',''
  ) );
#6398 = ORIENTED_EDGE('',*,*,#2391,.T.);
#6399 = ORIENTED_EDGE('',*,*,#6400,.T.);
#6400 = EDGE_CURVE('',#2394,#4472,#6401,.T.);
#6401 = SURFACE_CURVE('',#6402,(#6406,#6413),.PCURVE_S1.);
#6402 = LINE('',#6403,#6404);
#6403 = CARTESIAN_POINT('',(198.5,-133.,-113.));
#6404 = VECTOR('',#6405,1.);
#6405 = DIRECTION('',(0.,1.,0.));
#6406 = PCURVE('',#2408,#6407);
#6407 = DEFINITIONAL_REPRESENTATION('',(#6408),#6412);
#6408 = LINE('',#6409,#6410);
#6409 = CARTESIAN_POINT('',(397.,0.));
#6410 = VECTOR('',#6411,1.);
#6411 = DIRECTION('',(0.,1.));
#6412 = ( GEOMETRIC_REPRESENTATION_CONTEXT(2) 
PARAMETRIC_REPRESENTATION_CONTEXT() REPRESENTATION_CONTEXT('2D SPACE',''
  ) );
#6413 = PCURVE('',#2484,#6414);
#6414 = DEFINITIONAL_REPRESENTATION('',(#6415),#6419);
#6415 = LINE('',#6416,#6417);
#6416 = CARTESIAN_POINT('',(20.,0.));
#6417 = VECTOR('',#6418,1.);
#6418 = DIRECTION('',(0.,-1.));
#6419 = ( GEOMETRIC_REPRESENTATION_CONTEXT(2) 
PARAMETRIC_REPRESENTATION_CONTEXT() REPRESENTATION_CONTEXT('2D SPACE',''
  ) );
#6420 = ORIENTED_EDGE('',*,*,#4469,.F.);
#6421 = ADVANCED_FACE('',(#6422),#2434,.T.);
#6422 = FACE_BOUND('',#6423,.T.);
#6423 = EDGE_LOOP('',(#6424,#6425,#6426,#6447));
#6424 = ORIENTED_EDGE('',*,*,#6378,.F.);
#6425 = ORIENTED_EDGE('',*,*,#2419,.T.);
#6426 = ORIENTED_EDGE('',*,*,#6427,.T.);
#6427 = EDGE_CURVE('',#2420,#4493,#6428,.T.);
#6428 = SURFACE_CURVE('',#6429,(#6433,#6440),.PCURVE_S1.);
#6429 = LINE('',#6430,#6431);
#6430 = CARTESIAN_POINT('',(-198.5,-133.,-133.));
#6431 = VECTOR('',#6432,1.);
#6432 = DIRECTION('',(0.,1.,0.));
#6433 = PCURVE('',#2434,#6434);
#6434 = DEFINITIONAL_REPRESENTATION('',(#6435),#6439);
#6435 = LINE('',#6436,#6437);
#6436 = CARTESIAN_POINT('',(0.,0.));
#6437 = VECTOR('',#6438,1.);
#6438 = DIRECTION('',(0.,-1.));
#6439 = ( GEOMETRIC_REPRESENTATION_CONTEXT(2) 
PARAMETRIC_REPRESENTATION_CONTEXT() REPRESENTATION_CONTEXT('2D SPACE',''
  ) );
#6440 = PCURVE('',#2460,#6441);
#6441 = DEFINITIONAL_REPRESENTATION('',(#6442),#6446);
#6442 = LINE('',#6443,#6444);
#6443 = CARTESIAN_POINT('',(0.,0.));
#6444 = VECTOR('',#6445,1.);
#6445 = DIRECTION('',(0.,1.));
#6446 = ( GEOMETRIC_REPRESENTATION_CONTEXT(2) 
PARAMETRIC_REPRESENTATION_CONTEXT() REPRESENTATION_CONTEXT('2D SPACE',''
  ) );
#6447 = ORIENTED_EDGE('',*,*,#4492,.F.);
#6448 = ADVANCED_FACE('',(#6449),#2484,.F.);
#6449 = FACE_BOUND('',#6450,.F.);
#6450 = EDGE_LOOP('',(#6451,#6452,#6453,#6474));
#6451 = ORIENTED_EDGE('',*,*,#6400,.F.);
#6452 = ORIENTED_EDGE('',*,*,#2471,.T.);
#6453 = ORIENTED_EDGE('',*,*,#6454,.T.);
#6454 = EDGE_CURVE('',#2446,#4514,#6455,.T.);
#6455 = SURFACE_CURVE('',#6456,(#6460,#6467),.PCURVE_S1.);
#6456 = LINE('',#6457,#6458);
#6457 = CARTESIAN_POINT('',(198.5,-133.,-133.));
#6458 = VECTOR('',#6459,1.);
#6459 = DIRECTION('',(0.,1.,0.));
#6460 = PCURVE('',#2484,#6461);
#6461 = DEFINITIONAL_REPRESENTATION('',(#6462),#6466);
#6462 = LINE('',#6463,#6464);
#6463 = CARTESIAN_POINT('',(0.,0.));
#6464 = VECTOR('',#6465,1.);
#6465 = DIRECTION('',(0.,-1.));
#6466 = ( GEOMETRIC_REPRESENTATION_CONTEXT(2) 
PARAMETRIC_REPRESENTATION_CONTEXT() REPRESENTATION_CONTEXT('2D SPACE',''
  ) );
#6467 = PCURVE('',#2460,#6468);
#6468 = DEFINITIONAL_REPRESENTATION('',(#6469),#6473);
#6469 = LINE('',#6470,#6471);
#6470 = CARTESIAN_POINT('',(397.,0.));
#6471 = VECTOR('',#6472,1.);
#6472 = DIRECTION('',(0.,1.));
#6473 = ( GEOMETRIC_REPRESENTATION_CONTEXT(2) 
PARAMETRIC_REPRESENTATION_CONTEXT() REPRESENTATION_CONTEXT('2D SPACE',''
  ) );
#6474 = ORIENTED_EDGE('',*,*,#4534,.F.);
#6475 = ADVANCED_FACE('',(#6476),#2460,.T.);
#6476 = FACE_BOUND('',#6477,.T.);
#6477 = EDGE_LOOP('',(#6478,#6479,#6480,#6481));
#6478 = ORIENTED_EDGE('',*,*,#6427,.F.);
#6479 = ORIENTED_EDGE('',*,*,#2445,.T.);
#6480 = ORIENTED_EDGE('',*,*,#6454,.T.);
#6481 = ORIENTED_EDGE('',*,*,#4513,.F.);
#6482 = ADVANCED_FACE('',(#6483),#2514,.F.);
#6483 = FACE_BOUND('',#6484,.F.);
#6484 = EDGE_LOOP('',(#6485,#6506,#6507,#6528));
#6485 = ORIENTED_EDGE('',*,*,#6486,.F.);
#6486 = EDGE_CURVE('',#2498,#4556,#6487,.T.);
#6487 = SURFACE_CURVE('',#6488,(#6492,#6499),.PCURVE_S1.);
#6488 = LINE('',#6489,#6490);
#6489 = CARTESIAN_POINT('',(-198.5,-133.,-51.5));
#6490 = VECTOR('',#6491,1.);
#6491 = DIRECTION('',(0.,1.,0.));
#6492 = PCURVE('',#2514,#6493);
#6493 = DEFINITIONAL_REPRESENTATION('',(#6494),#6498);
#6494 = LINE('',#6495,#6496);
#6495 = CARTESIAN_POINT('',(0.,0.));
#6496 = VECTOR('',#6497,1.);
#6497 = DIRECTION('',(0.,1.));
#6498 = ( GEOMETRIC_REPRESENTATION_CONTEXT(2) 
PARAMETRIC_REPRESENTATION_CONTEXT() REPRESENTATION_CONTEXT('2D SPACE',''
  ) );
#6499 = PCURVE('',#2540,#6500);
#6500 = DEFINITIONAL_REPRESENTATION('',(#6501),#6505);
#6501 = LINE('',#6502,#6503);
#6502 = CARTESIAN_POINT('',(20.,0.));
#6503 = VECTOR('',#6504,1.);
#6504 = DIRECTION('',(0.,-1.));
#6505 = ( GEOMETRIC_REPRESENTATION_CONTEXT(2) 
PARAMETRIC_REPRESENTATION_CONTEXT() REPRESENTATION_CONTEXT('2D SPACE',''
  ) );
#6506 = ORIENTED_EDGE('',*,*,#2497,.T.);
#6507 = ORIENTED_EDGE('',*,*,#6508,.T.);
#6508 = EDGE_CURVE('',#2500,#4558,#6509,.T.);
#6509 = SURFACE_CURVE('',#6510,(#6514,#6521),.PCURVE_S1.);
#6510 = LINE('',#6511,#6512);
#6511 = CARTESIAN_POINT('',(198.5,-133.,-51.5));
#6512 = VECTOR('',#6513,1.);
#6513 = DIRECTION('',(0.,1.,0.));
#6514 = PCURVE('',#2514,#6515);
#6515 = DEFINITIONAL_REPRESENTATION('',(#6516),#6520);
#6516 = LINE('',#6517,#6518);
#6517 = CARTESIAN_POINT('',(397.,0.));
#6518 = VECTOR('',#6519,1.);
#6519 = DIRECTION('',(0.,1.));
#6520 = ( GEOMETRIC_REPRESENTATION_CONTEXT(2) 
PARAMETRIC_REPRESENTATION_CONTEXT() REPRESENTATION_CONTEXT('2D SPACE',''
  ) );
#6521 = PCURVE('',#2590,#6522);
#6522 = DEFINITIONAL_REPRESENTATION('',(#6523),#6527);
#6523 = LINE('',#6524,#6525);
#6524 = CARTESIAN_POINT('',(20.,0.));
#6525 = VECTOR('',#6526,1.);
#6526 = DIRECTION('',(0.,-1.));
#6527 = ( GEOMETRIC_REPRESENTATION_CONTEXT(2) 
PARAMETRIC_REPRESENTATION_CONTEXT() REPRESENTATION_CONTEXT('2D SPACE',''
  ) );
#6528 = ORIENTED_EDGE('',*,*,#4555,.F.);
#6529 = ADVANCED_FACE('',(#6530),#2540,.T.);
#6530 = FACE_BOUND('',#6531,.T.);
#6531 = EDGE_LOOP('',(#6532,#6533,#6534,#6555));
#6532 = ORIENTED_EDGE('',*,*,#6486,.F.);
#6533 = ORIENTED_EDGE('',*,*,#2525,.T.);
#6534 = ORIENTED_EDGE('',*,*,#6535,.T.);
#6535 = EDGE_CURVE('',#2526,#4579,#6536,.T.);
#6536 = SURFACE_CURVE('',#6537,(#6541,#6548),.PCURVE_S1.);
#6537 = LINE('',#6538,#6539);
#6538 = CARTESIAN_POINT('',(-198.5,-133.,-71.5));
#6539 = VECTOR('',#6540,1.);
#6540 = DIRECTION('',(0.,1.,0.));
#6541 = PCURVE('',#2540,#6542);
#6542 = DEFINITIONAL_REPRESENTATION('',(#6543),#6547);
#6543 = LINE('',#6544,#6545);
#6544 = CARTESIAN_POINT('',(0.,0.));
#6545 = VECTOR('',#6546,1.);
#6546 = DIRECTION('',(0.,-1.));
#6547 = ( GEOMETRIC_REPRESENTATION_CONTEXT(2) 
PARAMETRIC_REPRESENTATION_CONTEXT() REPRESENTATION_CONTEXT('2D SPACE',''
  ) );
#6548 = PCURVE('',#2566,#6549);
#6549 = DEFINITIONAL_REPRESENTATION('',(#6550),#6554);
#6550 = LINE('',#6551,#6552);
#6551 = CARTESIAN_POINT('',(0.,0.));
#6552 = VECTOR('',#6553,1.);
#6553 = DIRECTION('',(0.,1.));
#6554 = ( GEOMETRIC_REPRESENTATION_CONTEXT(2) 
PARAMETRIC_REPRESENTATION_CONTEXT() REPRESENTATION_CONTEXT('2D SPACE',''
  ) );
#6555 = ORIENTED_EDGE('',*,*,#4578,.F.);
#6556 = ADVANCED_FACE('',(#6557),#2590,.F.);
#6557 = FACE_BOUND('',#6558,.F.);
#6558 = EDGE_LOOP('',(#6559,#6560,#6561,#6582));
#6559 = ORIENTED_EDGE('',*,*,#6508,.F.);
#6560 = ORIENTED_EDGE('',*,*,#2577,.T.);
#6561 = ORIENTED_EDGE('',*,*,#6562,.T.);
#6562 = EDGE_CURVE('',#2552,#4600,#6563,.T.);
#6563 = SURFACE_CURVE('',#6564,(#6568,#6575),.PCURVE_S1.);
#6564 = LINE('',#6565,#6566);
#6565 = CARTESIAN_POINT('',(198.5,-133.,-71.5));
#6566 = VECTOR('',#6567,1.);
#6567 = DIRECTION('',(0.,1.,0.));
#6568 = PCURVE('',#2590,#6569);
#6569 = DEFINITIONAL_REPRESENTATION('',(#6570),#6574);
#6570 = LINE('',#6571,#6572);
#6571 = CARTESIAN_POINT('',(0.,0.));
#6572 = VECTOR('',#6573,1.);
#6573 = DIRECTION('',(0.,-1.));
#6574 = ( GEOMETRIC_REPRESENTATION_CONTEXT(2) 
PARAMETRIC_REPRESENTATION_CONTEXT() REPRESENTATION_CONTEXT('2D SPACE',''
  ) );
#6575 = PCURVE('',#2566,#6576);
#6576 = DEFINITIONAL_REPRESENTATION('',(#6577),#6581);
#6577 = LINE('',#6578,#6579);
#6578 = CARTESIAN_POINT('',(397.,0.));
#6579 = VECTOR('',#6580,1.);
#6580 = DIRECTION('',(0.,1.));
#6581 = ( GEOMETRIC_REPRESENTATION_CONTEXT(2) 
PARAMETRIC_REPRESENTATION_CONTEXT() REPRESENTATION_CONTEXT('2D SPACE',''
  ) );
#6582 = ORIENTED_EDGE('',*,*,#4620,.F.);
#6583 = ADVANCED_FACE('',(#6584),#2566,.T.);
#6584 = FACE_BOUND('',#6585,.T.);
#6585 = EDGE_LOOP('',(#6586,#6587,#6588,#6589));
#6586 = ORIENTED_EDGE('',*,*,#6535,.F.);
#6587 = ORIENTED_EDGE('',*,*,#2551,.T.);
#6588 = ORIENTED_EDGE('',*,*,#6562,.T.);
#6589 = ORIENTED_EDGE('',*,*,#4599,.F.);
#6590 = ADVANCED_FACE('',(#6591),#2620,.F.);
#6591 = FACE_BOUND('',#6592,.F.);
#6592 = EDGE_LOOP('',(#6593,#6614,#6615,#6636));
#6593 = ORIENTED_EDGE('',*,*,#6594,.F.);
#6594 = EDGE_CURVE('',#2604,#4642,#6595,.T.);
#6595 = SURFACE_CURVE('',#6596,(#6600,#6607),.PCURVE_S1.);
#6596 = LINE('',#6597,#6598);
#6597 = CARTESIAN_POINT('',(-198.5,-133.,10.));
#6598 = VECTOR('',#6599,1.);
#6599 = DIRECTION('',(0.,1.,0.));
#6600 = PCURVE('',#2620,#6601);
#6601 = DEFINITIONAL_REPRESENTATION('',(#6602),#6606);
#6602 = LINE('',#6603,#6604);
#6603 = CARTESIAN_POINT('',(0.,0.));
#6604 = VECTOR('',#6605,1.);
#6605 = DIRECTION('',(0.,1.));
#6606 = ( GEOMETRIC_REPRESENTATION_CONTEXT(2) 
PARAMETRIC_REPRESENTATION_CONTEXT() REPRESENTATION_CONTEXT('2D SPACE',''
  ) );
#6607 = PCURVE('',#2646,#6608);
#6608 = DEFINITIONAL_REPRESENTATION('',(#6609),#6613);
#6609 = LINE('',#6610,#6611);
#6610 = CARTESIAN_POINT('',(20.,0.));
#6611 = VECTOR('',#6612,1.);
#6612 = DIRECTION('',(0.,-1.));
#6613 = ( GEOMETRIC_REPRESENTATION_CONTEXT(2) 
PARAMETRIC_REPRESENTATION_CONTEXT() REPRESENTATION_CONTEXT('2D SPACE',''
  ) );
#6614 = ORIENTED_EDGE('',*,*,#2603,.T.);
#6615 = ORIENTED_EDGE('',*,*,#6616,.T.);
#6616 = EDGE_CURVE('',#2606,#4644,#6617,.T.);
#6617 = SURFACE_CURVE('',#6618,(#6622,#6629),.PCURVE_S1.);
#6618 = LINE('',#6619,#6620);
#6619 = CARTESIAN_POINT('',(198.5,-133.,10.));
#6620 = VECTOR('',#6621,1.);
#6621 = DIRECTION('',(0.,1.,0.));
#6622 = PCURVE('',#2620,#6623);
#6623 = DEFINITIONAL_REPRESENTATION('',(#6624),#6628);
#6624 = LINE('',#6625,#6626);
#6625 = CARTESIAN_POINT('',(397.,0.));
#6626 = VECTOR('',#6627,1.);
#6627 = DIRECTION('',(0.,1.));
#6628 = ( GEOMETRIC_REPRESENTATION_CONTEXT(2) 
PARAMETRIC_REPRESENTATION_CONTEXT() REPRESENTATION_CONTEXT('2D SPACE',''
  ) );
#6629 = PCURVE('',#2696,#6630);
#6630 = DEFINITIONAL_REPRESENTATION('',(#6631),#6635);
#6631 = LINE('',#6632,#6633);
#6632 = CARTESIAN_POINT('',(20.,0.));
#6633 = VECTOR('',#6634,1.);
#6634 = DIRECTION('',(0.,-1.));
#6635 = ( GEOMETRIC_REPRESENTATION_CONTEXT(2) 
PARAMETRIC_REPRESENTATION_CONTEXT() REPRESENTATION_CONTEXT('2D SPACE',''
  ) );
#6636 = ORIENTED_EDGE('',*,*,#4641,.F.);
#6637 = ADVANCED_FACE('',(#6638),#2646,.T.);
#6638 = FACE_BOUND('',#6639,.T.);
#6639 = EDGE_LOOP('',(#6640,#6641,#6642,#6663));
#6640 = ORIENTED_EDGE('',*,*,#6594,.F.);
#6641 = ORIENTED_EDGE('',*,*,#2631,.T.);
#6642 = ORIENTED_EDGE('',*,*,#6643,.T.);
#6643 = EDGE_CURVE('',#2632,#4665,#6644,.T.);
#6644 = SURFACE_CURVE('',#6645,(#6649,#6656),.PCURVE_S1.);
#6645 = LINE('',#6646,#6647);
#6646 = CARTESIAN_POINT('',(-198.5,-133.,-10.));
#6647 = VECTOR('',#6648,1.);
#6648 = DIRECTION('',(0.,1.,0.));
#6649 = PCURVE('',#2646,#6650);
#6650 = DEFINITIONAL_REPRESENTATION('',(#6651),#6655);
#6651 = LINE('',#6652,#6653);
#6652 = CARTESIAN_POINT('',(0.,0.));
#6653 = VECTOR('',#6654,1.);
#6654 = DIRECTION('',(0.,-1.));
#6655 = ( GEOMETRIC_REPRESENTATION_CONTEXT(2) 
PARAMETRIC_REPRESENTATION_CONTEXT() REPRESENTATION_CONTEXT('2D SPACE',''
  ) );
#6656 = PCURVE('',#2672,#6657);
#6657 = DEFINITIONAL_REPRESENTATION('',(#6658),#6662);
#6658 = LINE('',#6659,#6660);
#6659 = CARTESIAN_POINT('',(0.,0.));
#6660 = VECTOR('',#6661,1.);
#6661 = DIRECTION('',(0.,1.));
#6662 = ( GEOMETRIC_REPRESENTATION_CONTEXT(2) 
PARAMETRIC_REPRESENTATION_CONTEXT() REPRESENTATION_CONTEXT('2D SPACE',''
  ) );
#6663 = ORIENTED_EDGE('',*,*,#4664,.F.);
#6664 = ADVANCED_FACE('',(#6665),#2696,.F.);
#6665 = FACE_BOUND('',#6666,.F.);
#6666 = EDGE_LOOP('',(#6667,#6668,#6669,#6690));
#6667 = ORIENTED_EDGE('',*,*,#6616,.F.);
#6668 = ORIENTED_EDGE('',*,*,#2683,.T.);
#6669 = ORIENTED_EDGE('',*,*,#6670,.T.);
#6670 = EDGE_CURVE('',#2658,#4686,#6671,.T.);
#6671 = SURFACE_CURVE('',#6672,(#6676,#6683),.PCURVE_S1.);
#6672 = LINE('',#6673,#6674);
#6673 = CARTESIAN_POINT('',(198.5,-133.,-10.));
#6674 = VECTOR('',#6675,1.);
#6675 = DIRECTION('',(0.,1.,0.));
#6676 = PCURVE('',#2696,#6677);
#6677 = DEFINITIONAL_REPRESENTATION('',(#6678),#6682);
#6678 = LINE('',#6679,#6680);
#6679 = CARTESIAN_POINT('',(0.,0.));
#6680 = VECTOR('',#6681,1.);
#6681 = DIRECTION('',(0.,-1.));
#6682 = ( GEOMETRIC_REPRESENTATION_CONTEXT(2) 
PARAMETRIC_REPRESENTATION_CONTEXT() REPRESENTATION_CONTEXT('2D SPACE',''
  ) );
#6683 = PCURVE('',#2672,#6684);
#6684 = DEFINITIONAL_REPRESENTATION('',(#6685),#6689);
#6685 = LINE('',#6686,#6687);
#6686 = CARTESIAN_POINT('',(397.,0.));
#6687 = VECTOR('',#6688,1.);
#6688 = DIRECTION('',(0.,1.));
#6689 = ( GEOMETRIC_REPRESENTATION_CONTEXT(2) 
PARAMETRIC_REPRESENTATION_CONTEXT() REPRESENTATION_CONTEXT('2D SPACE',''
  ) );
#6690 = ORIENTED_EDGE('',*,*,#4706,.F.);
#6691 = ADVANCED_FACE('',(#6692),#2672,.T.);
#6692 = FACE_BOUND('',#6693,.T.);
#6693 = EDGE_LOOP('',(#6694,#6695,#6696,#6697));
#6694 = ORIENTED_EDGE('',*,*,#6643,.F.);
#6695 = ORIENTED_EDGE('',*,*,#2657,.T.);
#6696 = ORIENTED_EDGE('',*,*,#6670,.T.);
#6697 = ORIENTED_EDGE('',*,*,#4685,.F.);
#6698 = ADVANCED_FACE('',(#6699),#2726,.F.);
#6699 = FACE_BOUND('',#6700,.F.);
#6700 = EDGE_LOOP('',(#6701,#6722,#6723,#6744));
#6701 = ORIENTED_EDGE('',*,*,#6702,.F.);
#6702 = EDGE_CURVE('',#2710,#4728,#6703,.T.);
#6703 = SURFACE_CURVE('',#6704,(#6708,#6715),.PCURVE_S1.);
#6704 = LINE('',#6705,#6706);
#6705 = CARTESIAN_POINT('',(-198.5,-133.,71.5));
#6706 = VECTOR('',#6707,1.);
#6707 = DIRECTION('',(0.,1.,0.));
#6708 = PCURVE('',#2726,#6709);
#6709 = DEFINITIONAL_REPRESENTATION('',(#6710),#6714);
#6710 = LINE('',#6711,#6712);
#6711 = CARTESIAN_POINT('',(0.,0.));
#6712 = VECTOR('',#6713,1.);
#6713 = DIRECTION('',(0.,1.));
#6714 = ( GEOMETRIC_REPRESENTATION_CONTEXT(2) 
PARAMETRIC_REPRESENTATION_CONTEXT() REPRESENTATION_CONTEXT('2D SPACE',''
  ) );
#6715 = PCURVE('',#2752,#6716);
#6716 = DEFINITIONAL_REPRESENTATION('',(#6717),#6721);
#6717 = LINE('',#6718,#6719);
#6718 = CARTESIAN_POINT('',(20.,0.));
#6719 = VECTOR('',#6720,1.);
#6720 = DIRECTION('',(0.,-1.));
#6721 = ( GEOMETRIC_REPRESENTATION_CONTEXT(2) 
PARAMETRIC_REPRESENTATION_CONTEXT() REPRESENTATION_CONTEXT('2D SPACE',''
  ) );
#6722 = ORIENTED_EDGE('',*,*,#2709,.T.);
#6723 = ORIENTED_EDGE('',*,*,#6724,.T.);
#6724 = EDGE_CURVE('',#2712,#4730,#6725,.T.);
#6725 = SURFACE_CURVE('',#6726,(#6730,#6737),.PCURVE_S1.);
#6726 = LINE('',#6727,#6728);
#6727 = CARTESIAN_POINT('',(198.5,-133.,71.5));
#6728 = VECTOR('',#6729,1.);
#6729 = DIRECTION('',(0.,1.,0.));
#6730 = PCURVE('',#2726,#6731);
#6731 = DEFINITIONAL_REPRESENTATION('',(#6732),#6736);
#6732 = LINE('',#6733,#6734);
#6733 = CARTESIAN_POINT('',(397.,0.));
#6734 = VECTOR('',#6735,1.);
#6735 = DIRECTION('',(0.,1.));
#6736 = ( GEOMETRIC_REPRESENTATION_CONTEXT(2) 
PARAMETRIC_REPRESENTATION_CONTEXT() REPRESENTATION_CONTEXT('2D SPACE',''
  ) );
#6737 = PCURVE('',#2802,#6738);
#6738 = DEFINITIONAL_REPRESENTATION('',(#6739),#6743);
#6739 = LINE('',#6740,#6741);
#6740 = CARTESIAN_POINT('',(20.,0.));
#6741 = VECTOR('',#6742,1.);
#6742 = DIRECTION('',(0.,-1.));
#6743 = ( GEOMETRIC_REPRESENTATION_CONTEXT(2) 
PARAMETRIC_REPRESENTATION_CONTEXT() REPRESENTATION_CONTEXT('2D SPACE',''
  ) );
#6744 = ORIENTED_EDGE('',*,*,#4727,.F.);
#6745 = ADVANCED_FACE('',(#6746),#2752,.T.);
#6746 = FACE_BOUND('',#6747,.T.);
#6747 = EDGE_LOOP('',(#6748,#6749,#6750,#6771));
#6748 = ORIENTED_EDGE('',*,*,#6702,.F.);
#6749 = ORIENTED_EDGE('',*,*,#2737,.T.);
#6750 = ORIENTED_EDGE('',*,*,#6751,.T.);
#6751 = EDGE_CURVE('',#2738,#4751,#6752,.T.);
#6752 = SURFACE_CURVE('',#6753,(#6757,#6764),.PCURVE_S1.);
#6753 = LINE('',#6754,#6755);
#6754 = CARTESIAN_POINT('',(-198.5,-133.,51.5));
#6755 = VECTOR('',#6756,1.);
#6756 = DIRECTION('',(0.,1.,0.));
#6757 = PCURVE('',#2752,#6758);
#6758 = DEFINITIONAL_REPRESENTATION('',(#6759),#6763);
#6759 = LINE('',#6760,#6761);
#6760 = CARTESIAN_POINT('',(0.,0.));
#6761 = VECTOR('',#6762,1.);
#6762 = DIRECTION('',(0.,-1.));
#6763 = ( GEOMETRIC_REPRESENTATION_CONTEXT(2) 
PARAMETRIC_REPRESENTATION_CONTEXT() REPRESENTATION_CONTEXT('2D SPACE',''
  ) );
#6764 = PCURVE('',#2778,#6765);
#6765 = DEFINITIONAL_REPRESENTATION('',(#6766),#6770);
#6766 = LINE('',#6767,#6768);
#6767 = CARTESIAN_POINT('',(0.,0.));
#6768 = VECTOR('',#6769,1.);
#6769 = DIRECTION('',(0.,1.));
#6770 = ( GEOMETRIC_REPRESENTATION_CONTEXT(2) 
PARAMETRIC_REPRESENTATION_CONTEXT() REPRESENTATION_CONTEXT('2D SPACE',''
  ) );
#6771 = ORIENTED_EDGE('',*,*,#4750,.F.);
#6772 = ADVANCED_FACE('',(#6773),#2802,.F.);
#6773 = FACE_BOUND('',#6774,.F.);
#6774 = EDGE_LOOP('',(#6775,#6776,#6777,#6798));
#6775 = ORIENTED_EDGE('',*,*,#6724,.F.);
#6776 = ORIENTED_EDGE('',*,*,#2789,.T.);
#6777 = ORIENTED_EDGE('',*,*,#6778,.T.);
#6778 = EDGE_CURVE('',#2764,#4772,#6779,.T.);
#6779 = SURFACE_CURVE('',#6780,(#6784,#6791),.PCURVE_S1.);
#6780 = LINE('',#6781,#6782);
#6781 = CARTESIAN_POINT('',(198.5,-133.,51.5));
#6782 = VECTOR('',#6783,1.);
#6783 = DIRECTION('',(0.,1.,0.));
#6784 = PCURVE('',#2802,#6785);
#6785 = DEFINITIONAL_REPRESENTATION('',(#6786),#6790);
#6786 = LINE('',#6787,#6788);
#6787 = CARTESIAN_POINT('',(0.,0.));
#6788 = VECTOR('',#6789,1.);
#6789 = DIRECTION('',(0.,-1.));
#6790 = ( GEOMETRIC_REPRESENTATION_CONTEXT(2) 
PARAMETRIC_REPRESENTATION_CONTEXT() REPRESENTATION_CONTEXT('2D SPACE',''
  ) );
#6791 = PCURVE('',#2778,#6792);
#6792 = DEFINITIONAL_REPRESENTATION('',(#6793),#6797);
#6793 = LINE('',#6794,#6795);
#6794 = CARTESIAN_POINT('',(397.,0.));
#6795 = VECTOR('',#6796,1.);
#6796 = DIRECTION('',(0.,1.));
#6797 = ( GEOMETRIC_REPRESENTATION_CONTEXT(2) 
PARAMETRIC_REPRESENTATION_CONTEXT() REPRESENTATION_CONTEXT('2D SPACE',''
  ) );
#6798 = ORIENTED_EDGE('',*,*,#4792,.F.);
#6799 = ADVANCED_FACE('',(#6800),#2778,.T.);
#6800 = FACE_BOUND('',#6801,.T.);
#6801 = EDGE_LOOP('',(#6802,#6803,#6804,#6805));
#6802 = ORIENTED_EDGE('',*,*,#6751,.F.);
#6803 = ORIENTED_EDGE('',*,*,#2763,.T.);
#6804 = ORIENTED_EDGE('',*,*,#6778,.T.);
#6805 = ORIENTED_EDGE('',*,*,#4771,.F.);
#6806 = ADVANCED_FACE('',(#6807),#2832,.F.);
#6807 = FACE_BOUND('',#6808,.F.);
#6808 = EDGE_LOOP('',(#6809,#6830,#6831,#6852));
#6809 = ORIENTED_EDGE('',*,*,#6810,.F.);
#6810 = EDGE_CURVE('',#2816,#4814,#6811,.T.);
#6811 = SURFACE_CURVE('',#6812,(#6816,#6823),.PCURVE_S1.);
#6812 = LINE('',#6813,#6814);
#6813 = CARTESIAN_POINT('',(-198.5,-133.,133.));
#6814 = VECTOR('',#6815,1.);
#6815 = DIRECTION('',(0.,1.,0.));
#6816 = PCURVE('',#2832,#6817);
#6817 = DEFINITIONAL_REPRESENTATION('',(#6818),#6822);
#6818 = LINE('',#6819,#6820);
#6819 = CARTESIAN_POINT('',(0.,0.));
#6820 = VECTOR('',#6821,1.);
#6821 = DIRECTION('',(0.,1.));
#6822 = ( GEOMETRIC_REPRESENTATION_CONTEXT(2) 
PARAMETRIC_REPRESENTATION_CONTEXT() REPRESENTATION_CONTEXT('2D SPACE',''
  ) );
#6823 = PCURVE('',#2858,#6824);
#6824 = DEFINITIONAL_REPRESENTATION('',(#6825),#6829);
#6825 = LINE('',#6826,#6827);
#6826 = CARTESIAN_POINT('',(20.,0.));
#6827 = VECTOR('',#6828,1.);
#6828 = DIRECTION('',(0.,-1.));
#6829 = ( GEOMETRIC_REPRESENTATION_CONTEXT(2) 
PARAMETRIC_REPRESENTATION_CONTEXT() REPRESENTATION_CONTEXT('2D SPACE',''
  ) );
#6830 = ORIENTED_EDGE('',*,*,#2815,.T.);
#6831 = ORIENTED_EDGE('',*,*,#6832,.T.);
#6832 = EDGE_CURVE('',#2818,#4816,#6833,.T.);
#6833 = SURFACE_CURVE('',#6834,(#6838,#6845),.PCURVE_S1.);
#6834 = LINE('',#6835,#6836);
#6835 = CARTESIAN_POINT('',(198.5,-133.,133.));
#6836 = VECTOR('',#6837,1.);
#6837 = DIRECTION('',(0.,1.,0.));
#6838 = PCURVE('',#2832,#6839);
#6839 = DEFINITIONAL_REPRESENTATION('',(#6840),#6844);
#6840 = LINE('',#6841,#6842);
#6841 = CARTESIAN_POINT('',(397.,0.));
#6842 = VECTOR('',#6843,1.);
#6843 = DIRECTION('',(0.,1.));
#6844 = ( GEOMETRIC_REPRESENTATION_CONTEXT(2) 
PARAMETRIC_REPRESENTATION_CONTEXT() REPRESENTATION_CONTEXT('2D SPACE',''
  ) );
#6845 = PCURVE('',#2908,#6846);
#6846 = DEFINITIONAL_REPRESENTATION('',(#6847),#6851);
#6847 = LINE('',#6848,#6849);
#6848 = CARTESIAN_POINT('',(20.,0.));
#6849 = VECTOR('',#6850,1.);
#6850 = DIRECTION('',(0.,-1.));
#6851 = ( GEOMETRIC_REPRESENTATION_CONTEXT(2) 
PARAMETRIC_REPRESENTATION_CONTEXT() REPRESENTATION_CONTEXT('2D SPACE',''
  ) );
#6852 = ORIENTED_EDGE('',*,*,#4813,.F.);
#6853 = ADVANCED_FACE('',(#6854),#2858,.T.);
#6854 = FACE_BOUND('',#6855,.T.);
#6855 = EDGE_LOOP('',(#6856,#6857,#6858,#6879));
#6856 = ORIENTED_EDGE('',*,*,#6810,.F.);
#6857 = ORIENTED_EDGE('',*,*,#2843,.T.);
#6858 = ORIENTED_EDGE('',*,*,#6859,.T.);
#6859 = EDGE_CURVE('',#2844,#4837,#6860,.T.);
#6860 = SURFACE_CURVE('',#6861,(#6865,#6872),.PCURVE_S1.);
#6861 = LINE('',#6862,#6863);
#6862 = CARTESIAN_POINT('',(-198.5,-133.,113.));
#6863 = VECTOR('',#6864,1.);
#6864 = DIRECTION('',(0.,1.,0.));
#6865 = PCURVE('',#2858,#6866);
#6866 = DEFINITIONAL_REPRESENTATION('',(#6867),#6871);
#6867 = LINE('',#6868,#6869);
#6868 = CARTESIAN_POINT('',(0.,0.));
#6869 = VECTOR('',#6870,1.);
#6870 = DIRECTION('',(0.,-1.));
#6871 = ( GEOMETRIC_REPRESENTATION_CONTEXT(2) 
PARAMETRIC_REPRESENTATION_CONTEXT() REPRESENTATION_CONTEXT('2D SPACE',''
  ) );
#6872 = PCURVE('',#2884,#6873);
#6873 = DEFINITIONAL_REPRESENTATION('',(#6874),#6878);
#6874 = LINE('',#6875,#6876);
#6875 = CARTESIAN_POINT('',(0.,0.));
#6876 = VECTOR('',#6877,1.);
#6877 = DIRECTION('',(0.,1.));
#6878 = ( GEOMETRIC_REPRESENTATION_CONTEXT(2) 
PARAMETRIC_REPRESENTATION_CONTEXT() REPRESENTATION_CONTEXT('2D SPACE',''
  ) );
#6879 = ORIENTED_EDGE('',*,*,#4836,.F.);
#6880 = ADVANCED_FACE('',(#6881),#2908,.F.);
#6881 = FACE_BOUND('',#6882,.F.);
#6882 = EDGE_LOOP('',(#6883,#6884,#6885,#6906));
#6883 = ORIENTED_EDGE('',*,*,#6832,.F.);
#6884 = ORIENTED_EDGE('',*,*,#2895,.T.);
#6885 = ORIENTED_EDGE('',*,*,#6886,.T.);
#6886 = EDGE_CURVE('',#2870,#4858,#6887,.T.);
#6887 = SURFACE_CURVE('',#6888,(#6892,#6899),.PCURVE_S1.);
#6888 = LINE('',#6889,#6890);
#6889 = CARTESIAN_POINT('',(198.5,-133.,113.));
#6890 = VECTOR('',#6891,1.);
#6891 = DIRECTION('',(0.,1.,0.));
#6892 = PCURVE('',#2908,#6893);
#6893 = DEFINITIONAL_REPRESENTATION('',(#6894),#6898);
#6894 = LINE('',#6895,#6896);
#6895 = CARTESIAN_POINT('',(0.,0.));
#6896 = VECTOR('',#6897,1.);
#6897 = DIRECTION('',(0.,-1.));
#6898 = ( GEOMETRIC_REPRESENTATION_CONTEXT(2) 
PARAMETRIC_REPRESENTATION_CONTEXT() REPRESENTATION_CONTEXT('2D SPACE',''
  ) );
#6899 = PCURVE('',#2884,#6900);
#6900 = DEFINITIONAL_REPRESENTATION('',(#6901),#6905);
#6901 = LINE('',#6902,#6903);
#6902 = CARTESIAN_POINT('',(397.,0.));
#6903 = VECTOR('',#6904,1.);
#6904 = DIRECTION('',(0.,1.));
#6905 = ( GEOMETRIC_REPRESENTATION_CONTEXT(2) 
PARAMETRIC_REPRESENTATION_CONTEXT() REPRESENTATION_CONTEXT('2D SPACE',''
  ) );
#6906 = ORIENTED_EDGE('',*,*,#4878,.F.);
#6907 = ADVANCED_FACE('',(#6908),#2884,.T.);
#6908 = FACE_BOUND('',#6909,.T.);
#6909 = EDGE_LOOP('',(#6910,#6911,#6912,#6913));
#6910 = ORIENTED_EDGE('',*,*,#6859,.F.);
#6911 = ORIENTED_EDGE('',*,*,#2869,.T.);
#6912 = ORIENTED_EDGE('',*,*,#6886,.T.);
#6913 = ORIENTED_EDGE('',*,*,#4857,.F.);
#6914 = ADVANCED_FACE('',(#6915),#2938,.F.);
#6915 = FACE_BOUND('',#6916,.F.);
#6916 = EDGE_LOOP('',(#6917,#6938,#6939,#6960));
#6917 = ORIENTED_EDGE('',*,*,#6918,.F.);
#6918 = EDGE_CURVE('',#2922,#4900,#6919,.T.);
#6919 = SURFACE_CURVE('',#6920,(#6924,#6931),.PCURVE_S1.);
#6920 = LINE('',#6921,#6922);
#6921 = CARTESIAN_POINT('',(-198.5,-133.,194.5));
#6922 = VECTOR('',#6923,1.);
#6923 = DIRECTION('',(0.,1.,0.));
#6924 = PCURVE('',#2938,#6925);
#6925 = DEFINITIONAL_REPRESENTATION('',(#6926),#6930);
#6926 = LINE('',#6927,#6928);
#6927 = CARTESIAN_POINT('',(0.,0.));
#6928 = VECTOR('',#6929,1.);
#6929 = DIRECTION('',(0.,1.));
#6930 = ( GEOMETRIC_REPRESENTATION_CONTEXT(2) 
PARAMETRIC_REPRESENTATION_CONTEXT() REPRESENTATION_CONTEXT('2D SPACE',''
  ) );
#6931 = PCURVE('',#2964,#6932);
#6932 = DEFINITIONAL_REPRESENTATION('',(#6933),#6937);
#6933 = LINE('',#6934,#6935);
#6934 = CARTESIAN_POINT('',(20.,0.));
#6935 = VECTOR('',#6936,1.);
#6936 = DIRECTION('',(0.,-1.));
#6937 = ( GEOMETRIC_REPRESENTATION_CONTEXT(2) 
PARAMETRIC_REPRESENTATION_CONTEXT() REPRESENTATION_CONTEXT('2D SPACE',''
  ) );
#6938 = ORIENTED_EDGE('',*,*,#2921,.T.);
#6939 = ORIENTED_EDGE('',*,*,#6940,.T.);
#6940 = EDGE_CURVE('',#2924,#4902,#6941,.T.);
#6941 = SURFACE_CURVE('',#6942,(#6946,#6953),.PCURVE_S1.);
#6942 = LINE('',#6943,#6944);
#6943 = CARTESIAN_POINT('',(198.5,-133.,194.5));
#6944 = VECTOR('',#6945,1.);
#6945 = DIRECTION('',(0.,1.,0.));
#6946 = PCURVE('',#2938,#6947);
#6947 = DEFINITIONAL_REPRESENTATION('',(#6948),#6952);
#6948 = LINE('',#6949,#6950);
#6949 = CARTESIAN_POINT('',(397.,0.));
#6950 = VECTOR('',#6951,1.);
#6951 = DIRECTION('',(0.,1.));
#6952 = ( GEOMETRIC_REPRESENTATION_CONTEXT(2) 
PARAMETRIC_REPRESENTATION_CONTEXT() REPRESENTATION_CONTEXT('2D SPACE',''
  ) );
#6953 = PCURVE('',#3014,#6954);
#6954 = DEFINITIONAL_REPRESENTATION('',(#6955),#6959);
#6955 = LINE('',#6956,#6957);
#6956 = CARTESIAN_POINT('',(20.,0.));
#6957 = VECTOR('',#6958,1.);
#6958 = DIRECTION('',(0.,-1.));
#6959 = ( GEOMETRIC_REPRESENTATION_CONTEXT(2) 
PARAMETRIC_REPRESENTATION_CONTEXT() REPRESENTATION_CONTEXT('2D SPACE',''
  ) );
#6960 = ORIENTED_EDGE('',*,*,#4899,.F.);
#6961 = ADVANCED_FACE('',(#6962),#2964,.T.);
#6962 = FACE_BOUND('',#6963,.T.);
#6963 = EDGE_LOOP('',(#6964,#6965,#6966,#6987));
#6964 = ORIENTED_EDGE('',*,*,#6918,.F.);
#6965 = ORIENTED_EDGE('',*,*,#2949,.T.);
#6966 = ORIENTED_EDGE('',*,*,#6967,.T.);
#6967 = EDGE_CURVE('',#2950,#4923,#6968,.T.);
#6968 = SURFACE_CURVE('',#6969,(#6973,#6980),.PCURVE_S1.);
#6969 = LINE('',#6970,#6971);
#6970 = CARTESIAN_POINT('',(-198.5,-133.,174.5));
#6971 = VECTOR('',#6972,1.);
#6972 = DIRECTION('',(0.,1.,0.));
#6973 = PCURVE('',#2964,#6974);
#6974 = DEFINITIONAL_REPRESENTATION('',(#6975),#6979);
#6975 = LINE('',#6976,#6977);
#6976 = CARTESIAN_POINT('',(0.,0.));
#6977 = VECTOR('',#6978,1.);
#6978 = DIRECTION('',(0.,-1.));
#6979 = ( GEOMETRIC_REPRESENTATION_CONTEXT(2) 
PARAMETRIC_REPRESENTATION_CONTEXT() REPRESENTATION_CONTEXT('2D SPACE',''
  ) );
#6980 = PCURVE('',#2990,#6981);
#6981 = DEFINITIONAL_REPRESENTATION('',(#6982),#6986);
#6982 = LINE('',#6983,#6984);
#6983 = CARTESIAN_POINT('',(0.,0.));
#6984 = VECTOR('',#6985,1.);
#6985 = DIRECTION('',(0.,1.));
#6986 = ( GEOMETRIC_REPRESENTATION_CONTEXT(2) 
PARAMETRIC_REPRESENTATION_CONTEXT() REPRESENTATION_CONTEXT('2D SPACE',''
  ) );
#6987 = ORIENTED_EDGE('',*,*,#4922,.F.);
#6988 = ADVANCED_FACE('',(#6989),#3014,.F.);
#6989 = FACE_BOUND('',#6990,.F.);
#6990 = EDGE_LOOP('',(#6991,#6992,#6993,#7014));
#6991 = ORIENTED_EDGE('',*,*,#6940,.F.);
#6992 = ORIENTED_EDGE('',*,*,#3001,.T.);
#6993 = ORIENTED_EDGE('',*,*,#6994,.T.);
#6994 = EDGE_CURVE('',#2976,#4944,#6995,.T.);
#6995 = SURFACE_CURVE('',#6996,(#7000,#7007),.PCURVE_S1.);
#6996 = LINE('',#6997,#6998);
#6997 = CARTESIAN_POINT('',(198.5,-133.,174.5));
#6998 = VECTOR('',#6999,1.);
#6999 = DIRECTION('',(0.,1.,0.));
#7000 = PCURVE('',#3014,#7001);
#7001 = DEFINITIONAL_REPRESENTATION('',(#7002),#7006);
#7002 = LINE('',#7003,#7004);
#7003 = CARTESIAN_POINT('',(0.,0.));
#7004 = VECTOR('',#7005,1.);
#7005 = DIRECTION('',(0.,-1.));
#7006 = ( GEOMETRIC_REPRESENTATION_CONTEXT(2) 
PARAMETRIC_REPRESENTATION_CONTEXT() REPRESENTATION_CONTEXT('2D SPACE',''
  ) );
#7007 = PCURVE('',#2990,#7008);
#7008 = DEFINITIONAL_REPRESENTATION('',(#7009),#7013);
#7009 = LINE('',#7010,#7011);
#7010 = CARTESIAN_POINT('',(397.,0.));
#7011 = VECTOR('',#7012,1.);
#7012 = DIRECTION('',(0.,1.));
#7013 = ( GEOMETRIC_REPRESENTATION_CONTEXT(2) 
PARAMETRIC_REPRESENTATION_CONTEXT() REPRESENTATION_CONTEXT('2D SPACE',''
  ) );
#7014 = ORIENTED_EDGE('',*,*,#4964,.F.);
#7015 = ADVANCED_FACE('',(#7016),#2990,.T.);
#7016 = FACE_BOUND('',#7017,.T.);
#7017 = EDGE_LOOP('',(#7018,#7019,#7020,#7021));
#7018 = ORIENTED_EDGE('',*,*,#6967,.F.);
#7019 = ORIENTED_EDGE('',*,*,#2975,.T.);
#7020 = ORIENTED_EDGE('',*,*,#6994,.T.);
#7021 = ORIENTED_EDGE('',*,*,#4943,.F.);
#7022 = ADVANCED_FACE('',(#7023),#3044,.F.);
#7023 = FACE_BOUND('',#7024,.F.);
#7024 = EDGE_LOOP('',(#7025,#7046,#7047,#7068));
#7025 = ORIENTED_EDGE('',*,*,#7026,.F.);
#7026 = EDGE_CURVE('',#3028,#4986,#7027,.T.);
#7027 = SURFACE_CURVE('',#7028,(#7032,#7039),.PCURVE_S1.);
#7028 = LINE('',#7029,#7030);
#7029 = CARTESIAN_POINT('',(-198.5,-133.,256.));
#7030 = VECTOR('',#7031,1.);
#7031 = DIRECTION('',(0.,1.,0.));
#7032 = PCURVE('',#3044,#7033);
#7033 = DEFINITIONAL_REPRESENTATION('',(#7034),#7038);
#7034 = LINE('',#7035,#7036);
#7035 = CARTESIAN_POINT('',(0.,0.));
#7036 = VECTOR('',#7037,1.);
#7037 = DIRECTION('',(0.,1.));
#7038 = ( GEOMETRIC_REPRESENTATION_CONTEXT(2) 
PARAMETRIC_REPRESENTATION_CONTEXT() REPRESENTATION_CONTEXT('2D SPACE',''
  ) );
#7039 = PCURVE('',#3070,#7040);
#7040 = DEFINITIONAL_REPRESENTATION('',(#7041),#7045);
#7041 = LINE('',#7042,#7043);
#7042 = CARTESIAN_POINT('',(20.,0.));
#7043 = VECTOR('',#7044,1.);
#7044 = DIRECTION('',(0.,-1.));
#7045 = ( GEOMETRIC_REPRESENTATION_CONTEXT(2) 
PARAMETRIC_REPRESENTATION_CONTEXT() REPRESENTATION_CONTEXT('2D SPACE',''
  ) );
#7046 = ORIENTED_EDGE('',*,*,#3027,.T.);
#7047 = ORIENTED_EDGE('',*,*,#7048,.T.);
#7048 = EDGE_CURVE('',#3030,#4988,#7049,.T.);
#7049 = SURFACE_CURVE('',#7050,(#7054,#7061),.PCURVE_S1.);
#7050 = LINE('',#7051,#7052);
#7051 = CARTESIAN_POINT('',(198.5,-133.,256.));
#7052 = VECTOR('',#7053,1.);
#7053 = DIRECTION('',(0.,1.,0.));
#7054 = PCURVE('',#3044,#7055);
#7055 = DEFINITIONAL_REPRESENTATION('',(#7056),#7060);
#7056 = LINE('',#7057,#7058);
#7057 = CARTESIAN_POINT('',(397.,0.));
#7058 = VECTOR('',#7059,1.);
#7059 = DIRECTION('',(0.,1.));
#7060 = ( GEOMETRIC_REPRESENTATION_CONTEXT(2) 
PARAMETRIC_REPRESENTATION_CONTEXT() REPRESENTATION_CONTEXT('2D SPACE',''
  ) );
#7061 = PCURVE('',#3120,#7062);
#7062 = DEFINITIONAL_REPRESENTATION('',(#7063),#7067);
#7063 = LINE('',#7064,#7065);
#7064 = CARTESIAN_POINT('',(20.,0.));
#7065 = VECTOR('',#7066,1.);
#7066 = DIRECTION('',(0.,-1.));
#7067 = ( GEOMETRIC_REPRESENTATION_CONTEXT(2) 
PARAMETRIC_REPRESENTATION_CONTEXT() REPRESENTATION_CONTEXT('2D SPACE',''
  ) );
#7068 = ORIENTED_EDGE('',*,*,#4985,.F.);
#7069 = ADVANCED_FACE('',(#7070),#3070,.T.);
#7070 = FACE_BOUND('',#7071,.T.);
#7071 = EDGE_LOOP('',(#7072,#7073,#7074,#7095));
#7072 = ORIENTED_EDGE('',*,*,#7026,.F.);
#7073 = ORIENTED_EDGE('',*,*,#3055,.T.);
#7074 = ORIENTED_EDGE('',*,*,#7075,.T.);
#7075 = EDGE_CURVE('',#3056,#5009,#7076,.T.);
#7076 = SURFACE_CURVE('',#7077,(#7081,#7088),.PCURVE_S1.);
#7077 = LINE('',#7078,#7079);
#7078 = CARTESIAN_POINT('',(-198.5,-133.,236.));
#7079 = VECTOR('',#7080,1.);
#7080 = DIRECTION('',(0.,1.,0.));
#7081 = PCURVE('',#3070,#7082);
#7082 = DEFINITIONAL_REPRESENTATION('',(#7083),#7087);
#7083 = LINE('',#7084,#7085);
#7084 = CARTESIAN_POINT('',(0.,0.));
#7085 = VECTOR('',#7086,1.);
#7086 = DIRECTION('',(0.,-1.));
#7087 = ( GEOMETRIC_REPRESENTATION_CONTEXT(2) 
PARAMETRIC_REPRESENTATION_CONTEXT() REPRESENTATION_CONTEXT('2D SPACE',''
  ) );
#7088 = PCURVE('',#3096,#7089);
#7089 = DEFINITIONAL_REPRESENTATION('',(#7090),#7094);
#7090 = LINE('',#7091,#7092);
#7091 = CARTESIAN_POINT('',(0.,0.));
#7092 = VECTOR('',#7093,1.);
#7093 = DIRECTION('',(0.,1.));
#7094 = ( GEOMETRIC_REPRESENTATION_CONTEXT(2) 
PARAMETRIC_REPRESENTATION_CONTEXT() REPRESENTATION_CONTEXT('2D SPACE',''
  ) );
#7095 = ORIENTED_EDGE('',*,*,#5008,.F.);
#7096 = ADVANCED_FACE('',(#7097),#3120,.F.);
#7097 = FACE_BOUND('',#7098,.F.);
#7098 = EDGE_LOOP('',(#7099,#7100,#7101,#7122));
#7099 = ORIENTED_EDGE('',*,*,#7048,.F.);
#7100 = ORIENTED_EDGE('',*,*,#3107,.T.);
#7101 = ORIENTED_EDGE('',*,*,#7102,.T.);
#7102 = EDGE_CURVE('',#3082,#5030,#7103,.T.);
#7103 = SURFACE_CURVE('',#7104,(#7108,#7115),.PCURVE_S1.);
#7104 = LINE('',#7105,#7106);
#7105 = CARTESIAN_POINT('',(198.5,-133.,236.));
#7106 = VECTOR('',#7107,1.);
#7107 = DIRECTION('',(0.,1.,0.));
#7108 = PCURVE('',#3120,#7109);
#7109 = DEFINITIONAL_REPRESENTATION('',(#7110),#7114);
#7110 = LINE('',#7111,#7112);
#7111 = CARTESIAN_POINT('',(0.,0.));
#7112 = VECTOR('',#7113,1.);
#7113 = DIRECTION('',(0.,-1.));
#7114 = ( GEOMETRIC_REPRESENTATION_CONTEXT(2) 
PARAMETRIC_REPRESENTATION_CONTEXT() REPRESENTATION_CONTEXT('2D SPACE',''
  ) );
#7115 = PCURVE('',#3096,#7116);
#7116 = DEFINITIONAL_REPRESENTATION('',(#7117),#7121);
#7117 = LINE('',#7118,#7119);
#7118 = CARTESIAN_POINT('',(397.,0.));
#7119 = VECTOR('',#7120,1.);
#7120 = DIRECTION('',(0.,1.));
#7121 = ( GEOMETRIC_REPRESENTATION_CONTEXT(2) 
PARAMETRIC_REPRESENTATION_CONTEXT() REPRESENTATION_CONTEXT('2D SPACE',''
  ) );
#7122 = ORIENTED_EDGE('',*,*,#5050,.F.);
#7123 = ADVANCED_FACE('',(#7124),#3096,.T.);
#7124 = FACE_BOUND('',#7125,.T.);
#7125 = EDGE_LOOP('',(#7126,#7127,#7128,#7129));
#7126 = ORIENTED_EDGE('',*,*,#7075,.F.);
#7127 = ORIENTED_EDGE('',*,*,#3081,.T.);
#7128 = ORIENTED_EDGE('',*,*,#7102,.T.);
#7129 = ORIENTED_EDGE('',*,*,#5029,.F.);
#7130 = ADVANCED_FACE('',(#7131),#3150,.F.);
#7131 = FACE_BOUND('',#7132,.F.);
#7132 = EDGE_LOOP('',(#7133,#7154,#7155,#7176));
#7133 = ORIENTED_EDGE('',*,*,#7134,.F.);
#7134 = EDGE_CURVE('',#3134,#5072,#7135,.T.);
#7135 = SURFACE_CURVE('',#7136,(#7140,#7147),.PCURVE_S1.);
#7136 = LINE('',#7137,#7138);
#7137 = CARTESIAN_POINT('',(-198.5,-133.,317.5));
#7138 = VECTOR('',#7139,1.);
#7139 = DIRECTION('',(0.,1.,0.));
#7140 = PCURVE('',#3150,#7141);
#7141 = DEFINITIONAL_REPRESENTATION('',(#7142),#7146);
#7142 = LINE('',#7143,#7144);
#7143 = CARTESIAN_POINT('',(0.,0.));
#7144 = VECTOR('',#7145,1.);
#7145 = DIRECTION('',(0.,1.));
#7146 = ( GEOMETRIC_REPRESENTATION_CONTEXT(2) 
PARAMETRIC_REPRESENTATION_CONTEXT() REPRESENTATION_CONTEXT('2D SPACE',''
  ) );
#7147 = PCURVE('',#3176,#7148);
#7148 = DEFINITIONAL_REPRESENTATION('',(#7149),#7153);
#7149 = LINE('',#7150,#7151);
#7150 = CARTESIAN_POINT('',(20.,0.));
#7151 = VECTOR('',#7152,1.);
#7152 = DIRECTION('',(0.,-1.));
#7153 = ( GEOMETRIC_REPRESENTATION_CONTEXT(2) 
PARAMETRIC_REPRESENTATION_CONTEXT() REPRESENTATION_CONTEXT('2D SPACE',''
  ) );
#7154 = ORIENTED_EDGE('',*,*,#3133,.T.);
#7155 = ORIENTED_EDGE('',*,*,#7156,.T.);
#7156 = EDGE_CURVE('',#3136,#5074,#7157,.T.);
#7157 = SURFACE_CURVE('',#7158,(#7162,#7169),.PCURVE_S1.);
#7158 = LINE('',#7159,#7160);
#7159 = CARTESIAN_POINT('',(198.5,-133.,317.5));
#7160 = VECTOR('',#7161,1.);
#7161 = DIRECTION('',(0.,1.,0.));
#7162 = PCURVE('',#3150,#7163);
#7163 = DEFINITIONAL_REPRESENTATION('',(#7164),#7168);
#7164 = LINE('',#7165,#7166);
#7165 = CARTESIAN_POINT('',(397.,0.));
#7166 = VECTOR('',#7167,1.);
#7167 = DIRECTION('',(0.,1.));
#7168 = ( GEOMETRIC_REPRESENTATION_CONTEXT(2) 
PARAMETRIC_REPRESENTATION_CONTEXT() REPRESENTATION_CONTEXT('2D SPACE',''
  ) );
#7169 = PCURVE('',#3226,#7170);
#7170 = DEFINITIONAL_REPRESENTATION('',(#7171),#7175);
#7171 = LINE('',#7172,#7173);
#7172 = CARTESIAN_POINT('',(20.,0.));
#7173 = VECTOR('',#7174,1.);
#7174 = DIRECTION('',(0.,-1.));
#7175 = ( GEOMETRIC_REPRESENTATION_CONTEXT(2) 
PARAMETRIC_REPRESENTATION_CONTEXT() REPRESENTATION_CONTEXT('2D SPACE',''
  ) );
#7176 = ORIENTED_EDGE('',*,*,#5071,.F.);
#7177 = ADVANCED_FACE('',(#7178),#3176,.T.);
#7178 = FACE_BOUND('',#7179,.T.);
#7179 = EDGE_LOOP('',(#7180,#7181,#7182,#7203));
#7180 = ORIENTED_EDGE('',*,*,#7134,.F.);
#7181 = ORIENTED_EDGE('',*,*,#3161,.T.);
#7182 = ORIENTED_EDGE('',*,*,#7183,.T.);
#7183 = EDGE_CURVE('',#3162,#5095,#7184,.T.);
#7184 = SURFACE_CURVE('',#7185,(#7189,#7196),.PCURVE_S1.);
#7185 = LINE('',#7186,#7187);
#7186 = CARTESIAN_POINT('',(-198.5,-133.,297.5));
#7187 = VECTOR('',#7188,1.);
#7188 = DIRECTION('',(0.,1.,0.));
#7189 = PCURVE('',#3176,#7190);
#7190 = DEFINITIONAL_REPRESENTATION('',(#7191),#7195);
#7191 = LINE('',#7192,#7193);
#7192 = CARTESIAN_POINT('',(0.,0.));
#7193 = VECTOR('',#7194,1.);
#7194 = DIRECTION('',(0.,-1.));
#7195 = ( GEOMETRIC_REPRESENTATION_CONTEXT(2) 
PARAMETRIC_REPRESENTATION_CONTEXT() REPRESENTATION_CONTEXT('2D SPACE',''
  ) );
#7196 = PCURVE('',#3202,#7197);
#7197 = DEFINITIONAL_REPRESENTATION('',(#7198),#7202);
#7198 = LINE('',#7199,#7200);
#7199 = CARTESIAN_POINT('',(0.,0.));
#7200 = VECTOR('',#7201,1.);
#7201 = DIRECTION('',(0.,1.));
#7202 = ( GEOMETRIC_REPRESENTATION_CONTEXT(2) 
PARAMETRIC_REPRESENTATION_CONTEXT() REPRESENTATION_CONTEXT('2D SPACE',''
  ) );
#7203 = ORIENTED_EDGE('',*,*,#5094,.F.);
#7204 = ADVANCED_FACE('',(#7205),#3226,.F.);
#7205 = FACE_BOUND('',#7206,.F.);
#7206 = EDGE_LOOP('',(#7207,#7208,#7209,#7230));
#7207 = ORIENTED_EDGE('',*,*,#7156,.F.);
#7208 = ORIENTED_EDGE('',*,*,#3213,.T.);
#7209 = ORIENTED_EDGE('',*,*,#7210,.T.);
#7210 = EDGE_CURVE('',#3188,#5116,#7211,.T.);
#7211 = SURFACE_CURVE('',#7212,(#7216,#7223),.PCURVE_S1.);
#7212 = LINE('',#7213,#7214);
#7213 = CARTESIAN_POINT('',(198.5,-133.,297.5));
#7214 = VECTOR('',#7215,1.);
#7215 = DIRECTION('',(0.,1.,0.));
#7216 = PCURVE('',#3226,#7217);
#7217 = DEFINITIONAL_REPRESENTATION('',(#7218),#7222);
#7218 = LINE('',#7219,#7220);
#7219 = CARTESIAN_POINT('',(0.,0.));
#7220 = VECTOR('',#7221,1.);
#7221 = DIRECTION('',(0.,-1.));
#7222 = ( GEOMETRIC_REPRESENTATION_CONTEXT(2) 
PARAMETRIC_REPRESENTATION_CONTEXT() REPRESENTATION_CONTEXT('2D SPACE',''
  ) );
#7223 = PCURVE('',#3202,#7224);
#7224 = DEFINITIONAL_REPRESENTATION('',(#7225),#7229);
#7225 = LINE('',#7226,#7227);
#7226 = CARTESIAN_POINT('',(397.,0.));
#7227 = VECTOR('',#7228,1.);
#7228 = DIRECTION('',(0.,1.));
#7229 = ( GEOMETRIC_REPRESENTATION_CONTEXT(2) 
PARAMETRIC_REPRESENTATION_CONTEXT() REPRESENTATION_CONTEXT('2D SPACE',''
  ) );
#7230 = ORIENTED_EDGE('',*,*,#5136,.F.);
#7231 = ADVANCED_FACE('',(#7232),#3202,.T.);
#7232 = FACE_BOUND('',#7233,.T.);
#7233 = EDGE_LOOP('',(#7234,#7235,#7236,#7237));
#7234 = ORIENTED_EDGE('',*,*,#7183,.F.);
#7235 = ORIENTED_EDGE('',*,*,#3187,.T.);
#7236 = ORIENTED_EDGE('',*,*,#7210,.T.);
#7237 = ORIENTED_EDGE('',*,*,#5115,.F.);
#7238 = ADVANCED_FACE('',(#7239),#3256,.F.);
#7239 = FACE_BOUND('',#7240,.F.);
#7240 = EDGE_LOOP('',(#7241,#7262,#7263,#7284));
#7241 = ORIENTED_EDGE('',*,*,#7242,.F.);
#7242 = EDGE_CURVE('',#3240,#5158,#7243,.T.);
#7243 = SURFACE_CURVE('',#7244,(#7248,#7255),.PCURVE_S1.);
#7244 = LINE('',#7245,#7246);
#7245 = CARTESIAN_POINT('',(-198.5,-133.,379.));
#7246 = VECTOR('',#7247,1.);
#7247 = DIRECTION('',(0.,1.,0.));
#7248 = PCURVE('',#3256,#7249);
#7249 = DEFINITIONAL_REPRESENTATION('',(#7250),#7254);
#7250 = LINE('',#7251,#7252);
#7251 = CARTESIAN_POINT('',(0.,0.));
#7252 = VECTOR('',#7253,1.);
#7253 = DIRECTION('',(0.,1.));
#7254 = ( GEOMETRIC_REPRESENTATION_CONTEXT(2) 
PARAMETRIC_REPRESENTATION_CONTEXT() REPRESENTATION_CONTEXT('2D SPACE',''
  ) );
#7255 = PCURVE('',#3282,#7256);
#7256 = DEFINITIONAL_REPRESENTATION('',(#7257),#7261);
#7257 = LINE('',#7258,#7259);
#7258 = CARTESIAN_POINT('',(20.,0.));
#7259 = VECTOR('',#7260,1.);
#7260 = DIRECTION('',(0.,-1.));
#7261 = ( GEOMETRIC_REPRESENTATION_CONTEXT(2) 
PARAMETRIC_REPRESENTATION_CONTEXT() REPRESENTATION_CONTEXT('2D SPACE',''
  ) );
#7262 = ORIENTED_EDGE('',*,*,#3239,.T.);
#7263 = ORIENTED_EDGE('',*,*,#7264,.T.);
#7264 = EDGE_CURVE('',#3242,#5160,#7265,.T.);
#7265 = SURFACE_CURVE('',#7266,(#7270,#7277),.PCURVE_S1.);
#7266 = LINE('',#7267,#7268);
#7267 = CARTESIAN_POINT('',(198.5,-133.,379.));
#7268 = VECTOR('',#7269,1.);
#7269 = DIRECTION('',(0.,1.,0.));
#7270 = PCURVE('',#3256,#7271);
#7271 = DEFINITIONAL_REPRESENTATION('',(#7272),#7276);
#7272 = LINE('',#7273,#7274);
#7273 = CARTESIAN_POINT('',(397.,0.));
#7274 = VECTOR('',#7275,1.);
#7275 = DIRECTION('',(0.,1.));
#7276 = ( GEOMETRIC_REPRESENTATION_CONTEXT(2) 
PARAMETRIC_REPRESENTATION_CONTEXT() REPRESENTATION_CONTEXT('2D SPACE',''
  ) );
#7277 = PCURVE('',#3332,#7278);
#7278 = DEFINITIONAL_REPRESENTATION('',(#7279),#7283);
#7279 = LINE('',#7280,#7281);
#7280 = CARTESIAN_POINT('',(20.,0.));
#7281 = VECTOR('',#7282,1.);
#7282 = DIRECTION('',(0.,-1.));
#7283 = ( GEOMETRIC_REPRESENTATION_CONTEXT(2) 
PARAMETRIC_REPRESENTATION_CONTEXT() REPRESENTATION_CONTEXT('2D SPACE',''
  ) );
#7284 = ORIENTED_EDGE('',*,*,#5157,.F.);
#7285 = ADVANCED_FACE('',(#7286),#3282,.T.);
#7286 = FACE_BOUND('',#7287,.T.);
#7287 = EDGE_LOOP('',(#7288,#7289,#7290,#7311));
#7288 = ORIENTED_EDGE('',*,*,#7242,.F.);
#7289 = ORIENTED_EDGE('',*,*,#3267,.T.);
#7290 = ORIENTED_EDGE('',*,*,#7291,.T.);
#7291 = EDGE_CURVE('',#3268,#5181,#7292,.T.);
#7292 = SURFACE_CURVE('',#7293,(#7297,#7304),.PCURVE_S1.);
#7293 = LINE('',#7294,#7295);
#7294 = CARTESIAN_POINT('',(-198.5,-133.,359.));
#7295 = VECTOR('',#7296,1.);
#7296 = DIRECTION('',(0.,1.,0.));
#7297 = PCURVE('',#3282,#7298);
#7298 = DEFINITIONAL_REPRESENTATION('',(#7299),#7303);
#7299 = LINE('',#7300,#7301);
#7300 = CARTESIAN_POINT('',(0.,0.));
#7301 = VECTOR('',#7302,1.);
#7302 = DIRECTION('',(0.,-1.));
#7303 = ( GEOMETRIC_REPRESENTATION_CONTEXT(2) 
PARAMETRIC_REPRESENTATION_CONTEXT() REPRESENTATION_CONTEXT('2D SPACE',''
  ) );
#7304 = PCURVE('',#3308,#7305);
#7305 = DEFINITIONAL_REPRESENTATION('',(#7306),#7310);
#7306 = LINE('',#7307,#7308);
#7307 = CARTESIAN_POINT('',(0.,0.));
#7308 = VECTOR('',#7309,1.);
#7309 = DIRECTION('',(0.,1.));
#7310 = ( GEOMETRIC_REPRESENTATION_CONTEXT(2) 
PARAMETRIC_REPRESENTATION_CONTEXT() REPRESENTATION_CONTEXT('2D SPACE',''
  ) );
#7311 = ORIENTED_EDGE('',*,*,#5180,.F.);
#7312 = ADVANCED_FACE('',(#7313),#3332,.F.);
#7313 = FACE_BOUND('',#7314,.F.);
#7314 = EDGE_LOOP('',(#7315,#7316,#7317,#7338));
#7315 = ORIENTED_EDGE('',*,*,#7264,.F.);
#7316 = ORIENTED_EDGE('',*,*,#3319,.T.);
#7317 = ORIENTED_EDGE('',*,*,#7318,.T.);
#7318 = EDGE_CURVE('',#3294,#5202,#7319,.T.);
#7319 = SURFACE_CURVE('',#7320,(#7324,#7331),.PCURVE_S1.);
#7320 = LINE('',#7321,#7322);
#7321 = CARTESIAN_POINT('',(198.5,-133.,359.));
#7322 = VECTOR('',#7323,1.);
#7323 = DIRECTION('',(0.,1.,0.));
#7324 = PCURVE('',#3332,#7325);
#7325 = DEFINITIONAL_REPRESENTATION('',(#7326),#7330);
#7326 = LINE('',#7327,#7328);
#7327 = CARTESIAN_POINT('',(0.,0.));
#7328 = VECTOR('',#7329,1.);
#7329 = DIRECTION('',(0.,-1.));
#7330 = ( GEOMETRIC_REPRESENTATION_CONTEXT(2) 
PARAMETRIC_REPRESENTATION_CONTEXT() REPRESENTATION_CONTEXT('2D SPACE',''
  ) );
#7331 = PCURVE('',#3308,#7332);
#7332 = DEFINITIONAL_REPRESENTATION('',(#7333),#7337);
#7333 = LINE('',#7334,#7335);
#7334 = CARTESIAN_POINT('',(397.,0.));
#7335 = VECTOR('',#7336,1.);
#7336 = DIRECTION('',(0.,1.));
#7337 = ( GEOMETRIC_REPRESENTATION_CONTEXT(2) 
PARAMETRIC_REPRESENTATION_CONTEXT() REPRESENTATION_CONTEXT('2D SPACE',''
  ) );
#7338 = ORIENTED_EDGE('',*,*,#5222,.F.);
#7339 = ADVANCED_FACE('',(#7340),#3308,.T.);
#7340 = FACE_BOUND('',#7341,.T.);
#7341 = EDGE_LOOP('',(#7342,#7343,#7344,#7345));
#7342 = ORIENTED_EDGE('',*,*,#7291,.F.);
#7343 = ORIENTED_EDGE('',*,*,#3293,.T.);
#7344 = ORIENTED_EDGE('',*,*,#7318,.T.);
#7345 = ORIENTED_EDGE('',*,*,#5201,.F.);
#7346 = ADVANCED_FACE('',(#7347),#3362,.F.);
#7347 = FACE_BOUND('',#7348,.F.);
#7348 = EDGE_LOOP('',(#7349,#7370,#7371,#7392));
#7349 = ORIENTED_EDGE('',*,*,#7350,.F.);
#7350 = EDGE_CURVE('',#3346,#5244,#7351,.T.);
#7351 = SURFACE_CURVE('',#7352,(#7356,#7363),.PCURVE_S1.);
#7352 = LINE('',#7353,#7354);
#7353 = CARTESIAN_POINT('',(-198.5,-133.,440.5));
#7354 = VECTOR('',#7355,1.);
#7355 = DIRECTION('',(0.,1.,0.));
#7356 = PCURVE('',#3362,#7357);
#7357 = DEFINITIONAL_REPRESENTATION('',(#7358),#7362);
#7358 = LINE('',#7359,#7360);
#7359 = CARTESIAN_POINT('',(0.,0.));
#7360 = VECTOR('',#7361,1.);
#7361 = DIRECTION('',(0.,1.));
#7362 = ( GEOMETRIC_REPRESENTATION_CONTEXT(2) 
PARAMETRIC_REPRESENTATION_CONTEXT() REPRESENTATION_CONTEXT('2D SPACE',''
  ) );
#7363 = PCURVE('',#3388,#7364);
#7364 = DEFINITIONAL_REPRESENTATION('',(#7365),#7369);
#7365 = LINE('',#7366,#7367);
#7366 = CARTESIAN_POINT('',(20.,0.));
#7367 = VECTOR('',#7368,1.);
#7368 = DIRECTION('',(0.,-1.));
#7369 = ( GEOMETRIC_REPRESENTATION_CONTEXT(2) 
PARAMETRIC_REPRESENTATION_CONTEXT() REPRESENTATION_CONTEXT('2D SPACE',''
  ) );
#7370 = ORIENTED_EDGE('',*,*,#3345,.T.);
#7371 = ORIENTED_EDGE('',*,*,#7372,.T.);
#7372 = EDGE_CURVE('',#3348,#5246,#7373,.T.);
#7373 = SURFACE_CURVE('',#7374,(#7378,#7385),.PCURVE_S1.);
#7374 = LINE('',#7375,#7376);
#7375 = CARTESIAN_POINT('',(198.5,-133.,440.5));
#7376 = VECTOR('',#7377,1.);
#7377 = DIRECTION('',(0.,1.,0.));
#7378 = PCURVE('',#3362,#7379);
#7379 = DEFINITIONAL_REPRESENTATION('',(#7380),#7384);
#7380 = LINE('',#7381,#7382);
#7381 = CARTESIAN_POINT('',(397.,0.));
#7382 = VECTOR('',#7383,1.);
#7383 = DIRECTION('',(0.,1.));
#7384 = ( GEOMETRIC_REPRESENTATION_CONTEXT(2) 
PARAMETRIC_REPRESENTATION_CONTEXT() REPRESENTATION_CONTEXT('2D SPACE',''
  ) );
#7385 = PCURVE('',#3438,#7386);
#7386 = DEFINITIONAL_REPRESENTATION('',(#7387),#7391);
#7387 = LINE('',#7388,#7389);
#7388 = CARTESIAN_POINT('',(20.,0.));
#7389 = VECTOR('',#7390,1.);
#7390 = DIRECTION('',(0.,-1.));
#7391 = ( GEOMETRIC_REPRESENTATION_CONTEXT(2) 
PARAMETRIC_REPRESENTATION_CONTEXT() REPRESENTATION_CONTEXT('2D SPACE',''
  ) );
#7392 = ORIENTED_EDGE('',*,*,#5243,.F.);
#7393 = ADVANCED_FACE('',(#7394),#3388,.T.);
#7394 = FACE_BOUND('',#7395,.T.);
#7395 = EDGE_LOOP('',(#7396,#7397,#7398,#7419));
#7396 = ORIENTED_EDGE('',*,*,#7350,.F.);
#7397 = ORIENTED_EDGE('',*,*,#3373,.T.);
#7398 = ORIENTED_EDGE('',*,*,#7399,.T.);
#7399 = EDGE_CURVE('',#3374,#5267,#7400,.T.);
#7400 = SURFACE_CURVE('',#7401,(#7405,#7412),.PCURVE_S1.);
#7401 = LINE('',#7402,#7403);
#7402 = CARTESIAN_POINT('',(-198.5,-133.,420.5));
#7403 = VECTOR('',#7404,1.);
#7404 = DIRECTION('',(0.,1.,0.));
#7405 = PCURVE('',#3388,#7406);
#7406 = DEFINITIONAL_REPRESENTATION('',(#7407),#7411);
#7407 = LINE('',#7408,#7409);
#7408 = CARTESIAN_POINT('',(0.,0.));
#7409 = VECTOR('',#7410,1.);
#7410 = DIRECTION('',(0.,-1.));
#7411 = ( GEOMETRIC_REPRESENTATION_CONTEXT(2) 
PARAMETRIC_REPRESENTATION_CONTEXT() REPRESENTATION_CONTEXT('2D SPACE',''
  ) );
#7412 = PCURVE('',#3414,#7413);
#7413 = DEFINITIONAL_REPRESENTATION('',(#7414),#7418);
#7414 = LINE('',#7415,#7416);
#7415 = CARTESIAN_POINT('',(0.,0.));
#7416 = VECTOR('',#7417,1.);
#7417 = DIRECTION('',(0.,1.));
#7418 = ( GEOMETRIC_REPRESENTATION_CONTEXT(2) 
PARAMETRIC_REPRESENTATION_CONTEXT() REPRESENTATION_CONTEXT('2D SPACE',''
  ) );
#7419 = ORIENTED_EDGE('',*,*,#5266,.F.);
#7420 = ADVANCED_FACE('',(#7421),#3438,.F.);
#7421 = FACE_BOUND('',#7422,.F.);
#7422 = EDGE_LOOP('',(#7423,#7424,#7425,#7446));
#7423 = ORIENTED_EDGE('',*,*,#7372,.F.);
#7424 = ORIENTED_EDGE('',*,*,#3425,.T.);
#7425 = ORIENTED_EDGE('',*,*,#7426,.T.);
#7426 = EDGE_CURVE('',#3400,#5288,#7427,.T.);
#7427 = SURFACE_CURVE('',#7428,(#7432,#7439),.PCURVE_S1.);
#7428 = LINE('',#7429,#7430);
#7429 = CARTESIAN_POINT('',(198.5,-133.,420.5));
#7430 = VECTOR('',#7431,1.);
#7431 = DIRECTION('',(0.,1.,0.));
#7432 = PCURVE('',#3438,#7433);
#7433 = DEFINITIONAL_REPRESENTATION('',(#7434),#7438);
#7434 = LINE('',#7435,#7436);
#7435 = CARTESIAN_POINT('',(0.,0.));
#7436 = VECTOR('',#7437,1.);
#7437 = DIRECTION('',(0.,-1.));
#7438 = ( GEOMETRIC_REPRESENTATION_CONTEXT(2) 
PARAMETRIC_REPRESENTATION_CONTEXT() REPRESENTATION_CONTEXT('2D SPACE',''
  ) );
#7439 = PCURVE('',#3414,#7440);
#7440 = DEFINITIONAL_REPRESENTATION('',(#7441),#7445);
#7441 = LINE('',#7442,#7443);
#7442 = CARTESIAN_POINT('',(397.,0.));
#7443 = VECTOR('',#7444,1.);
#7444 = DIRECTION('',(0.,1.));
#7445 = ( GEOMETRIC_REPRESENTATION_CONTEXT(2) 
PARAMETRIC_REPRESENTATION_CONTEXT() REPRESENTATION_CONTEXT('2D SPACE',''
  ) );
#7446 = ORIENTED_EDGE('',*,*,#5308,.F.);
#7447 = ADVANCED_FACE('',(#7448),#3414,.T.);
#7448 = FACE_BOUND('',#7449,.T.);
#7449 = EDGE_LOOP('',(#7450,#7451,#7452,#7453));
#7450 = ORIENTED_EDGE('',*,*,#7399,.F.);
#7451 = ORIENTED_EDGE('',*,*,#3399,.T.);
#7452 = ORIENTED_EDGE('',*,*,#7426,.T.);
#7453 = ORIENTED_EDGE('',*,*,#5287,.F.);
#7454 = ADVANCED_FACE('',(#7455),#3468,.F.);
#7455 = FACE_BOUND('',#7456,.F.);
#7456 = EDGE_LOOP('',(#7457,#7478,#7479,#7500));
#7457 = ORIENTED_EDGE('',*,*,#7458,.F.);
#7458 = EDGE_CURVE('',#3452,#5330,#7459,.T.);
#7459 = SURFACE_CURVE('',#7460,(#7464,#7471),.PCURVE_S1.);
#7460 = LINE('',#7461,#7462);
#7461 = CARTESIAN_POINT('',(-198.5,-133.,502.));
#7462 = VECTOR('',#7463,1.);
#7463 = DIRECTION('',(0.,1.,0.));
#7464 = PCURVE('',#3468,#7465);
#7465 = DEFINITIONAL_REPRESENTATION('',(#7466),#7470);
#7466 = LINE('',#7467,#7468);
#7467 = CARTESIAN_POINT('',(0.,0.));
#7468 = VECTOR('',#7469,1.);
#7469 = DIRECTION('',(0.,1.));
#7470 = ( GEOMETRIC_REPRESENTATION_CONTEXT(2) 
PARAMETRIC_REPRESENTATION_CONTEXT() REPRESENTATION_CONTEXT('2D SPACE',''
  ) );
#7471 = PCURVE('',#3494,#7472);
#7472 = DEFINITIONAL_REPRESENTATION('',(#7473),#7477);
#7473 = LINE('',#7474,#7475);
#7474 = CARTESIAN_POINT('',(20.,0.));
#7475 = VECTOR('',#7476,1.);
#7476 = DIRECTION('',(0.,-1.));
#7477 = ( GEOMETRIC_REPRESENTATION_CONTEXT(2) 
PARAMETRIC_REPRESENTATION_CONTEXT() REPRESENTATION_CONTEXT('2D SPACE',''
  ) );
#7478 = ORIENTED_EDGE('',*,*,#3451,.T.);
#7479 = ORIENTED_EDGE('',*,*,#7480,.T.);
#7480 = EDGE_CURVE('',#3454,#5332,#7481,.T.);
#7481 = SURFACE_CURVE('',#7482,(#7486,#7493),.PCURVE_S1.);
#7482 = LINE('',#7483,#7484);
#7483 = CARTESIAN_POINT('',(198.5,-133.,502.));
#7484 = VECTOR('',#7485,1.);
#7485 = DIRECTION('',(0.,1.,0.));
#7486 = PCURVE('',#3468,#7487);
#7487 = DEFINITIONAL_REPRESENTATION('',(#7488),#7492);
#7488 = LINE('',#7489,#7490);
#7489 = CARTESIAN_POINT('',(397.,0.));
#7490 = VECTOR('',#7491,1.);
#7491 = DIRECTION('',(0.,1.));
#7492 = ( GEOMETRIC_REPRESENTATION_CONTEXT(2) 
PARAMETRIC_REPRESENTATION_CONTEXT() REPRESENTATION_CONTEXT('2D SPACE',''
  ) );
#7493 = PCURVE('',#3544,#7494);
#7494 = DEFINITIONAL_REPRESENTATION('',(#7495),#7499);
#7495 = LINE('',#7496,#7497);
#7496 = CARTESIAN_POINT('',(20.,0.));
#7497 = VECTOR('',#7498,1.);
#7498 = DIRECTION('',(0.,-1.));
#7499 = ( GEOMETRIC_REPRESENTATION_CONTEXT(2) 
PARAMETRIC_REPRESENTATION_CONTEXT() REPRESENTATION_CONTEXT('2D SPACE',''
  ) );
#7500 = ORIENTED_EDGE('',*,*,#5329,.F.);
#7501 = ADVANCED_FACE('',(#7502),#3494,.T.);
#7502 = FACE_BOUND('',#7503,.T.);
#7503 = EDGE_LOOP('',(#7504,#7505,#7506,#7527));
#7504 = ORIENTED_EDGE('',*,*,#7458,.F.);
#7505 = ORIENTED_EDGE('',*,*,#3479,.T.);
#7506 = ORIENTED_EDGE('',*,*,#7507,.T.);
#7507 = EDGE_CURVE('',#3480,#5353,#7508,.T.);
#7508 = SURFACE_CURVE('',#7509,(#7513,#7520),.PCURVE_S1.);
#7509 = LINE('',#7510,#7511);
#7510 = CARTESIAN_POINT('',(-198.5,-133.,482.));
#7511 = VECTOR('',#7512,1.);
#7512 = DIRECTION('',(0.,1.,0.));
#7513 = PCURVE('',#3494,#7514);
#7514 = DEFINITIONAL_REPRESENTATION('',(#7515),#7519);
#7515 = LINE('',#7516,#7517);
#7516 = CARTESIAN_POINT('',(0.,0.));
#7517 = VECTOR('',#7518,1.);
#7518 = DIRECTION('',(0.,-1.));
#7519 = ( GEOMETRIC_REPRESENTATION_CONTEXT(2) 
PARAMETRIC_REPRESENTATION_CONTEXT() REPRESENTATION_CONTEXT('2D SPACE',''
  ) );
#7520 = PCURVE('',#3520,#7521);
#7521 = DEFINITIONAL_REPRESENTATION('',(#7522),#7526);
#7522 = LINE('',#7523,#7524);
#7523 = CARTESIAN_POINT('',(0.,0.));
#7524 = VECTOR('',#7525,1.);
#7525 = DIRECTION('',(0.,1.));
#7526 = ( GEOMETRIC_REPRESENTATION_CONTEXT(2) 
PARAMETRIC_REPRESENTATION_CONTEXT() REPRESENTATION_CONTEXT('2D SPACE',''
  ) );
#7527 = ORIENTED_EDGE('',*,*,#5352,.F.);
#7528 = ADVANCED_FACE('',(#7529),#3544,.F.);
#7529 = FACE_BOUND('',#7530,.F.);
#7530 = EDGE_LOOP('',(#7531,#7532,#7533,#7554));
#7531 = ORIENTED_EDGE('',*,*,#7480,.F.);
#7532 = ORIENTED_EDGE('',*,*,#3531,.T.);
#7533 = ORIENTED_EDGE('',*,*,#7534,.T.);
#7534 = EDGE_CURVE('',#3506,#5374,#7535,.T.);
#7535 = SURFACE_CURVE('',#7536,(#7540,#7547),.PCURVE_S1.);
#7536 = LINE('',#7537,#7538);
#7537 = CARTESIAN_POINT('',(198.5,-133.,482.));
#7538 = VECTOR('',#7539,1.);
#7539 = DIRECTION('',(0.,1.,0.));
#7540 = PCURVE('',#3544,#7541);
#7541 = DEFINITIONAL_REPRESENTATION('',(#7542),#7546);
#7542 = LINE('',#7543,#7544);
#7543 = CARTESIAN_POINT('',(0.,0.));
#7544 = VECTOR('',#7545,1.);
#7545 = DIRECTION('',(0.,-1.));
#7546 = ( GEOMETRIC_REPRESENTATION_CONTEXT(2) 
PARAMETRIC_REPRESENTATION_CONTEXT() REPRESENTATION_CONTEXT('2D SPACE',''
  ) );
#7547 = PCURVE('',#3520,#7548);
#7548 = DEFINITIONAL_REPRESENTATION('',(#7549),#7553);
#7549 = LINE('',#7550,#7551);
#7550 = CARTESIAN_POINT('',(397.,0.));
#7551 = VECTOR('',#7552,1.);
#7552 = DIRECTION('',(0.,1.));
#7553 = ( GEOMETRIC_REPRESENTATION_CONTEXT(2) 
PARAMETRIC_REPRESENTATION_CONTEXT() REPRESENTATION_CONTEXT('2D SPACE',''
  ) );
#7554 = ORIENTED_EDGE('',*,*,#5394,.F.);
#7555 = ADVANCED_FACE('',(#7556),#3520,.T.);
#7556 = FACE_BOUND('',#7557,.T.);
#7557 = EDGE_LOOP('',(#7558,#7559,#7560,#7561));
#7558 = ORIENTED_EDGE('',*,*,#7507,.F.);
#7559 = ORIENTED_EDGE('',*,*,#3505,.T.);
#7560 = ORIENTED_EDGE('',*,*,#7534,.T.);
#7561 = ORIENTED_EDGE('',*,*,#5373,.F.);
#7562 = ADVANCED_FACE('',(#7563),#3574,.F.);
#7563 = FACE_BOUND('',#7564,.F.);
#7564 = EDGE_LOOP('',(#7565,#7586,#7587,#7608));
#7565 = ORIENTED_EDGE('',*,*,#7566,.F.);
#7566 = EDGE_CURVE('',#3558,#5416,#7567,.T.);
#7567 = SURFACE_CURVE('',#7568,(#7572,#7579),.PCURVE_S1.);
#7568 = LINE('',#7569,#7570);
#7569 = CARTESIAN_POINT('',(-198.5,-133.,563.5));
#7570 = VECTOR('',#7571,1.);
#7571 = DIRECTION('',(0.,1.,0.));
#7572 = PCURVE('',#3574,#7573);
#7573 = DEFINITIONAL_REPRESENTATION('',(#7574),#7578);
#7574 = LINE('',#7575,#7576);
#7575 = CARTESIAN_POINT('',(0.,0.));
#7576 = VECTOR('',#7577,1.);
#7577 = DIRECTION('',(0.,1.));
#7578 = ( GEOMETRIC_REPRESENTATION_CONTEXT(2) 
PARAMETRIC_REPRESENTATION_CONTEXT() REPRESENTATION_CONTEXT('2D SPACE',''
  ) );
#7579 = PCURVE('',#3600,#7580);
#7580 = DEFINITIONAL_REPRESENTATION('',(#7581),#7585);
#7581 = LINE('',#7582,#7583);
#7582 = CARTESIAN_POINT('',(20.,0.));
#7583 = VECTOR('',#7584,1.);
#7584 = DIRECTION('',(0.,-1.));
#7585 = ( GEOMETRIC_REPRESENTATION_CONTEXT(2) 
PARAMETRIC_REPRESENTATION_CONTEXT() REPRESENTATION_CONTEXT('2D SPACE',''
  ) );
#7586 = ORIENTED_EDGE('',*,*,#3557,.T.);
#7587 = ORIENTED_EDGE('',*,*,#7588,.T.);
#7588 = EDGE_CURVE('',#3560,#5418,#7589,.T.);
#7589 = SURFACE_CURVE('',#7590,(#7594,#7601),.PCURVE_S1.);
#7590 = LINE('',#7591,#7592);
#7591 = CARTESIAN_POINT('',(198.5,-133.,563.5));
#7592 = VECTOR('',#7593,1.);
#7593 = DIRECTION('',(0.,1.,0.));
#7594 = PCURVE('',#3574,#7595);
#7595 = DEFINITIONAL_REPRESENTATION('',(#7596),#7600);
#7596 = LINE('',#7597,#7598);
#7597 = CARTESIAN_POINT('',(397.,0.));
#7598 = VECTOR('',#7599,1.);
#7599 = DIRECTION('',(0.,1.));
#7600 = ( GEOMETRIC_REPRESENTATION_CONTEXT(2) 
PARAMETRIC_REPRESENTATION_CONTEXT() REPRESENTATION_CONTEXT('2D SPACE',''
  ) );
#7601 = PCURVE('',#3650,#7602);
#7602 = DEFINITIONAL_REPRESENTATION('',(#7603),#7607);
#7603 = LINE('',#7604,#7605);
#7604 = CARTESIAN_POINT('',(20.,0.));
#7605 = VECTOR('',#7606,1.);
#7606 = DIRECTION('',(0.,-1.));
#7607 = ( GEOMETRIC_REPRESENTATION_CONTEXT(2) 
PARAMETRIC_REPRESENTATION_CONTEXT() REPRESENTATION_CONTEXT('2D SPACE',''
  ) );
#7608 = ORIENTED_EDGE('',*,*,#5415,.F.);
#7609 = ADVANCED_FACE('',(#7610),#3600,.T.);
#7610 = FACE_BOUND('',#7611,.T.);
#7611 = EDGE_LOOP('',(#7612,#7613,#7614,#7635));
#7612 = ORIENTED_EDGE('',*,*,#7566,.F.);
#7613 = ORIENTED_EDGE('',*,*,#3585,.T.);
#7614 = ORIENTED_EDGE('',*,*,#7615,.T.);
#7615 = EDGE_CURVE('',#3586,#5439,#7616,.T.);
#7616 = SURFACE_CURVE('',#7617,(#7621,#7628),.PCURVE_S1.);
#7617 = LINE('',#7618,#7619);
#7618 = CARTESIAN_POINT('',(-198.5,-133.,543.5));
#7619 = VECTOR('',#7620,1.);
#7620 = DIRECTION('',(0.,1.,0.));
#7621 = PCURVE('',#3600,#7622);
#7622 = DEFINITIONAL_REPRESENTATION('',(#7623),#7627);
#7623 = LINE('',#7624,#7625);
#7624 = CARTESIAN_POINT('',(0.,0.));
#7625 = VECTOR('',#7626,1.);
#7626 = DIRECTION('',(0.,-1.));
#7627 = ( GEOMETRIC_REPRESENTATION_CONTEXT(2) 
PARAMETRIC_REPRESENTATION_CONTEXT() REPRESENTATION_CONTEXT('2D SPACE',''
  ) );
#7628 = PCURVE('',#3626,#7629);
#7629 = DEFINITIONAL_REPRESENTATION('',(#7630),#7634);
#7630 = LINE('',#7631,#7632);
#7631 = CARTESIAN_POINT('',(0.,0.));
#7632 = VECTOR('',#7633,1.);
#7633 = DIRECTION('',(0.,1.));
#7634 = ( GEOMETRIC_REPRESENTATION_CONTEXT(2) 
PARAMETRIC_REPRESENTATION_CONTEXT() REPRESENTATION_CONTEXT('2D SPACE',''
  ) );
#7635 = ORIENTED_EDGE('',*,*,#5438,.F.);
#7636 = ADVANCED_FACE('',(#7637),#3650,.F.);
#7637 = FACE_BOUND('',#7638,.F.);
#7638 = EDGE_LOOP('',(#7639,#7640,#7641,#7662));
#7639 = ORIENTED_EDGE('',*,*,#7588,.F.);
#7640 = ORIENTED_EDGE('',*,*,#3637,.T.);
#7641 = ORIENTED_EDGE('',*,*,#7642,.T.);
#7642 = EDGE_CURVE('',#3612,#5460,#7643,.T.);
#7643 = SURFACE_CURVE('',#7644,(#7648,#7655),.PCURVE_S1.);
#7644 = LINE('',#7645,#7646);
#7645 = CARTESIAN_POINT('',(198.5,-133.,543.5));
#7646 = VECTOR('',#7647,1.);
#7647 = DIRECTION('',(0.,1.,0.));
#7648 = PCURVE('',#3650,#7649);
#7649 = DEFINITIONAL_REPRESENTATION('',(#7650),#7654);
#7650 = LINE('',#7651,#7652);
#7651 = CARTESIAN_POINT('',(0.,0.));
#7652 = VECTOR('',#7653,1.);
#7653 = DIRECTION('',(0.,-1.));
#7654 = ( GEOMETRIC_REPRESENTATION_CONTEXT(2) 
PARAMETRIC_REPRESENTATION_CONTEXT() REPRESENTATION_CONTEXT('2D SPACE',''
  ) );
#7655 = PCURVE('',#3626,#7656);
#7656 = DEFINITIONAL_REPRESENTATION('',(#7657),#7661);
#7657 = LINE('',#7658,#7659);
#7658 = CARTESIAN_POINT('',(397.,0.));
#7659 = VECTOR('',#7660,1.);
#7660 = DIRECTION('',(0.,1.));
#7661 = ( GEOMETRIC_REPRESENTATION_CONTEXT(2) 
PARAMETRIC_REPRESENTATION_CONTEXT() REPRESENTATION_CONTEXT('2D SPACE',''
  ) );
#7662 = ORIENTED_EDGE('',*,*,#5480,.F.);
#7663 = ADVANCED_FACE('',(#7664),#3626,.T.);
#7664 = FACE_BOUND('',#7665,.T.);
#7665 = EDGE_LOOP('',(#7666,#7667,#7668,#7669));
#7666 = ORIENTED_EDGE('',*,*,#7615,.F.);
#7667 = ORIENTED_EDGE('',*,*,#3611,.T.);
#7668 = ORIENTED_EDGE('',*,*,#7642,.T.);
#7669 = ORIENTED_EDGE('',*,*,#5459,.F.);
#7670 = ADVANCED_FACE('',(#7671),#3680,.F.);
#7671 = FACE_BOUND('',#7672,.F.);
#7672 = EDGE_LOOP('',(#7673,#7694,#7695,#7716));
#7673 = ORIENTED_EDGE('',*,*,#7674,.F.);
#7674 = EDGE_CURVE('',#3664,#5502,#7675,.T.);
#7675 = SURFACE_CURVE('',#7676,(#7680,#7687),.PCURVE_S1.);
#7676 = LINE('',#7677,#7678);
#7677 = CARTESIAN_POINT('',(-198.5,-133.,625.));
#7678 = VECTOR('',#7679,1.);
#7679 = DIRECTION('',(0.,1.,0.));
#7680 = PCURVE('',#3680,#7681);
#7681 = DEFINITIONAL_REPRESENTATION('',(#7682),#7686);
#7682 = LINE('',#7683,#7684);
#7683 = CARTESIAN_POINT('',(0.,0.));
#7684 = VECTOR('',#7685,1.);
#7685 = DIRECTION('',(0.,1.));
#7686 = ( GEOMETRIC_REPRESENTATION_CONTEXT(2) 
PARAMETRIC_REPRESENTATION_CONTEXT() REPRESENTATION_CONTEXT('2D SPACE',''
  ) );
#7687 = PCURVE('',#3706,#7688);
#7688 = DEFINITIONAL_REPRESENTATION('',(#7689),#7693);
#7689 = LINE('',#7690,#7691);
#7690 = CARTESIAN_POINT('',(20.,0.));
#7691 = VECTOR('',#7692,1.);
#7692 = DIRECTION('',(0.,-1.));
#7693 = ( GEOMETRIC_REPRESENTATION_CONTEXT(2) 
PARAMETRIC_REPRESENTATION_CONTEXT() REPRESENTATION_CONTEXT('2D SPACE',''
  ) );
#7694 = ORIENTED_EDGE('',*,*,#3663,.T.);
#7695 = ORIENTED_EDGE('',*,*,#7696,.T.);
#7696 = EDGE_CURVE('',#3666,#5504,#7697,.T.);
#7697 = SURFACE_CURVE('',#7698,(#7702,#7709),.PCURVE_S1.);
#7698 = LINE('',#7699,#7700);
#7699 = CARTESIAN_POINT('',(198.5,-133.,625.));
#7700 = VECTOR('',#7701,1.);
#7701 = DIRECTION('',(0.,1.,0.));
#7702 = PCURVE('',#3680,#7703);
#7703 = DEFINITIONAL_REPRESENTATION('',(#7704),#7708);
#7704 = LINE('',#7705,#7706);
#7705 = CARTESIAN_POINT('',(397.,0.));
#7706 = VECTOR('',#7707,1.);
#7707 = DIRECTION('',(0.,1.));
#7708 = ( GEOMETRIC_REPRESENTATION_CONTEXT(2) 
PARAMETRIC_REPRESENTATION_CONTEXT() REPRESENTATION_CONTEXT('2D SPACE',''
  ) );
#7709 = PCURVE('',#3756,#7710);
#7710 = DEFINITIONAL_REPRESENTATION('',(#7711),#7715);
#7711 = LINE('',#7712,#7713);
#7712 = CARTESIAN_POINT('',(20.,0.));
#7713 = VECTOR('',#7714,1.);
#7714 = DIRECTION('',(0.,-1.));
#7715 = ( GEOMETRIC_REPRESENTATION_CONTEXT(2) 
PARAMETRIC_REPRESENTATION_CONTEXT() REPRESENTATION_CONTEXT('2D SPACE',''
  ) );
#7716 = ORIENTED_EDGE('',*,*,#5501,.F.);
#7717 = ADVANCED_FACE('',(#7718),#3756,.F.);
#7718 = FACE_BOUND('',#7719,.F.);
#7719 = EDGE_LOOP('',(#7720,#7721,#7722,#7743));
#7720 = ORIENTED_EDGE('',*,*,#7696,.F.);
#7721 = ORIENTED_EDGE('',*,*,#3743,.T.);
#7722 = ORIENTED_EDGE('',*,*,#7723,.T.);
#7723 = EDGE_CURVE('',#3718,#5546,#7724,.T.);
#7724 = SURFACE_CURVE('',#7725,(#7729,#7736),.PCURVE_S1.);
#7725 = LINE('',#7726,#7727);
#7726 = CARTESIAN_POINT('',(198.5,-133.,605.));
#7727 = VECTOR('',#7728,1.);
#7728 = DIRECTION('',(0.,1.,0.));
#7729 = PCURVE('',#3756,#7730);
#7730 = DEFINITIONAL_REPRESENTATION('',(#7731),#7735);
#7731 = LINE('',#7732,#7733);
#7732 = CARTESIAN_POINT('',(0.,0.));
#7733 = VECTOR('',#7734,1.);
#7734 = DIRECTION('',(0.,-1.));
#7735 = ( GEOMETRIC_REPRESENTATION_CONTEXT(2) 
PARAMETRIC_REPRESENTATION_CONTEXT() REPRESENTATION_CONTEXT('2D SPACE',''
  ) );
#7736 = PCURVE('',#3732,#7737);
#7737 = DEFINITIONAL_REPRESENTATION('',(#7738),#7742);
#7738 = LINE('',#7739,#7740);
#7739 = CARTESIAN_POINT('',(397.,0.));
#7740 = VECTOR('',#7741,1.);
#7741 = DIRECTION('',(0.,1.));
#7742 = ( GEOMETRIC_REPRESENTATION_CONTEXT(2) 
PARAMETRIC_REPRESENTATION_CONTEXT() REPRESENTATION_CONTEXT('2D SPACE',''
  ) );
#7743 = ORIENTED_EDGE('',*,*,#5566,.F.);
#7744 = ADVANCED_FACE('',(#7745),#3732,.T.);
#7745 = FACE_BOUND('',#7746,.T.);
#7746 = EDGE_LOOP('',(#7747,#7768,#7769,#7770));
#7747 = ORIENTED_EDGE('',*,*,#7748,.F.);
#7748 = EDGE_CURVE('',#3692,#5525,#7749,.T.);
#7749 = SURFACE_CURVE('',#7750,(#7754,#7761),.PCURVE_S1.);
#7750 = LINE('',#7751,#7752);
#7751 = CARTESIAN_POINT('',(-198.5,-133.,605.));
#7752 = VECTOR('',#7753,1.);
#7753 = DIRECTION('',(0.,1.,0.));
#7754 = PCURVE('',#3732,#7755);
#7755 = DEFINITIONAL_REPRESENTATION('',(#7756),#7760);
#7756 = LINE('',#7757,#7758);
#7757 = CARTESIAN_POINT('',(0.,0.));
#7758 = VECTOR('',#7759,1.);
#7759 = DIRECTION('',(0.,1.));
#7760 = ( GEOMETRIC_REPRESENTATION_CONTEXT(2) 
PARAMETRIC_REPRESENTATION_CONTEXT() REPRESENTATION_CONTEXT('2D SPACE',''
  ) );
#7761 = PCURVE('',#3706,#7762);
#7762 = DEFINITIONAL_REPRESENTATION('',(#7763),#7767);
#7763 = LINE('',#7764,#7765);
#7764 = CARTESIAN_POINT('',(0.,0.));
#7765 = VECTOR('',#7766,1.);
#7766 = DIRECTION('',(0.,-1.));
#7767 = ( GEOMETRIC_REPRESENTATION_CONTEXT(2) 
PARAMETRIC_REPRESENTATION_CONTEXT() REPRESENTATION_CONTEXT('2D SPACE',''
  ) );
#7768 = ORIENTED_EDGE('',*,*,#3717,.T.);
#7769 = ORIENTED_EDGE('',*,*,#7723,.T.);
#7770 = ORIENTED_EDGE('',*,*,#5545,.F.);
#7771 = ADVANCED_FACE('',(#7772),#3706,.T.);
#7772 = FACE_BOUND('',#7773,.T.);
#7773 = EDGE_LOOP('',(#7774,#7775,#7776,#7777));
#7774 = ORIENTED_EDGE('',*,*,#7674,.F.);
#7775 = ORIENTED_EDGE('',*,*,#3691,.T.);
#7776 = ORIENTED_EDGE('',*,*,#7748,.T.);
#7777 = ORIENTED_EDGE('',*,*,#5524,.F.);
#7778 = ( GEOMETRIC_REPRESENTATION_CONTEXT(3) 
GLOBAL_UNCERTAINTY_ASSIGNED_CONTEXT((#7782)) 
GLOBAL_UNIT_ASSIGNED_CONTEXT((#7779,#7780,#7781)) REPRESENTATION_CONTEXT
('Context #1','3D Context with UNIT and UNCERTAINTY') );
#7779 = ( LENGTH_UNIT() NAMED_UNIT(*) SI_UNIT(.MILLI.,.METRE.) );
#7780 = ( NAMED_UNIT(*) PLANE_ANGLE_UNIT() SI_UNIT($,.RADIAN.) );
#7781 = ( NAMED_UNIT(*) SI_UNIT($,.STERADIAN.) SOLID_ANGLE_UNIT() );
#7782 = UNCERTAINTY_MEASURE_WITH_UNIT(LENGTH_MEASURE(2.E-07),#7779,
  'distance_accuracy_value','confusion accuracy');
#7783 = CONTEXT_DEPENDENT_SHAPE_REPRESENTATION(#7784,#7786);
#7784 = ( REPRESENTATION_RELATIONSHIP('','',#1447,#10) 
REPRESENTATION_RELATIONSHIP_WITH_TRANSFORMATION(#7785) 
SHAPE_REPRESENTATION_RELATIONSHIP() );
#7785 = ITEM_DEFINED_TRANSFORMATION('','',#11,#19);
#7786 = PRODUCT_DEFINITION_SHAPE('Placement','Placement of an item',
  #7787);
#7787 = NEXT_ASSEMBLY_USAGE_OCCURRENCE('2','solid_false_wall','',#5,
  #1442,$);
#7788 = PRODUCT_RELATED_PRODUCT_CATEGORY('part',$,(#1444));
#7789 = SHAPE_DEFINITION_REPRESENTATION(#7790,#7796);
#7790 = PRODUCT_DEFINITION_SHAPE('','',#7791);
#7791 = PRODUCT_DEFINITION('design','',#7792,#7795);
#7792 = PRODUCT_DEFINITION_FORMATION('','',#7793);
#7793 = PRODUCT('lid_inlet','lid_inlet','',(#7794));
#7794 = PRODUCT_CONTEXT('',#2,'mechanical');
#7795 = PRODUCT_DEFINITION_CONTEXT('part definition',#2,'design');
#7796 = ADVANCED_BREP_SHAPE_REPRESENTATION('',(#11,#7797),#7895);
#7797 = MANIFOLD_SOLID_BREP('',#7798);
#7798 = CLOSED_SHELL('',(#7799,#7887,#7891));
#7799 = ADVANCED_FACE('',(#7800),#7813,.T.);
#7800 = FACE_BOUND('',#7801,.T.);
#7801 = EDGE_LOOP('',(#7802,#7836,#7859,#7886));
#7802 = ORIENTED_EDGE('',*,*,#7803,.F.);
#7803 = EDGE_CURVE('',#7804,#7804,#7806,.T.);
#7804 = VERTEX_POINT('',#7805);
#7805 = CARTESIAN_POINT('',(77.,-211.,804.5));
#7806 = SURFACE_CURVE('',#7807,(#7812,#7824),.PCURVE_S1.);
#7807 = CIRCLE('',#7808,77.);
#7808 = AXIS2_PLACEMENT_3D('',#7809,#7810,#7811);
#7809 = CARTESIAN_POINT('',(0.,-211.,804.5));
#7810 = DIRECTION('',(0.,0.,1.));
#7811 = DIRECTION('',(1.,0.,0.));
#7812 = PCURVE('',#7813,#7818);
#7813 = CYLINDRICAL_SURFACE('',#7814,77.);
#7814 = AXIS2_PLACEMENT_3D('',#7815,#7816,#7817);
#7815 = CARTESIAN_POINT('',(0.,-211.,802.5));
#7816 = DIRECTION('',(0.,0.,1.));
#7817 = DIRECTION('',(1.,0.,0.));
#7818 = DEFINITIONAL_REPRESENTATION('',(#7819),#7823);
#7819 = LINE('',#7820,#7821);
#7820 = CARTESIAN_POINT('',(0.,2.));
#7821 = VECTOR('',#7822,1.);
#7822 = DIRECTION('',(1.,0.));
#7823 = ( GEOMETRIC_REPRESENTATION_CONTEXT(2) 
PARAMETRIC_REPRESENTATION_CONTEXT() REPRESENTATION_CONTEXT('2D SPACE',''
  ) );
#7824 = PCURVE('',#7825,#7830);
#7825 = PLANE('',#7826);
#7826 = AXIS2_PLACEMENT_3D('',#7827,#7828,#7829);
#7827 = CARTESIAN_POINT('',(0.,-211.,804.5));
#7828 = DIRECTION('',(0.,0.,1.));
#7829 = DIRECTION('',(1.,0.,0.));
#7830 = DEFINITIONAL_REPRESENTATION('',(#7831),#7835);
#7831 = CIRCLE('',#7832,77.);
#7832 = AXIS2_PLACEMENT_2D('',#7833,#7834);
#7833 = CARTESIAN_POINT('',(0.,0.));
#7834 = DIRECTION('',(1.,0.));
#7835 = ( GEOMETRIC_REPRESENTATION_CONTEXT(2) 
PARAMETRIC_REPRESENTATION_CONTEXT() REPRESENTATION_CONTEXT('2D SPACE',''
  ) );
#7836 = ORIENTED_EDGE('',*,*,#7837,.F.);
#7837 = EDGE_CURVE('',#7838,#7804,#7840,.T.);
#7838 = VERTEX_POINT('',#7839);
#7839 = CARTESIAN_POINT('',(77.,-211.,802.5));
#7840 = SEAM_CURVE('',#7841,(#7845,#7852),.PCURVE_S1.);
#7841 = LINE('',#7842,#7843);
#7842 = CARTESIAN_POINT('',(77.,-211.,802.5));
#7843 = VECTOR('',#7844,1.);
#7844 = DIRECTION('',(0.,0.,1.));
#7845 = PCURVE('',#7813,#7846);
#7846 = DEFINITIONAL_REPRESENTATION('',(#7847),#7851);
#7847 = LINE('',#7848,#7849);
#7848 = CARTESIAN_POINT('',(6.28318530718,-0.));
#7849 = VECTOR('',#7850,1.);
#7850 = DIRECTION('',(0.,1.));
#7851 = ( GEOMETRIC_REPRESENTATION_CONTEXT(2) 
PARAMETRIC_REPRESENTATION_CONTEXT() REPRESENTATION_CONTEXT('2D SPACE',''
  ) );
#7852 = PCURVE('',#7813,#7853);
#7853 = DEFINITIONAL_REPRESENTATION('',(#7854),#7858);
#7854 = LINE('',#7855,#7856);
#7855 = CARTESIAN_POINT('',(0.,-0.));
#7856 = VECTOR('',#7857,1.);
#7857 = DIRECTION('',(0.,1.));
#7858 = ( GEOMETRIC_REPRESENTATION_CONTEXT(2) 
PARAMETRIC_REPRESENTATION_CONTEXT() REPRESENTATION_CONTEXT('2D SPACE',''
  ) );
#7859 = ORIENTED_EDGE('',*,*,#7860,.T.);
#7860 = EDGE_CURVE('',#7838,#7838,#7861,.T.);
#7861 = SURFACE_CURVE('',#7862,(#7867,#7874),.PCURVE_S1.);
#7862 = CIRCLE('',#7863,77.);
#7863 = AXIS2_PLACEMENT_3D('',#7864,#7865,#7866);
#7864 = CARTESIAN_POINT('',(0.,-211.,802.5));
#7865 = DIRECTION('',(0.,0.,1.));
#7866 = DIRECTION('',(1.,0.,0.));
#7867 = PCURVE('',#7813,#7868);
#7868 = DEFINITIONAL_REPRESENTATION('',(#7869),#7873);
#7869 = LINE('',#7870,#7871);
#7870 = CARTESIAN_POINT('',(0.,0.));
#7871 = VECTOR('',#7872,1.);
#7872 = DIRECTION('',(1.,0.));
#7873 = ( GEOMETRIC_REPRESENTATION_CONTEXT(2) 
PARAMETRIC_REPRESENTATION_CONTEXT() REPRESENTATION_CONTEXT('2D SPACE',''
  ) );
#7874 = PCURVE('',#7875,#7880);
#7875 = PLANE('',#7876);
#7876 = AXIS2_PLACEMENT_3D('',#7877,#7878,#7879);
#7877 = CARTESIAN_POINT('',(0.,-211.,802.5));
#7878 = DIRECTION('',(0.,0.,1.));
#7879 = DIRECTION('',(1.,0.,0.));
#7880 = DEFINITIONAL_REPRESENTATION('',(#7881),#7885);
#7881 = CIRCLE('',#7882,77.);
#7882 = AXIS2_PLACEMENT_2D('',#7883,#7884);
#7883 = CARTESIAN_POINT('',(0.,0.));
#7884 = DIRECTION('',(1.,0.));
#7885 = ( GEOMETRIC_REPRESENTATION_CONTEXT(2) 
PARAMETRIC_REPRESENTATION_CONTEXT() REPRESENTATION_CONTEXT('2D SPACE',''
  ) );
#7886 = ORIENTED_EDGE('',*,*,#7837,.T.);
#7887 = ADVANCED_FACE('',(#7888),#7825,.T.);
#7888 = FACE_BOUND('',#7889,.T.);
#7889 = EDGE_LOOP('',(#7890));
#7890 = ORIENTED_EDGE('',*,*,#7803,.T.);
#7891 = ADVANCED_FACE('',(#7892),#7875,.F.);
#7892 = FACE_BOUND('',#7893,.T.);
#7893 = EDGE_LOOP('',(#7894));
#7894 = ORIENTED_EDGE('',*,*,#7860,.F.);
#7895 = ( GEOMETRIC_REPRESENTATION_CONTEXT(3) 
GLOBAL_UNCERTAINTY_ASSIGNED_CONTEXT((#7899)) 
GLOBAL_UNIT_ASSIGNED_CONTEXT((#7896,#7897,#7898)) REPRESENTATION_CONTEXT
('Context #1','3D Context with UNIT and UNCERTAINTY') );
#7896 = ( LENGTH_UNIT() NAMED_UNIT(*) SI_UNIT(.MILLI.,.METRE.) );
#7897 = ( NAMED_UNIT(*) PLANE_ANGLE_UNIT() SI_UNIT($,.RADIAN.) );
#7898 = ( NAMED_UNIT(*) SI_UNIT($,.STERADIAN.) SOLID_ANGLE_UNIT() );
#7899 = UNCERTAINTY_MEASURE_WITH_UNIT(LENGTH_MEASURE(1.E-07),#7896,
  'distance_accuracy_value','confusion accuracy');
#7900 = CONTEXT_DEPENDENT_SHAPE_REPRESENTATION(#7901,#7903);
#7901 = ( REPRESENTATION_RELATIONSHIP('','',#7796,#10) 
REPRESENTATION_RELATIONSHIP_WITH_TRANSFORMATION(#7902) 
SHAPE_REPRESENTATION_RELATIONSHIP() );
#7902 = ITEM_DEFINED_TRANSFORMATION('','',#11,#23);
#7903 = PRODUCT_DEFINITION_SHAPE('Placement','Placement of an item',
  #7904);
#7904 = NEXT_ASSEMBLY_USAGE_OCCURRENCE('3','lid_inlet','',#5,#7791,$);
#7905 = PRODUCT_RELATED_PRODUCT_CATEGORY('part',$,(#7793));
#7906 = SHAPE_DEFINITION_REPRESENTATION(#7907,#7913);
#7907 = PRODUCT_DEFINITION_SHAPE('','',#7908);
#7908 = PRODUCT_DEFINITION('design','',#7909,#7912);
#7909 = PRODUCT_DEFINITION_FORMATION('','',#7910);
#7910 = PRODUCT('lid_outlet_1','lid_outlet_1','',(#7911));
#7911 = PRODUCT_CONTEXT('',#2,'mechanical');
#7912 = PRODUCT_DEFINITION_CONTEXT('part definition',#2,'design');
#7913 = ADVANCED_BREP_SHAPE_REPRESENTATION('',(#11,#7914),#8012);
#7914 = MANIFOLD_SOLID_BREP('',#7915);
#7915 = CLOSED_SHELL('',(#7916,#8004,#8008));
#7916 = ADVANCED_FACE('',(#7917),#7930,.T.);
#7917 = FACE_BOUND('',#7918,.T.);
#7918 = EDGE_LOOP('',(#7919,#7953,#7976,#8003));
#7919 = ORIENTED_EDGE('',*,*,#7920,.F.);
#7920 = EDGE_CURVE('',#7921,#7921,#7923,.T.);
#7921 = VERTEX_POINT('',#7922);
#7922 = CARTESIAN_POINT('',(-294.,231.,-638.));
#7923 = SURFACE_CURVE('',#7924,(#7929,#7941),.PCURVE_S1.);
#7924 = CIRCLE('',#7925,39.5);
#7925 = AXIS2_PLACEMENT_3D('',#7926,#7927,#7928);
#7926 = CARTESIAN_POINT('',(-294.,231.,-677.5));
#7927 = DIRECTION('',(-1.,0.,0.));
#7928 = DIRECTION('',(0.,0.,1.));
#7929 = PCURVE('',#7930,#7935);
#7930 = CYLINDRICAL_SURFACE('',#7931,39.5);
#7931 = AXIS2_PLACEMENT_3D('',#7932,#7933,#7934);
#7932 = CARTESIAN_POINT('',(-292.,231.,-677.5));
#7933 = DIRECTION('',(-1.,0.,0.));
#7934 = DIRECTION('',(0.,0.,1.));
#7935 = DEFINITIONAL_REPRESENTATION('',(#7936),#7940);
#7936 = LINE('',#7937,#7938);
#7937 = CARTESIAN_POINT('',(0.,2.));
#7938 = VECTOR('',#7939,1.);
#7939 = DIRECTION('',(1.,0.));
#7940 = ( GEOMETRIC_REPRESENTATION_CONTEXT(2) 
PARAMETRIC_REPRESENTATION_CONTEXT() REPRESENTATION_CONTEXT('2D SPACE',''
  ) );
#7941 = PCURVE('',#7942,#7947);
#7942 = PLANE('',#7943);
#7943 = AXIS2_PLACEMENT_3D('',#7944,#7945,#7946);
#7944 = CARTESIAN_POINT('',(-294.,231.,-677.5));
#7945 = DIRECTION('',(-1.,0.,0.));
#7946 = DIRECTION('',(0.,0.,1.));
#7947 = DEFINITIONAL_REPRESENTATION('',(#7948),#7952);
#7948 = CIRCLE('',#7949,39.5);
#7949 = AXIS2_PLACEMENT_2D('',#7950,#7951);
#7950 = CARTESIAN_POINT('',(0.,0.));
#7951 = DIRECTION('',(1.,0.));
#7952 = ( GEOMETRIC_REPRESENTATION_CONTEXT(2) 
PARAMETRIC_REPRESENTATION_CONTEXT() REPRESENTATION_CONTEXT('2D SPACE',''
  ) );
#7953 = ORIENTED_EDGE('',*,*,#7954,.F.);
#7954 = EDGE_CURVE('',#7955,#7921,#7957,.T.);
#7955 = VERTEX_POINT('',#7956);
#7956 = CARTESIAN_POINT('',(-292.,231.,-638.));
#7957 = SEAM_CURVE('',#7958,(#7962,#7969),.PCURVE_S1.);
#7958 = LINE('',#7959,#7960);
#7959 = CARTESIAN_POINT('',(-292.,231.,-638.));
#7960 = VECTOR('',#7961,1.);
#7961 = DIRECTION('',(-1.,0.,0.));
#7962 = PCURVE('',#7930,#7963);
#7963 = DEFINITIONAL_REPRESENTATION('',(#7964),#7968);
#7964 = LINE('',#7965,#7966);
#7965 = CARTESIAN_POINT('',(6.28318530718,-0.));
#7966 = VECTOR('',#7967,1.);
#7967 = DIRECTION('',(0.,1.));
#7968 = ( GEOMETRIC_REPRESENTATION_CONTEXT(2) 
PARAMETRIC_REPRESENTATION_CONTEXT() REPRESENTATION_CONTEXT('2D SPACE',''
  ) );
#7969 = PCURVE('',#7930,#7970);
#7970 = DEFINITIONAL_REPRESENTATION('',(#7971),#7975);
#7971 = LINE('',#7972,#7973);
#7972 = CARTESIAN_POINT('',(0.,-0.));
#7973 = VECTOR('',#7974,1.);
#7974 = DIRECTION('',(0.,1.));
#7975 = ( GEOMETRIC_REPRESENTATION_CONTEXT(2) 
PARAMETRIC_REPRESENTATION_CONTEXT() REPRESENTATION_CONTEXT('2D SPACE',''
  ) );
#7976 = ORIENTED_EDGE('',*,*,#7977,.T.);
#7977 = EDGE_CURVE('',#7955,#7955,#7978,.T.);
#7978 = SURFACE_CURVE('',#7979,(#7984,#7991),.PCURVE_S1.);
#7979 = CIRCLE('',#7980,39.5);
#7980 = AXIS2_PLACEMENT_3D('',#7981,#7982,#7983);
#7981 = CARTESIAN_POINT('',(-292.,231.,-677.5));
#7982 = DIRECTION('',(-1.,0.,0.));
#7983 = DIRECTION('',(0.,0.,1.));
#7984 = PCURVE('',#7930,#7985);
#7985 = DEFINITIONAL_REPRESENTATION('',(#7986),#7990);
#7986 = LINE('',#7987,#7988);
#7987 = CARTESIAN_POINT('',(0.,0.));
#7988 = VECTOR('',#7989,1.);
#7989 = DIRECTION('',(1.,0.));
#7990 = ( GEOMETRIC_REPRESENTATION_CONTEXT(2) 
PARAMETRIC_REPRESENTATION_CONTEXT() REPRESENTATION_CONTEXT('2D SPACE',''
  ) );
#7991 = PCURVE('',#7992,#7997);
#7992 = PLANE('',#7993);
#7993 = AXIS2_PLACEMENT_3D('',#7994,#7995,#7996);
#7994 = CARTESIAN_POINT('',(-292.,231.,-677.5));
#7995 = DIRECTION('',(-1.,0.,0.));
#7996 = DIRECTION('',(0.,0.,1.));
#7997 = DEFINITIONAL_REPRESENTATION('',(#7998),#8002);
#7998 = CIRCLE('',#7999,39.5);
#7999 = AXIS2_PLACEMENT_2D('',#8000,#8001);
#8000 = CARTESIAN_POINT('',(0.,0.));
#8001 = DIRECTION('',(1.,0.));
#8002 = ( GEOMETRIC_REPRESENTATION_CONTEXT(2) 
PARAMETRIC_REPRESENTATION_CONTEXT() REPRESENTATION_CONTEXT('2D SPACE',''
  ) );
#8003 = ORIENTED_EDGE('',*,*,#7954,.T.);
#8004 = ADVANCED_FACE('',(#8005),#7942,.T.);
#8005 = FACE_BOUND('',#8006,.T.);
#8006 = EDGE_LOOP('',(#8007));
#8007 = ORIENTED_EDGE('',*,*,#7920,.T.);
#8008 = ADVANCED_FACE('',(#8009),#7992,.F.);
#8009 = FACE_BOUND('',#8010,.T.);
#8010 = EDGE_LOOP('',(#8011));
#8011 = ORIENTED_EDGE('',*,*,#7977,.F.);
#8012 = ( GEOMETRIC_REPRESENTATION_CONTEXT(3) 
GLOBAL_UNCERTAINTY_ASSIGNED_CONTEXT((#8016)) 
GLOBAL_UNIT_ASSIGNED_CONTEXT((#8013,#8014,#8015)) REPRESENTATION_CONTEXT
('Context #1','3D Context with UNIT and UNCERTAINTY') );
#8013 = ( LENGTH_UNIT() NAMED_UNIT(*) SI_UNIT(.MILLI.,.METRE.) );
#8014 = ( NAMED_UNIT(*) PLANE_ANGLE_UNIT() SI_UNIT($,.RADIAN.) );
#8015 = ( NAMED_UNIT(*) SI_UNIT($,.STERADIAN.) SOLID_ANGLE_UNIT() );
#8016 = UNCERTAINTY_MEASURE_WITH_UNIT(LENGTH_MEASURE(1.E-07),#8013,
  'distance_accuracy_value','confusion accuracy');
#8017 = CONTEXT_DEPENDENT_SHAPE_REPRESENTATION(#8018,#8020);
#8018 = ( REPRESENTATION_RELATIONSHIP('','',#7913,#10) 
REPRESENTATION_RELATIONSHIP_WITH_TRANSFORMATION(#8019) 
SHAPE_REPRESENTATION_RELATIONSHIP() );
#8019 = ITEM_DEFINED_TRANSFORMATION('','',#11,#27);
#8020 = PRODUCT_DEFINITION_SHAPE('Placement','Placement of an item',
  #8021);
#8021 = NEXT_ASSEMBLY_USAGE_OCCURRENCE('4','lid_outlet_1','',#5,#7908,$
  );
#8022 = PRODUCT_RELATED_PRODUCT_CATEGORY('part',$,(#7910));
#8023 = SHAPE_DEFINITION_REPRESENTATION(#8024,#8030);
#8024 = PRODUCT_DEFINITION_SHAPE('','',#8025);
#8025 = PRODUCT_DEFINITION('design','',#8026,#8029);
#8026 = PRODUCT_DEFINITION_FORMATION('','',#8027);
#8027 = PRODUCT('lid_outlet_2','lid_outlet_2','',(#8028));
#8028 = PRODUCT_CONTEXT('',#2,'mechanical');
#8029 = PRODUCT_DEFINITION_CONTEXT('part definition',#2,'design');
#8030 = ADVANCED_BREP_SHAPE_REPRESENTATION('',(#11,#8031),#8129);
#8031 = MANIFOLD_SOLID_BREP('',#8032);
#8032 = CLOSED_SHELL('',(#8033,#8121,#8125));
#8033 = ADVANCED_FACE('',(#8034),#8047,.T.);
#8034 = FACE_BOUND('',#8035,.T.);
#8035 = EDGE_LOOP('',(#8036,#8070,#8093,#8120));
#8036 = ORIENTED_EDGE('',*,*,#8037,.F.);
#8037 = EDGE_CURVE('',#8038,#8038,#8040,.T.);
#8038 = VERTEX_POINT('',#8039);
#8039 = CARTESIAN_POINT('',(294.,231.,-717.));
#8040 = SURFACE_CURVE('',#8041,(#8046,#8058),.PCURVE_S1.);
#8041 = CIRCLE('',#8042,39.5);
#8042 = AXIS2_PLACEMENT_3D('',#8043,#8044,#8045);
#8043 = CARTESIAN_POINT('',(294.,231.,-677.5));
#8044 = DIRECTION('',(1.,-0.,0.));
#8045 = DIRECTION('',(0.,0.,-1.));
#8046 = PCURVE('',#8047,#8052);
#8047 = CYLINDRICAL_SURFACE('',#8048,39.5);
#8048 = AXIS2_PLACEMENT_3D('',#8049,#8050,#8051);
#8049 = CARTESIAN_POINT('',(292.,231.,-677.5));
#8050 = DIRECTION('',(1.,0.,0.));
#8051 = DIRECTION('',(0.,0.,-1.));
#8052 = DEFINITIONAL_REPRESENTATION('',(#8053),#8057);
#8053 = LINE('',#8054,#8055);
#8054 = CARTESIAN_POINT('',(0.,2.));
#8055 = VECTOR('',#8056,1.);
#8056 = DIRECTION('',(1.,0.));
#8057 = ( GEOMETRIC_REPRESENTATION_CONTEXT(2) 
PARAMETRIC_REPRESENTATION_CONTEXT() REPRESENTATION_CONTEXT('2D SPACE',''
  ) );
#8058 = PCURVE('',#8059,#8064);
#8059 = PLANE('',#8060);
#8060 = AXIS2_PLACEMENT_3D('',#8061,#8062,#8063);
#8061 = CARTESIAN_POINT('',(294.,231.,-677.5));
#8062 = DIRECTION('',(1.,0.,0.));
#8063 = DIRECTION('',(0.,0.,-1.));
#8064 = DEFINITIONAL_REPRESENTATION('',(#8065),#8069);
#8065 = CIRCLE('',#8066,39.5);
#8066 = AXIS2_PLACEMENT_2D('',#8067,#8068);
#8067 = CARTESIAN_POINT('',(0.,0.));
#8068 = DIRECTION('',(1.,0.));
#8069 = ( GEOMETRIC_REPRESENTATION_CONTEXT(2) 
PARAMETRIC_REPRESENTATION_CONTEXT() REPRESENTATION_CONTEXT('2D SPACE',''
  ) );
#8070 = ORIENTED_EDGE('',*,*,#8071,.F.);
#8071 = EDGE_CURVE('',#8072,#8038,#8074,.T.);
#8072 = VERTEX_POINT('',#8073);
#8073 = CARTESIAN_POINT('',(292.,231.,-717.));
#8074 = SEAM_CURVE('',#8075,(#8079,#8086),.PCURVE_S1.);
#8075 = LINE('',#8076,#8077);
#8076 = CARTESIAN_POINT('',(292.,231.,-717.));
#8077 = VECTOR('',#8078,1.);
#8078 = DIRECTION('',(1.,0.,0.));
#8079 = PCURVE('',#8047,#8080);
#8080 = DEFINITIONAL_REPRESENTATION('',(#8081),#8085);
#8081 = LINE('',#8082,#8083);
#8082 = CARTESIAN_POINT('',(6.28318530718,-0.));
#8083 = VECTOR('',#8084,1.);
#8084 = DIRECTION('',(0.,1.));
#8085 = ( GEOMETRIC_REPRESENTATION_CONTEXT(2) 
PARAMETRIC_REPRESENTATION_CONTEXT() REPRESENTATION_CONTEXT('2D SPACE',''
  ) );
#8086 = PCURVE('',#8047,#8087);
#8087 = DEFINITIONAL_REPRESENTATION('',(#8088),#8092);
#8088 = LINE('',#8089,#8090);
#8089 = CARTESIAN_POINT('',(0.,-0.));
#8090 = VECTOR('',#8091,1.);
#8091 = DIRECTION('',(0.,1.));
#8092 = ( GEOMETRIC_REPRESENTATION_CONTEXT(2) 
PARAMETRIC_REPRESENTATION_CONTEXT() REPRESENTATION_CONTEXT('2D SPACE',''
  ) );
#8093 = ORIENTED_EDGE('',*,*,#8094,.T.);
#8094 = EDGE_CURVE('',#8072,#8072,#8095,.T.);
#8095 = SURFACE_CURVE('',#8096,(#8101,#8108),.PCURVE_S1.);
#8096 = CIRCLE('',#8097,39.5);
#8097 = AXIS2_PLACEMENT_3D('',#8098,#8099,#8100);
#8098 = CARTESIAN_POINT('',(292.,231.,-677.5));
#8099 = DIRECTION('',(1.,-0.,0.));
#8100 = DIRECTION('',(0.,0.,-1.));
#8101 = PCURVE('',#8047,#8102);
#8102 = DEFINITIONAL_REPRESENTATION('',(#8103),#8107);
#8103 = LINE('',#8104,#8105);
#8104 = CARTESIAN_POINT('',(0.,0.));
#8105 = VECTOR('',#8106,1.);
#8106 = DIRECTION('',(1.,0.));
#8107 = ( GEOMETRIC_REPRESENTATION_CONTEXT(2) 
PARAMETRIC_REPRESENTATION_CONTEXT() REPRESENTATION_CONTEXT('2D SPACE',''
  ) );
#8108 = PCURVE('',#8109,#8114);
#8109 = PLANE('',#8110);
#8110 = AXIS2_PLACEMENT_3D('',#8111,#8112,#8113);
#8111 = CARTESIAN_POINT('',(292.,231.,-677.5));
#8112 = DIRECTION('',(1.,0.,0.));
#8113 = DIRECTION('',(0.,0.,-1.));
#8114 = DEFINITIONAL_REPRESENTATION('',(#8115),#8119);
#8115 = CIRCLE('',#8116,39.5);
#8116 = AXIS2_PLACEMENT_2D('',#8117,#8118);
#8117 = CARTESIAN_POINT('',(0.,0.));
#8118 = DIRECTION('',(1.,0.));
#8119 = ( GEOMETRIC_REPRESENTATION_CONTEXT(2) 
PARAMETRIC_REPRESENTATION_CONTEXT() REPRESENTATION_CONTEXT('2D SPACE',''
  ) );
#8120 = ORIENTED_EDGE('',*,*,#8071,.T.);
#8121 = ADVANCED_FACE('',(#8122),#8059,.T.);
#8122 = FACE_BOUND('',#8123,.T.);
#8123 = EDGE_LOOP('',(#8124));
#8124 = ORIENTED_EDGE('',*,*,#8037,.T.);
#8125 = ADVANCED_FACE('',(#8126),#8109,.F.);
#8126 = FACE_BOUND('',#8127,.T.);
#8127 = EDGE_LOOP('',(#8128));
#8128 = ORIENTED_EDGE('',*,*,#8094,.F.);
#8129 = ( GEOMETRIC_REPRESENTATION_CONTEXT(3) 
GLOBAL_UNCERTAINTY_ASSIGNED_CONTEXT((#8133)) 
GLOBAL_UNIT_ASSIGNED_CONTEXT((#8130,#8131,#8132)) REPRESENTATION_CONTEXT
('Context #1','3D Context with UNIT and UNCERTAINTY') );
#8130 = ( LENGTH_UNIT() NAMED_UNIT(*) SI_UNIT(.MILLI.,.METRE.) );
#8131 = ( NAMED_UNIT(*) PLANE_ANGLE_UNIT() SI_UNIT($,.RADIAN.) );
#8132 = ( NAMED_UNIT(*) SI_UNIT($,.STERADIAN.) SOLID_ANGLE_UNIT() );
#8133 = UNCERTAINTY_MEASURE_WITH_UNIT(LENGTH_MEASURE(1.E-07),#8130,
  'distance_accuracy_value','confusion accuracy');
#8134 = CONTEXT_DEPENDENT_SHAPE_REPRESENTATION(#8135,#8137);
#8135 = ( REPRESENTATION_RELATIONSHIP('','',#8030,#10) 
REPRESENTATION_RELATIONSHIP_WITH_TRANSFORMATION(#8136) 
SHAPE_REPRESENTATION_RELATIONSHIP() );
#8136 = ITEM_DEFINED_TRANSFORMATION('','',#11,#31);
#8137 = PRODUCT_DEFINITION_SHAPE('Placement','Placement of an item',
  #8138);
#8138 = NEXT_ASSEMBLY_USAGE_OCCURRENCE('5','lid_outlet_2','',#5,#8025,$
  );
#8139 = PRODUCT_RELATED_PRODUCT_CATEGORY('part',$,(#8027));
#8140 = SHAPE_DEFINITION_REPRESENTATION(#8141,#8147);
#8141 = PRODUCT_DEFINITION_SHAPE('','',#8142);
#8142 = PRODUCT_DEFINITION('design','',#8143,#8146);
#8143 = PRODUCT_DEFINITION_FORMATION('','',#8144);
#8144 = PRODUCT('dummy_fan_1','dummy_fan_1','',(#8145));
#8145 = PRODUCT_CONTEXT('',#2,'mechanical');
#8146 = PRODUCT_DEFINITION_CONTEXT('part definition',#2,'design');
#8147 = ADVANCED_BREP_SHAPE_REPRESENTATION('',(#11,#8148),#8246);
#8148 = MANIFOLD_SOLID_BREP('',#8149);
#8149 = CLOSED_SHELL('',(#8150,#8238,#8242));
#8150 = ADVANCED_FACE('',(#8151),#8164,.T.);
#8151 = FACE_BOUND('',#8152,.T.);
#8152 = EDGE_LOOP('',(#8153,#8187,#8210,#8237));
#8153 = ORIENTED_EDGE('',*,*,#8154,.F.);
#8154 = EDGE_CURVE('',#8155,#8155,#8157,.T.);
#8155 = VERTEX_POINT('',#8156);
#8156 = CARTESIAN_POINT('',(75.,-251.,-461.25));
#8157 = SURFACE_CURVE('',#8158,(#8163,#8175),.PCURVE_S1.);
#8158 = CIRCLE('',#8159,75.);
#8159 = AXIS2_PLACEMENT_3D('',#8160,#8161,#8162);
#8160 = CARTESIAN_POINT('',(0.,-251.,-461.25));
#8161 = DIRECTION('',(0.,-1.,0.));
#8162 = DIRECTION('',(1.,0.,0.));
#8163 = PCURVE('',#8164,#8169);
#8164 = CYLINDRICAL_SURFACE('',#8165,75.);
#8165 = AXIS2_PLACEMENT_3D('',#8166,#8167,#8168);
#8166 = CARTESIAN_POINT('',(0.,-241.,-461.25));
#8167 = DIRECTION('',(0.,-1.,0.));
#8168 = DIRECTION('',(1.,0.,0.));
#8169 = DEFINITIONAL_REPRESENTATION('',(#8170),#8174);
#8170 = LINE('',#8171,#8172);
#8171 = CARTESIAN_POINT('',(0.,10.));
#8172 = VECTOR('',#8173,1.);
#8173 = DIRECTION('',(1.,0.));
#8174 = ( GEOMETRIC_REPRESENTATION_CONTEXT(2) 
PARAMETRIC_REPRESENTATION_CONTEXT() REPRESENTATION_CONTEXT('2D SPACE',''
  ) );
#8175 = PCURVE('',#8176,#8181);
#8176 = PLANE('',#8177);
#8177 = AXIS2_PLACEMENT_3D('',#8178,#8179,#8180);
#8178 = CARTESIAN_POINT('',(0.,-251.,-461.25));
#8179 = DIRECTION('',(0.,-1.,0.));
#8180 = DIRECTION('',(1.,0.,0.));
#8181 = DEFINITIONAL_REPRESENTATION('',(#8182),#8186);
#8182 = CIRCLE('',#8183,75.);
#8183 = AXIS2_PLACEMENT_2D('',#8184,#8185);
#8184 = CARTESIAN_POINT('',(0.,0.));
#8185 = DIRECTION('',(1.,0.));
#8186 = ( GEOMETRIC_REPRESENTATION_CONTEXT(2) 
PARAMETRIC_REPRESENTATION_CONTEXT() REPRESENTATION_CONTEXT('2D SPACE',''
  ) );
#8187 = ORIENTED_EDGE('',*,*,#8188,.F.);
#8188 = EDGE_CURVE('',#8189,#8155,#8191,.T.);
#8189 = VERTEX_POINT('',#8190);
#8190 = CARTESIAN_POINT('',(75.,-241.,-461.25));
#8191 = SEAM_CURVE('',#8192,(#8196,#8203),.PCURVE_S1.);
#8192 = LINE('',#8193,#8194);
#8193 = CARTESIAN_POINT('',(75.,-241.,-461.25));
#8194 = VECTOR('',#8195,1.);
#8195 = DIRECTION('',(0.,-1.,0.));
#8196 = PCURVE('',#8164,#8197);
#8197 = DEFINITIONAL_REPRESENTATION('',(#8198),#8202);
#8198 = LINE('',#8199,#8200);
#8199 = CARTESIAN_POINT('',(6.28318530718,-0.));
#8200 = VECTOR('',#8201,1.);
#8201 = DIRECTION('',(0.,1.));
#8202 = ( GEOMETRIC_REPRESENTATION_CONTEXT(2) 
PARAMETRIC_REPRESENTATION_CONTEXT() REPRESENTATION_CONTEXT('2D SPACE',''
  ) );
#8203 = PCURVE('',#8164,#8204);
#8204 = DEFINITIONAL_REPRESENTATION('',(#8205),#8209);
#8205 = LINE('',#8206,#8207);
#8206 = CARTESIAN_POINT('',(0.,-0.));
#8207 = VECTOR('',#8208,1.);
#8208 = DIRECTION('',(0.,1.));
#8209 = ( GEOMETRIC_REPRESENTATION_CONTEXT(2) 
PARAMETRIC_REPRESENTATION_CONTEXT() REPRESENTATION_CONTEXT('2D SPACE',''
  ) );
#8210 = ORIENTED_EDGE('',*,*,#8211,.T.);
#8211 = EDGE_CURVE('',#8189,#8189,#8212,.T.);
#8212 = SURFACE_CURVE('',#8213,(#8218,#8225),.PCURVE_S1.);
#8213 = CIRCLE('',#8214,75.);
#8214 = AXIS2_PLACEMENT_3D('',#8215,#8216,#8217);
#8215 = CARTESIAN_POINT('',(0.,-241.,-461.25));
#8216 = DIRECTION('',(0.,-1.,0.));
#8217 = DIRECTION('',(1.,0.,0.));
#8218 = PCURVE('',#8164,#8219);
#8219 = DEFINITIONAL_REPRESENTATION('',(#8220),#8224);
#8220 = LINE('',#8221,#8222);
#8221 = CARTESIAN_POINT('',(0.,0.));
#8222 = VECTOR('',#8223,1.);
#8223 = DIRECTION('',(1.,0.));
#8224 = ( GEOMETRIC_REPRESENTATION_CONTEXT(2) 
PARAMETRIC_REPRESENTATION_CONTEXT() REPRESENTATION_CONTEXT('2D SPACE',''
  ) );
#8225 = PCURVE('',#8226,#8231);
#8226 = PLANE('',#8227);
#8227 = AXIS2_PLACEMENT_3D('',#8228,#8229,#8230);
#8228 = CARTESIAN_POINT('',(0.,-241.,-461.25));
#8229 = DIRECTION('',(0.,-1.,0.));
#8230 = DIRECTION('',(1.,0.,0.));
#8231 = DEFINITIONAL_REPRESENTATION('',(#8232),#8236);
#8232 = CIRCLE('',#8233,75.);
#8233 = AXIS2_PLACEMENT_2D('',#8234,#8235);
#8234 = CARTESIAN_POINT('',(0.,0.));
#8235 = DIRECTION('',(1.,0.));
#8236 = ( GEOMETRIC_REPRESENTATION_CONTEXT(2) 
PARAMETRIC_REPRESENTATION_CONTEXT() REPRESENTATION_CONTEXT('2D SPACE',''
  ) );
#8237 = ORIENTED_EDGE('',*,*,#8188,.T.);
#8238 = ADVANCED_FACE('',(#8239),#8176,.T.);
#8239 = FACE_BOUND('',#8240,.T.);
#8240 = EDGE_LOOP('',(#8241));
#8241 = ORIENTED_EDGE('',*,*,#8154,.T.);
#8242 = ADVANCED_FACE('',(#8243),#8226,.F.);
#8243 = FACE_BOUND('',#8244,.T.);
#8244 = EDGE_LOOP('',(#8245));
#8245 = ORIENTED_EDGE('',*,*,#8211,.F.);
#8246 = ( GEOMETRIC_REPRESENTATION_CONTEXT(3) 
GLOBAL_UNCERTAINTY_ASSIGNED_CONTEXT((#8250)) 
GLOBAL_UNIT_ASSIGNED_CONTEXT((#8247,#8248,#8249)) REPRESENTATION_CONTEXT
('Context #1','3D Context with UNIT and UNCERTAINTY') );
#8247 = ( LENGTH_UNIT() NAMED_UNIT(*) SI_UNIT(.MILLI.,.METRE.) );
#8248 = ( NAMED_UNIT(*) PLANE_ANGLE_UNIT() SI_UNIT($,.RADIAN.) );
#8249 = ( NAMED_UNIT(*) SI_UNIT($,.STERADIAN.) SOLID_ANGLE_UNIT() );
#8250 = UNCERTAINTY_MEASURE_WITH_UNIT(LENGTH_MEASURE(1.E-07),#8247,
  'distance_accuracy_value','confusion accuracy');
#8251 = CONTEXT_DEPENDENT_SHAPE_REPRESENTATION(#8252,#8254);
#8252 = ( REPRESENTATION_RELATIONSHIP('','',#8147,#10) 
REPRESENTATION_RELATIONSHIP_WITH_TRANSFORMATION(#8253) 
SHAPE_REPRESENTATION_RELATIONSHIP() );
#8253 = ITEM_DEFINED_TRANSFORMATION('','',#11,#35);
#8254 = PRODUCT_DEFINITION_SHAPE('Placement','Placement of an item',
  #8255);
#8255 = NEXT_ASSEMBLY_USAGE_OCCURRENCE('6','dummy_fan_1','',#5,#8142,$);
#8256 = PRODUCT_RELATED_PRODUCT_CATEGORY('part',$,(#8144));
#8257 = SHAPE_DEFINITION_REPRESENTATION(#8258,#8264);
#8258 = PRODUCT_DEFINITION_SHAPE('','',#8259);
#8259 = PRODUCT_DEFINITION('design','',#8260,#8263);
#8260 = PRODUCT_DEFINITION_FORMATION('','',#8261);
#8261 = PRODUCT('dummy_fan_2','dummy_fan_2','',(#8262));
#8262 = PRODUCT_CONTEXT('',#2,'mechanical');
#8263 = PRODUCT_DEFINITION_CONTEXT('part definition',#2,'design');
#8264 = ADVANCED_BREP_SHAPE_REPRESENTATION('',(#11,#8265),#8363);
#8265 = MANIFOLD_SOLID_BREP('',#8266);
#8266 = CLOSED_SHELL('',(#8267,#8355,#8359));
#8267 = ADVANCED_FACE('',(#8268),#8281,.T.);
#8268 = FACE_BOUND('',#8269,.T.);
#8269 = EDGE_LOOP('',(#8270,#8304,#8327,#8354));
#8270 = ORIENTED_EDGE('',*,*,#8271,.F.);
#8271 = EDGE_CURVE('',#8272,#8272,#8274,.T.);
#8272 = VERTEX_POINT('',#8273);
#8273 = CARTESIAN_POINT('',(75.,-251.,-153.75));
#8274 = SURFACE_CURVE('',#8275,(#8280,#8292),.PCURVE_S1.);
#8275 = CIRCLE('',#8276,75.);
#8276 = AXIS2_PLACEMENT_3D('',#8277,#8278,#8279);
#8277 = CARTESIAN_POINT('',(0.,-251.,-153.75));
#8278 = DIRECTION('',(0.,-1.,0.));
#8279 = DIRECTION('',(1.,0.,0.));
#8280 = PCURVE('',#8281,#8286);
#8281 = CYLINDRICAL_SURFACE('',#8282,75.);
#8282 = AXIS2_PLACEMENT_3D('',#8283,#8284,#8285);
#8283 = CARTESIAN_POINT('',(0.,-241.,-153.75));
#8284 = DIRECTION('',(0.,-1.,0.));
#8285 = DIRECTION('',(1.,0.,0.));
#8286 = DEFINITIONAL_REPRESENTATION('',(#8287),#8291);
#8287 = LINE('',#8288,#8289);
#8288 = CARTESIAN_POINT('',(0.,10.));
#8289 = VECTOR('',#8290,1.);
#8290 = DIRECTION('',(1.,0.));
#8291 = ( GEOMETRIC_REPRESENTATION_CONTEXT(2) 
PARAMETRIC_REPRESENTATION_CONTEXT() REPRESENTATION_CONTEXT('2D SPACE',''
  ) );
#8292 = PCURVE('',#8293,#8298);
#8293 = PLANE('',#8294);
#8294 = AXIS2_PLACEMENT_3D('',#8295,#8296,#8297);
#8295 = CARTESIAN_POINT('',(0.,-251.,-153.75));
#8296 = DIRECTION('',(0.,-1.,0.));
#8297 = DIRECTION('',(1.,0.,0.));
#8298 = DEFINITIONAL_REPRESENTATION('',(#8299),#8303);
#8299 = CIRCLE('',#8300,75.);
#8300 = AXIS2_PLACEMENT_2D('',#8301,#8302);
#8301 = CARTESIAN_POINT('',(0.,0.));
#8302 = DIRECTION('',(1.,0.));
#8303 = ( GEOMETRIC_REPRESENTATION_CONTEXT(2) 
PARAMETRIC_REPRESENTATION_CONTEXT() REPRESENTATION_CONTEXT('2D SPACE',''
  ) );
#8304 = ORIENTED_EDGE('',*,*,#8305,.F.);
#8305 = EDGE_CURVE('',#8306,#8272,#8308,.T.);
#8306 = VERTEX_POINT('',#8307);
#8307 = CARTESIAN_POINT('',(75.,-241.,-153.75));
#8308 = SEAM_CURVE('',#8309,(#8313,#8320),.PCURVE_S1.);
#8309 = LINE('',#8310,#8311);
#8310 = CARTESIAN_POINT('',(75.,-241.,-153.75));
#8311 = VECTOR('',#8312,1.);
#8312 = DIRECTION('',(0.,-1.,0.));
#8313 = PCURVE('',#8281,#8314);
#8314 = DEFINITIONAL_REPRESENTATION('',(#8315),#8319);
#8315 = LINE('',#8316,#8317);
#8316 = CARTESIAN_POINT('',(6.28318530718,-0.));
#8317 = VECTOR('',#8318,1.);
#8318 = DIRECTION('',(0.,1.));
#8319 = ( GEOMETRIC_REPRESENTATION_CONTEXT(2) 
PARAMETRIC_REPRESENTATION_CONTEXT() REPRESENTATION_CONTEXT('2D SPACE',''
  ) );
#8320 = PCURVE('',#8281,#8321);
#8321 = DEFINITIONAL_REPRESENTATION('',(#8322),#8326);
#8322 = LINE('',#8323,#8324);
#8323 = CARTESIAN_POINT('',(0.,-0.));
#8324 = VECTOR('',#8325,1.);
#8325 = DIRECTION('',(0.,1.));
#8326 = ( GEOMETRIC_REPRESENTATION_CONTEXT(2) 
PARAMETRIC_REPRESENTATION_CONTEXT() REPRESENTATION_CONTEXT('2D SPACE',''
  ) );
#8327 = ORIENTED_EDGE('',*,*,#8328,.T.);
#8328 = EDGE_CURVE('',#8306,#8306,#8329,.T.);
#8329 = SURFACE_CURVE('',#8330,(#8335,#8342),.PCURVE_S1.);
#8330 = CIRCLE('',#8331,75.);
#8331 = AXIS2_PLACEMENT_3D('',#8332,#8333,#8334);
#8332 = CARTESIAN_POINT('',(0.,-241.,-153.75));
#8333 = DIRECTION('',(0.,-1.,0.));
#8334 = DIRECTION('',(1.,0.,0.));
#8335 = PCURVE('',#8281,#8336);
#8336 = DEFINITIONAL_REPRESENTATION('',(#8337),#8341);
#8337 = LINE('',#8338,#8339);
#8338 = CARTESIAN_POINT('',(0.,0.));
#8339 = VECTOR('',#8340,1.);
#8340 = DIRECTION('',(1.,0.));
#8341 = ( GEOMETRIC_REPRESENTATION_CONTEXT(2) 
PARAMETRIC_REPRESENTATION_CONTEXT() REPRESENTATION_CONTEXT('2D SPACE',''
  ) );
#8342 = PCURVE('',#8343,#8348);
#8343 = PLANE('',#8344);
#8344 = AXIS2_PLACEMENT_3D('',#8345,#8346,#8347);
#8345 = CARTESIAN_POINT('',(0.,-241.,-153.75));
#8346 = DIRECTION('',(0.,-1.,0.));
#8347 = DIRECTION('',(1.,0.,0.));
#8348 = DEFINITIONAL_REPRESENTATION('',(#8349),#8353);
#8349 = CIRCLE('',#8350,75.);
#8350 = AXIS2_PLACEMENT_2D('',#8351,#8352);
#8351 = CARTESIAN_POINT('',(0.,0.));
#8352 = DIRECTION('',(1.,0.));
#8353 = ( GEOMETRIC_REPRESENTATION_CONTEXT(2) 
PARAMETRIC_REPRESENTATION_CONTEXT() REPRESENTATION_CONTEXT('2D SPACE',''
  ) );
#8354 = ORIENTED_EDGE('',*,*,#8305,.T.);
#8355 = ADVANCED_FACE('',(#8356),#8293,.T.);
#8356 = FACE_BOUND('',#8357,.T.);
#8357 = EDGE_LOOP('',(#8358));
#8358 = ORIENTED_EDGE('',*,*,#8271,.T.);
#8359 = ADVANCED_FACE('',(#8360),#8343,.F.);
#8360 = FACE_BOUND('',#8361,.T.);
#8361 = EDGE_LOOP('',(#8362));
#8362 = ORIENTED_EDGE('',*,*,#8328,.F.);
#8363 = ( GEOMETRIC_REPRESENTATION_CONTEXT(3) 
GLOBAL_UNCERTAINTY_ASSIGNED_CONTEXT((#8367)) 
GLOBAL_UNIT_ASSIGNED_CONTEXT((#8364,#8365,#8366)) REPRESENTATION_CONTEXT
('Context #1','3D Context with UNIT and UNCERTAINTY') );
#8364 = ( LENGTH_UNIT() NAMED_UNIT(*) SI_UNIT(.MILLI.,.METRE.) );
#8365 = ( NAMED_UNIT(*) PLANE_ANGLE_UNIT() SI_UNIT($,.RADIAN.) );
#8366 = ( NAMED_UNIT(*) SI_UNIT($,.STERADIAN.) SOLID_ANGLE_UNIT() );
#8367 = UNCERTAINTY_MEASURE_WITH_UNIT(LENGTH_MEASURE(1.E-07),#8364,
  'distance_accuracy_value','confusion accuracy');
#8368 = CONTEXT_DEPENDENT_SHAPE_REPRESENTATION(#8369,#8371);
#8369 = ( REPRESENTATION_RELATIONSHIP('','',#8264,#10) 
REPRESENTATION_RELATIONSHIP_WITH_TRANSFORMATION(#8370) 
SHAPE_REPRESENTATION_RELATIONSHIP() );
#8370 = ITEM_DEFINED_TRANSFORMATION('','',#11,#39);
#8371 = PRODUCT_DEFINITION_SHAPE('Placement','Placement of an item',
  #8372);
#8372 = NEXT_ASSEMBLY_USAGE_OCCURRENCE('7','dummy_fan_2','',#5,#8259,$);
#8373 = PRODUCT_RELATED_PRODUCT_CATEGORY('part',$,(#8261));
#8374 = SHAPE_DEFINITION_REPRESENTATION(#8375,#8381);
#8375 = PRODUCT_DEFINITION_SHAPE('','',#8376);
#8376 = PRODUCT_DEFINITION('design','',#8377,#8380);
#8377 = PRODUCT_DEFINITION_FORMATION('','',#8378);
#8378 = PRODUCT('dummy_fan_3','dummy_fan_3','',(#8379));
#8379 = PRODUCT_CONTEXT('',#2,'mechanical');
#8380 = PRODUCT_DEFINITION_CONTEXT('part definition',#2,'design');
#8381 = ADVANCED_BREP_SHAPE_REPRESENTATION('',(#11,#8382),#8480);
#8382 = MANIFOLD_SOLID_BREP('',#8383);
#8383 = CLOSED_SHELL('',(#8384,#8472,#8476));
#8384 = ADVANCED_FACE('',(#8385),#8398,.T.);
#8385 = FACE_BOUND('',#8386,.T.);
#8386 = EDGE_LOOP('',(#8387,#8421,#8444,#8471));
#8387 = ORIENTED_EDGE('',*,*,#8388,.F.);
#8388 = EDGE_CURVE('',#8389,#8389,#8391,.T.);
#8389 = VERTEX_POINT('',#8390);
#8390 = CARTESIAN_POINT('',(75.,-251.,153.75));
#8391 = SURFACE_CURVE('',#8392,(#8397,#8409),.PCURVE_S1.);
#8392 = CIRCLE('',#8393,75.);
#8393 = AXIS2_PLACEMENT_3D('',#8394,#8395,#8396);
#8394 = CARTESIAN_POINT('',(0.,-251.,153.75));
#8395 = DIRECTION('',(0.,-1.,0.));
#8396 = DIRECTION('',(1.,0.,0.));
#8397 = PCURVE('',#8398,#8403);
#8398 = CYLINDRICAL_SURFACE('',#8399,75.);
#8399 = AXIS2_PLACEMENT_3D('',#8400,#8401,#8402);
#8400 = CARTESIAN_POINT('',(0.,-241.,153.75));
#8401 = DIRECTION('',(0.,-1.,0.));
#8402 = DIRECTION('',(1.,0.,0.));
#8403 = DEFINITIONAL_REPRESENTATION('',(#8404),#8408);
#8404 = LINE('',#8405,#8406);
#8405 = CARTESIAN_POINT('',(0.,10.));
#8406 = VECTOR('',#8407,1.);
#8407 = DIRECTION('',(1.,0.));
#8408 = ( GEOMETRIC_REPRESENTATION_CONTEXT(2) 
PARAMETRIC_REPRESENTATION_CONTEXT() REPRESENTATION_CONTEXT('2D SPACE',''
  ) );
#8409 = PCURVE('',#8410,#8415);
#8410 = PLANE('',#8411);
#8411 = AXIS2_PLACEMENT_3D('',#8412,#8413,#8414);
#8412 = CARTESIAN_POINT('',(0.,-251.,153.75));
#8413 = DIRECTION('',(0.,-1.,0.));
#8414 = DIRECTION('',(1.,0.,0.));
#8415 = DEFINITIONAL_REPRESENTATION('',(#8416),#8420);
#8416 = CIRCLE('',#8417,75.);
#8417 = AXIS2_PLACEMENT_2D('',#8418,#8419);
#8418 = CARTESIAN_POINT('',(0.,0.));
#8419 = DIRECTION('',(1.,0.));
#8420 = ( GEOMETRIC_REPRESENTATION_CONTEXT(2) 
PARAMETRIC_REPRESENTATION_CONTEXT() REPRESENTATION_CONTEXT('2D SPACE',''
  ) );
#8421 = ORIENTED_EDGE('',*,*,#8422,.F.);
#8422 = EDGE_CURVE('',#8423,#8389,#8425,.T.);
#8423 = VERTEX_POINT('',#8424);
#8424 = CARTESIAN_POINT('',(75.,-241.,153.75));
#8425 = SEAM_CURVE('',#8426,(#8430,#8437),.PCURVE_S1.);
#8426 = LINE('',#8427,#8428);
#8427 = CARTESIAN_POINT('',(75.,-241.,153.75));
#8428 = VECTOR('',#8429,1.);
#8429 = DIRECTION('',(0.,-1.,0.));
#8430 = PCURVE('',#8398,#8431);
#8431 = DEFINITIONAL_REPRESENTATION('',(#8432),#8436);
#8432 = LINE('',#8433,#8434);
#8433 = CARTESIAN_POINT('',(6.28318530718,-0.));
#8434 = VECTOR('',#8435,1.);
#8435 = DIRECTION('',(0.,1.));
#8436 = ( GEOMETRIC_REPRESENTATION_CONTEXT(2) 
PARAMETRIC_REPRESENTATION_CONTEXT() REPRESENTATION_CONTEXT('2D SPACE',''
  ) );
#8437 = PCURVE('',#8398,#8438);
#8438 = DEFINITIONAL_REPRESENTATION('',(#8439),#8443);
#8439 = LINE('',#8440,#8441);
#8440 = CARTESIAN_POINT('',(0.,-0.));
#8441 = VECTOR('',#8442,1.);
#8442 = DIRECTION('',(0.,1.));
#8443 = ( GEOMETRIC_REPRESENTATION_CONTEXT(2) 
PARAMETRIC_REPRESENTATION_CONTEXT() REPRESENTATION_CONTEXT('2D SPACE',''
  ) );
#8444 = ORIENTED_EDGE('',*,*,#8445,.T.);
#8445 = EDGE_CURVE('',#8423,#8423,#8446,.T.);
#8446 = SURFACE_CURVE('',#8447,(#8452,#8459),.PCURVE_S1.);
#8447 = CIRCLE('',#8448,75.);
#8448 = AXIS2_PLACEMENT_3D('',#8449,#8450,#8451);
#8449 = CARTESIAN_POINT('',(0.,-241.,153.75));
#8450 = DIRECTION('',(0.,-1.,0.));
#8451 = DIRECTION('',(1.,0.,0.));
#8452 = PCURVE('',#8398,#8453);
#8453 = DEFINITIONAL_REPRESENTATION('',(#8454),#8458);
#8454 = LINE('',#8455,#8456);
#8455 = CARTESIAN_POINT('',(0.,0.));
#8456 = VECTOR('',#8457,1.);
#8457 = DIRECTION('',(1.,0.));
#8458 = ( GEOMETRIC_REPRESENTATION_CONTEXT(2) 
PARAMETRIC_REPRESENTATION_CONTEXT() REPRESENTATION_CONTEXT('2D SPACE',''
  ) );
#8459 = PCURVE('',#8460,#8465);
#8460 = PLANE('',#8461);
#8461 = AXIS2_PLACEMENT_3D('',#8462,#8463,#8464);
#8462 = CARTESIAN_POINT('',(0.,-241.,153.75));
#8463 = DIRECTION('',(0.,-1.,0.));
#8464 = DIRECTION('',(1.,0.,0.));
#8465 = DEFINITIONAL_REPRESENTATION('',(#8466),#8470);
#8466 = CIRCLE('',#8467,75.);
#8467 = AXIS2_PLACEMENT_2D('',#8468,#8469);
#8468 = CARTESIAN_POINT('',(0.,0.));
#8469 = DIRECTION('',(1.,0.));
#8470 = ( GEOMETRIC_REPRESENTATION_CONTEXT(2) 
PARAMETRIC_REPRESENTATION_CONTEXT() REPRESENTATION_CONTEXT('2D SPACE',''
  ) );
#8471 = ORIENTED_EDGE('',*,*,#8422,.T.);
#8472 = ADVANCED_FACE('',(#8473),#8410,.T.);
#8473 = FACE_BOUND('',#8474,.T.);
#8474 = EDGE_LOOP('',(#8475));
#8475 = ORIENTED_EDGE('',*,*,#8388,.T.);
#8476 = ADVANCED_FACE('',(#8477),#8460,.F.);
#8477 = FACE_BOUND('',#8478,.T.);
#8478 = EDGE_LOOP('',(#8479));
#8479 = ORIENTED_EDGE('',*,*,#8445,.F.);
#8480 = ( GEOMETRIC_REPRESENTATION_CONTEXT(3) 
GLOBAL_UNCERTAINTY_ASSIGNED_CONTEXT((#8484)) 
GLOBAL_UNIT_ASSIGNED_CONTEXT((#8481,#8482,#8483)) REPRESENTATION_CONTEXT
('Context #1','3D Context with UNIT and UNCERTAINTY') );
#8481 = ( LENGTH_UNIT() NAMED_UNIT(*) SI_UNIT(.MILLI.,.METRE.) );
#8482 = ( NAMED_UNIT(*) PLANE_ANGLE_UNIT() SI_UNIT($,.RADIAN.) );
#8483 = ( NAMED_UNIT(*) SI_UNIT($,.STERADIAN.) SOLID_ANGLE_UNIT() );
#8484 = UNCERTAINTY_MEASURE_WITH_UNIT(LENGTH_MEASURE(1.E-07),#8481,
  'distance_accuracy_value','confusion accuracy');
#8485 = CONTEXT_DEPENDENT_SHAPE_REPRESENTATION(#8486,#8488);
#8486 = ( REPRESENTATION_RELATIONSHIP('','',#8381,#10) 
REPRESENTATION_RELATIONSHIP_WITH_TRANSFORMATION(#8487) 
SHAPE_REPRESENTATION_RELATIONSHIP() );
#8487 = ITEM_DEFINED_TRANSFORMATION('','',#11,#43);
#8488 = PRODUCT_DEFINITION_SHAPE('Placement','Placement of an item',
  #8489);
#8489 = NEXT_ASSEMBLY_USAGE_OCCURRENCE('8','dummy_fan_3','',#5,#8376,$);
#8490 = PRODUCT_RELATED_PRODUCT_CATEGORY('part',$,(#8378));
#8491 = SHAPE_DEFINITION_REPRESENTATION(#8492,#8498);
#8492 = PRODUCT_DEFINITION_SHAPE('','',#8493);
#8493 = PRODUCT_DEFINITION('design','',#8494,#8497);
#8494 = PRODUCT_DEFINITION_FORMATION('','',#8495);
#8495 = PRODUCT('dummy_fan_4','dummy_fan_4','',(#8496));
#8496 = PRODUCT_CONTEXT('',#2,'mechanical');
#8497 = PRODUCT_DEFINITION_CONTEXT('part definition',#2,'design');
#8498 = ADVANCED_BREP_SHAPE_REPRESENTATION('',(#11,#8499),#8597);
#8499 = MANIFOLD_SOLID_BREP('',#8500);
#8500 = CLOSED_SHELL('',(#8501,#8589,#8593));
#8501 = ADVANCED_FACE('',(#8502),#8515,.T.);
#8502 = FACE_BOUND('',#8503,.T.);
#8503 = EDGE_LOOP('',(#8504,#8538,#8561,#8588));
#8504 = ORIENTED_EDGE('',*,*,#8505,.F.);
#8505 = EDGE_CURVE('',#8506,#8506,#8508,.T.);
#8506 = VERTEX_POINT('',#8507);
#8507 = CARTESIAN_POINT('',(75.,-251.,461.25));
#8508 = SURFACE_CURVE('',#8509,(#8514,#8526),.PCURVE_S1.);
#8509 = CIRCLE('',#8510,75.);
#8510 = AXIS2_PLACEMENT_3D('',#8511,#8512,#8513);
#8511 = CARTESIAN_POINT('',(0.,-251.,461.25));
#8512 = DIRECTION('',(0.,-1.,0.));
#8513 = DIRECTION('',(1.,0.,0.));
#8514 = PCURVE('',#8515,#8520);
#8515 = CYLINDRICAL_SURFACE('',#8516,75.);
#8516 = AXIS2_PLACEMENT_3D('',#8517,#8518,#8519);
#8517 = CARTESIAN_POINT('',(0.,-241.,461.25));
#8518 = DIRECTION('',(0.,-1.,0.));
#8519 = DIRECTION('',(1.,0.,0.));
#8520 = DEFINITIONAL_REPRESENTATION('',(#8521),#8525);
#8521 = LINE('',#8522,#8523);
#8522 = CARTESIAN_POINT('',(0.,10.));
#8523 = VECTOR('',#8524,1.);
#8524 = DIRECTION('',(1.,0.));
#8525 = ( GEOMETRIC_REPRESENTATION_CONTEXT(2) 
PARAMETRIC_REPRESENTATION_CONTEXT() REPRESENTATION_CONTEXT('2D SPACE',''
  ) );
#8526 = PCURVE('',#8527,#8532);
#8527 = PLANE('',#8528);
#8528 = AXIS2_PLACEMENT_3D('',#8529,#8530,#8531);
#8529 = CARTESIAN_POINT('',(0.,-251.,461.25));
#8530 = DIRECTION('',(0.,-1.,0.));
#8531 = DIRECTION('',(1.,0.,0.));
#8532 = DEFINITIONAL_REPRESENTATION('',(#8533),#8537);
#8533 = CIRCLE('',#8534,75.);
#8534 = AXIS2_PLACEMENT_2D('',#8535,#8536);
#8535 = CARTESIAN_POINT('',(0.,0.));
#8536 = DIRECTION('',(1.,0.));
#8537 = ( GEOMETRIC_REPRESENTATION_CONTEXT(2) 
PARAMETRIC_REPRESENTATION_CONTEXT() REPRESENTATION_CONTEXT('2D SPACE',''
  ) );
#8538 = ORIENTED_EDGE('',*,*,#8539,.F.);
#8539 = EDGE_CURVE('',#8540,#8506,#8542,.T.);
#8540 = VERTEX_POINT('',#8541);
#8541 = CARTESIAN_POINT('',(75.,-241.,461.25));
#8542 = SEAM_CURVE('',#8543,(#8547,#8554),.PCURVE_S1.);
#8543 = LINE('',#8544,#8545);
#8544 = CARTESIAN_POINT('',(75.,-241.,461.25));
#8545 = VECTOR('',#8546,1.);
#8546 = DIRECTION('',(0.,-1.,0.));
#8547 = PCURVE('',#8515,#8548);
#8548 = DEFINITIONAL_REPRESENTATION('',(#8549),#8553);
#8549 = LINE('',#8550,#8551);
#8550 = CARTESIAN_POINT('',(6.28318530718,-0.));
#8551 = VECTOR('',#8552,1.);
#8552 = DIRECTION('',(0.,1.));
#8553 = ( GEOMETRIC_REPRESENTATION_CONTEXT(2) 
PARAMETRIC_REPRESENTATION_CONTEXT() REPRESENTATION_CONTEXT('2D SPACE',''
  ) );
#8554 = PCURVE('',#8515,#8555);
#8555 = DEFINITIONAL_REPRESENTATION('',(#8556),#8560);
#8556 = LINE('',#8557,#8558);
#8557 = CARTESIAN_POINT('',(0.,-0.));
#8558 = VECTOR('',#8559,1.);
#8559 = DIRECTION('',(0.,1.));
#8560 = ( GEOMETRIC_REPRESENTATION_CONTEXT(2) 
PARAMETRIC_REPRESENTATION_CONTEXT() REPRESENTATION_CONTEXT('2D SPACE',''
  ) );
#8561 = ORIENTED_EDGE('',*,*,#8562,.T.);
#8562 = EDGE_CURVE('',#8540,#8540,#8563,.T.);
#8563 = SURFACE_CURVE('',#8564,(#8569,#8576),.PCURVE_S1.);
#8564 = CIRCLE('',#8565,75.);
#8565 = AXIS2_PLACEMENT_3D('',#8566,#8567,#8568);
#8566 = CARTESIAN_POINT('',(0.,-241.,461.25));
#8567 = DIRECTION('',(0.,-1.,0.));
#8568 = DIRECTION('',(1.,0.,0.));
#8569 = PCURVE('',#8515,#8570);
#8570 = DEFINITIONAL_REPRESENTATION('',(#8571),#8575);
#8571 = LINE('',#8572,#8573);
#8572 = CARTESIAN_POINT('',(0.,0.));
#8573 = VECTOR('',#8574,1.);
#8574 = DIRECTION('',(1.,0.));
#8575 = ( GEOMETRIC_REPRESENTATION_CONTEXT(2) 
PARAMETRIC_REPRESENTATION_CONTEXT() REPRESENTATION_CONTEXT('2D SPACE',''
  ) );
#8576 = PCURVE('',#8577,#8582);
#8577 = PLANE('',#8578);
#8578 = AXIS2_PLACEMENT_3D('',#8579,#8580,#8581);
#8579 = CARTESIAN_POINT('',(0.,-241.,461.25));
#8580 = DIRECTION('',(0.,-1.,0.));
#8581 = DIRECTION('',(1.,0.,0.));
#8582 = DEFINITIONAL_REPRESENTATION('',(#8583),#8587);
#8583 = CIRCLE('',#8584,75.);
#8584 = AXIS2_PLACEMENT_2D('',#8585,#8586);
#8585 = CARTESIAN_POINT('',(0.,0.));
#8586 = DIRECTION('',(1.,0.));
#8587 = ( GEOMETRIC_REPRESENTATION_CONTEXT(2) 
PARAMETRIC_REPRESENTATION_CONTEXT() REPRESENTATION_CONTEXT('2D SPACE',''
  ) );
#8588 = ORIENTED_EDGE('',*,*,#8539,.T.);
#8589 = ADVANCED_FACE('',(#8590),#8527,.T.);
#8590 = FACE_BOUND('',#8591,.T.);
#8591 = EDGE_LOOP('',(#8592));
#8592 = ORIENTED_EDGE('',*,*,#8505,.T.);
#8593 = ADVANCED_FACE('',(#8594),#8577,.F.);
#8594 = FACE_BOUND('',#8595,.T.);
#8595 = EDGE_LOOP('',(#8596));
#8596 = ORIENTED_EDGE('',*,*,#8562,.F.);
#8597 = ( GEOMETRIC_REPRESENTATION_CONTEXT(3) 
GLOBAL_UNCERTAINTY_ASSIGNED_CONTEXT((#8601)) 
GLOBAL_UNIT_ASSIGNED_CONTEXT((#8598,#8599,#8600)) REPRESENTATION_CONTEXT
('Context #1','3D Context with UNIT and UNCERTAINTY') );
#8598 = ( LENGTH_UNIT() NAMED_UNIT(*) SI_UNIT(.MILLI.,.METRE.) );
#8599 = ( NAMED_UNIT(*) PLANE_ANGLE_UNIT() SI_UNIT($,.RADIAN.) );
#8600 = ( NAMED_UNIT(*) SI_UNIT($,.STERADIAN.) SOLID_ANGLE_UNIT() );
#8601 = UNCERTAINTY_MEASURE_WITH_UNIT(LENGTH_MEASURE(1.E-07),#8598,
  'distance_accuracy_value','confusion accuracy');
#8602 = CONTEXT_DEPENDENT_SHAPE_REPRESENTATION(#8603,#8605);
#8603 = ( REPRESENTATION_RELATIONSHIP('','',#8498,#10) 
REPRESENTATION_RELATIONSHIP_WITH_TRANSFORMATION(#8604) 
SHAPE_REPRESENTATION_RELATIONSHIP() );
#8604 = ITEM_DEFINED_TRANSFORMATION('','',#11,#47);
#8605 = PRODUCT_DEFINITION_SHAPE('Placement','Placement of an item',
  #8606);
#8606 = NEXT_ASSEMBLY_USAGE_OCCURRENCE('9','dummy_fan_4','',#5,#8493,$);
#8607 = PRODUCT_RELATED_PRODUCT_CATEGORY('part',$,(#8495));
#8608 = SHAPE_DEFINITION_REPRESENTATION(#8609,#8615);
#8609 = PRODUCT_DEFINITION_SHAPE('','',#8610);
#8610 = PRODUCT_DEFINITION('design','',#8611,#8614);
#8611 = PRODUCT_DEFINITION_FORMATION('','',#8612);
#8612 = PRODUCT('dummy_heater_1','dummy_heater_1','',(#8613));
#8613 = PRODUCT_CONTEXT('',#2,'mechanical');
#8614 = PRODUCT_DEFINITION_CONTEXT('part definition',#2,'design');
#8615 = ADVANCED_BREP_SHAPE_REPRESENTATION('',(#11,#8616),#8714);
#8616 = MANIFOLD_SOLID_BREP('',#8617);
#8617 = CLOSED_SHELL('',(#8618,#8706,#8710));
#8618 = ADVANCED_FACE('',(#8619),#8632,.T.);
#8619 = FACE_BOUND('',#8620,.T.);
#8620 = EDGE_LOOP('',(#8621,#8655,#8678,#8705));
#8621 = ORIENTED_EDGE('',*,*,#8622,.F.);
#8622 = EDGE_CURVE('',#8623,#8623,#8625,.T.);
#8623 = VERTEX_POINT('',#8624);
#8624 = CARTESIAN_POINT('',(75.,-221.,-461.25));
#8625 = SURFACE_CURVE('',#8626,(#8631,#8643),.PCURVE_S1.);
#8626 = CIRCLE('',#8627,75.);
#8627 = AXIS2_PLACEMENT_3D('',#8628,#8629,#8630);
#8628 = CARTESIAN_POINT('',(0.,-221.,-461.25));
#8629 = DIRECTION('',(0.,-1.,0.));
#8630 = DIRECTION('',(1.,0.,0.));
#8631 = PCURVE('',#8632,#8637);
#8632 = CYLINDRICAL_SURFACE('',#8633,75.);
#8633 = AXIS2_PLACEMENT_3D('',#8634,#8635,#8636);
#8634 = CARTESIAN_POINT('',(0.,-211.,-461.25));
#8635 = DIRECTION('',(0.,-1.,0.));
#8636 = DIRECTION('',(1.,0.,0.));
#8637 = DEFINITIONAL_REPRESENTATION('',(#8638),#8642);
#8638 = LINE('',#8639,#8640);
#8639 = CARTESIAN_POINT('',(0.,10.));
#8640 = VECTOR('',#8641,1.);
#8641 = DIRECTION('',(1.,0.));
#8642 = ( GEOMETRIC_REPRESENTATION_CONTEXT(2) 
PARAMETRIC_REPRESENTATION_CONTEXT() REPRESENTATION_CONTEXT('2D SPACE',''
  ) );
#8643 = PCURVE('',#8644,#8649);
#8644 = PLANE('',#8645);
#8645 = AXIS2_PLACEMENT_3D('',#8646,#8647,#8648);
#8646 = CARTESIAN_POINT('',(0.,-221.,-461.25));
#8647 = DIRECTION('',(0.,-1.,0.));
#8648 = DIRECTION('',(1.,0.,0.));
#8649 = DEFINITIONAL_REPRESENTATION('',(#8650),#8654);
#8650 = CIRCLE('',#8651,75.);
#8651 = AXIS2_PLACEMENT_2D('',#8652,#8653);
#8652 = CARTESIAN_POINT('',(0.,0.));
#8653 = DIRECTION('',(1.,0.));
#8654 = ( GEOMETRIC_REPRESENTATION_CONTEXT(2) 
PARAMETRIC_REPRESENTATION_CONTEXT() REPRESENTATION_CONTEXT('2D SPACE',''
  ) );
#8655 = ORIENTED_EDGE('',*,*,#8656,.F.);
#8656 = EDGE_CURVE('',#8657,#8623,#8659,.T.);
#8657 = VERTEX_POINT('',#8658);
#8658 = CARTESIAN_POINT('',(75.,-211.,-461.25));
#8659 = SEAM_CURVE('',#8660,(#8664,#8671),.PCURVE_S1.);
#8660 = LINE('',#8661,#8662);
#8661 = CARTESIAN_POINT('',(75.,-211.,-461.25));
#8662 = VECTOR('',#8663,1.);
#8663 = DIRECTION('',(0.,-1.,0.));
#8664 = PCURVE('',#8632,#8665);
#8665 = DEFINITIONAL_REPRESENTATION('',(#8666),#8670);
#8666 = LINE('',#8667,#8668);
#8667 = CARTESIAN_POINT('',(6.28318530718,-0.));
#8668 = VECTOR('',#8669,1.);
#8669 = DIRECTION('',(0.,1.));
#8670 = ( GEOMETRIC_REPRESENTATION_CONTEXT(2) 
PARAMETRIC_REPRESENTATION_CONTEXT() REPRESENTATION_CONTEXT('2D SPACE',''
  ) );
#8671 = PCURVE('',#8632,#8672);
#8672 = DEFINITIONAL_REPRESENTATION('',(#8673),#8677);
#8673 = LINE('',#8674,#8675);
#8674 = CARTESIAN_POINT('',(0.,-0.));
#8675 = VECTOR('',#8676,1.);
#8676 = DIRECTION('',(0.,1.));
#8677 = ( GEOMETRIC_REPRESENTATION_CONTEXT(2) 
PARAMETRIC_REPRESENTATION_CONTEXT() REPRESENTATION_CONTEXT('2D SPACE',''
  ) );
#8678 = ORIENTED_EDGE('',*,*,#8679,.T.);
#8679 = EDGE_CURVE('',#8657,#8657,#8680,.T.);
#8680 = SURFACE_CURVE('',#8681,(#8686,#8693),.PCURVE_S1.);
#8681 = CIRCLE('',#8682,75.);
#8682 = AXIS2_PLACEMENT_3D('',#8683,#8684,#8685);
#8683 = CARTESIAN_POINT('',(0.,-211.,-461.25));
#8684 = DIRECTION('',(0.,-1.,0.));
#8685 = DIRECTION('',(1.,0.,0.));
#8686 = PCURVE('',#8632,#8687);
#8687 = DEFINITIONAL_REPRESENTATION('',(#8688),#8692);
#8688 = LINE('',#8689,#8690);
#8689 = CARTESIAN_POINT('',(0.,0.));
#8690 = VECTOR('',#8691,1.);
#8691 = DIRECTION('',(1.,0.));
#8692 = ( GEOMETRIC_REPRESENTATION_CONTEXT(2) 
PARAMETRIC_REPRESENTATION_CONTEXT() REPRESENTATION_CONTEXT('2D SPACE',''
  ) );
#8693 = PCURVE('',#8694,#8699);
#8694 = PLANE('',#8695);
#8695 = AXIS2_PLACEMENT_3D('',#8696,#8697,#8698);
#8696 = CARTESIAN_POINT('',(0.,-211.,-461.25));
#8697 = DIRECTION('',(0.,-1.,0.));
#8698 = DIRECTION('',(1.,0.,0.));
#8699 = DEFINITIONAL_REPRESENTATION('',(#8700),#8704);
#8700 = CIRCLE('',#8701,75.);
#8701 = AXIS2_PLACEMENT_2D('',#8702,#8703);
#8702 = CARTESIAN_POINT('',(0.,0.));
#8703 = DIRECTION('',(1.,0.));
#8704 = ( GEOMETRIC_REPRESENTATION_CONTEXT(2) 
PARAMETRIC_REPRESENTATION_CONTEXT() REPRESENTATION_CONTEXT('2D SPACE',''
  ) );
#8705 = ORIENTED_EDGE('',*,*,#8656,.T.);
#8706 = ADVANCED_FACE('',(#8707),#8644,.T.);
#8707 = FACE_BOUND('',#8708,.T.);
#8708 = EDGE_LOOP('',(#8709));
#8709 = ORIENTED_EDGE('',*,*,#8622,.T.);
#8710 = ADVANCED_FACE('',(#8711),#8694,.F.);
#8711 = FACE_BOUND('',#8712,.T.);
#8712 = EDGE_LOOP('',(#8713));
#8713 = ORIENTED_EDGE('',*,*,#8679,.F.);
#8714 = ( GEOMETRIC_REPRESENTATION_CONTEXT(3) 
GLOBAL_UNCERTAINTY_ASSIGNED_CONTEXT((#8718)) 
GLOBAL_UNIT_ASSIGNED_CONTEXT((#8715,#8716,#8717)) REPRESENTATION_CONTEXT
('Context #1','3D Context with UNIT and UNCERTAINTY') );
#8715 = ( LENGTH_UNIT() NAMED_UNIT(*) SI_UNIT(.MILLI.,.METRE.) );
#8716 = ( NAMED_UNIT(*) PLANE_ANGLE_UNIT() SI_UNIT($,.RADIAN.) );
#8717 = ( NAMED_UNIT(*) SI_UNIT($,.STERADIAN.) SOLID_ANGLE_UNIT() );
#8718 = UNCERTAINTY_MEASURE_WITH_UNIT(LENGTH_MEASURE(1.E-07),#8715,
  'distance_accuracy_value','confusion accuracy');
#8719 = CONTEXT_DEPENDENT_SHAPE_REPRESENTATION(#8720,#8722);
#8720 = ( REPRESENTATION_RELATIONSHIP('','',#8615,#10) 
REPRESENTATION_RELATIONSHIP_WITH_TRANSFORMATION(#8721) 
SHAPE_REPRESENTATION_RELATIONSHIP() );
#8721 = ITEM_DEFINED_TRANSFORMATION('','',#11,#51);
#8722 = PRODUCT_DEFINITION_SHAPE('Placement','Placement of an item',
  #8723);
#8723 = NEXT_ASSEMBLY_USAGE_OCCURRENCE('10','dummy_heater_1','',#5,#8610
  ,$);
#8724 = PRODUCT_RELATED_PRODUCT_CATEGORY('part',$,(#8612));
#8725 = SHAPE_DEFINITION_REPRESENTATION(#8726,#8732);
#8726 = PRODUCT_DEFINITION_SHAPE('','',#8727);
#8727 = PRODUCT_DEFINITION('design','',#8728,#8731);
#8728 = PRODUCT_DEFINITION_FORMATION('','',#8729);
#8729 = PRODUCT('dummy_heater_2','dummy_heater_2','',(#8730));
#8730 = PRODUCT_CONTEXT('',#2,'mechanical');
#8731 = PRODUCT_DEFINITION_CONTEXT('part definition',#2,'design');
#8732 = ADVANCED_BREP_SHAPE_REPRESENTATION('',(#11,#8733),#8831);
#8733 = MANIFOLD_SOLID_BREP('',#8734);
#8734 = CLOSED_SHELL('',(#8735,#8823,#8827));
#8735 = ADVANCED_FACE('',(#8736),#8749,.T.);
#8736 = FACE_BOUND('',#8737,.T.);
#8737 = EDGE_LOOP('',(#8738,#8772,#8795,#8822));
#8738 = ORIENTED_EDGE('',*,*,#8739,.F.);
#8739 = EDGE_CURVE('',#8740,#8740,#8742,.T.);
#8740 = VERTEX_POINT('',#8741);
#8741 = CARTESIAN_POINT('',(75.,-221.,-153.75));
#8742 = SURFACE_CURVE('',#8743,(#8748,#8760),.PCURVE_S1.);
#8743 = CIRCLE('',#8744,75.);
#8744 = AXIS2_PLACEMENT_3D('',#8745,#8746,#8747);
#8745 = CARTESIAN_POINT('',(0.,-221.,-153.75));
#8746 = DIRECTION('',(0.,-1.,0.));
#8747 = DIRECTION('',(1.,0.,0.));
#8748 = PCURVE('',#8749,#8754);
#8749 = CYLINDRICAL_SURFACE('',#8750,75.);
#8750 = AXIS2_PLACEMENT_3D('',#8751,#8752,#8753);
#8751 = CARTESIAN_POINT('',(0.,-211.,-153.75));
#8752 = DIRECTION('',(0.,-1.,0.));
#8753 = DIRECTION('',(1.,0.,0.));
#8754 = DEFINITIONAL_REPRESENTATION('',(#8755),#8759);
#8755 = LINE('',#8756,#8757);
#8756 = CARTESIAN_POINT('',(0.,10.));
#8757 = VECTOR('',#8758,1.);
#8758 = DIRECTION('',(1.,0.));
#8759 = ( GEOMETRIC_REPRESENTATION_CONTEXT(2) 
PARAMETRIC_REPRESENTATION_CONTEXT() REPRESENTATION_CONTEXT('2D SPACE',''
  ) );
#8760 = PCURVE('',#8761,#8766);
#8761 = PLANE('',#8762);
#8762 = AXIS2_PLACEMENT_3D('',#8763,#8764,#8765);
#8763 = CARTESIAN_POINT('',(0.,-221.,-153.75));
#8764 = DIRECTION('',(0.,-1.,0.));
#8765 = DIRECTION('',(1.,0.,0.));
#8766 = DEFINITIONAL_REPRESENTATION('',(#8767),#8771);
#8767 = CIRCLE('',#8768,75.);
#8768 = AXIS2_PLACEMENT_2D('',#8769,#8770);
#8769 = CARTESIAN_POINT('',(0.,0.));
#8770 = DIRECTION('',(1.,0.));
#8771 = ( GEOMETRIC_REPRESENTATION_CONTEXT(2) 
PARAMETRIC_REPRESENTATION_CONTEXT() REPRESENTATION_CONTEXT('2D SPACE',''
  ) );
#8772 = ORIENTED_EDGE('',*,*,#8773,.F.);
#8773 = EDGE_CURVE('',#8774,#8740,#8776,.T.);
#8774 = VERTEX_POINT('',#8775);
#8775 = CARTESIAN_POINT('',(75.,-211.,-153.75));
#8776 = SEAM_CURVE('',#8777,(#8781,#8788),.PCURVE_S1.);
#8777 = LINE('',#8778,#8779);
#8778 = CARTESIAN_POINT('',(75.,-211.,-153.75));
#8779 = VECTOR('',#8780,1.);
#8780 = DIRECTION('',(0.,-1.,0.));
#8781 = PCURVE('',#8749,#8782);
#8782 = DEFINITIONAL_REPRESENTATION('',(#8783),#8787);
#8783 = LINE('',#8784,#8785);
#8784 = CARTESIAN_POINT('',(6.28318530718,-0.));
#8785 = VECTOR('',#8786,1.);
#8786 = DIRECTION('',(0.,1.));
#8787 = ( GEOMETRIC_REPRESENTATION_CONTEXT(2) 
PARAMETRIC_REPRESENTATION_CONTEXT() REPRESENTATION_CONTEXT('2D SPACE',''
  ) );
#8788 = PCURVE('',#8749,#8789);
#8789 = DEFINITIONAL_REPRESENTATION('',(#8790),#8794);
#8790 = LINE('',#8791,#8792);
#8791 = CARTESIAN_POINT('',(0.,-0.));
#8792 = VECTOR('',#8793,1.);
#8793 = DIRECTION('',(0.,1.));
#8794 = ( GEOMETRIC_REPRESENTATION_CONTEXT(2) 
PARAMETRIC_REPRESENTATION_CONTEXT() REPRESENTATION_CONTEXT('2D SPACE',''
  ) );
#8795 = ORIENTED_EDGE('',*,*,#8796,.T.);
#8796 = EDGE_CURVE('',#8774,#8774,#8797,.T.);
#8797 = SURFACE_CURVE('',#8798,(#8803,#8810),.PCURVE_S1.);
#8798 = CIRCLE('',#8799,75.);
#8799 = AXIS2_PLACEMENT_3D('',#8800,#8801,#8802);
#8800 = CARTESIAN_POINT('',(0.,-211.,-153.75));
#8801 = DIRECTION('',(0.,-1.,0.));
#8802 = DIRECTION('',(1.,0.,0.));
#8803 = PCURVE('',#8749,#8804);
#8804 = DEFINITIONAL_REPRESENTATION('',(#8805),#8809);
#8805 = LINE('',#8806,#8807);
#8806 = CARTESIAN_POINT('',(0.,0.));
#8807 = VECTOR('',#8808,1.);
#8808 = DIRECTION('',(1.,0.));
#8809 = ( GEOMETRIC_REPRESENTATION_CONTEXT(2) 
PARAMETRIC_REPRESENTATION_CONTEXT() REPRESENTATION_CONTEXT('2D SPACE',''
  ) );
#8810 = PCURVE('',#8811,#8816);
#8811 = PLANE('',#8812);
#8812 = AXIS2_PLACEMENT_3D('',#8813,#8814,#8815);
#8813 = CARTESIAN_POINT('',(0.,-211.,-153.75));
#8814 = DIRECTION('',(0.,-1.,0.));
#8815 = DIRECTION('',(1.,0.,0.));
#8816 = DEFINITIONAL_REPRESENTATION('',(#8817),#8821);
#8817 = CIRCLE('',#8818,75.);
#8818 = AXIS2_PLACEMENT_2D('',#8819,#8820);
#8819 = CARTESIAN_POINT('',(0.,0.));
#8820 = DIRECTION('',(1.,0.));
#8821 = ( GEOMETRIC_REPRESENTATION_CONTEXT(2) 
PARAMETRIC_REPRESENTATION_CONTEXT() REPRESENTATION_CONTEXT('2D SPACE',''
  ) );
#8822 = ORIENTED_EDGE('',*,*,#8773,.T.);
#8823 = ADVANCED_FACE('',(#8824),#8761,.T.);
#8824 = FACE_BOUND('',#8825,.T.);
#8825 = EDGE_LOOP('',(#8826));
#8826 = ORIENTED_EDGE('',*,*,#8739,.T.);
#8827 = ADVANCED_FACE('',(#8828),#8811,.F.);
#8828 = FACE_BOUND('',#8829,.T.);
#8829 = EDGE_LOOP('',(#8830));
#8830 = ORIENTED_EDGE('',*,*,#8796,.F.);
#8831 = ( GEOMETRIC_REPRESENTATION_CONTEXT(3) 
GLOBAL_UNCERTAINTY_ASSIGNED_CONTEXT((#8835)) 
GLOBAL_UNIT_ASSIGNED_CONTEXT((#8832,#8833,#8834)) REPRESENTATION_CONTEXT
('Context #1','3D Context with UNIT and UNCERTAINTY') );
#8832 = ( LENGTH_UNIT() NAMED_UNIT(*) SI_UNIT(.MILLI.,.METRE.) );
#8833 = ( NAMED_UNIT(*) PLANE_ANGLE_UNIT() SI_UNIT($,.RADIAN.) );
#8834 = ( NAMED_UNIT(*) SI_UNIT($,.STERADIAN.) SOLID_ANGLE_UNIT() );
#8835 = UNCERTAINTY_MEASURE_WITH_UNIT(LENGTH_MEASURE(1.E-07),#8832,
  'distance_accuracy_value','confusion accuracy');
#8836 = CONTEXT_DEPENDENT_SHAPE_REPRESENTATION(#8837,#8839);
#8837 = ( REPRESENTATION_RELATIONSHIP('','',#8732,#10) 
REPRESENTATION_RELATIONSHIP_WITH_TRANSFORMATION(#8838) 
SHAPE_REPRESENTATION_RELATIONSHIP() );
#8838 = ITEM_DEFINED_TRANSFORMATION('','',#11,#55);
#8839 = PRODUCT_DEFINITION_SHAPE('Placement','Placement of an item',
  #8840);
#8840 = NEXT_ASSEMBLY_USAGE_OCCURRENCE('11','dummy_heater_2','',#5,#8727
  ,$);
#8841 = PRODUCT_RELATED_PRODUCT_CATEGORY('part',$,(#8729));
#8842 = SHAPE_DEFINITION_REPRESENTATION(#8843,#8849);
#8843 = PRODUCT_DEFINITION_SHAPE('','',#8844);
#8844 = PRODUCT_DEFINITION('design','',#8845,#8848);
#8845 = PRODUCT_DEFINITION_FORMATION('','',#8846);
#8846 = PRODUCT('dummy_heater_3','dummy_heater_3','',(#8847));
#8847 = PRODUCT_CONTEXT('',#2,'mechanical');
#8848 = PRODUCT_DEFINITION_CONTEXT('part definition',#2,'design');
#8849 = ADVANCED_BREP_SHAPE_REPRESENTATION('',(#11,#8850),#8948);
#8850 = MANIFOLD_SOLID_BREP('',#8851);
#8851 = CLOSED_SHELL('',(#8852,#8940,#8944));
#8852 = ADVANCED_FACE('',(#8853),#8866,.T.);
#8853 = FACE_BOUND('',#8854,.T.);
#8854 = EDGE_LOOP('',(#8855,#8889,#8912,#8939));
#8855 = ORIENTED_EDGE('',*,*,#8856,.F.);
#8856 = EDGE_CURVE('',#8857,#8857,#8859,.T.);
#8857 = VERTEX_POINT('',#8858);
#8858 = CARTESIAN_POINT('',(75.,-221.,153.75));
#8859 = SURFACE_CURVE('',#8860,(#8865,#8877),.PCURVE_S1.);
#8860 = CIRCLE('',#8861,75.);
#8861 = AXIS2_PLACEMENT_3D('',#8862,#8863,#8864);
#8862 = CARTESIAN_POINT('',(0.,-221.,153.75));
#8863 = DIRECTION('',(0.,-1.,0.));
#8864 = DIRECTION('',(1.,0.,0.));
#8865 = PCURVE('',#8866,#8871);
#8866 = CYLINDRICAL_SURFACE('',#8867,75.);
#8867 = AXIS2_PLACEMENT_3D('',#8868,#8869,#8870);
#8868 = CARTESIAN_POINT('',(0.,-211.,153.75));
#8869 = DIRECTION('',(0.,-1.,0.));
#8870 = DIRECTION('',(1.,0.,0.));
#8871 = DEFINITIONAL_REPRESENTATION('',(#8872),#8876);
#8872 = LINE('',#8873,#8874);
#8873 = CARTESIAN_POINT('',(0.,10.));
#8874 = VECTOR('',#8875,1.);
#8875 = DIRECTION('',(1.,0.));
#8876 = ( GEOMETRIC_REPRESENTATION_CONTEXT(2) 
PARAMETRIC_REPRESENTATION_CONTEXT() REPRESENTATION_CONTEXT('2D SPACE',''
  ) );
#8877 = PCURVE('',#8878,#8883);
#8878 = PLANE('',#8879);
#8879 = AXIS2_PLACEMENT_3D('',#8880,#8881,#8882);
#8880 = CARTESIAN_POINT('',(0.,-221.,153.75));
#8881 = DIRECTION('',(0.,-1.,0.));
#8882 = DIRECTION('',(1.,0.,0.));
#8883 = DEFINITIONAL_REPRESENTATION('',(#8884),#8888);
#8884 = CIRCLE('',#8885,75.);
#8885 = AXIS2_PLACEMENT_2D('',#8886,#8887);
#8886 = CARTESIAN_POINT('',(0.,0.));
#8887 = DIRECTION('',(1.,0.));
#8888 = ( GEOMETRIC_REPRESENTATION_CONTEXT(2) 
PARAMETRIC_REPRESENTATION_CONTEXT() REPRESENTATION_CONTEXT('2D SPACE',''
  ) );
#8889 = ORIENTED_EDGE('',*,*,#8890,.F.);
#8890 = EDGE_CURVE('',#8891,#8857,#8893,.T.);
#8891 = VERTEX_POINT('',#8892);
#8892 = CARTESIAN_POINT('',(75.,-211.,153.75));
#8893 = SEAM_CURVE('',#8894,(#8898,#8905),.PCURVE_S1.);
#8894 = LINE('',#8895,#8896);
#8895 = CARTESIAN_POINT('',(75.,-211.,153.75));
#8896 = VECTOR('',#8897,1.);
#8897 = DIRECTION('',(0.,-1.,0.));
#8898 = PCURVE('',#8866,#8899);
#8899 = DEFINITIONAL_REPRESENTATION('',(#8900),#8904);
#8900 = LINE('',#8901,#8902);
#8901 = CARTESIAN_POINT('',(6.28318530718,-0.));
#8902 = VECTOR('',#8903,1.);
#8903 = DIRECTION('',(0.,1.));
#8904 = ( GEOMETRIC_REPRESENTATION_CONTEXT(2) 
PARAMETRIC_REPRESENTATION_CONTEXT() REPRESENTATION_CONTEXT('2D SPACE',''
  ) );
#8905 = PCURVE('',#8866,#8906);
#8906 = DEFINITIONAL_REPRESENTATION('',(#8907),#8911);
#8907 = LINE('',#8908,#8909);
#8908 = CARTESIAN_POINT('',(0.,-0.));
#8909 = VECTOR('',#8910,1.);
#8910 = DIRECTION('',(0.,1.));
#8911 = ( GEOMETRIC_REPRESENTATION_CONTEXT(2) 
PARAMETRIC_REPRESENTATION_CONTEXT() REPRESENTATION_CONTEXT('2D SPACE',''
  ) );
#8912 = ORIENTED_EDGE('',*,*,#8913,.T.);
#8913 = EDGE_CURVE('',#8891,#8891,#8914,.T.);
#8914 = SURFACE_CURVE('',#8915,(#8920,#8927),.PCURVE_S1.);
#8915 = CIRCLE('',#8916,75.);
#8916 = AXIS2_PLACEMENT_3D('',#8917,#8918,#8919);
#8917 = CARTESIAN_POINT('',(0.,-211.,153.75));
#8918 = DIRECTION('',(0.,-1.,0.));
#8919 = DIRECTION('',(1.,0.,0.));
#8920 = PCURVE('',#8866,#8921);
#8921 = DEFINITIONAL_REPRESENTATION('',(#8922),#8926);
#8922 = LINE('',#8923,#8924);
#8923 = CARTESIAN_POINT('',(0.,0.));
#8924 = VECTOR('',#8925,1.);
#8925 = DIRECTION('',(1.,0.));
#8926 = ( GEOMETRIC_REPRESENTATION_CONTEXT(2) 
PARAMETRIC_REPRESENTATION_CONTEXT() REPRESENTATION_CONTEXT('2D SPACE',''
  ) );
#8927 = PCURVE('',#8928,#8933);
#8928 = PLANE('',#8929);
#8929 = AXIS2_PLACEMENT_3D('',#8930,#8931,#8932);
#8930 = CARTESIAN_POINT('',(0.,-211.,153.75));
#8931 = DIRECTION('',(0.,-1.,0.));
#8932 = DIRECTION('',(1.,0.,0.));
#8933 = DEFINITIONAL_REPRESENTATION('',(#8934),#8938);
#8934 = CIRCLE('',#8935,75.);
#8935 = AXIS2_PLACEMENT_2D('',#8936,#8937);
#8936 = CARTESIAN_POINT('',(0.,0.));
#8937 = DIRECTION('',(1.,0.));
#8938 = ( GEOMETRIC_REPRESENTATION_CONTEXT(2) 
PARAMETRIC_REPRESENTATION_CONTEXT() REPRESENTATION_CONTEXT('2D SPACE',''
  ) );
#8939 = ORIENTED_EDGE('',*,*,#8890,.T.);
#8940 = ADVANCED_FACE('',(#8941),#8878,.T.);
#8941 = FACE_BOUND('',#8942,.T.);
#8942 = EDGE_LOOP('',(#8943));
#8943 = ORIENTED_EDGE('',*,*,#8856,.T.);
#8944 = ADVANCED_FACE('',(#8945),#8928,.F.);
#8945 = FACE_BOUND('',#8946,.T.);
#8946 = EDGE_LOOP('',(#8947));
#8947 = ORIENTED_EDGE('',*,*,#8913,.F.);
#8948 = ( GEOMETRIC_REPRESENTATION_CONTEXT(3) 
GLOBAL_UNCERTAINTY_ASSIGNED_CONTEXT((#8952)) 
GLOBAL_UNIT_ASSIGNED_CONTEXT((#8949,#8950,#8951)) REPRESENTATION_CONTEXT
('Context #1','3D Context with UNIT and UNCERTAINTY') );
#8949 = ( LENGTH_UNIT() NAMED_UNIT(*) SI_UNIT(.MILLI.,.METRE.) );
#8950 = ( NAMED_UNIT(*) PLANE_ANGLE_UNIT() SI_UNIT($,.RADIAN.) );
#8951 = ( NAMED_UNIT(*) SI_UNIT($,.STERADIAN.) SOLID_ANGLE_UNIT() );
#8952 = UNCERTAINTY_MEASURE_WITH_UNIT(LENGTH_MEASURE(1.E-07),#8949,
  'distance_accuracy_value','confusion accuracy');
#8953 = CONTEXT_DEPENDENT_SHAPE_REPRESENTATION(#8954,#8956);
#8954 = ( REPRESENTATION_RELATIONSHIP('','',#8849,#10) 
REPRESENTATION_RELATIONSHIP_WITH_TRANSFORMATION(#8955) 
SHAPE_REPRESENTATION_RELATIONSHIP() );
#8955 = ITEM_DEFINED_TRANSFORMATION('','',#11,#59);
#8956 = PRODUCT_DEFINITION_SHAPE('Placement','Placement of an item',
  #8957);
#8957 = NEXT_ASSEMBLY_USAGE_OCCURRENCE('12','dummy_heater_3','',#5,#8844
  ,$);
#8958 = PRODUCT_RELATED_PRODUCT_CATEGORY('part',$,(#8846));
#8959 = SHAPE_DEFINITION_REPRESENTATION(#8960,#8966);
#8960 = PRODUCT_DEFINITION_SHAPE('','',#8961);
#8961 = PRODUCT_DEFINITION('design','',#8962,#8965);
#8962 = PRODUCT_DEFINITION_FORMATION('','',#8963);
#8963 = PRODUCT('dummy_heater_4','dummy_heater_4','',(#8964));
#8964 = PRODUCT_CONTEXT('',#2,'mechanical');
#8965 = PRODUCT_DEFINITION_CONTEXT('part definition',#2,'design');
#8966 = ADVANCED_BREP_SHAPE_REPRESENTATION('',(#11,#8967),#9065);
#8967 = MANIFOLD_SOLID_BREP('',#8968);
#8968 = CLOSED_SHELL('',(#8969,#9057,#9061));
#8969 = ADVANCED_FACE('',(#8970),#8983,.T.);
#8970 = FACE_BOUND('',#8971,.T.);
#8971 = EDGE_LOOP('',(#8972,#9006,#9029,#9056));
#8972 = ORIENTED_EDGE('',*,*,#8973,.F.);
#8973 = EDGE_CURVE('',#8974,#8974,#8976,.T.);
#8974 = VERTEX_POINT('',#8975);
#8975 = CARTESIAN_POINT('',(75.,-221.,461.25));
#8976 = SURFACE_CURVE('',#8977,(#8982,#8994),.PCURVE_S1.);
#8977 = CIRCLE('',#8978,75.);
#8978 = AXIS2_PLACEMENT_3D('',#8979,#8980,#8981);
#8979 = CARTESIAN_POINT('',(0.,-221.,461.25));
#8980 = DIRECTION('',(0.,-1.,0.));
#8981 = DIRECTION('',(1.,0.,0.));
#8982 = PCURVE('',#8983,#8988);
#8983 = CYLINDRICAL_SURFACE('',#8984,75.);
#8984 = AXIS2_PLACEMENT_3D('',#8985,#8986,#8987);
#8985 = CARTESIAN_POINT('',(0.,-211.,461.25));
#8986 = DIRECTION('',(0.,-1.,0.));
#8987 = DIRECTION('',(1.,0.,0.));
#8988 = DEFINITIONAL_REPRESENTATION('',(#8989),#8993);
#8989 = LINE('',#8990,#8991);
#8990 = CARTESIAN_POINT('',(0.,10.));
#8991 = VECTOR('',#8992,1.);
#8992 = DIRECTION('',(1.,0.));
#8993 = ( GEOMETRIC_REPRESENTATION_CONTEXT(2) 
PARAMETRIC_REPRESENTATION_CONTEXT() REPRESENTATION_CONTEXT('2D SPACE',''
  ) );
#8994 = PCURVE('',#8995,#9000);
#8995 = PLANE('',#8996);
#8996 = AXIS2_PLACEMENT_3D('',#8997,#8998,#8999);
#8997 = CARTESIAN_POINT('',(0.,-221.,461.25));
#8998 = DIRECTION('',(0.,-1.,0.));
#8999 = DIRECTION('',(1.,0.,0.));
#9000 = DEFINITIONAL_REPRESENTATION('',(#9001),#9005);
#9001 = CIRCLE('',#9002,75.);
#9002 = AXIS2_PLACEMENT_2D('',#9003,#9004);
#9003 = CARTESIAN_POINT('',(0.,0.));
#9004 = DIRECTION('',(1.,0.));
#9005 = ( GEOMETRIC_REPRESENTATION_CONTEXT(2) 
PARAMETRIC_REPRESENTATION_CONTEXT() REPRESENTATION_CONTEXT('2D SPACE',''
  ) );
#9006 = ORIENTED_EDGE('',*,*,#9007,.F.);
#9007 = EDGE_CURVE('',#9008,#8974,#9010,.T.);
#9008 = VERTEX_POINT('',#9009);
#9009 = CARTESIAN_POINT('',(75.,-211.,461.25));
#9010 = SEAM_CURVE('',#9011,(#9015,#9022),.PCURVE_S1.);
#9011 = LINE('',#9012,#9013);
#9012 = CARTESIAN_POINT('',(75.,-211.,461.25));
#9013 = VECTOR('',#9014,1.);
#9014 = DIRECTION('',(0.,-1.,0.));
#9015 = PCURVE('',#8983,#9016);
#9016 = DEFINITIONAL_REPRESENTATION('',(#9017),#9021);
#9017 = LINE('',#9018,#9019);
#9018 = CARTESIAN_POINT('',(6.28318530718,-0.));
#9019 = VECTOR('',#9020,1.);
#9020 = DIRECTION('',(0.,1.));
#9021 = ( GEOMETRIC_REPRESENTATION_CONTEXT(2) 
PARAMETRIC_REPRESENTATION_CONTEXT() REPRESENTATION_CONTEXT('2D SPACE',''
  ) );
#9022 = PCURVE('',#8983,#9023);
#9023 = DEFINITIONAL_REPRESENTATION('',(#9024),#9028);
#9024 = LINE('',#9025,#9026);
#9025 = CARTESIAN_POINT('',(0.,-0.));
#9026 = VECTOR('',#9027,1.);
#9027 = DIRECTION('',(0.,1.));
#9028 = ( GEOMETRIC_REPRESENTATION_CONTEXT(2) 
PARAMETRIC_REPRESENTATION_CONTEXT() REPRESENTATION_CONTEXT('2D SPACE',''
  ) );
#9029 = ORIENTED_EDGE('',*,*,#9030,.T.);
#9030 = EDGE_CURVE('',#9008,#9008,#9031,.T.);
#9031 = SURFACE_CURVE('',#9032,(#9037,#9044),.PCURVE_S1.);
#9032 = CIRCLE('',#9033,75.);
#9033 = AXIS2_PLACEMENT_3D('',#9034,#9035,#9036);
#9034 = CARTESIAN_POINT('',(0.,-211.,461.25));
#9035 = DIRECTION('',(0.,-1.,0.));
#9036 = DIRECTION('',(1.,0.,0.));
#9037 = PCURVE('',#8983,#9038);
#9038 = DEFINITIONAL_REPRESENTATION('',(#9039),#9043);
#9039 = LINE('',#9040,#9041);
#9040 = CARTESIAN_POINT('',(0.,0.));
#9041 = VECTOR('',#9042,1.);
#9042 = DIRECTION('',(1.,0.));
#9043 = ( GEOMETRIC_REPRESENTATION_CONTEXT(2) 
PARAMETRIC_REPRESENTATION_CONTEXT() REPRESENTATION_CONTEXT('2D SPACE',''
  ) );
#9044 = PCURVE('',#9045,#9050);
#9045 = PLANE('',#9046);
#9046 = AXIS2_PLACEMENT_3D('',#9047,#9048,#9049);
#9047 = CARTESIAN_POINT('',(0.,-211.,461.25));
#9048 = DIRECTION('',(0.,-1.,0.));
#9049 = DIRECTION('',(1.,0.,0.));
#9050 = DEFINITIONAL_REPRESENTATION('',(#9051),#9055);
#9051 = CIRCLE('',#9052,75.);
#9052 = AXIS2_PLACEMENT_2D('',#9053,#9054);
#9053 = CARTESIAN_POINT('',(0.,0.));
#9054 = DIRECTION('',(1.,0.));
#9055 = ( GEOMETRIC_REPRESENTATION_CONTEXT(2) 
PARAMETRIC_REPRESENTATION_CONTEXT() REPRESENTATION_CONTEXT('2D SPACE',''
  ) );
#9056 = ORIENTED_EDGE('',*,*,#9007,.T.);
#9057 = ADVANCED_FACE('',(#9058),#8995,.T.);
#9058 = FACE_BOUND('',#9059,.T.);
#9059 = EDGE_LOOP('',(#9060));
#9060 = ORIENTED_EDGE('',*,*,#8973,.T.);
#9061 = ADVANCED_FACE('',(#9062),#9045,.F.);
#9062 = FACE_BOUND('',#9063,.T.);
#9063 = EDGE_LOOP('',(#9064));
#9064 = ORIENTED_EDGE('',*,*,#9030,.F.);
#9065 = ( GEOMETRIC_REPRESENTATION_CONTEXT(3) 
GLOBAL_UNCERTAINTY_ASSIGNED_CONTEXT((#9069)) 
GLOBAL_UNIT_ASSIGNED_CONTEXT((#9066,#9067,#9068)) REPRESENTATION_CONTEXT
('Context #1','3D Context with UNIT and UNCERTAINTY') );
#9066 = ( LENGTH_UNIT() NAMED_UNIT(*) SI_UNIT(.MILLI.,.METRE.) );
#9067 = ( NAMED_UNIT(*) PLANE_ANGLE_UNIT() SI_UNIT($,.RADIAN.) );
#9068 = ( NAMED_UNIT(*) SI_UNIT($,.STERADIAN.) SOLID_ANGLE_UNIT() );
#9069 = UNCERTAINTY_MEASURE_WITH_UNIT(LENGTH_MEASURE(1.E-07),#9066,
  'distance_accuracy_value','confusion accuracy');
#9070 = CONTEXT_DEPENDENT_SHAPE_REPRESENTATION(#9071,#9073);
#9071 = ( REPRESENTATION_RELATIONSHIP('','',#8966,#10) 
REPRESENTATION_RELATIONSHIP_WITH_TRANSFORMATION(#9072) 
SHAPE_REPRESENTATION_RELATIONSHIP() );
#9072 = ITEM_DEFINED_TRANSFORMATION('','',#11,#63);
#9073 = PRODUCT_DEFINITION_SHAPE('Placement','Placement of an item',
  #9074);
#9074 = NEXT_ASSEMBLY_USAGE_OCCURRENCE('13','dummy_heater_4','',#5,#8961
  ,$);
#9075 = PRODUCT_RELATED_PRODUCT_CATEGORY('part',$,(#8963));
#9076 = SHAPE_DEFINITION_REPRESENTATION(#9077,#9083);
#9077 = PRODUCT_DEFINITION_SHAPE('','',#9078);
#9078 = PRODUCT_DEFINITION('design','',#9079,#9082);
#9079 = PRODUCT_DEFINITION_FORMATION('','',#9080);
#9080 = PRODUCT('solid_tray_wall_20','solid_tray_wall_20','',(#9081));
#9081 = PRODUCT_CONTEXT('',#2,'mechanical');
#9082 = PRODUCT_DEFINITION_CONTEXT('part definition',#2,'design');
#9083 = ADVANCED_BREP_SHAPE_REPRESENTATION('',(#11,#9084),#10042);
#9084 = MANIFOLD_SOLID_BREP('',#9085);
#9085 = CLOSED_SHELL('',(#9086,#9318,#9508,#9579,#9628,#9677,#9704,#9867
    ,#9894,#9921,#9948,#9981,#10008,#10035));
#9086 = ADVANCED_FACE('',(#9087),#9101,.F.);
#9087 = FACE_BOUND('',#9088,.F.);
#9088 = EDGE_LOOP('',(#9089,#9124,#9152,#9180,#9208,#9236,#9264,#9292));
#9089 = ORIENTED_EDGE('',*,*,#9090,.F.);
#9090 = EDGE_CURVE('',#9091,#9093,#9095,.T.);
#9091 = VERTEX_POINT('',#9092);
#9092 = CARTESIAN_POINT('',(240.,-150.,35.));
#9093 = VERTEX_POINT('',#9094);
#9094 = CARTESIAN_POINT('',(240.,-150.,36.5));
#9095 = SURFACE_CURVE('',#9096,(#9100,#9112),.PCURVE_S1.);
#9096 = LINE('',#9097,#9098);
#9097 = CARTESIAN_POINT('',(240.,-150.,35.));
#9098 = VECTOR('',#9099,1.);
#9099 = DIRECTION('',(0.,0.,1.));
#9100 = PCURVE('',#9101,#9106);
#9101 = PLANE('',#9102);
#9102 = AXIS2_PLACEMENT_3D('',#9103,#9104,#9105);
#9103 = CARTESIAN_POINT('',(200.,-150.,35.));
#9104 = DIRECTION('',(0.,1.,0.));
#9105 = DIRECTION('',(1.,0.,0.));
#9106 = DEFINITIONAL_REPRESENTATION('',(#9107),#9111);
#9107 = LINE('',#9108,#9109);
#9108 = CARTESIAN_POINT('',(40.,0.));
#9109 = VECTOR('',#9110,1.);
#9110 = DIRECTION('',(0.,-1.));
#9111 = ( GEOMETRIC_REPRESENTATION_CONTEXT(2) 
PARAMETRIC_REPRESENTATION_CONTEXT() REPRESENTATION_CONTEXT('2D SPACE',''
  ) );
#9112 = PCURVE('',#9113,#9118);
#9113 = PLANE('',#9114);
#9114 = AXIS2_PLACEMENT_3D('',#9115,#9116,#9117);
#9115 = CARTESIAN_POINT('',(240.,-150.,35.));
#9116 = DIRECTION('',(-1.,0.,0.));
#9117 = DIRECTION('',(0.,1.,0.));
#9118 = DEFINITIONAL_REPRESENTATION('',(#9119),#9123);
#9119 = LINE('',#9120,#9121);
#9120 = CARTESIAN_POINT('',(0.,0.));
#9121 = VECTOR('',#9122,1.);
#9122 = DIRECTION('',(0.,-1.));
#9123 = ( GEOMETRIC_REPRESENTATION_CONTEXT(2) 
PARAMETRIC_REPRESENTATION_CONTEXT() REPRESENTATION_CONTEXT('2D SPACE',''
  ) );
#9124 = ORIENTED_EDGE('',*,*,#9125,.F.);
#9125 = EDGE_CURVE('',#9126,#9091,#9128,.T.);
#9126 = VERTEX_POINT('',#9127);
#9127 = CARTESIAN_POINT('',(200.,-150.,35.));
#9128 = SURFACE_CURVE('',#9129,(#9133,#9140),.PCURVE_S1.);
#9129 = LINE('',#9130,#9131);
#9130 = CARTESIAN_POINT('',(220.,-150.,35.));
#9131 = VECTOR('',#9132,1.);
#9132 = DIRECTION('',(1.,0.,0.));
#9133 = PCURVE('',#9101,#9134);
#9134 = DEFINITIONAL_REPRESENTATION('',(#9135),#9139);
#9135 = LINE('',#9136,#9137);
#9136 = CARTESIAN_POINT('',(20.,0.));
#9137 = VECTOR('',#9138,1.);
#9138 = DIRECTION('',(1.,0.));
#9139 = ( GEOMETRIC_REPRESENTATION_CONTEXT(2) 
PARAMETRIC_REPRESENTATION_CONTEXT() REPRESENTATION_CONTEXT('2D SPACE',''
  ) );
#9140 = PCURVE('',#9141,#9146);
#9141 = PLANE('',#9142);
#9142 = AXIS2_PLACEMENT_3D('',#9143,#9144,#9145);
#9143 = CARTESIAN_POINT('',(220.,0.,35.));
#9144 = DIRECTION('',(0.,0.,1.));
#9145 = DIRECTION('',(1.,0.,0.));
#9146 = DEFINITIONAL_REPRESENTATION('',(#9147),#9151);
#9147 = LINE('',#9148,#9149);
#9148 = CARTESIAN_POINT('',(0.,-150.));
#9149 = VECTOR('',#9150,1.);
#9150 = DIRECTION('',(1.,0.));
#9151 = ( GEOMETRIC_REPRESENTATION_CONTEXT(2) 
PARAMETRIC_REPRESENTATION_CONTEXT() REPRESENTATION_CONTEXT('2D SPACE',''
  ) );
#9152 = ORIENTED_EDGE('',*,*,#9153,.F.);
#9153 = EDGE_CURVE('',#9154,#9126,#9156,.T.);
#9154 = VERTEX_POINT('',#9155);
#9155 = CARTESIAN_POINT('',(200.,-150.,0.));
#9156 = SURFACE_CURVE('',#9157,(#9161,#9168),.PCURVE_S1.);
#9157 = LINE('',#9158,#9159);
#9158 = CARTESIAN_POINT('',(200.,-150.,0.));
#9159 = VECTOR('',#9160,1.);
#9160 = DIRECTION('',(0.,0.,1.));
#9161 = PCURVE('',#9101,#9162);
#9162 = DEFINITIONAL_REPRESENTATION('',(#9163),#9167);
#9163 = LINE('',#9164,#9165);
#9164 = CARTESIAN_POINT('',(0.,35.));
#9165 = VECTOR('',#9166,1.);
#9166 = DIRECTION('',(0.,-1.));
#9167 = ( GEOMETRIC_REPRESENTATION_CONTEXT(2) 
PARAMETRIC_REPRESENTATION_CONTEXT() REPRESENTATION_CONTEXT('2D SPACE',''
  ) );
#9168 = PCURVE('',#9169,#9174);
#9169 = PLANE('',#9170);
#9170 = AXIS2_PLACEMENT_3D('',#9171,#9172,#9173);
#9171 = CARTESIAN_POINT('',(200.,-150.,0.));
#9172 = DIRECTION('',(-1.,0.,0.));
#9173 = DIRECTION('',(0.,1.,0.));
#9174 = DEFINITIONAL_REPRESENTATION('',(#9175),#9179);
#9175 = LINE('',#9176,#9177);
#9176 = CARTESIAN_POINT('',(0.,0.));
#9177 = VECTOR('',#9178,1.);
#9178 = DIRECTION('',(0.,-1.));
#9179 = ( GEOMETRIC_REPRESENTATION_CONTEXT(2) 
PARAMETRIC_REPRESENTATION_CONTEXT() REPRESENTATION_CONTEXT('2D SPACE',''
  ) );
#9180 = ORIENTED_EDGE('',*,*,#9181,.F.);
#9181 = EDGE_CURVE('',#9182,#9154,#9184,.T.);
#9182 = VERTEX_POINT('',#9183);
#9183 = CARTESIAN_POINT('',(-200.,-150.,0.));
#9184 = SURFACE_CURVE('',#9185,(#9189,#9196),.PCURVE_S1.);
#9185 = LINE('',#9186,#9187);
#9186 = CARTESIAN_POINT('',(0.,-150.,0.));
#9187 = VECTOR('',#9188,1.);
#9188 = DIRECTION('',(1.,0.,0.));
#9189 = PCURVE('',#9101,#9190);
#9190 = DEFINITIONAL_REPRESENTATION('',(#9191),#9195);
#9191 = LINE('',#9192,#9193);
#9192 = CARTESIAN_POINT('',(-200.,35.));
#9193 = VECTOR('',#9194,1.);
#9194 = DIRECTION('',(1.,0.));
#9195 = ( GEOMETRIC_REPRESENTATION_CONTEXT(2) 
PARAMETRIC_REPRESENTATION_CONTEXT() REPRESENTATION_CONTEXT('2D SPACE',''
  ) );
#9196 = PCURVE('',#9197,#9202);
#9197 = PLANE('',#9198);
#9198 = AXIS2_PLACEMENT_3D('',#9199,#9200,#9201);
#9199 = CARTESIAN_POINT('',(0.,0.,0.));
#9200 = DIRECTION('',(0.,0.,1.));
#9201 = DIRECTION('',(1.,0.,0.));
#9202 = DEFINITIONAL_REPRESENTATION('',(#9203),#9207);
#9203 = LINE('',#9204,#9205);
#9204 = CARTESIAN_POINT('',(0.,-150.));
#9205 = VECTOR('',#9206,1.);
#9206 = DIRECTION('',(1.,0.));
#9207 = ( GEOMETRIC_REPRESENTATION_CONTEXT(2) 
PARAMETRIC_REPRESENTATION_CONTEXT() REPRESENTATION_CONTEXT('2D SPACE',''
  ) );
#9208 = ORIENTED_EDGE('',*,*,#9209,.T.);
#9209 = EDGE_CURVE('',#9182,#9210,#9212,.T.);
#9210 = VERTEX_POINT('',#9211);
#9211 = CARTESIAN_POINT('',(-200.,-150.,35.));
#9212 = SURFACE_CURVE('',#9213,(#9217,#9224),.PCURVE_S1.);
#9213 = LINE('',#9214,#9215);
#9214 = CARTESIAN_POINT('',(-200.,-150.,0.));
#9215 = VECTOR('',#9216,1.);
#9216 = DIRECTION('',(0.,0.,1.));
#9217 = PCURVE('',#9101,#9218);
#9218 = DEFINITIONAL_REPRESENTATION('',(#9219),#9223);
#9219 = LINE('',#9220,#9221);
#9220 = CARTESIAN_POINT('',(-400.,35.));
#9221 = VECTOR('',#9222,1.);
#9222 = DIRECTION('',(0.,-1.));
#9223 = ( GEOMETRIC_REPRESENTATION_CONTEXT(2) 
PARAMETRIC_REPRESENTATION_CONTEXT() REPRESENTATION_CONTEXT('2D SPACE',''
  ) );
#9224 = PCURVE('',#9225,#9230);
#9225 = PLANE('',#9226);
#9226 = AXIS2_PLACEMENT_3D('',#9227,#9228,#9229);
#9227 = CARTESIAN_POINT('',(-200.,-150.,0.));
#9228 = DIRECTION('',(-1.,0.,0.));
#9229 = DIRECTION('',(0.,1.,0.));
#9230 = DEFINITIONAL_REPRESENTATION('',(#9231),#9235);
#9231 = LINE('',#9232,#9233);
#9232 = CARTESIAN_POINT('',(0.,0.));
#9233 = VECTOR('',#9234,1.);
#9234 = DIRECTION('',(0.,-1.));
#9235 = ( GEOMETRIC_REPRESENTATION_CONTEXT(2) 
PARAMETRIC_REPRESENTATION_CONTEXT() REPRESENTATION_CONTEXT('2D SPACE',''
  ) );
#9236 = ORIENTED_EDGE('',*,*,#9237,.F.);
#9237 = EDGE_CURVE('',#9238,#9210,#9240,.T.);
#9238 = VERTEX_POINT('',#9239);
#9239 = CARTESIAN_POINT('',(-240.,-150.,35.));
#9240 = SURFACE_CURVE('',#9241,(#9245,#9252),.PCURVE_S1.);
#9241 = LINE('',#9242,#9243);
#9242 = CARTESIAN_POINT('',(-220.,-150.,35.));
#9243 = VECTOR('',#9244,1.);
#9244 = DIRECTION('',(1.,0.,0.));
#9245 = PCURVE('',#9101,#9246);
#9246 = DEFINITIONAL_REPRESENTATION('',(#9247),#9251);
#9247 = LINE('',#9248,#9249);
#9248 = CARTESIAN_POINT('',(-420.,0.));
#9249 = VECTOR('',#9250,1.);
#9250 = DIRECTION('',(1.,0.));
#9251 = ( GEOMETRIC_REPRESENTATION_CONTEXT(2) 
PARAMETRIC_REPRESENTATION_CONTEXT() REPRESENTATION_CONTEXT('2D SPACE',''
  ) );
#9252 = PCURVE('',#9253,#9258);
#9253 = PLANE('',#9254);
#9254 = AXIS2_PLACEMENT_3D('',#9255,#9256,#9257);
#9255 = CARTESIAN_POINT('',(-220.,0.,35.));
#9256 = DIRECTION('',(0.,0.,1.));
#9257 = DIRECTION('',(1.,0.,0.));
#9258 = DEFINITIONAL_REPRESENTATION('',(#9259),#9263);
#9259 = LINE('',#9260,#9261);
#9260 = CARTESIAN_POINT('',(0.,-150.));
#9261 = VECTOR('',#9262,1.);
#9262 = DIRECTION('',(1.,0.));
#9263 = ( GEOMETRIC_REPRESENTATION_CONTEXT(2) 
PARAMETRIC_REPRESENTATION_CONTEXT() REPRESENTATION_CONTEXT('2D SPACE',''
  ) );
#9264 = ORIENTED_EDGE('',*,*,#9265,.T.);
#9265 = EDGE_CURVE('',#9238,#9266,#9268,.T.);
#9266 = VERTEX_POINT('',#9267);
#9267 = CARTESIAN_POINT('',(-240.,-150.,36.5));
#9268 = SURFACE_CURVE('',#9269,(#9273,#9280),.PCURVE_S1.);
#9269 = LINE('',#9270,#9271);
#9270 = CARTESIAN_POINT('',(-240.,-150.,35.));
#9271 = VECTOR('',#9272,1.);
#9272 = DIRECTION('',(0.,0.,1.));
#9273 = PCURVE('',#9101,#9274);
#9274 = DEFINITIONAL_REPRESENTATION('',(#9275),#9279);
#9275 = LINE('',#9276,#9277);
#9276 = CARTESIAN_POINT('',(-440.,0.));
#9277 = VECTOR('',#9278,1.);
#9278 = DIRECTION('',(0.,-1.));
#9279 = ( GEOMETRIC_REPRESENTATION_CONTEXT(2) 
PARAMETRIC_REPRESENTATION_CONTEXT() REPRESENTATION_CONTEXT('2D SPACE',''
  ) );
#9280 = PCURVE('',#9281,#9286);
#9281 = PLANE('',#9282);
#9282 = AXIS2_PLACEMENT_3D('',#9283,#9284,#9285);
#9283 = CARTESIAN_POINT('',(-240.,-150.,35.));
#9284 = DIRECTION('',(-1.,0.,0.));
#9285 = DIRECTION('',(0.,1.,0.));
#9286 = DEFINITIONAL_REPRESENTATION('',(#9287),#9291);
#9287 = LINE('',#9288,#9289);
#9288 = CARTESIAN_POINT('',(0.,0.));
#9289 = VECTOR('',#9290,1.);
#9290 = DIRECTION('',(0.,-1.));
#9291 = ( GEOMETRIC_REPRESENTATION_CONTEXT(2) 
PARAMETRIC_REPRESENTATION_CONTEXT() REPRESENTATION_CONTEXT('2D SPACE',''
  ) );
#9292 = ORIENTED_EDGE('',*,*,#9293,.F.);
#9293 = EDGE_CURVE('',#9093,#9266,#9294,.T.);
#9294 = SURFACE_CURVE('',#9295,(#9299,#9306),.PCURVE_S1.);
#9295 = LINE('',#9296,#9297);
#9296 = CARTESIAN_POINT('',(240.,-150.,36.5));
#9297 = VECTOR('',#9298,1.);
#9298 = DIRECTION('',(-1.,0.,0.));
#9299 = PCURVE('',#9101,#9300);
#9300 = DEFINITIONAL_REPRESENTATION('',(#9301),#9305);
#9301 = LINE('',#9302,#9303);
#9302 = CARTESIAN_POINT('',(40.,-1.5));
#9303 = VECTOR('',#9304,1.);
#9304 = DIRECTION('',(-1.,0.));
#9305 = ( GEOMETRIC_REPRESENTATION_CONTEXT(2) 
PARAMETRIC_REPRESENTATION_CONTEXT() REPRESENTATION_CONTEXT('2D SPACE',''
  ) );
#9306 = PCURVE('',#9307,#9312);
#9307 = PLANE('',#9308);
#9308 = AXIS2_PLACEMENT_3D('',#9309,#9310,#9311);
#9309 = CARTESIAN_POINT('',(220.,0.,36.5));
#9310 = DIRECTION('',(0.,0.,1.));
#9311 = DIRECTION('',(1.,0.,0.));
#9312 = DEFINITIONAL_REPRESENTATION('',(#9313),#9317);
#9313 = LINE('',#9314,#9315);
#9314 = CARTESIAN_POINT('',(20.,-150.));
#9315 = VECTOR('',#9316,1.);
#9316 = DIRECTION('',(-1.,0.));
#9317 = ( GEOMETRIC_REPRESENTATION_CONTEXT(2) 
PARAMETRIC_REPRESENTATION_CONTEXT() REPRESENTATION_CONTEXT('2D SPACE',''
  ) );
#9318 = ADVANCED_FACE('',(#9319,#9394),#9307,.T.);
#9319 = FACE_BOUND('',#9320,.T.);
#9320 = EDGE_LOOP('',(#9321,#9322,#9345,#9373));
#9321 = ORIENTED_EDGE('',*,*,#9293,.F.);
#9322 = ORIENTED_EDGE('',*,*,#9323,.T.);
#9323 = EDGE_CURVE('',#9093,#9324,#9326,.T.);
#9324 = VERTEX_POINT('',#9325);
#9325 = CARTESIAN_POINT('',(240.,150.,36.5));
#9326 = SURFACE_CURVE('',#9327,(#9331,#9338),.PCURVE_S1.);
#9327 = LINE('',#9328,#9329);
#9328 = CARTESIAN_POINT('',(240.,0.,36.5));
#9329 = VECTOR('',#9330,1.);
#9330 = DIRECTION('',(0.,1.,0.));
#9331 = PCURVE('',#9307,#9332);
#9332 = DEFINITIONAL_REPRESENTATION('',(#9333),#9337);
#9333 = LINE('',#9334,#9335);
#9334 = CARTESIAN_POINT('',(20.,0.));
#9335 = VECTOR('',#9336,1.);
#9336 = DIRECTION('',(0.,1.));
#9337 = ( GEOMETRIC_REPRESENTATION_CONTEXT(2) 
PARAMETRIC_REPRESENTATION_CONTEXT() REPRESENTATION_CONTEXT('2D SPACE',''
  ) );
#9338 = PCURVE('',#9113,#9339);
#9339 = DEFINITIONAL_REPRESENTATION('',(#9340),#9344);
#9340 = LINE('',#9341,#9342);
#9341 = CARTESIAN_POINT('',(150.,-1.5));
#9342 = VECTOR('',#9343,1.);
#9343 = DIRECTION('',(1.,0.));
#9344 = ( GEOMETRIC_REPRESENTATION_CONTEXT(2) 
PARAMETRIC_REPRESENTATION_CONTEXT() REPRESENTATION_CONTEXT('2D SPACE',''
  ) );
#9345 = ORIENTED_EDGE('',*,*,#9346,.T.);
#9346 = EDGE_CURVE('',#9324,#9347,#9349,.T.);
#9347 = VERTEX_POINT('',#9348);
#9348 = CARTESIAN_POINT('',(-240.,150.,36.5));
#9349 = SURFACE_CURVE('',#9350,(#9354,#9361),.PCURVE_S1.);
#9350 = LINE('',#9351,#9352);
#9351 = CARTESIAN_POINT('',(240.,150.,36.5));
#9352 = VECTOR('',#9353,1.);
#9353 = DIRECTION('',(-1.,0.,0.));
#9354 = PCURVE('',#9307,#9355);
#9355 = DEFINITIONAL_REPRESENTATION('',(#9356),#9360);
#9356 = LINE('',#9357,#9358);
#9357 = CARTESIAN_POINT('',(20.,150.));
#9358 = VECTOR('',#9359,1.);
#9359 = DIRECTION('',(-1.,0.));
#9360 = ( GEOMETRIC_REPRESENTATION_CONTEXT(2) 
PARAMETRIC_REPRESENTATION_CONTEXT() REPRESENTATION_CONTEXT('2D SPACE',''
  ) );
#9361 = PCURVE('',#9362,#9367);
#9362 = PLANE('',#9363);
#9363 = AXIS2_PLACEMENT_3D('',#9364,#9365,#9366);
#9364 = CARTESIAN_POINT('',(200.,150.,35.));
#9365 = DIRECTION('',(0.,1.,0.));
#9366 = DIRECTION('',(1.,0.,0.));
#9367 = DEFINITIONAL_REPRESENTATION('',(#9368),#9372);
#9368 = LINE('',#9369,#9370);
#9369 = CARTESIAN_POINT('',(40.,-1.5));
#9370 = VECTOR('',#9371,1.);
#9371 = DIRECTION('',(-1.,0.));
#9372 = ( GEOMETRIC_REPRESENTATION_CONTEXT(2) 
PARAMETRIC_REPRESENTATION_CONTEXT() REPRESENTATION_CONTEXT('2D SPACE',''
  ) );
#9373 = ORIENTED_EDGE('',*,*,#9374,.F.);
#9374 = EDGE_CURVE('',#9266,#9347,#9375,.T.);
#9375 = SURFACE_CURVE('',#9376,(#9380,#9387),.PCURVE_S1.);
#9376 = LINE('',#9377,#9378);
#9377 = CARTESIAN_POINT('',(-240.,0.,36.5));
#9378 = VECTOR('',#9379,1.);
#9379 = DIRECTION('',(0.,1.,0.));
#9380 = PCURVE('',#9307,#9381);
#9381 = DEFINITIONAL_REPRESENTATION('',(#9382),#9386);
#9382 = LINE('',#9383,#9384);
#9383 = CARTESIAN_POINT('',(-460.,0.));
#9384 = VECTOR('',#9385,1.);
#9385 = DIRECTION('',(0.,1.));
#9386 = ( GEOMETRIC_REPRESENTATION_CONTEXT(2) 
PARAMETRIC_REPRESENTATION_CONTEXT() REPRESENTATION_CONTEXT('2D SPACE',''
  ) );
#9387 = PCURVE('',#9281,#9388);
#9388 = DEFINITIONAL_REPRESENTATION('',(#9389),#9393);
#9389 = LINE('',#9390,#9391);
#9390 = CARTESIAN_POINT('',(150.,-1.5));
#9391 = VECTOR('',#9392,1.);
#9392 = DIRECTION('',(1.,0.));
#9393 = ( GEOMETRIC_REPRESENTATION_CONTEXT(2) 
PARAMETRIC_REPRESENTATION_CONTEXT() REPRESENTATION_CONTEXT('2D SPACE',''
  ) );
#9394 = FACE_BOUND('',#9395,.T.);
#9395 = EDGE_LOOP('',(#9396,#9426,#9454,#9482));
#9396 = ORIENTED_EDGE('',*,*,#9397,.T.);
#9397 = EDGE_CURVE('',#9398,#9400,#9402,.T.);
#9398 = VERTEX_POINT('',#9399);
#9399 = CARTESIAN_POINT('',(-198.5,-148.5,36.5));
#9400 = VERTEX_POINT('',#9401);
#9401 = CARTESIAN_POINT('',(-198.5,148.5,36.5));
#9402 = SURFACE_CURVE('',#9403,(#9407,#9414),.PCURVE_S1.);
#9403 = LINE('',#9404,#9405);
#9404 = CARTESIAN_POINT('',(-198.5,0.,36.5));
#9405 = VECTOR('',#9406,1.);
#9406 = DIRECTION('',(0.,1.,0.));
#9407 = PCURVE('',#9307,#9408);
#9408 = DEFINITIONAL_REPRESENTATION('',(#9409),#9413);
#9409 = LINE('',#9410,#9411);
#9410 = CARTESIAN_POINT('',(-418.5,0.));
#9411 = VECTOR('',#9412,1.);
#9412 = DIRECTION('',(0.,1.));
#9413 = ( GEOMETRIC_REPRESENTATION_CONTEXT(2) 
PARAMETRIC_REPRESENTATION_CONTEXT() REPRESENTATION_CONTEXT('2D SPACE',''
  ) );
#9414 = PCURVE('',#9415,#9420);
#9415 = PLANE('',#9416);
#9416 = AXIS2_PLACEMENT_3D('',#9417,#9418,#9419);
#9417 = CARTESIAN_POINT('',(-198.5,-148.5,0.));
#9418 = DIRECTION('',(-1.,0.,0.));
#9419 = DIRECTION('',(0.,1.,0.));
#9420 = DEFINITIONAL_REPRESENTATION('',(#9421),#9425);
#9421 = LINE('',#9422,#9423);
#9422 = CARTESIAN_POINT('',(148.5,-36.5));
#9423 = VECTOR('',#9424,1.);
#9424 = DIRECTION('',(1.,0.));
#9425 = ( GEOMETRIC_REPRESENTATION_CONTEXT(2) 
PARAMETRIC_REPRESENTATION_CONTEXT() REPRESENTATION_CONTEXT('2D SPACE',''
  ) );
#9426 = ORIENTED_EDGE('',*,*,#9427,.T.);
#9427 = EDGE_CURVE('',#9400,#9428,#9430,.T.);
#9428 = VERTEX_POINT('',#9429);
#9429 = CARTESIAN_POINT('',(198.5,148.5,36.5));
#9430 = SURFACE_CURVE('',#9431,(#9435,#9442),.PCURVE_S1.);
#9431 = LINE('',#9432,#9433);
#9432 = CARTESIAN_POINT('',(0.,148.5,36.5));
#9433 = VECTOR('',#9434,1.);
#9434 = DIRECTION('',(1.,0.,0.));
#9435 = PCURVE('',#9307,#9436);
#9436 = DEFINITIONAL_REPRESENTATION('',(#9437),#9441);
#9437 = LINE('',#9438,#9439);
#9438 = CARTESIAN_POINT('',(-220.,148.5));
#9439 = VECTOR('',#9440,1.);
#9440 = DIRECTION('',(1.,0.));
#9441 = ( GEOMETRIC_REPRESENTATION_CONTEXT(2) 
PARAMETRIC_REPRESENTATION_CONTEXT() REPRESENTATION_CONTEXT('2D SPACE',''
  ) );
#9442 = PCURVE('',#9443,#9448);
#9443 = PLANE('',#9444);
#9444 = AXIS2_PLACEMENT_3D('',#9445,#9446,#9447);
#9445 = CARTESIAN_POINT('',(-198.5,148.5,0.));
#9446 = DIRECTION('',(0.,1.,0.));
#9447 = DIRECTION('',(1.,0.,0.));
#9448 = DEFINITIONAL_REPRESENTATION('',(#9449),#9453);
#9449 = LINE('',#9450,#9451);
#9450 = CARTESIAN_POINT('',(198.5,-36.5));
#9451 = VECTOR('',#9452,1.);
#9452 = DIRECTION('',(1.,0.));
#9453 = ( GEOMETRIC_REPRESENTATION_CONTEXT(2) 
PARAMETRIC_REPRESENTATION_CONTEXT() REPRESENTATION_CONTEXT('2D SPACE',''
  ) );
#9454 = ORIENTED_EDGE('',*,*,#9455,.F.);
#9455 = EDGE_CURVE('',#9456,#9428,#9458,.T.);
#9456 = VERTEX_POINT('',#9457);
#9457 = CARTESIAN_POINT('',(198.5,-148.5,36.5));
#9458 = SURFACE_CURVE('',#9459,(#9463,#9470),.PCURVE_S1.);
#9459 = LINE('',#9460,#9461);
#9460 = CARTESIAN_POINT('',(198.5,0.,36.5));
#9461 = VECTOR('',#9462,1.);
#9462 = DIRECTION('',(0.,1.,0.));
#9463 = PCURVE('',#9307,#9464);
#9464 = DEFINITIONAL_REPRESENTATION('',(#9465),#9469);
#9465 = LINE('',#9466,#9467);
#9466 = CARTESIAN_POINT('',(-21.5,0.));
#9467 = VECTOR('',#9468,1.);
#9468 = DIRECTION('',(0.,1.));
#9469 = ( GEOMETRIC_REPRESENTATION_CONTEXT(2) 
PARAMETRIC_REPRESENTATION_CONTEXT() REPRESENTATION_CONTEXT('2D SPACE',''
  ) );
#9470 = PCURVE('',#9471,#9476);
#9471 = PLANE('',#9472);
#9472 = AXIS2_PLACEMENT_3D('',#9473,#9474,#9475);
#9473 = CARTESIAN_POINT('',(198.5,-148.5,0.));
#9474 = DIRECTION('',(-1.,0.,0.));
#9475 = DIRECTION('',(0.,1.,0.));
#9476 = DEFINITIONAL_REPRESENTATION('',(#9477),#9481);
#9477 = LINE('',#9478,#9479);
#9478 = CARTESIAN_POINT('',(148.5,-36.5));
#9479 = VECTOR('',#9480,1.);
#9480 = DIRECTION('',(1.,0.));
#9481 = ( GEOMETRIC_REPRESENTATION_CONTEXT(2) 
PARAMETRIC_REPRESENTATION_CONTEXT() REPRESENTATION_CONTEXT('2D SPACE',''
  ) );
#9482 = ORIENTED_EDGE('',*,*,#9483,.F.);
#9483 = EDGE_CURVE('',#9398,#9456,#9484,.T.);
#9484 = SURFACE_CURVE('',#9485,(#9489,#9496),.PCURVE_S1.);
#9485 = LINE('',#9486,#9487);
#9486 = CARTESIAN_POINT('',(0.,-148.5,36.5));
#9487 = VECTOR('',#9488,1.);
#9488 = DIRECTION('',(1.,0.,0.));
#9489 = PCURVE('',#9307,#9490);
#9490 = DEFINITIONAL_REPRESENTATION('',(#9491),#9495);
#9491 = LINE('',#9492,#9493);
#9492 = CARTESIAN_POINT('',(-220.,-148.5));
#9493 = VECTOR('',#9494,1.);
#9494 = DIRECTION('',(1.,0.));
#9495 = ( GEOMETRIC_REPRESENTATION_CONTEXT(2) 
PARAMETRIC_REPRESENTATION_CONTEXT() REPRESENTATION_CONTEXT('2D SPACE',''
  ) );
#9496 = PCURVE('',#9497,#9502);
#9497 = PLANE('',#9498);
#9498 = AXIS2_PLACEMENT_3D('',#9499,#9500,#9501);
#9499 = CARTESIAN_POINT('',(-198.5,-148.5,0.));
#9500 = DIRECTION('',(0.,1.,0.));
#9501 = DIRECTION('',(1.,0.,0.));
#9502 = DEFINITIONAL_REPRESENTATION('',(#9503),#9507);
#9503 = LINE('',#9504,#9505);
#9504 = CARTESIAN_POINT('',(198.5,-36.5));
#9505 = VECTOR('',#9506,1.);
#9506 = DIRECTION('',(1.,0.));
#9507 = ( GEOMETRIC_REPRESENTATION_CONTEXT(2) 
PARAMETRIC_REPRESENTATION_CONTEXT() REPRESENTATION_CONTEXT('2D SPACE',''
  ) );
#9508 = ADVANCED_FACE('',(#9509),#9497,.T.);
#9509 = FACE_BOUND('',#9510,.T.);
#9510 = EDGE_LOOP('',(#9511,#9534,#9535,#9558));
#9511 = ORIENTED_EDGE('',*,*,#9512,.T.);
#9512 = EDGE_CURVE('',#9513,#9398,#9515,.T.);
#9513 = VERTEX_POINT('',#9514);
#9514 = CARTESIAN_POINT('',(-198.5,-148.5,0.));
#9515 = SURFACE_CURVE('',#9516,(#9520,#9527),.PCURVE_S1.);
#9516 = LINE('',#9517,#9518);
#9517 = CARTESIAN_POINT('',(-198.5,-148.5,0.));
#9518 = VECTOR('',#9519,1.);
#9519 = DIRECTION('',(0.,0.,1.));
#9520 = PCURVE('',#9497,#9521);
#9521 = DEFINITIONAL_REPRESENTATION('',(#9522),#9526);
#9522 = LINE('',#9523,#9524);
#9523 = CARTESIAN_POINT('',(0.,0.));
#9524 = VECTOR('',#9525,1.);
#9525 = DIRECTION('',(0.,-1.));
#9526 = ( GEOMETRIC_REPRESENTATION_CONTEXT(2) 
PARAMETRIC_REPRESENTATION_CONTEXT() REPRESENTATION_CONTEXT('2D SPACE',''
  ) );
#9527 = PCURVE('',#9415,#9528);
#9528 = DEFINITIONAL_REPRESENTATION('',(#9529),#9533);
#9529 = LINE('',#9530,#9531);
#9530 = CARTESIAN_POINT('',(0.,0.));
#9531 = VECTOR('',#9532,1.);
#9532 = DIRECTION('',(0.,-1.));
#9533 = ( GEOMETRIC_REPRESENTATION_CONTEXT(2) 
PARAMETRIC_REPRESENTATION_CONTEXT() REPRESENTATION_CONTEXT('2D SPACE',''
  ) );
#9534 = ORIENTED_EDGE('',*,*,#9483,.T.);
#9535 = ORIENTED_EDGE('',*,*,#9536,.F.);
#9536 = EDGE_CURVE('',#9537,#9456,#9539,.T.);
#9537 = VERTEX_POINT('',#9538);
#9538 = CARTESIAN_POINT('',(198.5,-148.5,0.));
#9539 = SURFACE_CURVE('',#9540,(#9544,#9551),.PCURVE_S1.);
#9540 = LINE('',#9541,#9542);
#9541 = CARTESIAN_POINT('',(198.5,-148.5,0.));
#9542 = VECTOR('',#9543,1.);
#9543 = DIRECTION('',(0.,0.,1.));
#9544 = PCURVE('',#9497,#9545);
#9545 = DEFINITIONAL_REPRESENTATION('',(#9546),#9550);
#9546 = LINE('',#9547,#9548);
#9547 = CARTESIAN_POINT('',(397.,0.));
#9548 = VECTOR('',#9549,1.);
#9549 = DIRECTION('',(0.,-1.));
#9550 = ( GEOMETRIC_REPRESENTATION_CONTEXT(2) 
PARAMETRIC_REPRESENTATION_CONTEXT() REPRESENTATION_CONTEXT('2D SPACE',''
  ) );
#9551 = PCURVE('',#9471,#9552);
#9552 = DEFINITIONAL_REPRESENTATION('',(#9553),#9557);
#9553 = LINE('',#9554,#9555);
#9554 = CARTESIAN_POINT('',(0.,0.));
#9555 = VECTOR('',#9556,1.);
#9556 = DIRECTION('',(0.,-1.));
#9557 = ( GEOMETRIC_REPRESENTATION_CONTEXT(2) 
PARAMETRIC_REPRESENTATION_CONTEXT() REPRESENTATION_CONTEXT('2D SPACE',''
  ) );
#9558 = ORIENTED_EDGE('',*,*,#9559,.F.);
#9559 = EDGE_CURVE('',#9513,#9537,#9560,.T.);
#9560 = SURFACE_CURVE('',#9561,(#9565,#9572),.PCURVE_S1.);
#9561 = LINE('',#9562,#9563);
#9562 = CARTESIAN_POINT('',(0.,-148.5,0.));
#9563 = VECTOR('',#9564,1.);
#9564 = DIRECTION('',(1.,0.,0.));
#9565 = PCURVE('',#9497,#9566);
#9566 = DEFINITIONAL_REPRESENTATION('',(#9567),#9571);
#9567 = LINE('',#9568,#9569);
#9568 = CARTESIAN_POINT('',(198.5,0.));
#9569 = VECTOR('',#9570,1.);
#9570 = DIRECTION('',(1.,0.));
#9571 = ( GEOMETRIC_REPRESENTATION_CONTEXT(2) 
PARAMETRIC_REPRESENTATION_CONTEXT() REPRESENTATION_CONTEXT('2D SPACE',''
  ) );
#9572 = PCURVE('',#9197,#9573);
#9573 = DEFINITIONAL_REPRESENTATION('',(#9574),#9578);
#9574 = LINE('',#9575,#9576);
#9575 = CARTESIAN_POINT('',(0.,-148.5));
#9576 = VECTOR('',#9577,1.);
#9577 = DIRECTION('',(1.,0.));
#9578 = ( GEOMETRIC_REPRESENTATION_CONTEXT(2) 
PARAMETRIC_REPRESENTATION_CONTEXT() REPRESENTATION_CONTEXT('2D SPACE',''
  ) );
#9579 = ADVANCED_FACE('',(#9580),#9471,.T.);
#9580 = FACE_BOUND('',#9581,.T.);
#9581 = EDGE_LOOP('',(#9582,#9583,#9584,#9607));
#9582 = ORIENTED_EDGE('',*,*,#9536,.T.);
#9583 = ORIENTED_EDGE('',*,*,#9455,.T.);
#9584 = ORIENTED_EDGE('',*,*,#9585,.F.);
#9585 = EDGE_CURVE('',#9586,#9428,#9588,.T.);
#9586 = VERTEX_POINT('',#9587);
#9587 = CARTESIAN_POINT('',(198.5,148.5,0.));
#9588 = SURFACE_CURVE('',#9589,(#9593,#9600),.PCURVE_S1.);
#9589 = LINE('',#9590,#9591);
#9590 = CARTESIAN_POINT('',(198.5,148.5,0.));
#9591 = VECTOR('',#9592,1.);
#9592 = DIRECTION('',(0.,0.,1.));
#9593 = PCURVE('',#9471,#9594);
#9594 = DEFINITIONAL_REPRESENTATION('',(#9595),#9599);
#9595 = LINE('',#9596,#9597);
#9596 = CARTESIAN_POINT('',(297.,0.));
#9597 = VECTOR('',#9598,1.);
#9598 = DIRECTION('',(0.,-1.));
#9599 = ( GEOMETRIC_REPRESENTATION_CONTEXT(2) 
PARAMETRIC_REPRESENTATION_CONTEXT() REPRESENTATION_CONTEXT('2D SPACE',''
  ) );
#9600 = PCURVE('',#9443,#9601);
#9601 = DEFINITIONAL_REPRESENTATION('',(#9602),#9606);
#9602 = LINE('',#9603,#9604);
#9603 = CARTESIAN_POINT('',(397.,0.));
#9604 = VECTOR('',#9605,1.);
#9605 = DIRECTION('',(0.,-1.));
#9606 = ( GEOMETRIC_REPRESENTATION_CONTEXT(2) 
PARAMETRIC_REPRESENTATION_CONTEXT() REPRESENTATION_CONTEXT('2D SPACE',''
  ) );
#9607 = ORIENTED_EDGE('',*,*,#9608,.F.);
#9608 = EDGE_CURVE('',#9537,#9586,#9609,.T.);
#9609 = SURFACE_CURVE('',#9610,(#9614,#9621),.PCURVE_S1.);
#9610 = LINE('',#9611,#9612);
#9611 = CARTESIAN_POINT('',(198.5,0.,0.));
#9612 = VECTOR('',#9613,1.);
#9613 = DIRECTION('',(0.,1.,0.));
#9614 = PCURVE('',#9471,#9615);
#9615 = DEFINITIONAL_REPRESENTATION('',(#9616),#9620);
#9616 = LINE('',#9617,#9618);
#9617 = CARTESIAN_POINT('',(148.5,0.));
#9618 = VECTOR('',#9619,1.);
#9619 = DIRECTION('',(1.,0.));
#9620 = ( GEOMETRIC_REPRESENTATION_CONTEXT(2) 
PARAMETRIC_REPRESENTATION_CONTEXT() REPRESENTATION_CONTEXT('2D SPACE',''
  ) );
#9621 = PCURVE('',#9197,#9622);
#9622 = DEFINITIONAL_REPRESENTATION('',(#9623),#9627);
#9623 = LINE('',#9624,#9625);
#9624 = CARTESIAN_POINT('',(198.5,0.));
#9625 = VECTOR('',#9626,1.);
#9626 = DIRECTION('',(0.,1.));
#9627 = ( GEOMETRIC_REPRESENTATION_CONTEXT(2) 
PARAMETRIC_REPRESENTATION_CONTEXT() REPRESENTATION_CONTEXT('2D SPACE',''
  ) );
#9628 = ADVANCED_FACE('',(#9629),#9443,.F.);
#9629 = FACE_BOUND('',#9630,.F.);
#9630 = EDGE_LOOP('',(#9631,#9654,#9655,#9656));
#9631 = ORIENTED_EDGE('',*,*,#9632,.T.);
#9632 = EDGE_CURVE('',#9633,#9400,#9635,.T.);
#9633 = VERTEX_POINT('',#9634);
#9634 = CARTESIAN_POINT('',(-198.5,148.5,0.));
#9635 = SURFACE_CURVE('',#9636,(#9640,#9647),.PCURVE_S1.);
#9636 = LINE('',#9637,#9638);
#9637 = CARTESIAN_POINT('',(-198.5,148.5,0.));
#9638 = VECTOR('',#9639,1.);
#9639 = DIRECTION('',(0.,0.,1.));
#9640 = PCURVE('',#9443,#9641);
#9641 = DEFINITIONAL_REPRESENTATION('',(#9642),#9646);
#9642 = LINE('',#9643,#9644);
#9643 = CARTESIAN_POINT('',(0.,0.));
#9644 = VECTOR('',#9645,1.);
#9645 = DIRECTION('',(0.,-1.));
#9646 = ( GEOMETRIC_REPRESENTATION_CONTEXT(2) 
PARAMETRIC_REPRESENTATION_CONTEXT() REPRESENTATION_CONTEXT('2D SPACE',''
  ) );
#9647 = PCURVE('',#9415,#9648);
#9648 = DEFINITIONAL_REPRESENTATION('',(#9649),#9653);
#9649 = LINE('',#9650,#9651);
#9650 = CARTESIAN_POINT('',(297.,0.));
#9651 = VECTOR('',#9652,1.);
#9652 = DIRECTION('',(0.,-1.));
#9653 = ( GEOMETRIC_REPRESENTATION_CONTEXT(2) 
PARAMETRIC_REPRESENTATION_CONTEXT() REPRESENTATION_CONTEXT('2D SPACE',''
  ) );
#9654 = ORIENTED_EDGE('',*,*,#9427,.T.);
#9655 = ORIENTED_EDGE('',*,*,#9585,.F.);
#9656 = ORIENTED_EDGE('',*,*,#9657,.F.);
#9657 = EDGE_CURVE('',#9633,#9586,#9658,.T.);
#9658 = SURFACE_CURVE('',#9659,(#9663,#9670),.PCURVE_S1.);
#9659 = LINE('',#9660,#9661);
#9660 = CARTESIAN_POINT('',(0.,148.5,0.));
#9661 = VECTOR('',#9662,1.);
#9662 = DIRECTION('',(1.,0.,0.));
#9663 = PCURVE('',#9443,#9664);
#9664 = DEFINITIONAL_REPRESENTATION('',(#9665),#9669);
#9665 = LINE('',#9666,#9667);
#9666 = CARTESIAN_POINT('',(198.5,0.));
#9667 = VECTOR('',#9668,1.);
#9668 = DIRECTION('',(1.,0.));
#9669 = ( GEOMETRIC_REPRESENTATION_CONTEXT(2) 
PARAMETRIC_REPRESENTATION_CONTEXT() REPRESENTATION_CONTEXT('2D SPACE',''
  ) );
#9670 = PCURVE('',#9197,#9671);
#9671 = DEFINITIONAL_REPRESENTATION('',(#9672),#9676);
#9672 = LINE('',#9673,#9674);
#9673 = CARTESIAN_POINT('',(0.,148.5));
#9674 = VECTOR('',#9675,1.);
#9675 = DIRECTION('',(1.,0.));
#9676 = ( GEOMETRIC_REPRESENTATION_CONTEXT(2) 
PARAMETRIC_REPRESENTATION_CONTEXT() REPRESENTATION_CONTEXT('2D SPACE',''
  ) );
#9677 = ADVANCED_FACE('',(#9678),#9415,.F.);
#9678 = FACE_BOUND('',#9679,.F.);
#9679 = EDGE_LOOP('',(#9680,#9681,#9682,#9683));
#9680 = ORIENTED_EDGE('',*,*,#9512,.T.);
#9681 = ORIENTED_EDGE('',*,*,#9397,.T.);
#9682 = ORIENTED_EDGE('',*,*,#9632,.F.);
#9683 = ORIENTED_EDGE('',*,*,#9684,.F.);
#9684 = EDGE_CURVE('',#9513,#9633,#9685,.T.);
#9685 = SURFACE_CURVE('',#9686,(#9690,#9697),.PCURVE_S1.);
#9686 = LINE('',#9687,#9688);
#9687 = CARTESIAN_POINT('',(-198.5,0.,0.));
#9688 = VECTOR('',#9689,1.);
#9689 = DIRECTION('',(0.,1.,0.));
#9690 = PCURVE('',#9415,#9691);
#9691 = DEFINITIONAL_REPRESENTATION('',(#9692),#9696);
#9692 = LINE('',#9693,#9694);
#9693 = CARTESIAN_POINT('',(148.5,0.));
#9694 = VECTOR('',#9695,1.);
#9695 = DIRECTION('',(1.,0.));
#9696 = ( GEOMETRIC_REPRESENTATION_CONTEXT(2) 
PARAMETRIC_REPRESENTATION_CONTEXT() REPRESENTATION_CONTEXT('2D SPACE',''
  ) );
#9697 = PCURVE('',#9197,#9698);
#9698 = DEFINITIONAL_REPRESENTATION('',(#9699),#9703);
#9699 = LINE('',#9700,#9701);
#9700 = CARTESIAN_POINT('',(-198.5,0.));
#9701 = VECTOR('',#9702,1.);
#9702 = DIRECTION('',(0.,1.));
#9703 = ( GEOMETRIC_REPRESENTATION_CONTEXT(2) 
PARAMETRIC_REPRESENTATION_CONTEXT() REPRESENTATION_CONTEXT('2D SPACE',''
  ) );
#9704 = ADVANCED_FACE('',(#9705),#9362,.T.);
#9705 = FACE_BOUND('',#9706,.T.);
#9706 = EDGE_LOOP('',(#9707,#9730,#9753,#9776,#9799,#9822,#9845,#9866));
#9707 = ORIENTED_EDGE('',*,*,#9708,.F.);
#9708 = EDGE_CURVE('',#9709,#9324,#9711,.T.);
#9709 = VERTEX_POINT('',#9710);
#9710 = CARTESIAN_POINT('',(240.,150.,35.));
#9711 = SURFACE_CURVE('',#9712,(#9716,#9723),.PCURVE_S1.);
#9712 = LINE('',#9713,#9714);
#9713 = CARTESIAN_POINT('',(240.,150.,35.));
#9714 = VECTOR('',#9715,1.);
#9715 = DIRECTION('',(0.,0.,1.));
#9716 = PCURVE('',#9362,#9717);
#9717 = DEFINITIONAL_REPRESENTATION('',(#9718),#9722);
#9718 = LINE('',#9719,#9720);
#9719 = CARTESIAN_POINT('',(40.,0.));
#9720 = VECTOR('',#9721,1.);
#9721 = DIRECTION('',(0.,-1.));
#9722 = ( GEOMETRIC_REPRESENTATION_CONTEXT(2) 
PARAMETRIC_REPRESENTATION_CONTEXT() REPRESENTATION_CONTEXT('2D SPACE',''
  ) );
#9723 = PCURVE('',#9113,#9724);
#9724 = DEFINITIONAL_REPRESENTATION('',(#9725),#9729);
#9725 = LINE('',#9726,#9727);
#9726 = CARTESIAN_POINT('',(300.,0.));
#9727 = VECTOR('',#9728,1.);
#9728 = DIRECTION('',(0.,-1.));
#9729 = ( GEOMETRIC_REPRESENTATION_CONTEXT(2) 
PARAMETRIC_REPRESENTATION_CONTEXT() REPRESENTATION_CONTEXT('2D SPACE',''
  ) );
#9730 = ORIENTED_EDGE('',*,*,#9731,.F.);
#9731 = EDGE_CURVE('',#9732,#9709,#9734,.T.);
#9732 = VERTEX_POINT('',#9733);
#9733 = CARTESIAN_POINT('',(200.,150.,35.));
#9734 = SURFACE_CURVE('',#9735,(#9739,#9746),.PCURVE_S1.);
#9735 = LINE('',#9736,#9737);
#9736 = CARTESIAN_POINT('',(220.,150.,35.));
#9737 = VECTOR('',#9738,1.);
#9738 = DIRECTION('',(1.,0.,0.));
#9739 = PCURVE('',#9362,#9740);
#9740 = DEFINITIONAL_REPRESENTATION('',(#9741),#9745);
#9741 = LINE('',#9742,#9743);
#9742 = CARTESIAN_POINT('',(20.,0.));
#9743 = VECTOR('',#9744,1.);
#9744 = DIRECTION('',(1.,0.));
#9745 = ( GEOMETRIC_REPRESENTATION_CONTEXT(2) 
PARAMETRIC_REPRESENTATION_CONTEXT() REPRESENTATION_CONTEXT('2D SPACE',''
  ) );
#9746 = PCURVE('',#9141,#9747);
#9747 = DEFINITIONAL_REPRESENTATION('',(#9748),#9752);
#9748 = LINE('',#9749,#9750);
#9749 = CARTESIAN_POINT('',(0.,150.));
#9750 = VECTOR('',#9751,1.);
#9751 = DIRECTION('',(1.,0.));
#9752 = ( GEOMETRIC_REPRESENTATION_CONTEXT(2) 
PARAMETRIC_REPRESENTATION_CONTEXT() REPRESENTATION_CONTEXT('2D SPACE',''
  ) );
#9753 = ORIENTED_EDGE('',*,*,#9754,.F.);
#9754 = EDGE_CURVE('',#9755,#9732,#9757,.T.);
#9755 = VERTEX_POINT('',#9756);
#9756 = CARTESIAN_POINT('',(200.,150.,0.));
#9757 = SURFACE_CURVE('',#9758,(#9762,#9769),.PCURVE_S1.);
#9758 = LINE('',#9759,#9760);
#9759 = CARTESIAN_POINT('',(200.,150.,0.));
#9760 = VECTOR('',#9761,1.);
#9761 = DIRECTION('',(0.,0.,1.));
#9762 = PCURVE('',#9362,#9763);
#9763 = DEFINITIONAL_REPRESENTATION('',(#9764),#9768);
#9764 = LINE('',#9765,#9766);
#9765 = CARTESIAN_POINT('',(0.,35.));
#9766 = VECTOR('',#9767,1.);
#9767 = DIRECTION('',(0.,-1.));
#9768 = ( GEOMETRIC_REPRESENTATION_CONTEXT(2) 
PARAMETRIC_REPRESENTATION_CONTEXT() REPRESENTATION_CONTEXT('2D SPACE',''
  ) );
#9769 = PCURVE('',#9169,#9770);
#9770 = DEFINITIONAL_REPRESENTATION('',(#9771),#9775);
#9771 = LINE('',#9772,#9773);
#9772 = CARTESIAN_POINT('',(300.,0.));
#9773 = VECTOR('',#9774,1.);
#9774 = DIRECTION('',(0.,-1.));
#9775 = ( GEOMETRIC_REPRESENTATION_CONTEXT(2) 
PARAMETRIC_REPRESENTATION_CONTEXT() REPRESENTATION_CONTEXT('2D SPACE',''
  ) );
#9776 = ORIENTED_EDGE('',*,*,#9777,.F.);
#9777 = EDGE_CURVE('',#9778,#9755,#9780,.T.);
#9778 = VERTEX_POINT('',#9779);
#9779 = CARTESIAN_POINT('',(-200.,150.,0.));
#9780 = SURFACE_CURVE('',#9781,(#9785,#9792),.PCURVE_S1.);
#9781 = LINE('',#9782,#9783);
#9782 = CARTESIAN_POINT('',(0.,150.,0.));
#9783 = VECTOR('',#9784,1.);
#9784 = DIRECTION('',(1.,0.,0.));
#9785 = PCURVE('',#9362,#9786);
#9786 = DEFINITIONAL_REPRESENTATION('',(#9787),#9791);
#9787 = LINE('',#9788,#9789);
#9788 = CARTESIAN_POINT('',(-200.,35.));
#9789 = VECTOR('',#9790,1.);
#9790 = DIRECTION('',(1.,0.));
#9791 = ( GEOMETRIC_REPRESENTATION_CONTEXT(2) 
PARAMETRIC_REPRESENTATION_CONTEXT() REPRESENTATION_CONTEXT('2D SPACE',''
  ) );
#9792 = PCURVE('',#9197,#9793);
#9793 = DEFINITIONAL_REPRESENTATION('',(#9794),#9798);
#9794 = LINE('',#9795,#9796);
#9795 = CARTESIAN_POINT('',(0.,150.));
#9796 = VECTOR('',#9797,1.);
#9797 = DIRECTION('',(1.,0.));
#9798 = ( GEOMETRIC_REPRESENTATION_CONTEXT(2) 
PARAMETRIC_REPRESENTATION_CONTEXT() REPRESENTATION_CONTEXT('2D SPACE',''
  ) );
#9799 = ORIENTED_EDGE('',*,*,#9800,.T.);
#9800 = EDGE_CURVE('',#9778,#9801,#9803,.T.);
#9801 = VERTEX_POINT('',#9802);
#9802 = CARTESIAN_POINT('',(-200.,150.,35.));
#9803 = SURFACE_CURVE('',#9804,(#9808,#9815),.PCURVE_S1.);
#9804 = LINE('',#9805,#9806);
#9805 = CARTESIAN_POINT('',(-200.,150.,0.));
#9806 = VECTOR('',#9807,1.);
#9807 = DIRECTION('',(0.,0.,1.));
#9808 = PCURVE('',#9362,#9809);
#9809 = DEFINITIONAL_REPRESENTATION('',(#9810),#9814);
#9810 = LINE('',#9811,#9812);
#9811 = CARTESIAN_POINT('',(-400.,35.));
#9812 = VECTOR('',#9813,1.);
#9813 = DIRECTION('',(0.,-1.));
#9814 = ( GEOMETRIC_REPRESENTATION_CONTEXT(2) 
PARAMETRIC_REPRESENTATION_CONTEXT() REPRESENTATION_CONTEXT('2D SPACE',''
  ) );
#9815 = PCURVE('',#9225,#9816);
#9816 = DEFINITIONAL_REPRESENTATION('',(#9817),#9821);
#9817 = LINE('',#9818,#9819);
#9818 = CARTESIAN_POINT('',(300.,0.));
#9819 = VECTOR('',#9820,1.);
#9820 = DIRECTION('',(0.,-1.));
#9821 = ( GEOMETRIC_REPRESENTATION_CONTEXT(2) 
PARAMETRIC_REPRESENTATION_CONTEXT() REPRESENTATION_CONTEXT('2D SPACE',''
  ) );
#9822 = ORIENTED_EDGE('',*,*,#9823,.F.);
#9823 = EDGE_CURVE('',#9824,#9801,#9826,.T.);
#9824 = VERTEX_POINT('',#9825);
#9825 = CARTESIAN_POINT('',(-240.,150.,35.));
#9826 = SURFACE_CURVE('',#9827,(#9831,#9838),.PCURVE_S1.);
#9827 = LINE('',#9828,#9829);
#9828 = CARTESIAN_POINT('',(-220.,150.,35.));
#9829 = VECTOR('',#9830,1.);
#9830 = DIRECTION('',(1.,0.,0.));
#9831 = PCURVE('',#9362,#9832);
#9832 = DEFINITIONAL_REPRESENTATION('',(#9833),#9837);
#9833 = LINE('',#9834,#9835);
#9834 = CARTESIAN_POINT('',(-420.,0.));
#9835 = VECTOR('',#9836,1.);
#9836 = DIRECTION('',(1.,0.));
#9837 = ( GEOMETRIC_REPRESENTATION_CONTEXT(2) 
PARAMETRIC_REPRESENTATION_CONTEXT() REPRESENTATION_CONTEXT('2D SPACE',''
  ) );
#9838 = PCURVE('',#9253,#9839);
#9839 = DEFINITIONAL_REPRESENTATION('',(#9840),#9844);
#9840 = LINE('',#9841,#9842);
#9841 = CARTESIAN_POINT('',(0.,150.));
#9842 = VECTOR('',#9843,1.);
#9843 = DIRECTION('',(1.,0.));
#9844 = ( GEOMETRIC_REPRESENTATION_CONTEXT(2) 
PARAMETRIC_REPRESENTATION_CONTEXT() REPRESENTATION_CONTEXT('2D SPACE',''
  ) );
#9845 = ORIENTED_EDGE('',*,*,#9846,.T.);
#9846 = EDGE_CURVE('',#9824,#9347,#9847,.T.);
#9847 = SURFACE_CURVE('',#9848,(#9852,#9859),.PCURVE_S1.);
#9848 = LINE('',#9849,#9850);
#9849 = CARTESIAN_POINT('',(-240.,150.,35.));
#9850 = VECTOR('',#9851,1.);
#9851 = DIRECTION('',(0.,0.,1.));
#9852 = PCURVE('',#9362,#9853);
#9853 = DEFINITIONAL_REPRESENTATION('',(#9854),#9858);
#9854 = LINE('',#9855,#9856);
#9855 = CARTESIAN_POINT('',(-440.,0.));
#9856 = VECTOR('',#9857,1.);
#9857 = DIRECTION('',(0.,-1.));
#9858 = ( GEOMETRIC_REPRESENTATION_CONTEXT(2) 
PARAMETRIC_REPRESENTATION_CONTEXT() REPRESENTATION_CONTEXT('2D SPACE',''
  ) );
#9859 = PCURVE('',#9281,#9860);
#9860 = DEFINITIONAL_REPRESENTATION('',(#9861),#9865);
#9861 = LINE('',#9862,#9863);
#9862 = CARTESIAN_POINT('',(300.,0.));
#9863 = VECTOR('',#9864,1.);
#9864 = DIRECTION('',(0.,-1.));
#9865 = ( GEOMETRIC_REPRESENTATION_CONTEXT(2) 
PARAMETRIC_REPRESENTATION_CONTEXT() REPRESENTATION_CONTEXT('2D SPACE',''
  ) );
#9866 = ORIENTED_EDGE('',*,*,#9346,.F.);
#9867 = ADVANCED_FACE('',(#9868),#9281,.T.);
#9868 = FACE_BOUND('',#9869,.T.);
#9869 = EDGE_LOOP('',(#9870,#9871,#9872,#9873));
#9870 = ORIENTED_EDGE('',*,*,#9265,.T.);
#9871 = ORIENTED_EDGE('',*,*,#9374,.T.);
#9872 = ORIENTED_EDGE('',*,*,#9846,.F.);
#9873 = ORIENTED_EDGE('',*,*,#9874,.F.);
#9874 = EDGE_CURVE('',#9238,#9824,#9875,.T.);
#9875 = SURFACE_CURVE('',#9876,(#9880,#9887),.PCURVE_S1.);
#9876 = LINE('',#9877,#9878);
#9877 = CARTESIAN_POINT('',(-240.,0.,35.));
#9878 = VECTOR('',#9879,1.);
#9879 = DIRECTION('',(0.,1.,0.));
#9880 = PCURVE('',#9281,#9881);
#9881 = DEFINITIONAL_REPRESENTATION('',(#9882),#9886);
#9882 = LINE('',#9883,#9884);
#9883 = CARTESIAN_POINT('',(150.,0.));
#9884 = VECTOR('',#9885,1.);
#9885 = DIRECTION('',(1.,0.));
#9886 = ( GEOMETRIC_REPRESENTATION_CONTEXT(2) 
PARAMETRIC_REPRESENTATION_CONTEXT() REPRESENTATION_CONTEXT('2D SPACE',''
  ) );
#9887 = PCURVE('',#9253,#9888);
#9888 = DEFINITIONAL_REPRESENTATION('',(#9889),#9893);
#9889 = LINE('',#9890,#9891);
#9890 = CARTESIAN_POINT('',(-20.,0.));
#9891 = VECTOR('',#9892,1.);
#9892 = DIRECTION('',(0.,1.));
#9893 = ( GEOMETRIC_REPRESENTATION_CONTEXT(2) 
PARAMETRIC_REPRESENTATION_CONTEXT() REPRESENTATION_CONTEXT('2D SPACE',''
  ) );
#9894 = ADVANCED_FACE('',(#9895),#9253,.F.);
#9895 = FACE_BOUND('',#9896,.F.);
#9896 = EDGE_LOOP('',(#9897,#9898,#9899,#9920));
#9897 = ORIENTED_EDGE('',*,*,#9874,.F.);
#9898 = ORIENTED_EDGE('',*,*,#9237,.T.);
#9899 = ORIENTED_EDGE('',*,*,#9900,.T.);
#9900 = EDGE_CURVE('',#9210,#9801,#9901,.T.);
#9901 = SURFACE_CURVE('',#9902,(#9906,#9913),.PCURVE_S1.);
#9902 = LINE('',#9903,#9904);
#9903 = CARTESIAN_POINT('',(-200.,0.,35.));
#9904 = VECTOR('',#9905,1.);
#9905 = DIRECTION('',(0.,1.,0.));
#9906 = PCURVE('',#9253,#9907);
#9907 = DEFINITIONAL_REPRESENTATION('',(#9908),#9912);
#9908 = LINE('',#9909,#9910);
#9909 = CARTESIAN_POINT('',(20.,0.));
#9910 = VECTOR('',#9911,1.);
#9911 = DIRECTION('',(0.,1.));
#9912 = ( GEOMETRIC_REPRESENTATION_CONTEXT(2) 
PARAMETRIC_REPRESENTATION_CONTEXT() REPRESENTATION_CONTEXT('2D SPACE',''
  ) );
#9913 = PCURVE('',#9225,#9914);
#9914 = DEFINITIONAL_REPRESENTATION('',(#9915),#9919);
#9915 = LINE('',#9916,#9917);
#9916 = CARTESIAN_POINT('',(150.,-35.));
#9917 = VECTOR('',#9918,1.);
#9918 = DIRECTION('',(1.,0.));
#9919 = ( GEOMETRIC_REPRESENTATION_CONTEXT(2) 
PARAMETRIC_REPRESENTATION_CONTEXT() REPRESENTATION_CONTEXT('2D SPACE',''
  ) );
#9920 = ORIENTED_EDGE('',*,*,#9823,.F.);
#9921 = ADVANCED_FACE('',(#9922),#9225,.T.);
#9922 = FACE_BOUND('',#9923,.T.);
#9923 = EDGE_LOOP('',(#9924,#9945,#9946,#9947));
#9924 = ORIENTED_EDGE('',*,*,#9925,.F.);
#9925 = EDGE_CURVE('',#9182,#9778,#9926,.T.);
#9926 = SURFACE_CURVE('',#9927,(#9931,#9938),.PCURVE_S1.);
#9927 = LINE('',#9928,#9929);
#9928 = CARTESIAN_POINT('',(-200.,0.,0.));
#9929 = VECTOR('',#9930,1.);
#9930 = DIRECTION('',(0.,1.,0.));
#9931 = PCURVE('',#9225,#9932);
#9932 = DEFINITIONAL_REPRESENTATION('',(#9933),#9937);
#9933 = LINE('',#9934,#9935);
#9934 = CARTESIAN_POINT('',(150.,0.));
#9935 = VECTOR('',#9936,1.);
#9936 = DIRECTION('',(1.,0.));
#9937 = ( GEOMETRIC_REPRESENTATION_CONTEXT(2) 
PARAMETRIC_REPRESENTATION_CONTEXT() REPRESENTATION_CONTEXT('2D SPACE',''
  ) );
#9938 = PCURVE('',#9197,#9939);
#9939 = DEFINITIONAL_REPRESENTATION('',(#9940),#9944);
#9940 = LINE('',#9941,#9942);
#9941 = CARTESIAN_POINT('',(-200.,0.));
#9942 = VECTOR('',#9943,1.);
#9943 = DIRECTION('',(0.,1.));
#9944 = ( GEOMETRIC_REPRESENTATION_CONTEXT(2) 
PARAMETRIC_REPRESENTATION_CONTEXT() REPRESENTATION_CONTEXT('2D SPACE',''
  ) );
#9945 = ORIENTED_EDGE('',*,*,#9209,.T.);
#9946 = ORIENTED_EDGE('',*,*,#9900,.T.);
#9947 = ORIENTED_EDGE('',*,*,#9800,.F.);
#9948 = ADVANCED_FACE('',(#9949,#9975),#9197,.F.);
#9949 = FACE_BOUND('',#9950,.F.);
#9950 = EDGE_LOOP('',(#9951,#9952,#9953,#9974));
#9951 = ORIENTED_EDGE('',*,*,#9925,.F.);
#9952 = ORIENTED_EDGE('',*,*,#9181,.T.);
#9953 = ORIENTED_EDGE('',*,*,#9954,.T.);
#9954 = EDGE_CURVE('',#9154,#9755,#9955,.T.);
#9955 = SURFACE_CURVE('',#9956,(#9960,#9967),.PCURVE_S1.);
#9956 = LINE('',#9957,#9958);
#9957 = CARTESIAN_POINT('',(200.,0.,0.));
#9958 = VECTOR('',#9959,1.);
#9959 = DIRECTION('',(0.,1.,0.));
#9960 = PCURVE('',#9197,#9961);
#9961 = DEFINITIONAL_REPRESENTATION('',(#9962),#9966);
#9962 = LINE('',#9963,#9964);
#9963 = CARTESIAN_POINT('',(200.,0.));
#9964 = VECTOR('',#9965,1.);
#9965 = DIRECTION('',(0.,1.));
#9966 = ( GEOMETRIC_REPRESENTATION_CONTEXT(2) 
PARAMETRIC_REPRESENTATION_CONTEXT() REPRESENTATION_CONTEXT('2D SPACE',''
  ) );
#9967 = PCURVE('',#9169,#9968);
#9968 = DEFINITIONAL_REPRESENTATION('',(#9969),#9973);
#9969 = LINE('',#9970,#9971);
#9970 = CARTESIAN_POINT('',(150.,0.));
#9971 = VECTOR('',#9972,1.);
#9972 = DIRECTION('',(1.,0.));
#9973 = ( GEOMETRIC_REPRESENTATION_CONTEXT(2) 
PARAMETRIC_REPRESENTATION_CONTEXT() REPRESENTATION_CONTEXT('2D SPACE',''
  ) );
#9974 = ORIENTED_EDGE('',*,*,#9777,.F.);
#9975 = FACE_BOUND('',#9976,.F.);
#9976 = EDGE_LOOP('',(#9977,#9978,#9979,#9980));
#9977 = ORIENTED_EDGE('',*,*,#9559,.F.);
#9978 = ORIENTED_EDGE('',*,*,#9684,.T.);
#9979 = ORIENTED_EDGE('',*,*,#9657,.T.);
#9980 = ORIENTED_EDGE('',*,*,#9608,.F.);
#9981 = ADVANCED_FACE('',(#9982),#9169,.F.);
#9982 = FACE_BOUND('',#9983,.F.);
#9983 = EDGE_LOOP('',(#9984,#9985,#9986,#10007));
#9984 = ORIENTED_EDGE('',*,*,#9954,.F.);
#9985 = ORIENTED_EDGE('',*,*,#9153,.T.);
#9986 = ORIENTED_EDGE('',*,*,#9987,.T.);
#9987 = EDGE_CURVE('',#9126,#9732,#9988,.T.);
#9988 = SURFACE_CURVE('',#9989,(#9993,#10000),.PCURVE_S1.);
#9989 = LINE('',#9990,#9991);
#9990 = CARTESIAN_POINT('',(200.,0.,35.));
#9991 = VECTOR('',#9992,1.);
#9992 = DIRECTION('',(0.,1.,0.));
#9993 = PCURVE('',#9169,#9994);
#9994 = DEFINITIONAL_REPRESENTATION('',(#9995),#9999);
#9995 = LINE('',#9996,#9997);
#9996 = CARTESIAN_POINT('',(150.,-35.));
#9997 = VECTOR('',#9998,1.);
#9998 = DIRECTION('',(1.,0.));
#9999 = ( GEOMETRIC_REPRESENTATION_CONTEXT(2) 
PARAMETRIC_REPRESENTATION_CONTEXT() REPRESENTATION_CONTEXT('2D SPACE',''
  ) );
#10000 = PCURVE('',#9141,#10001);
#10001 = DEFINITIONAL_REPRESENTATION('',(#10002),#10006);
#10002 = LINE('',#10003,#10004);
#10003 = CARTESIAN_POINT('',(-20.,0.));
#10004 = VECTOR('',#10005,1.);
#10005 = DIRECTION('',(0.,1.));
#10006 = ( GEOMETRIC_REPRESENTATION_CONTEXT(2) 
PARAMETRIC_REPRESENTATION_CONTEXT() REPRESENTATION_CONTEXT('2D SPACE',''
  ) );
#10007 = ORIENTED_EDGE('',*,*,#9754,.F.);
#10008 = ADVANCED_FACE('',(#10009),#9141,.F.);
#10009 = FACE_BOUND('',#10010,.F.);
#10010 = EDGE_LOOP('',(#10011,#10012,#10013,#10034));
#10011 = ORIENTED_EDGE('',*,*,#9987,.F.);
#10012 = ORIENTED_EDGE('',*,*,#9125,.T.);
#10013 = ORIENTED_EDGE('',*,*,#10014,.T.);
#10014 = EDGE_CURVE('',#9091,#9709,#10015,.T.);
#10015 = SURFACE_CURVE('',#10016,(#10020,#10027),.PCURVE_S1.);
#10016 = LINE('',#10017,#10018);
#10017 = CARTESIAN_POINT('',(240.,0.,35.));
#10018 = VECTOR('',#10019,1.);
#10019 = DIRECTION('',(0.,1.,0.));
#10020 = PCURVE('',#9141,#10021);
#10021 = DEFINITIONAL_REPRESENTATION('',(#10022),#10026);
#10022 = LINE('',#10023,#10024);
#10023 = CARTESIAN_POINT('',(20.,0.));
#10024 = VECTOR('',#10025,1.);
#10025 = DIRECTION('',(0.,1.));
#10026 = ( GEOMETRIC_REPRESENTATION_CONTEXT(2) 
PARAMETRIC_REPRESENTATION_CONTEXT() REPRESENTATION_CONTEXT('2D SPACE',''
  ) );
#10027 = PCURVE('',#9113,#10028);
#10028 = DEFINITIONAL_REPRESENTATION('',(#10029),#10033);
#10029 = LINE('',#10030,#10031);
#10030 = CARTESIAN_POINT('',(150.,0.));
#10031 = VECTOR('',#10032,1.);
#10032 = DIRECTION('',(1.,0.));
#10033 = ( GEOMETRIC_REPRESENTATION_CONTEXT(2) 
PARAMETRIC_REPRESENTATION_CONTEXT() REPRESENTATION_CONTEXT('2D SPACE',''
  ) );
#10034 = ORIENTED_EDGE('',*,*,#9731,.F.);
#10035 = ADVANCED_FACE('',(#10036),#9113,.F.);
#10036 = FACE_BOUND('',#10037,.F.);
#10037 = EDGE_LOOP('',(#10038,#10039,#10040,#10041));
#10038 = ORIENTED_EDGE('',*,*,#9090,.T.);
#10039 = ORIENTED_EDGE('',*,*,#9323,.T.);
#10040 = ORIENTED_EDGE('',*,*,#9708,.F.);
#10041 = ORIENTED_EDGE('',*,*,#10014,.F.);
#10042 = ( GEOMETRIC_REPRESENTATION_CONTEXT(3) 
GLOBAL_UNCERTAINTY_ASSIGNED_CONTEXT((#10046)) 
GLOBAL_UNIT_ASSIGNED_CONTEXT((#10043,#10044,#10045)) 
REPRESENTATION_CONTEXT('Context #1',
  '3D Context with UNIT and UNCERTAINTY') );
#10043 = ( LENGTH_UNIT() NAMED_UNIT(*) SI_UNIT(.MILLI.,.METRE.) );
#10044 = ( NAMED_UNIT(*) PLANE_ANGLE_UNIT() SI_UNIT($,.RADIAN.) );
#10045 = ( NAMED_UNIT(*) SI_UNIT($,.STERADIAN.) SOLID_ANGLE_UNIT() );
#10046 = UNCERTAINTY_MEASURE_WITH_UNIT(LENGTH_MEASURE(1.E-07),#10043,
  'distance_accuracy_value','confusion accuracy');
#10047 = CONTEXT_DEPENDENT_SHAPE_REPRESENTATION(#10048,#10050);
#10048 = ( REPRESENTATION_RELATIONSHIP('','',#9083,#10) 
REPRESENTATION_RELATIONSHIP_WITH_TRANSFORMATION(#10049) 
SHAPE_REPRESENTATION_RELATIONSHIP() );
#10049 = ITEM_DEFINED_TRANSFORMATION('','',#11,#67);
#10050 = PRODUCT_DEFINITION_SHAPE('Placement','Placement of an item',
  #10051);
#10051 = NEXT_ASSEMBLY_USAGE_OCCURRENCE('14','solid_tray_wall_1','',#5,
  #9078,$);
#10052 = PRODUCT_RELATED_PRODUCT_CATEGORY('part',$,(#9080));
#10053 = CONTEXT_DEPENDENT_SHAPE_REPRESENTATION(#10054,#10056);
#10054 = ( REPRESENTATION_RELATIONSHIP('','',#9083,#10) 
REPRESENTATION_RELATIONSHIP_WITH_TRANSFORMATION(#10055) 
SHAPE_REPRESENTATION_RELATIONSHIP() );
#10055 = ITEM_DEFINED_TRANSFORMATION('','',#11,#71);
#10056 = PRODUCT_DEFINITION_SHAPE('Placement','Placement of an item',
  #10057);
#10057 = NEXT_ASSEMBLY_USAGE_OCCURRENCE('15','solid_tray_wall_2','',#5,
  #9078,$);
#10058 = CONTEXT_DEPENDENT_SHAPE_REPRESENTATION(#10059,#10061);
#10059 = ( REPRESENTATION_RELATIONSHIP('','',#9083,#10) 
REPRESENTATION_RELATIONSHIP_WITH_TRANSFORMATION(#10060) 
SHAPE_REPRESENTATION_RELATIONSHIP() );
#10060 = ITEM_DEFINED_TRANSFORMATION('','',#11,#75);
#10061 = PRODUCT_DEFINITION_SHAPE('Placement','Placement of an item',
  #10062);
#10062 = NEXT_ASSEMBLY_USAGE_OCCURRENCE('16','solid_tray_wall_3','',#5,
  #9078,$);
#10063 = CONTEXT_DEPENDENT_SHAPE_REPRESENTATION(#10064,#10066);
#10064 = ( REPRESENTATION_RELATIONSHIP('','',#9083,#10) 
REPRESENTATION_RELATIONSHIP_WITH_TRANSFORMATION(#10065) 
SHAPE_REPRESENTATION_RELATIONSHIP() );
#10065 = ITEM_DEFINED_TRANSFORMATION('','',#11,#79);
#10066 = PRODUCT_DEFINITION_SHAPE('Placement','Placement of an item',
  #10067);
#10067 = NEXT_ASSEMBLY_USAGE_OCCURRENCE('17','solid_tray_wall_4','',#5,
  #9078,$);
#10068 = CONTEXT_DEPENDENT_SHAPE_REPRESENTATION(#10069,#10071);
#10069 = ( REPRESENTATION_RELATIONSHIP('','',#9083,#10) 
REPRESENTATION_RELATIONSHIP_WITH_TRANSFORMATION(#10070) 
SHAPE_REPRESENTATION_RELATIONSHIP() );
#10070 = ITEM_DEFINED_TRANSFORMATION('','',#11,#83);
#10071 = PRODUCT_DEFINITION_SHAPE('Placement','Placement of an item',
  #10072);
#10072 = NEXT_ASSEMBLY_USAGE_OCCURRENCE('18','solid_tray_wall_5','',#5,
  #9078,$);
#10073 = CONTEXT_DEPENDENT_SHAPE_REPRESENTATION(#10074,#10076);
#10074 = ( REPRESENTATION_RELATIONSHIP('','',#9083,#10) 
REPRESENTATION_RELATIONSHIP_WITH_TRANSFORMATION(#10075) 
SHAPE_REPRESENTATION_RELATIONSHIP() );
#10075 = ITEM_DEFINED_TRANSFORMATION('','',#11,#87);
#10076 = PRODUCT_DEFINITION_SHAPE('Placement','Placement of an item',
  #10077);
#10077 = NEXT_ASSEMBLY_USAGE_OCCURRENCE('19','solid_tray_wall_6','',#5,
  #9078,$);
#10078 = CONTEXT_DEPENDENT_SHAPE_REPRESENTATION(#10079,#10081);
#10079 = ( REPRESENTATION_RELATIONSHIP('','',#9083,#10) 
REPRESENTATION_RELATIONSHIP_WITH_TRANSFORMATION(#10080) 
SHAPE_REPRESENTATION_RELATIONSHIP() );
#10080 = ITEM_DEFINED_TRANSFORMATION('','',#11,#91);
#10081 = PRODUCT_DEFINITION_SHAPE('Placement','Placement of an item',
  #10082);
#10082 = NEXT_ASSEMBLY_USAGE_OCCURRENCE('20','solid_tray_wall_7','',#5,
  #9078,$);
#10083 = CONTEXT_DEPENDENT_SHAPE_REPRESENTATION(#10084,#10086);
#10084 = ( REPRESENTATION_RELATIONSHIP('','',#9083,#10) 
REPRESENTATION_RELATIONSHIP_WITH_TRANSFORMATION(#10085) 
SHAPE_REPRESENTATION_RELATIONSHIP() );
#10085 = ITEM_DEFINED_TRANSFORMATION('','',#11,#95);
#10086 = PRODUCT_DEFINITION_SHAPE('Placement','Placement of an item',
  #10087);
#10087 = NEXT_ASSEMBLY_USAGE_OCCURRENCE('21','solid_tray_wall_8','',#5,
  #9078,$);
#10088 = CONTEXT_DEPENDENT_SHAPE_REPRESENTATION(#10089,#10091);
#10089 = ( REPRESENTATION_RELATIONSHIP('','',#9083,#10) 
REPRESENTATION_RELATIONSHIP_WITH_TRANSFORMATION(#10090) 
SHAPE_REPRESENTATION_RELATIONSHIP() );
#10090 = ITEM_DEFINED_TRANSFORMATION('','',#11,#99);
#10091 = PRODUCT_DEFINITION_SHAPE('Placement','Placement of an item',
  #10092);
#10092 = NEXT_ASSEMBLY_USAGE_OCCURRENCE('22','solid_tray_wall_9','',#5,
  #9078,$);
#10093 = CONTEXT_DEPENDENT_SHAPE_REPRESENTATION(#10094,#10096);
#10094 = ( REPRESENTATION_RELATIONSHIP('','',#9083,#10) 
REPRESENTATION_RELATIONSHIP_WITH_TRANSFORMATION(#10095) 
SHAPE_REPRESENTATION_RELATIONSHIP() );
#10095 = ITEM_DEFINED_TRANSFORMATION('','',#11,#103);
#10096 = PRODUCT_DEFINITION_SHAPE('Placement','Placement of an item',
  #10097);
#10097 = NEXT_ASSEMBLY_USAGE_OCCURRENCE('23','solid_tray_wall_10','',#5,
  #9078,$);
#10098 = CONTEXT_DEPENDENT_SHAPE_REPRESENTATION(#10099,#10101);
#10099 = ( REPRESENTATION_RELATIONSHIP('','',#9083,#10) 
REPRESENTATION_RELATIONSHIP_WITH_TRANSFORMATION(#10100) 
SHAPE_REPRESENTATION_RELATIONSHIP() );
#10100 = ITEM_DEFINED_TRANSFORMATION('','',#11,#107);
#10101 = PRODUCT_DEFINITION_SHAPE('Placement','Placement of an item',
  #10102);
#10102 = NEXT_ASSEMBLY_USAGE_OCCURRENCE('24','solid_tray_wall_11','',#5,
  #9078,$);
#10103 = CONTEXT_DEPENDENT_SHAPE_REPRESENTATION(#10104,#10106);
#10104 = ( REPRESENTATION_RELATIONSHIP('','',#9083,#10) 
REPRESENTATION_RELATIONSHIP_WITH_TRANSFORMATION(#10105) 
SHAPE_REPRESENTATION_RELATIONSHIP() );
#10105 = ITEM_DEFINED_TRANSFORMATION('','',#11,#111);
#10106 = PRODUCT_DEFINITION_SHAPE('Placement','Placement of an item',
  #10107);
#10107 = NEXT_ASSEMBLY_USAGE_OCCURRENCE('25','solid_tray_wall_12','',#5,
  #9078,$);
#10108 = CONTEXT_DEPENDENT_SHAPE_REPRESENTATION(#10109,#10111);
#10109 = ( REPRESENTATION_RELATIONSHIP('','',#9083,#10) 
REPRESENTATION_RELATIONSHIP_WITH_TRANSFORMATION(#10110) 
SHAPE_REPRESENTATION_RELATIONSHIP() );
#10110 = ITEM_DEFINED_TRANSFORMATION('','',#11,#115);
#10111 = PRODUCT_DEFINITION_SHAPE('Placement','Placement of an item',
  #10112);
#10112 = NEXT_ASSEMBLY_USAGE_OCCURRENCE('26','solid_tray_wall_13','',#5,
  #9078,$);
#10113 = CONTEXT_DEPENDENT_SHAPE_REPRESENTATION(#10114,#10116);
#10114 = ( REPRESENTATION_RELATIONSHIP('','',#9083,#10) 
REPRESENTATION_RELATIONSHIP_WITH_TRANSFORMATION(#10115) 
SHAPE_REPRESENTATION_RELATIONSHIP() );
#10115 = ITEM_DEFINED_TRANSFORMATION('','',#11,#119);
#10116 = PRODUCT_DEFINITION_SHAPE('Placement','Placement of an item',
  #10117);
#10117 = NEXT_ASSEMBLY_USAGE_OCCURRENCE('27','solid_tray_wall_14','',#5,
  #9078,$);
#10118 = CONTEXT_DEPENDENT_SHAPE_REPRESENTATION(#10119,#10121);
#10119 = ( REPRESENTATION_RELATIONSHIP('','',#9083,#10) 
REPRESENTATION_RELATIONSHIP_WITH_TRANSFORMATION(#10120) 
SHAPE_REPRESENTATION_RELATIONSHIP() );
#10120 = ITEM_DEFINED_TRANSFORMATION('','',#11,#123);
#10121 = PRODUCT_DEFINITION_SHAPE('Placement','Placement of an item',
  #10122);
#10122 = NEXT_ASSEMBLY_USAGE_OCCURRENCE('28','solid_tray_wall_15','',#5,
  #9078,$);
#10123 = CONTEXT_DEPENDENT_SHAPE_REPRESENTATION(#10124,#10126);
#10124 = ( REPRESENTATION_RELATIONSHIP('','',#9083,#10) 
REPRESENTATION_RELATIONSHIP_WITH_TRANSFORMATION(#10125) 
SHAPE_REPRESENTATION_RELATIONSHIP() );
#10125 = ITEM_DEFINED_TRANSFORMATION('','',#11,#127);
#10126 = PRODUCT_DEFINITION_SHAPE('Placement','Placement of an item',
  #10127);
#10127 = NEXT_ASSEMBLY_USAGE_OCCURRENCE('29','solid_tray_wall_16','',#5,
  #9078,$);
#10128 = CONTEXT_DEPENDENT_SHAPE_REPRESENTATION(#10129,#10131);
#10129 = ( REPRESENTATION_RELATIONSHIP('','',#9083,#10) 
REPRESENTATION_RELATIONSHIP_WITH_TRANSFORMATION(#10130) 
SHAPE_REPRESENTATION_RELATIONSHIP() );
#10130 = ITEM_DEFINED_TRANSFORMATION('','',#11,#131);
#10131 = PRODUCT_DEFINITION_SHAPE('Placement','Placement of an item',
  #10132);
#10132 = NEXT_ASSEMBLY_USAGE_OCCURRENCE('30','solid_tray_wall_17','',#5,
  #9078,$);
#10133 = CONTEXT_DEPENDENT_SHAPE_REPRESENTATION(#10134,#10136);
#10134 = ( REPRESENTATION_RELATIONSHIP('','',#9083,#10) 
REPRESENTATION_RELATIONSHIP_WITH_TRANSFORMATION(#10135) 
SHAPE_REPRESENTATION_RELATIONSHIP() );
#10135 = ITEM_DEFINED_TRANSFORMATION('','',#11,#135);
#10136 = PRODUCT_DEFINITION_SHAPE('Placement','Placement of an item',
  #10137);
#10137 = NEXT_ASSEMBLY_USAGE_OCCURRENCE('31','solid_tray_wall_18','',#5,
  #9078,$);
#10138 = CONTEXT_DEPENDENT_SHAPE_REPRESENTATION(#10139,#10141);
#10139 = ( REPRESENTATION_RELATIONSHIP('','',#9083,#10) 
REPRESENTATION_RELATIONSHIP_WITH_TRANSFORMATION(#10140) 
SHAPE_REPRESENTATION_RELATIONSHIP() );
#10140 = ITEM_DEFINED_TRANSFORMATION('','',#11,#139);
#10141 = PRODUCT_DEFINITION_SHAPE('Placement','Placement of an item',
  #10142);
#10142 = NEXT_ASSEMBLY_USAGE_OCCURRENCE('32','solid_tray_wall_19','',#5,
  #9078,$);
#10143 = CONTEXT_DEPENDENT_SHAPE_REPRESENTATION(#10144,#10146);
#10144 = ( REPRESENTATION_RELATIONSHIP('','',#9083,#10) 
REPRESENTATION_RELATIONSHIP_WITH_TRANSFORMATION(#10145) 
SHAPE_REPRESENTATION_RELATIONSHIP() );
#10145 = ITEM_DEFINED_TRANSFORMATION('','',#11,#143);
#10146 = PRODUCT_DEFINITION_SHAPE('Placement','Placement of an item',
  #10147);
#10147 = NEXT_ASSEMBLY_USAGE_OCCURRENCE('33','solid_tray_wall_20','',#5,
  #9078,$);
#10148 = SHAPE_DEFINITION_REPRESENTATION(#10149,#10155);
#10149 = PRODUCT_DEFINITION_SHAPE('','',#10150);
#10150 = PRODUCT_DEFINITION('design','',#10151,#10154);
#10151 = PRODUCT_DEFINITION_FORMATION('','',#10152);
#10152 = PRODUCT('porous_tray_floor_20','porous_tray_floor_20','',(
    #10153));
#10153 = PRODUCT_CONTEXT('',#2,'mechanical');
#10154 = PRODUCT_DEFINITION_CONTEXT('part definition',#2,'design');
#10155 = ADVANCED_BREP_SHAPE_REPRESENTATION('',(#11,#10156),#10486);
#10156 = MANIFOLD_SOLID_BREP('',#10157);
#10157 = CLOSED_SHELL('',(#10158,#10278,#10354,#10425,#10472,#10479));
#10158 = ADVANCED_FACE('',(#10159),#10173,.T.);
#10159 = FACE_BOUND('',#10160,.T.);
#10160 = EDGE_LOOP('',(#10161,#10196,#10224,#10252));
#10161 = ORIENTED_EDGE('',*,*,#10162,.T.);
#10162 = EDGE_CURVE('',#10163,#10165,#10167,.T.);
#10163 = VERTEX_POINT('',#10164);
#10164 = CARTESIAN_POINT('',(-200.,-150.,0.));
#10165 = VERTEX_POINT('',#10166);
#10166 = CARTESIAN_POINT('',(-200.,-150.,1.5));
#10167 = SURFACE_CURVE('',#10168,(#10172,#10184),.PCURVE_S1.);
#10168 = LINE('',#10169,#10170);
#10169 = CARTESIAN_POINT('',(-200.,-150.,0.));
#10170 = VECTOR('',#10171,1.);
#10171 = DIRECTION('',(0.,0.,1.));
#10172 = PCURVE('',#10173,#10178);
#10173 = PLANE('',#10174);
#10174 = AXIS2_PLACEMENT_3D('',#10175,#10176,#10177);
#10175 = CARTESIAN_POINT('',(-200.,-150.,0.));
#10176 = DIRECTION('',(-1.,0.,0.));
#10177 = DIRECTION('',(0.,1.,0.));
#10178 = DEFINITIONAL_REPRESENTATION('',(#10179),#10183);
#10179 = LINE('',#10180,#10181);
#10180 = CARTESIAN_POINT('',(0.,0.));
#10181 = VECTOR('',#10182,1.);
#10182 = DIRECTION('',(0.,-1.));
#10183 = ( GEOMETRIC_REPRESENTATION_CONTEXT(2) 
PARAMETRIC_REPRESENTATION_CONTEXT() REPRESENTATION_CONTEXT('2D SPACE',''
  ) );
#10184 = PCURVE('',#10185,#10190);
#10185 = PLANE('',#10186);
#10186 = AXIS2_PLACEMENT_3D('',#10187,#10188,#10189);
#10187 = CARTESIAN_POINT('',(-200.,-150.,0.));
#10188 = DIRECTION('',(0.,1.,0.));
#10189 = DIRECTION('',(1.,0.,0.));
#10190 = DEFINITIONAL_REPRESENTATION('',(#10191),#10195);
#10191 = LINE('',#10192,#10193);
#10192 = CARTESIAN_POINT('',(0.,0.));
#10193 = VECTOR('',#10194,1.);
#10194 = DIRECTION('',(0.,-1.));
#10195 = ( GEOMETRIC_REPRESENTATION_CONTEXT(2) 
PARAMETRIC_REPRESENTATION_CONTEXT() REPRESENTATION_CONTEXT('2D SPACE',''
  ) );
#10196 = ORIENTED_EDGE('',*,*,#10197,.T.);
#10197 = EDGE_CURVE('',#10165,#10198,#10200,.T.);
#10198 = VERTEX_POINT('',#10199);
#10199 = CARTESIAN_POINT('',(-200.,150.,1.5));
#10200 = SURFACE_CURVE('',#10201,(#10205,#10212),.PCURVE_S1.);
#10201 = LINE('',#10202,#10203);
#10202 = CARTESIAN_POINT('',(-200.,0.,1.5));
#10203 = VECTOR('',#10204,1.);
#10204 = DIRECTION('',(0.,1.,0.));
#10205 = PCURVE('',#10173,#10206);
#10206 = DEFINITIONAL_REPRESENTATION('',(#10207),#10211);
#10207 = LINE('',#10208,#10209);
#10208 = CARTESIAN_POINT('',(150.,-1.5));
#10209 = VECTOR('',#10210,1.);
#10210 = DIRECTION('',(1.,0.));
#10211 = ( GEOMETRIC_REPRESENTATION_CONTEXT(2) 
PARAMETRIC_REPRESENTATION_CONTEXT() REPRESENTATION_CONTEXT('2D SPACE',''
  ) );
#10212 = PCURVE('',#10213,#10218);
#10213 = PLANE('',#10214);
#10214 = AXIS2_PLACEMENT_3D('',#10215,#10216,#10217);
#10215 = CARTESIAN_POINT('',(0.,0.,1.5));
#10216 = DIRECTION('',(0.,0.,1.));
#10217 = DIRECTION('',(1.,0.,0.));
#10218 = DEFINITIONAL_REPRESENTATION('',(#10219),#10223);
#10219 = LINE('',#10220,#10221);
#10220 = CARTESIAN_POINT('',(-200.,0.));
#10221 = VECTOR('',#10222,1.);
#10222 = DIRECTION('',(0.,1.));
#10223 = ( GEOMETRIC_REPRESENTATION_CONTEXT(2) 
PARAMETRIC_REPRESENTATION_CONTEXT() REPRESENTATION_CONTEXT('2D SPACE',''
  ) );
#10224 = ORIENTED_EDGE('',*,*,#10225,.F.);
#10225 = EDGE_CURVE('',#10226,#10198,#10228,.T.);
#10226 = VERTEX_POINT('',#10227);
#10227 = CARTESIAN_POINT('',(-200.,150.,0.));
#10228 = SURFACE_CURVE('',#10229,(#10233,#10240),.PCURVE_S1.);
#10229 = LINE('',#10230,#10231);
#10230 = CARTESIAN_POINT('',(-200.,150.,0.));
#10231 = VECTOR('',#10232,1.);
#10232 = DIRECTION('',(0.,0.,1.));
#10233 = PCURVE('',#10173,#10234);
#10234 = DEFINITIONAL_REPRESENTATION('',(#10235),#10239);
#10235 = LINE('',#10236,#10237);
#10236 = CARTESIAN_POINT('',(300.,0.));
#10237 = VECTOR('',#10238,1.);
#10238 = DIRECTION('',(0.,-1.));
#10239 = ( GEOMETRIC_REPRESENTATION_CONTEXT(2) 
PARAMETRIC_REPRESENTATION_CONTEXT() REPRESENTATION_CONTEXT('2D SPACE',''
  ) );
#10240 = PCURVE('',#10241,#10246);
#10241 = PLANE('',#10242);
#10242 = AXIS2_PLACEMENT_3D('',#10243,#10244,#10245);
#10243 = CARTESIAN_POINT('',(-200.,150.,0.));
#10244 = DIRECTION('',(0.,1.,0.));
#10245 = DIRECTION('',(1.,0.,0.));
#10246 = DEFINITIONAL_REPRESENTATION('',(#10247),#10251);
#10247 = LINE('',#10248,#10249);
#10248 = CARTESIAN_POINT('',(0.,0.));
#10249 = VECTOR('',#10250,1.);
#10250 = DIRECTION('',(0.,-1.));
#10251 = ( GEOMETRIC_REPRESENTATION_CONTEXT(2) 
PARAMETRIC_REPRESENTATION_CONTEXT() REPRESENTATION_CONTEXT('2D SPACE',''
  ) );
#10252 = ORIENTED_EDGE('',*,*,#10253,.F.);
#10253 = EDGE_CURVE('',#10163,#10226,#10254,.T.);
#10254 = SURFACE_CURVE('',#10255,(#10259,#10266),.PCURVE_S1.);
#10255 = LINE('',#10256,#10257);
#10256 = CARTESIAN_POINT('',(-200.,0.,0.));
#10257 = VECTOR('',#10258,1.);
#10258 = DIRECTION('',(0.,1.,0.));
#10259 = PCURVE('',#10173,#10260);
#10260 = DEFINITIONAL_REPRESENTATION('',(#10261),#10265);
#10261 = LINE('',#10262,#10263);
#10262 = CARTESIAN_POINT('',(150.,0.));
#10263 = VECTOR('',#10264,1.);
#10264 = DIRECTION('',(1.,0.));
#10265 = ( GEOMETRIC_REPRESENTATION_CONTEXT(2) 
PARAMETRIC_REPRESENTATION_CONTEXT() REPRESENTATION_CONTEXT('2D SPACE',''
  ) );
#10266 = PCURVE('',#10267,#10272);
#10267 = PLANE('',#10268);
#10268 = AXIS2_PLACEMENT_3D('',#10269,#10270,#10271);
#10269 = CARTESIAN_POINT('',(0.,0.,0.));
#10270 = DIRECTION('',(0.,0.,1.));
#10271 = DIRECTION('',(1.,0.,0.));
#10272 = DEFINITIONAL_REPRESENTATION('',(#10273),#10277);
#10273 = LINE('',#10274,#10275);
#10274 = CARTESIAN_POINT('',(-200.,0.));
#10275 = VECTOR('',#10276,1.);
#10276 = DIRECTION('',(0.,1.));
#10277 = ( GEOMETRIC_REPRESENTATION_CONTEXT(2) 
PARAMETRIC_REPRESENTATION_CONTEXT() REPRESENTATION_CONTEXT('2D SPACE',''
  ) );
#10278 = ADVANCED_FACE('',(#10279),#10185,.F.);
#10279 = FACE_BOUND('',#10280,.F.);
#10280 = EDGE_LOOP('',(#10281,#10282,#10305,#10333));
#10281 = ORIENTED_EDGE('',*,*,#10162,.T.);
#10282 = ORIENTED_EDGE('',*,*,#10283,.T.);
#10283 = EDGE_CURVE('',#10165,#10284,#10286,.T.);
#10284 = VERTEX_POINT('',#10285);
#10285 = CARTESIAN_POINT('',(200.,-150.,1.5));
#10286 = SURFACE_CURVE('',#10287,(#10291,#10298),.PCURVE_S1.);
#10287 = LINE('',#10288,#10289);
#10288 = CARTESIAN_POINT('',(0.,-150.,1.5));
#10289 = VECTOR('',#10290,1.);
#10290 = DIRECTION('',(1.,0.,0.));
#10291 = PCURVE('',#10185,#10292);
#10292 = DEFINITIONAL_REPRESENTATION('',(#10293),#10297);
#10293 = LINE('',#10294,#10295);
#10294 = CARTESIAN_POINT('',(200.,-1.5));
#10295 = VECTOR('',#10296,1.);
#10296 = DIRECTION('',(1.,0.));
#10297 = ( GEOMETRIC_REPRESENTATION_CONTEXT(2) 
PARAMETRIC_REPRESENTATION_CONTEXT() REPRESENTATION_CONTEXT('2D SPACE',''
  ) );
#10298 = PCURVE('',#10213,#10299);
#10299 = DEFINITIONAL_REPRESENTATION('',(#10300),#10304);
#10300 = LINE('',#10301,#10302);
#10301 = CARTESIAN_POINT('',(0.,-150.));
#10302 = VECTOR('',#10303,1.);
#10303 = DIRECTION('',(1.,0.));
#10304 = ( GEOMETRIC_REPRESENTATION_CONTEXT(2) 
PARAMETRIC_REPRESENTATION_CONTEXT() REPRESENTATION_CONTEXT('2D SPACE',''
  ) );
#10305 = ORIENTED_EDGE('',*,*,#10306,.F.);
#10306 = EDGE_CURVE('',#10307,#10284,#10309,.T.);
#10307 = VERTEX_POINT('',#10308);
#10308 = CARTESIAN_POINT('',(200.,-150.,0.));
#10309 = SURFACE_CURVE('',#10310,(#10314,#10321),.PCURVE_S1.);
#10310 = LINE('',#10311,#10312);
#10311 = CARTESIAN_POINT('',(200.,-150.,0.));
#10312 = VECTOR('',#10313,1.);
#10313 = DIRECTION('',(0.,0.,1.));
#10314 = PCURVE('',#10185,#10315);
#10315 = DEFINITIONAL_REPRESENTATION('',(#10316),#10320);
#10316 = LINE('',#10317,#10318);
#10317 = CARTESIAN_POINT('',(400.,0.));
#10318 = VECTOR('',#10319,1.);
#10319 = DIRECTION('',(0.,-1.));
#10320 = ( GEOMETRIC_REPRESENTATION_CONTEXT(2) 
PARAMETRIC_REPRESENTATION_CONTEXT() REPRESENTATION_CONTEXT('2D SPACE',''
  ) );
#10321 = PCURVE('',#10322,#10327);
#10322 = PLANE('',#10323);
#10323 = AXIS2_PLACEMENT_3D('',#10324,#10325,#10326);
#10324 = CARTESIAN_POINT('',(200.,-150.,0.));
#10325 = DIRECTION('',(-1.,0.,0.));
#10326 = DIRECTION('',(0.,1.,0.));
#10327 = DEFINITIONAL_REPRESENTATION('',(#10328),#10332);
#10328 = LINE('',#10329,#10330);
#10329 = CARTESIAN_POINT('',(0.,0.));
#10330 = VECTOR('',#10331,1.);
#10331 = DIRECTION('',(0.,-1.));
#10332 = ( GEOMETRIC_REPRESENTATION_CONTEXT(2) 
PARAMETRIC_REPRESENTATION_CONTEXT() REPRESENTATION_CONTEXT('2D SPACE',''
  ) );
#10333 = ORIENTED_EDGE('',*,*,#10334,.F.);
#10334 = EDGE_CURVE('',#10163,#10307,#10335,.T.);
#10335 = SURFACE_CURVE('',#10336,(#10340,#10347),.PCURVE_S1.);
#10336 = LINE('',#10337,#10338);
#10337 = CARTESIAN_POINT('',(0.,-150.,0.));
#10338 = VECTOR('',#10339,1.);
#10339 = DIRECTION('',(1.,0.,0.));
#10340 = PCURVE('',#10185,#10341);
#10341 = DEFINITIONAL_REPRESENTATION('',(#10342),#10346);
#10342 = LINE('',#10343,#10344);
#10343 = CARTESIAN_POINT('',(200.,0.));
#10344 = VECTOR('',#10345,1.);
#10345 = DIRECTION('',(1.,0.));
#10346 = ( GEOMETRIC_REPRESENTATION_CONTEXT(2) 
PARAMETRIC_REPRESENTATION_CONTEXT() REPRESENTATION_CONTEXT('2D SPACE',''
  ) );
#10347 = PCURVE('',#10267,#10348);
#10348 = DEFINITIONAL_REPRESENTATION('',(#10349),#10353);
#10349 = LINE('',#10350,#10351);
#10350 = CARTESIAN_POINT('',(0.,-150.));
#10351 = VECTOR('',#10352,1.);
#10352 = DIRECTION('',(1.,0.));
#10353 = ( GEOMETRIC_REPRESENTATION_CONTEXT(2) 
PARAMETRIC_REPRESENTATION_CONTEXT() REPRESENTATION_CONTEXT('2D SPACE',''
  ) );
#10354 = ADVANCED_FACE('',(#10355),#10322,.F.);
#10355 = FACE_BOUND('',#10356,.F.);
#10356 = EDGE_LOOP('',(#10357,#10358,#10381,#10404));
#10357 = ORIENTED_EDGE('',*,*,#10306,.T.);
#10358 = ORIENTED_EDGE('',*,*,#10359,.T.);
#10359 = EDGE_CURVE('',#10284,#10360,#10362,.T.);
#10360 = VERTEX_POINT('',#10361);
#10361 = CARTESIAN_POINT('',(200.,150.,1.5));
#10362 = SURFACE_CURVE('',#10363,(#10367,#10374),.PCURVE_S1.);
#10363 = LINE('',#10364,#10365);
#10364 = CARTESIAN_POINT('',(200.,0.,1.5));
#10365 = VECTOR('',#10366,1.);
#10366 = DIRECTION('',(0.,1.,0.));
#10367 = PCURVE('',#10322,#10368);
#10368 = DEFINITIONAL_REPRESENTATION('',(#10369),#10373);
#10369 = LINE('',#10370,#10371);
#10370 = CARTESIAN_POINT('',(150.,-1.5));
#10371 = VECTOR('',#10372,1.);
#10372 = DIRECTION('',(1.,0.));
#10373 = ( GEOMETRIC_REPRESENTATION_CONTEXT(2) 
PARAMETRIC_REPRESENTATION_CONTEXT() REPRESENTATION_CONTEXT('2D SPACE',''
  ) );
#10374 = PCURVE('',#10213,#10375);
#10375 = DEFINITIONAL_REPRESENTATION('',(#10376),#10380);
#10376 = LINE('',#10377,#10378);
#10377 = CARTESIAN_POINT('',(200.,0.));
#10378 = VECTOR('',#10379,1.);
#10379 = DIRECTION('',(0.,1.));
#10380 = ( GEOMETRIC_REPRESENTATION_CONTEXT(2) 
PARAMETRIC_REPRESENTATION_CONTEXT() REPRESENTATION_CONTEXT('2D SPACE',''
  ) );
#10381 = ORIENTED_EDGE('',*,*,#10382,.F.);
#10382 = EDGE_CURVE('',#10383,#10360,#10385,.T.);
#10383 = VERTEX_POINT('',#10384);
#10384 = CARTESIAN_POINT('',(200.,150.,0.));
#10385 = SURFACE_CURVE('',#10386,(#10390,#10397),.PCURVE_S1.);
#10386 = LINE('',#10387,#10388);
#10387 = CARTESIAN_POINT('',(200.,150.,0.));
#10388 = VECTOR('',#10389,1.);
#10389 = DIRECTION('',(0.,0.,1.));
#10390 = PCURVE('',#10322,#10391);
#10391 = DEFINITIONAL_REPRESENTATION('',(#10392),#10396);
#10392 = LINE('',#10393,#10394);
#10393 = CARTESIAN_POINT('',(300.,0.));
#10394 = VECTOR('',#10395,1.);
#10395 = DIRECTION('',(0.,-1.));
#10396 = ( GEOMETRIC_REPRESENTATION_CONTEXT(2) 
PARAMETRIC_REPRESENTATION_CONTEXT() REPRESENTATION_CONTEXT('2D SPACE',''
  ) );
#10397 = PCURVE('',#10241,#10398);
#10398 = DEFINITIONAL_REPRESENTATION('',(#10399),#10403);
#10399 = LINE('',#10400,#10401);
#10400 = CARTESIAN_POINT('',(400.,0.));
#10401 = VECTOR('',#10402,1.);
#10402 = DIRECTION('',(0.,-1.));
#10403 = ( GEOMETRIC_REPRESENTATION_CONTEXT(2) 
PARAMETRIC_REPRESENTATION_CONTEXT() REPRESENTATION_CONTEXT('2D SPACE',''
  ) );
#10404 = ORIENTED_EDGE('',*,*,#10405,.F.);
#10405 = EDGE_CURVE('',#10307,#10383,#10406,.T.);
#10406 = SURFACE_CURVE('',#10407,(#10411,#10418),.PCURVE_S1.);
#10407 = LINE('',#10408,#10409);
#10408 = CARTESIAN_POINT('',(200.,0.,0.));
#10409 = VECTOR('',#10410,1.);
#10410 = DIRECTION('',(0.,1.,0.));
#10411 = PCURVE('',#10322,#10412);
#10412 = DEFINITIONAL_REPRESENTATION('',(#10413),#10417);
#10413 = LINE('',#10414,#10415);
#10414 = CARTESIAN_POINT('',(150.,0.));
#10415 = VECTOR('',#10416,1.);
#10416 = DIRECTION('',(1.,0.));
#10417 = ( GEOMETRIC_REPRESENTATION_CONTEXT(2) 
PARAMETRIC_REPRESENTATION_CONTEXT() REPRESENTATION_CONTEXT('2D SPACE',''
  ) );
#10418 = PCURVE('',#10267,#10419);
#10419 = DEFINITIONAL_REPRESENTATION('',(#10420),#10424);
#10420 = LINE('',#10421,#10422);
#10421 = CARTESIAN_POINT('',(200.,0.));
#10422 = VECTOR('',#10423,1.);
#10423 = DIRECTION('',(0.,1.));
#10424 = ( GEOMETRIC_REPRESENTATION_CONTEXT(2) 
PARAMETRIC_REPRESENTATION_CONTEXT() REPRESENTATION_CONTEXT('2D SPACE',''
  ) );
#10425 = ADVANCED_FACE('',(#10426),#10241,.T.);
#10426 = FACE_BOUND('',#10427,.T.);
#10427 = EDGE_LOOP('',(#10428,#10429,#10450,#10451));
#10428 = ORIENTED_EDGE('',*,*,#10225,.T.);
#10429 = ORIENTED_EDGE('',*,*,#10430,.T.);
#10430 = EDGE_CURVE('',#10198,#10360,#10431,.T.);
#10431 = SURFACE_CURVE('',#10432,(#10436,#10443),.PCURVE_S1.);
#10432 = LINE('',#10433,#10434);
#10433 = CARTESIAN_POINT('',(0.,150.,1.5));
#10434 = VECTOR('',#10435,1.);
#10435 = DIRECTION('',(1.,0.,0.));
#10436 = PCURVE('',#10241,#10437);
#10437 = DEFINITIONAL_REPRESENTATION('',(#10438),#10442);
#10438 = LINE('',#10439,#10440);
#10439 = CARTESIAN_POINT('',(200.,-1.5));
#10440 = VECTOR('',#10441,1.);
#10441 = DIRECTION('',(1.,0.));
#10442 = ( GEOMETRIC_REPRESENTATION_CONTEXT(2) 
PARAMETRIC_REPRESENTATION_CONTEXT() REPRESENTATION_CONTEXT('2D SPACE',''
  ) );
#10443 = PCURVE('',#10213,#10444);
#10444 = DEFINITIONAL_REPRESENTATION('',(#10445),#10449);
#10445 = LINE('',#10446,#10447);
#10446 = CARTESIAN_POINT('',(0.,150.));
#10447 = VECTOR('',#10448,1.);
#10448 = DIRECTION('',(1.,0.));
#10449 = ( GEOMETRIC_REPRESENTATION_CONTEXT(2) 
PARAMETRIC_REPRESENTATION_CONTEXT() REPRESENTATION_CONTEXT('2D SPACE',''
  ) );
#10450 = ORIENTED_EDGE('',*,*,#10382,.F.);
#10451 = ORIENTED_EDGE('',*,*,#10452,.F.);
#10452 = EDGE_CURVE('',#10226,#10383,#10453,.T.);
#10453 = SURFACE_CURVE('',#10454,(#10458,#10465),.PCURVE_S1.);
#10454 = LINE('',#10455,#10456);
#10455 = CARTESIAN_POINT('',(0.,150.,0.));
#10456 = VECTOR('',#10457,1.);
#10457 = DIRECTION('',(1.,0.,0.));
#10458 = PCURVE('',#10241,#10459);
#10459 = DEFINITIONAL_REPRESENTATION('',(#10460),#10464);
#10460 = LINE('',#10461,#10462);
#10461 = CARTESIAN_POINT('',(200.,0.));
#10462 = VECTOR('',#10463,1.);
#10463 = DIRECTION('',(1.,0.));
#10464 = ( GEOMETRIC_REPRESENTATION_CONTEXT(2) 
PARAMETRIC_REPRESENTATION_CONTEXT() REPRESENTATION_CONTEXT('2D SPACE',''
  ) );
#10465 = PCURVE('',#10267,#10466);
#10466 = DEFINITIONAL_REPRESENTATION('',(#10467),#10471);
#10467 = LINE('',#10468,#10469);
#10468 = CARTESIAN_POINT('',(0.,150.));
#10469 = VECTOR('',#10470,1.);
#10470 = DIRECTION('',(1.,0.));
#10471 = ( GEOMETRIC_REPRESENTATION_CONTEXT(2) 
PARAMETRIC_REPRESENTATION_CONTEXT() REPRESENTATION_CONTEXT('2D SPACE',''
  ) );
#10472 = ADVANCED_FACE('',(#10473),#10267,.F.);
#10473 = FACE_BOUND('',#10474,.F.);
#10474 = EDGE_LOOP('',(#10475,#10476,#10477,#10478));
#10475 = ORIENTED_EDGE('',*,*,#10253,.F.);
#10476 = ORIENTED_EDGE('',*,*,#10334,.T.);
#10477 = ORIENTED_EDGE('',*,*,#10405,.T.);
#10478 = ORIENTED_EDGE('',*,*,#10452,.F.);
#10479 = ADVANCED_FACE('',(#10480),#10213,.T.);
#10480 = FACE_BOUND('',#10481,.T.);
#10481 = EDGE_LOOP('',(#10482,#10483,#10484,#10485));
#10482 = ORIENTED_EDGE('',*,*,#10197,.F.);
#10483 = ORIENTED_EDGE('',*,*,#10283,.T.);
#10484 = ORIENTED_EDGE('',*,*,#10359,.T.);
#10485 = ORIENTED_EDGE('',*,*,#10430,.F.);
#10486 = ( GEOMETRIC_REPRESENTATION_CONTEXT(3) 
GLOBAL_UNCERTAINTY_ASSIGNED_CONTEXT((#10490)) 
GLOBAL_UNIT_ASSIGNED_CONTEXT((#10487,#10488,#10489)) 
REPRESENTATION_CONTEXT('Context #1',
  '3D Context with UNIT and UNCERTAINTY') );
#10487 = ( LENGTH_UNIT() NAMED_UNIT(*) SI_UNIT(.MILLI.,.METRE.) );
#10488 = ( NAMED_UNIT(*) PLANE_ANGLE_UNIT() SI_UNIT($,.RADIAN.) );
#10489 = ( NAMED_UNIT(*) SI_UNIT($,.STERADIAN.) SOLID_ANGLE_UNIT() );
#10490 = UNCERTAINTY_MEASURE_WITH_UNIT(LENGTH_MEASURE(1.E-07),#10487,
  'distance_accuracy_value','confusion accuracy');
#10491 = CONTEXT_DEPENDENT_SHAPE_REPRESENTATION(#10492,#10494);
#10492 = ( REPRESENTATION_RELATIONSHIP('','',#10155,#10) 
REPRESENTATION_RELATIONSHIP_WITH_TRANSFORMATION(#10493) 
SHAPE_REPRESENTATION_RELATIONSHIP() );
#10493 = ITEM_DEFINED_TRANSFORMATION('','',#11,#147);
#10494 = PRODUCT_DEFINITION_SHAPE('Placement','Placement of an item',
  #10495);
#10495 = NEXT_ASSEMBLY_USAGE_OCCURRENCE('34','porous_tray_floor_1','',#5
  ,#10150,$);
#10496 = PRODUCT_RELATED_PRODUCT_CATEGORY('part',$,(#10152));
#10497 = CONTEXT_DEPENDENT_SHAPE_REPRESENTATION(#10498,#10500);
#10498 = ( REPRESENTATION_RELATIONSHIP('','',#10155,#10) 
REPRESENTATION_RELATIONSHIP_WITH_TRANSFORMATION(#10499) 
SHAPE_REPRESENTATION_RELATIONSHIP() );
#10499 = ITEM_DEFINED_TRANSFORMATION('','',#11,#151);
#10500 = PRODUCT_DEFINITION_SHAPE('Placement','Placement of an item',
  #10501);
#10501 = NEXT_ASSEMBLY_USAGE_OCCURRENCE('35','porous_tray_floor_2','',#5
  ,#10150,$);
#10502 = CONTEXT_DEPENDENT_SHAPE_REPRESENTATION(#10503,#10505);
#10503 = ( REPRESENTATION_RELATIONSHIP('','',#10155,#10) 
REPRESENTATION_RELATIONSHIP_WITH_TRANSFORMATION(#10504) 
SHAPE_REPRESENTATION_RELATIONSHIP() );
#10504 = ITEM_DEFINED_TRANSFORMATION('','',#11,#155);
#10505 = PRODUCT_DEFINITION_SHAPE('Placement','Placement of an item',
  #10506);
#10506 = NEXT_ASSEMBLY_USAGE_OCCURRENCE('36','porous_tray_floor_3','',#5
  ,#10150,$);
#10507 = CONTEXT_DEPENDENT_SHAPE_REPRESENTATION(#10508,#10510);
#10508 = ( REPRESENTATION_RELATIONSHIP('','',#10155,#10) 
REPRESENTATION_RELATIONSHIP_WITH_TRANSFORMATION(#10509) 
SHAPE_REPRESENTATION_RELATIONSHIP() );
#10509 = ITEM_DEFINED_TRANSFORMATION('','',#11,#159);
#10510 = PRODUCT_DEFINITION_SHAPE('Placement','Placement of an item',
  #10511);
#10511 = NEXT_ASSEMBLY_USAGE_OCCURRENCE('37','porous_tray_floor_4','',#5
  ,#10150,$);
#10512 = CONTEXT_DEPENDENT_SHAPE_REPRESENTATION(#10513,#10515);
#10513 = ( REPRESENTATION_RELATIONSHIP('','',#10155,#10) 
REPRESENTATION_RELATIONSHIP_WITH_TRANSFORMATION(#10514) 
SHAPE_REPRESENTATION_RELATIONSHIP() );
#10514 = ITEM_DEFINED_TRANSFORMATION('','',#11,#163);
#10515 = PRODUCT_DEFINITION_SHAPE('Placement','Placement of an item',
  #10516);
#10516 = NEXT_ASSEMBLY_USAGE_OCCURRENCE('38','porous_tray_floor_5','',#5
  ,#10150,$);
#10517 = CONTEXT_DEPENDENT_SHAPE_REPRESENTATION(#10518,#10520);
#10518 = ( REPRESENTATION_RELATIONSHIP('','',#10155,#10) 
REPRESENTATION_RELATIONSHIP_WITH_TRANSFORMATION(#10519) 
SHAPE_REPRESENTATION_RELATIONSHIP() );
#10519 = ITEM_DEFINED_TRANSFORMATION('','',#11,#167);
#10520 = PRODUCT_DEFINITION_SHAPE('Placement','Placement of an item',
  #10521);
#10521 = NEXT_ASSEMBLY_USAGE_OCCURRENCE('39','porous_tray_floor_6','',#5
  ,#10150,$);
#10522 = CONTEXT_DEPENDENT_SHAPE_REPRESENTATION(#10523,#10525);
#10523 = ( REPRESENTATION_RELATIONSHIP('','',#10155,#10) 
REPRESENTATION_RELATIONSHIP_WITH_TRANSFORMATION(#10524) 
SHAPE_REPRESENTATION_RELATIONSHIP() );
#10524 = ITEM_DEFINED_TRANSFORMATION('','',#11,#171);
#10525 = PRODUCT_DEFINITION_SHAPE('Placement','Placement of an item',
  #10526);
#10526 = NEXT_ASSEMBLY_USAGE_OCCURRENCE('40','porous_tray_floor_7','',#5
  ,#10150,$);
#10527 = CONTEXT_DEPENDENT_SHAPE_REPRESENTATION(#10528,#10530);
#10528 = ( REPRESENTATION_RELATIONSHIP('','',#10155,#10) 
REPRESENTATION_RELATIONSHIP_WITH_TRANSFORMATION(#10529) 
SHAPE_REPRESENTATION_RELATIONSHIP() );
#10529 = ITEM_DEFINED_TRANSFORMATION('','',#11,#175);
#10530 = PRODUCT_DEFINITION_SHAPE('Placement','Placement of an item',
  #10531);
#10531 = NEXT_ASSEMBLY_USAGE_OCCURRENCE('41','porous_tray_floor_8','',#5
  ,#10150,$);
#10532 = CONTEXT_DEPENDENT_SHAPE_REPRESENTATION(#10533,#10535);
#10533 = ( REPRESENTATION_RELATIONSHIP('','',#10155,#10) 
REPRESENTATION_RELATIONSHIP_WITH_TRANSFORMATION(#10534) 
SHAPE_REPRESENTATION_RELATIONSHIP() );
#10534 = ITEM_DEFINED_TRANSFORMATION('','',#11,#179);
#10535 = PRODUCT_DEFINITION_SHAPE('Placement','Placement of an item',
  #10536);
#10536 = NEXT_ASSEMBLY_USAGE_OCCURRENCE('42','porous_tray_floor_9','',#5
  ,#10150,$);
#10537 = CONTEXT_DEPENDENT_SHAPE_REPRESENTATION(#10538,#10540);
#10538 = ( REPRESENTATION_RELATIONSHIP('','',#10155,#10) 
REPRESENTATION_RELATIONSHIP_WITH_TRANSFORMATION(#10539) 
SHAPE_REPRESENTATION_RELATIONSHIP() );
#10539 = ITEM_DEFINED_TRANSFORMATION('','',#11,#183);
#10540 = PRODUCT_DEFINITION_SHAPE('Placement','Placement of an item',
  #10541);
#10541 = NEXT_ASSEMBLY_USAGE_OCCURRENCE('43','porous_tray_floor_10','',
  #5,#10150,$);
#10542 = CONTEXT_DEPENDENT_SHAPE_REPRESENTATION(#10543,#10545);
#10543 = ( REPRESENTATION_RELATIONSHIP('','',#10155,#10) 
REPRESENTATION_RELATIONSHIP_WITH_TRANSFORMATION(#10544) 
SHAPE_REPRESENTATION_RELATIONSHIP() );
#10544 = ITEM_DEFINED_TRANSFORMATION('','',#11,#187);
#10545 = PRODUCT_DEFINITION_SHAPE('Placement','Placement of an item',
  #10546);
#10546 = NEXT_ASSEMBLY_USAGE_OCCURRENCE('44','porous_tray_floor_11','',
  #5,#10150,$);
#10547 = CONTEXT_DEPENDENT_SHAPE_REPRESENTATION(#10548,#10550);
#10548 = ( REPRESENTATION_RELATIONSHIP('','',#10155,#10) 
REPRESENTATION_RELATIONSHIP_WITH_TRANSFORMATION(#10549) 
SHAPE_REPRESENTATION_RELATIONSHIP() );
#10549 = ITEM_DEFINED_TRANSFORMATION('','',#11,#191);
#10550 = PRODUCT_DEFINITION_SHAPE('Placement','Placement of an item',
  #10551);
#10551 = NEXT_ASSEMBLY_USAGE_OCCURRENCE('45','porous_tray_floor_12','',
  #5,#10150,$);
#10552 = CONTEXT_DEPENDENT_SHAPE_REPRESENTATION(#10553,#10555);
#10553 = ( REPRESENTATION_RELATIONSHIP('','',#10155,#10) 
REPRESENTATION_RELATIONSHIP_WITH_TRANSFORMATION(#10554) 
SHAPE_REPRESENTATION_RELATIONSHIP() );
#10554 = ITEM_DEFINED_TRANSFORMATION('','',#11,#195);
#10555 = PRODUCT_DEFINITION_SHAPE('Placement','Placement of an item',
  #10556);
#10556 = NEXT_ASSEMBLY_USAGE_OCCURRENCE('46','porous_tray_floor_13','',
  #5,#10150,$);
#10557 = CONTEXT_DEPENDENT_SHAPE_REPRESENTATION(#10558,#10560);
#10558 = ( REPRESENTATION_RELATIONSHIP('','',#10155,#10) 
REPRESENTATION_RELATIONSHIP_WITH_TRANSFORMATION(#10559) 
SHAPE_REPRESENTATION_RELATIONSHIP() );
#10559 = ITEM_DEFINED_TRANSFORMATION('','',#11,#199);
#10560 = PRODUCT_DEFINITION_SHAPE('Placement','Placement of an item',
  #10561);
#10561 = NEXT_ASSEMBLY_USAGE_OCCURRENCE('47','porous_tray_floor_14','',
  #5,#10150,$);
#10562 = CONTEXT_DEPENDENT_SHAPE_REPRESENTATION(#10563,#10565);
#10563 = ( REPRESENTATION_RELATIONSHIP('','',#10155,#10) 
REPRESENTATION_RELATIONSHIP_WITH_TRANSFORMATION(#10564) 
SHAPE_REPRESENTATION_RELATIONSHIP() );
#10564 = ITEM_DEFINED_TRANSFORMATION('','',#11,#203);
#10565 = PRODUCT_DEFINITION_SHAPE('Placement','Placement of an item',
  #10566);
#10566 = NEXT_ASSEMBLY_USAGE_OCCURRENCE('48','porous_tray_floor_15','',
  #5,#10150,$);
#10567 = CONTEXT_DEPENDENT_SHAPE_REPRESENTATION(#10568,#10570);
#10568 = ( REPRESENTATION_RELATIONSHIP('','',#10155,#10) 
REPRESENTATION_RELATIONSHIP_WITH_TRANSFORMATION(#10569) 
SHAPE_REPRESENTATION_RELATIONSHIP() );
#10569 = ITEM_DEFINED_TRANSFORMATION('','',#11,#207);
#10570 = PRODUCT_DEFINITION_SHAPE('Placement','Placement of an item',
  #10571);
#10571 = NEXT_ASSEMBLY_USAGE_OCCURRENCE('49','porous_tray_floor_16','',
  #5,#10150,$);
#10572 = CONTEXT_DEPENDENT_SHAPE_REPRESENTATION(#10573,#10575);
#10573 = ( REPRESENTATION_RELATIONSHIP('','',#10155,#10) 
REPRESENTATION_RELATIONSHIP_WITH_TRANSFORMATION(#10574) 
SHAPE_REPRESENTATION_RELATIONSHIP() );
#10574 = ITEM_DEFINED_TRANSFORMATION('','',#11,#211);
#10575 = PRODUCT_DEFINITION_SHAPE('Placement','Placement of an item',
  #10576);
#10576 = NEXT_ASSEMBLY_USAGE_OCCURRENCE('50','porous_tray_floor_17','',
  #5,#10150,$);
#10577 = CONTEXT_DEPENDENT_SHAPE_REPRESENTATION(#10578,#10580);
#10578 = ( REPRESENTATION_RELATIONSHIP('','',#10155,#10) 
REPRESENTATION_RELATIONSHIP_WITH_TRANSFORMATION(#10579) 
SHAPE_REPRESENTATION_RELATIONSHIP() );
#10579 = ITEM_DEFINED_TRANSFORMATION('','',#11,#215);
#10580 = PRODUCT_DEFINITION_SHAPE('Placement','Placement of an item',
  #10581);
#10581 = NEXT_ASSEMBLY_USAGE_OCCURRENCE('51','porous_tray_floor_18','',
  #5,#10150,$);
#10582 = CONTEXT_DEPENDENT_SHAPE_REPRESENTATION(#10583,#10585);
#10583 = ( REPRESENTATION_RELATIONSHIP('','',#10155,#10) 
REPRESENTATION_RELATIONSHIP_WITH_TRANSFORMATION(#10584) 
SHAPE_REPRESENTATION_RELATIONSHIP() );
#10584 = ITEM_DEFINED_TRANSFORMATION('','',#11,#219);
#10585 = PRODUCT_DEFINITION_SHAPE('Placement','Placement of an item',
  #10586);
#10586 = NEXT_ASSEMBLY_USAGE_OCCURRENCE('52','porous_tray_floor_19','',
  #5,#10150,$);
#10587 = CONTEXT_DEPENDENT_SHAPE_REPRESENTATION(#10588,#10590);
#10588 = ( REPRESENTATION_RELATIONSHIP('','',#10155,#10) 
REPRESENTATION_RELATIONSHIP_WITH_TRANSFORMATION(#10589) 
SHAPE_REPRESENTATION_RELATIONSHIP() );
#10589 = ITEM_DEFINED_TRANSFORMATION('','',#11,#223);
#10590 = PRODUCT_DEFINITION_SHAPE('Placement','Placement of an item',
  #10591);
#10591 = NEXT_ASSEMBLY_USAGE_OCCURRENCE('53','porous_tray_floor_20','',
  #5,#10150,$);
ENDSEC;
END-ISO-10303-21;
